#include <stdint.h>
#include "../app/gfx.h"

// Font generated from lexend64.bdf

// --- lexend64 Character Data ---
const uint8_t lexend64_char_32[] = {
    0x00
};

const uint8_t lexend64_char_33[] = {
    0x7F, 0x00, 0x7F, 0x00, 0x7F, 0x00, 0x7F, 0x00, 0x7F, 0x00, 0x7F, 0x00, 0x7F, 0x00, 0x7F, 0x00, 0x7F, 0x00, 0x7F, 0x00, 0x7F, 0x00, 0x7F, 0x00, 0x7F, 0x00, 0x7F, 0x00, 0x7F, 0x00, 0x7F, 0x00, 0x7F, 0x00, 0x7E, 0x00, 0x3E, 0x00, 0x3E, 0x00, 0x3E, 0x00, 0x3E, 0x00, 0x3E, 0x00, 0x3E, 0x00, 0x3E, 0x00, 0x3E, 0x00, 0x3E, 0x00, 0x3E, 0x00, 0x3E, 0x00, 0x1C, 0x00, 0x00, 0x00, 0x00, 0x00, 0x00, 0x00, 0x00, 0x00, 0x00, 0x00, 0x00, 0x00, 0x3C, 0x00, 0x7F, 0x00, 0xFF, 0x00, 0xFF, 0x80, 0xFF, 0x80, 0xFF, 0x80, 0xFF, 0x00, 0xFF, 0x00, 0x7E, 0x00, 0x1C, 0x00
};

const uint8_t lexend64_char_34[] = {
    0x3F, 0x81, 0xFE, 0x3F, 0x81, 0xFC, 0x3F, 0x81, 0xFC, 0x3F, 0x01, 0xFC, 0x7F, 0x01, 0xF8, 0x7F, 0x01, 0xF8, 0x7E, 0x01, 0xF8, 0x7E, 0x01, 0xF0, 0x7E, 0x03, 0xF0, 0x7C, 0x03, 0xF0, 0x7C, 0x03, 0xE0, 0x7C, 0x03, 0xE0, 0x7C, 0x03, 0xE0, 0x78, 0x03, 0xE0, 0x78, 0x03, 0xC0, 0xF8, 0x03, 0xC0, 0xF0, 0x03, 0xC0
};

const uint8_t lexend64_char_35[] = {
    0x00, 0x0F, 0xC0, 0x07, 0xE0, 0x00, 0x0F, 0xC0, 0x07, 0xE0, 0x00, 0x0F, 0xC0, 0x07, 0xE0, 0x00, 0x0F, 0x80, 0x07, 0xC0, 0x00, 0x1F, 0x80, 0x0F, 0xC0, 0x00, 0x1F, 0x80, 0x0F, 0xC0, 0x00, 0x1F, 0x80, 0x0F, 0xC0, 0x00, 0x1F, 0x80, 0x0F, 0xC0, 0x00, 0x1F, 0x00, 0x0F, 0xC0, 0x00, 0x1F, 0x00, 0x0F, 0x80, 0x00, 0x3F, 0x00, 0x1F, 0x80, 0x3F, 0xFF, 0xFF, 0xFF, 0xFE, 0x3F, 0xFF, 0xFF, 0xFF, 0xFE, 0x3F, 0xFF, 0xFF, 0xFF, 0xFE, 0x3F, 0xFF, 0xFF, 0xFF, 0xFE, 0x3F, 0xFF, 0xFF, 0xFF, 0xFE, 0x00, 0x7E, 0x00, 0x3F, 0x00, 0x00, 0x7E, 0x00, 0x3F, 0x00, 0x00, 0x7E, 0x00, 0x3F, 0x00, 0x00, 0x7E, 0x00, 0x3F, 0x00, 0x00, 0x7C, 0x00, 0x3E, 0x00, 0x00, 0xFC, 0x00, 0x3E, 0x00, 0x00, 0xFC, 0x00, 0x7E, 0x00, 0x00, 0xFC, 0x00, 0x7E, 0x00, 0x00, 0xFC, 0x00, 0x7E, 0x00, 0x00, 0xFC, 0x00, 0x7E, 0x00, 0x00, 0xF8, 0x00, 0x7C, 0x00, 0x01, 0xF8, 0x00, 0xFC, 0x00, 0x01, 0xF8, 0x00, 0xFC, 0x00, 0xFF, 0xFF, 0xFF, 0xFF, 0xF8, 0xFF, 0xFF, 0xFF, 0xFF, 0xF8, 0xFF, 0xFF, 0xFF, 0xFF, 0xF8, 0xFF, 0xFF, 0xFF, 0xFF, 0xF8, 0xFF, 0xFF, 0xFF, 0xFF, 0xF8, 0x03, 0xF0, 0x01, 0xF8, 0x00, 0x03, 0xF0, 0x01, 0xF8, 0x00, 0x03, 0xF0, 0x01, 0xF8, 0x00, 0x03, 0xF0, 0x01, 0xF8, 0x00, 0x03, 0xE0, 0x01, 0xF0, 0x00, 0x07, 0xE0, 0x03, 0xF0, 0x00, 0x07, 0xE0, 0x03, 0xF0, 0x00, 0x07, 0xE0, 0x03, 0xF0, 0x00, 0x07, 0xE0, 0x03, 0xF0, 0x00, 0x07, 0xC0, 0x03, 0xF0, 0x00, 0x0F, 0xC0, 0x07, 0xE0, 0x00
};

const uint8_t lexend64_char_36[] = {
    0x00, 0x00, 0xFC, 0x00, 0x00, 0x00, 0x00, 0xFC, 0x00, 0x00, 0x00, 0x00, 0xFC, 0x00, 0x00, 0x00, 0x00, 0xFC, 0x00, 0x00, 0x00, 0x00, 0xFC, 0x00, 0x00, 0x00, 0x0F, 0xFF, 0x00, 0x00, 0x00, 0x7F, 0xFF, 0xE0, 0x00, 0x00, 0xFF, 0xFF, 0xF0, 0x00, 0x03, 0xFF, 0xFF, 0xFC, 0x00, 0x07, 0xFF, 0xFF, 0xFE, 0x00, 0x07, 0xFF, 0xFF, 0xFF, 0x00, 0x0F, 0xF8, 0xFF, 0xFF, 0x00, 0x1F, 0xF0, 0xFC, 0xFF, 0x80, 0x1F, 0xE0, 0xFC, 0x7F, 0x00, 0x1F, 0xC0, 0xFC, 0x3E, 0x00, 0x1F, 0xC0, 0xFC, 0x1C, 0x00, 0x3F, 0x80, 0xFC, 0x08, 0x00, 0x3F, 0x80, 0xFC, 0x00, 0x00, 0x3F, 0xC0, 0xFC, 0x00, 0x00, 0x1F, 0xC0, 0xFC, 0x00, 0x00, 0x1F, 0xE0, 0xFC, 0x00, 0x00, 0x1F, 0xF0, 0xFC, 0x00, 0x00, 0x1F, 0xF8, 0xFC, 0x00, 0x00, 0x0F, 0xFF, 0xFC, 0x00, 0x00, 0x07, 0xFF, 0xFC, 0x00, 0x00, 0x07, 0xFF, 0xFF, 0x00, 0x00, 0x03, 0xFF, 0xFF, 0xC0, 0x00, 0x00, 0xFF, 0xFF, 0xF0, 0x00, 0x00, 0x7F, 0xFF, 0xF8, 0x00, 0x00, 0x0F, 0xFF, 0xFC, 0x00, 0x00, 0x07, 0xFF, 0xFE, 0x00, 0x00, 0x07, 0xFF, 0xFF, 0x00, 0x00, 0x07, 0xE3, 0xFF, 0x00, 0x00, 0x07, 0xE0, 0xFF, 0x80, 0x00, 0x07, 0xE0, 0x7F, 0x80, 0x00, 0x07, 0xE0, 0x3F, 0x80, 0x08, 0x07, 0xE0, 0x3F, 0x80, 0x0C, 0x07, 0xE0, 0x3F, 0x80, 0x1C, 0x07, 0xE0, 0x3F, 0x80, 0x3E, 0x07, 0xE0, 0x3F, 0x80, 0x7F, 0x07, 0xE0, 0x3F, 0x80, 0xFF, 0x87, 0xE0, 0x7F, 0x80, 0x7F, 0xE7, 0xE0, 0xFF, 0x00, 0x7F, 0xFF, 0xE1, 0xFF, 0x00, 0x3F, 0xFF, 0xFF, 0xFE, 0x00, 0x1F, 0xFF, 0xFF, 0xFC, 0x00, 0x0F, 0xFF, 0xFF, 0xF8, 0x00, 0x03, 0xFF, 0xFF, 0xF0, 0x00, 0x01, 0xFF, 0xFF, 0xE0, 0x00, 0x00, 0x3F, 0xFF, 0x00, 0x00, 0x00, 0x07, 0xF0, 0x00, 0x00, 0x00, 0x07, 0xE0, 0x00, 0x00, 0x00, 0x07, 0xE0, 0x00, 0x00, 0x00, 0x07, 0xE0, 0x00, 0x00, 0x00, 0x07, 0xE0, 0x00, 0x00, 0x00, 0x07, 0xE0, 0x00, 0x00
};

const uint8_t lexend64_char_37[] = {
    0x07, 0xF8, 0x00, 0x00, 0x1F, 0x80, 0x0F, 0xFE, 0x00, 0x00, 0x3F, 0x80, 0x1F, 0xFF, 0x00, 0x00, 0x7F, 0x00, 0x3F, 0xFF, 0x80, 0x00, 0x7E, 0x00, 0x7F, 0xBF, 0x80, 0x00, 0xFE, 0x00, 0x7E, 0x0F, 0xC0, 0x01, 0xFC, 0x00, 0xFC, 0x07, 0xC0, 0x01, 0xF8, 0x00, 0xFC, 0x07, 0xE0, 0x03, 0xF8, 0x00, 0xF8, 0x07, 0xE0, 0x07, 0xF0, 0x00, 0xF8, 0x03, 0xE0, 0x07, 0xE0, 0x00, 0xF8, 0x03, 0xE0, 0x0F, 0xE0, 0x00, 0xF8, 0x03, 0xE0, 0x1F, 0xC0, 0x00, 0xF8, 0x03, 0xE0, 0x1F, 0x80, 0x00, 0xF8, 0x03, 0xE0, 0x3F, 0x80, 0x00, 0xF8, 0x03, 0xE0, 0x7F, 0x00, 0x00, 0xF8, 0x07, 0xE0, 0x7E, 0x00, 0x00, 0xFC, 0x07, 0xC0, 0xFE, 0x00, 0x00, 0x7C, 0x0F, 0xC1, 0xFC, 0x00, 0x00, 0x7E, 0x1F, 0xC1, 0xF8, 0x00, 0x00, 0x3F, 0xFF, 0x83, 0xF8, 0x00, 0x00, 0x3F, 0xFF, 0x07, 0xF0, 0x00, 0x00, 0x1F, 0xFE, 0x07, 0xE0, 0x0F, 0x00, 0x0F, 0xFC, 0x0F, 0xE0, 0x7F, 0xC0, 0x03, 0xF0, 0x1F, 0xC0, 0xFF, 0xF0, 0x00, 0x00, 0x1F, 0x81, 0xFF, 0xF8, 0x00, 0x00, 0x3F, 0x83, 0xFF, 0xF8, 0x00, 0x00, 0x7F, 0x07, 0xF1, 0xFC, 0x00, 0x00, 0x7E, 0x07, 0xE0, 0xFC, 0x00, 0x00, 0xFE, 0x07, 0xC0, 0x7E, 0x00, 0x01, 0xFC, 0x0F, 0xC0, 0x3E, 0x00, 0x01, 0xF8, 0x0F, 0x80, 0x3E, 0x00, 0x03, 0xF8, 0x0F, 0x80, 0x3E, 0x00, 0x03, 0xF0, 0x0F, 0x80, 0x3E, 0x00, 0x07, 0xE0, 0x0F, 0x80, 0x3F, 0x00, 0x0F, 0xE0, 0x0F, 0x80, 0x3E, 0x00, 0x0F, 0xC0, 0x0F, 0x80, 0x3E, 0x00, 0x1F, 0x80, 0x0F, 0x80, 0x3E, 0x00, 0x3F, 0x80, 0x0F, 0xC0, 0x3E, 0x00, 0x3F, 0x00, 0x07, 0xC0, 0x7E, 0x00, 0x7E, 0x00, 0x07, 0xE0, 0xFC, 0x00, 0xFE, 0x00, 0x03, 0xF1, 0xFC, 0x00, 0xFC, 0x00, 0x03, 0xFF, 0xF8, 0x01, 0xF8, 0x00, 0x01, 0xFF, 0xF0, 0x03, 0xF8, 0x00, 0x00, 0xFF, 0xE0, 0x07, 0xF0, 0x00, 0x00, 0x7F, 0xC0, 0x00, 0x00, 0x00, 0x00, 0x0E, 0x00
};

const uint8_t lexend64_char_38[] = {
    0x00, 0x01, 0xFF, 0xC0, 0x00, 0x00, 0x00, 0x07, 0xFF, 0xF0, 0x00, 0x00, 0x00, 0x0F, 0xFF, 0xFC, 0x00, 0x00, 0x00, 0x1F, 0xFF, 0xFE, 0x00, 0x00, 0x00, 0x3F, 0xFF, 0xFF, 0x00, 0x00, 0x00, 0x7F, 0xFF, 0xFF, 0x00, 0x00, 0x00, 0x7F, 0x80, 0x7F, 0x80, 0x00, 0x00, 0xFF, 0x00, 0x3F, 0x80, 0x00, 0x00, 0xFE, 0x00, 0x1F, 0x00, 0x00, 0x00, 0xFE, 0x00, 0x0E, 0x00, 0x00, 0x00, 0xFE, 0x00, 0x08, 0x00, 0x00, 0x00, 0xFE, 0x00, 0x00, 0x00, 0x00, 0x00, 0xFE, 0x00, 0x00, 0x00, 0x00, 0x00, 0xFF, 0x00, 0x00, 0x00, 0x00, 0x00, 0xFF, 0x00, 0x00, 0x00, 0x00, 0x00, 0x7F, 0x80, 0x00, 0x00, 0x00, 0x00, 0x7F, 0x80, 0x00, 0x00, 0x00, 0x00, 0x3F, 0xC0, 0x00, 0x00, 0x00, 0x00, 0xFF, 0xE0, 0x00, 0x00, 0x00, 0x03, 0xFF, 0xE0, 0x00, 0x00, 0x00, 0x07, 0xFF, 0xF0, 0x00, 0x00, 0x00, 0x0F, 0xFF, 0xF8, 0x00, 0x00, 0x00, 0x1F, 0xFF, 0xFC, 0x00, 0x00, 0x00, 0x3F, 0xE3, 0xFE, 0x00, 0x00, 0x00, 0x3F, 0xC1, 0xFF, 0x00, 0xFC, 0x00, 0x7F, 0x80, 0xFF, 0x80, 0xFC, 0x00, 0x7F, 0x00, 0x7F, 0xC0, 0xFC, 0x00, 0x7F, 0x00, 0x3F, 0xC0, 0xFC, 0x00, 0xFE, 0x00, 0x1F, 0xE1, 0xF8, 0x00, 0xFE, 0x00, 0x0F, 0xF1, 0xF8, 0x00, 0xFE, 0x00, 0x07, 0xF9, 0xF8, 0x00, 0xFE, 0x00, 0x07, 0xFF, 0xF0, 0x00, 0xFE, 0x00, 0x03, 0xFF, 0xF0, 0x00, 0xFF, 0x00, 0x01, 0xFF, 0xF0, 0x00, 0x7F, 0x00, 0x00, 0xFF, 0xE0, 0x00, 0x7F, 0x80, 0x00, 0x7F, 0xC0, 0x00, 0x7F, 0x80, 0x00, 0x3F, 0xE0, 0x00, 0x3F, 0xE0, 0x00, 0x7F, 0xF0, 0x00, 0x3F, 0xF0, 0x01, 0xFF, 0xF0, 0x00, 0x1F, 0xFF, 0x9F, 0xFF, 0xF8, 0x00, 0x0F, 0xFF, 0xFF, 0xFF, 0xFC, 0x00, 0x07, 0xFF, 0xFF, 0xFB, 0xFE, 0x00, 0x03, 0xFF, 0xFF, 0xF1, 0xFF, 0x00, 0x00, 0xFF, 0xFF, 0xC0, 0xFF, 0x80, 0x00, 0x3F, 0xFF, 0x00, 0x7F, 0xC0, 0x00, 0x03, 0xE0, 0x00, 0x00, 0x00
};

const uint8_t lexend64_char_39[] = {
    0x3F, 0x80, 0x3F, 0x80, 0x3F, 0x80, 0x3F, 0x00, 0x7F, 0x00, 0x7F, 0x00, 0x7E, 0x00, 0x7E, 0x00, 0x7E, 0x00, 0x7C, 0x00, 0x7C, 0x00, 0x7C, 0x00, 0x7C, 0x00, 0x78, 0x00, 0x78, 0x00, 0xF8, 0x00, 0xF0, 0x00
};

const uint8_t lexend64_char_40[] = {
    0x00, 0x01, 0x00, 0x00, 0x07, 0x80, 0x00, 0x0F, 0xC0, 0x00, 0x1F, 0xE0, 0x00, 0x3F, 0xC0, 0x00, 0x7F, 0x80, 0x00, 0xFF, 0x00, 0x01, 0xFE, 0x00, 0x03, 0xFC, 0x00, 0x07, 0xF8, 0x00, 0x07, 0xF0, 0x00, 0x0F, 0xE0, 0x00, 0x0F, 0xE0, 0x00, 0x1F, 0xC0, 0x00, 0x1F, 0x80, 0x00, 0x3F, 0x80, 0x00, 0x3F, 0x00, 0x00, 0x7F, 0x00, 0x00, 0x7F, 0x00, 0x00, 0x7E, 0x00, 0x00, 0xFE, 0x00, 0x00, 0xFE, 0x00, 0x00, 0xFC, 0x00, 0x00, 0xFC, 0x00, 0x00, 0xFC, 0x00, 0x00, 0xFC, 0x00, 0x00, 0xFC, 0x00, 0x00, 0xFC, 0x00, 0x00, 0xFC, 0x00, 0x00, 0xFC, 0x00, 0x00, 0xFC, 0x00, 0x00, 0xFC, 0x00, 0x00, 0xFC, 0x00, 0x00, 0xFC, 0x00, 0x00, 0xFC, 0x00, 0x00, 0xFE, 0x00, 0x00, 0xFE, 0x00, 0x00, 0x7E, 0x00, 0x00, 0x7F, 0x00, 0x00, 0x7F, 0x00, 0x00, 0x3F, 0x00, 0x00, 0x3F, 0x80, 0x00, 0x3F, 0x80, 0x00, 0x1F, 0xC0, 0x00, 0x1F, 0xE0, 0x00, 0x0F, 0xE0, 0x00, 0x07, 0xF0, 0x00, 0x07, 0xF8, 0x00, 0x03, 0xFC, 0x00, 0x01, 0xFE, 0x00, 0x00, 0xFF, 0x00, 0x00, 0x7F, 0x80, 0x00, 0x3F, 0xE0, 0x00, 0x1F, 0xE0, 0x00, 0x0F, 0xC0, 0x00, 0x07, 0x80, 0x00, 0x01, 0x00
};

const uint8_t lexend64_char_41[] = {
    0x18, 0x00, 0x00, 0x1C, 0x00, 0x00, 0x3E, 0x00, 0x00, 0x7F, 0x80, 0x00, 0xFF, 0xC0, 0x00, 0x3F, 0xE0, 0x00, 0x1F, 0xF0, 0x00, 0x0F, 0xF8, 0x00, 0x07, 0xF8, 0x00, 0x03, 0xFC, 0x00, 0x01, 0xFE, 0x00, 0x00, 0xFE, 0x00, 0x00, 0x7F, 0x00, 0x00, 0x7F, 0x00, 0x00, 0x3F, 0x80, 0x00, 0x1F, 0x80, 0x00, 0x1F, 0xC0, 0x00, 0x1F, 0xC0, 0x00, 0x0F, 0xC0, 0x00, 0x0F, 0xE0, 0x00, 0x07, 0xE0, 0x00, 0x07, 0xE0, 0x00, 0x07, 0xE0, 0x00, 0x07, 0xF0, 0x00, 0x07, 0xF0, 0x00, 0x07, 0xF0, 0x00, 0x03, 0xF0, 0x00, 0x03, 0xF0, 0x00, 0x03, 0xF0, 0x00, 0x03, 0xF0, 0x00, 0x03, 0xF0, 0x00, 0x07, 0xF0, 0x00, 0x07, 0xF0, 0x00, 0x07, 0xE0, 0x00, 0x07, 0xE0, 0x00, 0x07, 0xE0, 0x00, 0x07, 0xE0, 0x00, 0x0F, 0xE0, 0x00, 0x0F, 0xC0, 0x00, 0x1F, 0xC0, 0x00, 0x1F, 0xC0, 0x00, 0x1F, 0x80, 0x00, 0x3F, 0x80, 0x00, 0x7F, 0x00, 0x00, 0x7F, 0x00, 0x00, 0xFE, 0x00, 0x01, 0xFE, 0x00, 0x03, 0xFC, 0x00, 0x03, 0xF8, 0x00, 0x07, 0xF0, 0x00, 0x1F, 0xF0, 0x00, 0x3F, 0xE0, 0x00, 0xFF, 0xC0, 0x00, 0x7F, 0x00, 0x00, 0x3E, 0x00, 0x00, 0x1C, 0x00, 0x00, 0x10, 0x00, 0x00
};

const uint8_t lexend64_char_42[] = {
    0x00, 0xF8, 0x00, 0x00, 0xF8, 0x00, 0x00, 0xF8, 0x00, 0x20, 0xF8, 0x20, 0x30, 0xF8, 0x60, 0x7C, 0x79, 0xF0, 0xFE, 0x7B, 0xF0, 0xFF, 0xFF, 0xF8, 0x3F, 0xFF, 0xE0, 0x0F, 0xFF, 0x80, 0x01, 0xFE, 0x00, 0x07, 0xFF, 0x00, 0x1F, 0xFF, 0xC0, 0x7F, 0xFF, 0xF0, 0xFF, 0x7F, 0xF8, 0x7C, 0x79, 0xF0, 0x38, 0xF8, 0xE0, 0x20, 0xF8, 0x20, 0x00, 0xF8, 0x00, 0x00, 0xF8, 0x00, 0x00, 0xF8, 0x00
};

const uint8_t lexend64_char_43[] = {
    0x00, 0x0F, 0xE0, 0x00, 0x00, 0x0F, 0xE0, 0x00, 0x00, 0x0F, 0xE0, 0x00, 0x00, 0x0F, 0xE0, 0x00, 0x00, 0x0F, 0xE0, 0x00, 0x00, 0x0F, 0xE0, 0x00, 0x00, 0x0F, 0xE0, 0x00, 0x00, 0x0F, 0xE0, 0x00, 0x00, 0x0F, 0xE0, 0x00, 0x00, 0x0F, 0xE0, 0x00, 0x00, 0x0F, 0xE0, 0x00, 0x00, 0x0F, 0xE0, 0x00, 0x00, 0x0F, 0xE0, 0x00, 0xFF, 0xFF, 0xFF, 0xFF, 0xFF, 0xFF, 0xFF, 0xFF, 0xFF, 0xFF, 0xFF, 0xFF, 0xFF, 0xFF, 0xFF, 0xFF, 0xFF, 0xFF, 0xFF, 0xFF, 0xFF, 0xFF, 0xFF, 0xFF, 0x00, 0x0F, 0xE0, 0x00, 0x00, 0x0F, 0xE0, 0x00, 0x00, 0x0F, 0xE0, 0x00, 0x00, 0x0F, 0xE0, 0x00, 0x00, 0x0F, 0xE0, 0x00, 0x00, 0x0F, 0xE0, 0x00, 0x00, 0x0F, 0xE0, 0x00, 0x00, 0x0F, 0xE0, 0x00, 0x00, 0x0F, 0xE0, 0x00, 0x00, 0x0F, 0xE0, 0x00, 0x00, 0x0F, 0xE0, 0x00, 0x00, 0x0F, 0xE0, 0x00
};

const uint8_t lexend64_char_44[] = {
    0x1F, 0x00, 0x3F, 0x80, 0x3F, 0xC0, 0x3F, 0xE0, 0x3F, 0xE0, 0x3F, 0xE0, 0x1F, 0xE0, 0x0F, 0xE0, 0x07, 0xE0, 0x07, 0xE0, 0x07, 0xC0, 0x07, 0xC0, 0x0F, 0xC0, 0x1F, 0x80, 0x3F, 0x00, 0xFE, 0x00, 0x7C, 0x00, 0x38, 0x00
};

const uint8_t lexend64_char_45[] = {
    0xFF, 0xFF, 0xE0, 0xFF, 0xFF, 0xE0, 0xFF, 0xFF, 0xE0, 0xFF, 0xFF, 0xE0, 0xFF, 0xFF, 0xE0, 0xFF, 0xFF, 0xE0, 0xFF, 0xFF, 0xE0
};

const uint8_t lexend64_char_46[] = {
    0x3C, 0x00, 0x7F, 0x00, 0xFF, 0x00, 0xFF, 0x80, 0xFF, 0x80, 0xFF, 0x80, 0xFF, 0x00, 0xFF, 0x00, 0x7E, 0x00, 0x1C, 0x00
};

const uint8_t lexend64_char_47[] = {
    0x00, 0x00, 0x00, 0x3F, 0x80, 0x00, 0x00, 0x00, 0x3F, 0x00, 0x00, 0x00, 0x00, 0x7F, 0x00, 0x00, 0x00, 0x00, 0x7E, 0x00, 0x00, 0x00, 0x00, 0xFE, 0x00, 0x00, 0x00, 0x00, 0xFC, 0x00, 0x00, 0x00, 0x01, 0xFC, 0x00, 0x00, 0x00, 0x01, 0xF8, 0x00, 0x00, 0x00, 0x03, 0xF8, 0x00, 0x00, 0x00, 0x03, 0xF0, 0x00, 0x00, 0x00, 0x07, 0xF0, 0x00, 0x00, 0x00, 0x07, 0xE0, 0x00, 0x00, 0x00, 0x0F, 0xE0, 0x00, 0x00, 0x00, 0x0F, 0xC0, 0x00, 0x00, 0x00, 0x1F, 0xC0, 0x00, 0x00, 0x00, 0x1F, 0x80, 0x00, 0x00, 0x00, 0x3F, 0x80, 0x00, 0x00, 0x00, 0x3F, 0x00, 0x00, 0x00, 0x00, 0x7F, 0x00, 0x00, 0x00, 0x00, 0x7E, 0x00, 0x00, 0x00, 0x00, 0xFE, 0x00, 0x00, 0x00, 0x00, 0xFC, 0x00, 0x00, 0x00, 0x01, 0xFC, 0x00, 0x00, 0x00, 0x01, 0xF8, 0x00, 0x00, 0x00, 0x03, 0xF8, 0x00, 0x00, 0x00, 0x03, 0xF0, 0x00, 0x00, 0x00, 0x07, 0xF0, 0x00, 0x00, 0x00, 0x07, 0xE0, 0x00, 0x00, 0x00, 0x0F, 0xE0, 0x00, 0x00, 0x00, 0x0F, 0xC0, 0x00, 0x00, 0x00, 0x0F, 0xC0, 0x00, 0x00, 0x00, 0x1F, 0x80, 0x00, 0x00, 0x00, 0x1F, 0x80, 0x00, 0x00, 0x00, 0x3F, 0x00, 0x00, 0x00, 0x00, 0x3F, 0x00, 0x00, 0x00, 0x00, 0x7E, 0x00, 0x00, 0x00, 0x00, 0x7E, 0x00, 0x00, 0x00, 0x00, 0xFC, 0x00, 0x00, 0x00, 0x00, 0xFC, 0x00, 0x00, 0x00, 0x01, 0xF8, 0x00, 0x00, 0x00, 0x01, 0xF8, 0x00, 0x00, 0x00, 0x03, 0xF0, 0x00, 0x00, 0x00, 0x03, 0xF0, 0x00, 0x00, 0x00, 0x07, 0xE0, 0x00, 0x00, 0x00, 0x07, 0xE0, 0x00, 0x00, 0x00, 0x0F, 0xC0, 0x00, 0x00, 0x00, 0x0F, 0xC0, 0x00, 0x00, 0x00, 0x1F, 0xC0, 0x00, 0x00, 0x00, 0x1F, 0x80, 0x00, 0x00, 0x00, 0x3F, 0x80, 0x00, 0x00, 0x00, 0x3F, 0x00, 0x00, 0x00, 0x00, 0x7F, 0x00, 0x00, 0x00, 0x00, 0xFE, 0x00, 0x00, 0x00, 0x00
};

const uint8_t lexend64_char_48[] = {
    0x00, 0x1F, 0xFC, 0x00, 0x00, 0x00, 0x7F, 0xFF, 0x00, 0x00, 0x01, 0xFF, 0xFF, 0x80, 0x00, 0x03, 0xFF, 0xFF, 0xE0, 0x00, 0x07, 0xFF, 0xFF, 0xF0, 0x00, 0x07, 0xFF, 0xFF, 0xF0, 0x00, 0x0F, 0xF8, 0x0F, 0xF8, 0x00, 0x1F, 0xE0, 0x07, 0xFC, 0x00, 0x1F, 0xC0, 0x03, 0xFC, 0x00, 0x3F, 0xC0, 0x01, 0xFE, 0x00, 0x3F, 0x80, 0x00, 0xFE, 0x00, 0x3F, 0x00, 0x00, 0xFE, 0x00, 0x7F, 0x00, 0x00, 0x7F, 0x00, 0x7F, 0x00, 0x00, 0x7F, 0x00, 0x7E, 0x00, 0x00, 0x7F, 0x00, 0x7E, 0x00, 0x00, 0x3F, 0x00, 0xFE, 0x00, 0x00, 0x3F, 0x00, 0xFE, 0x00, 0x00, 0x3F, 0x80, 0xFE, 0x00, 0x00, 0x3F, 0x80, 0xFE, 0x00, 0x00, 0x3F, 0x80, 0xFE, 0x00, 0x00, 0x3F, 0x80, 0xFE, 0x00, 0x00, 0x3F, 0x80, 0xFE, 0x00, 0x00, 0x3F, 0x80, 0xFE, 0x00, 0x00, 0x3F, 0x80, 0xFE, 0x00, 0x00, 0x3F, 0x80, 0xFE, 0x00, 0x00, 0x3F, 0x80, 0xFE, 0x00, 0x00, 0x3F, 0x80, 0xFE, 0x00, 0x00, 0x3F, 0x80, 0xFE, 0x00, 0x00, 0x3F, 0x80, 0xFE, 0x00, 0x00, 0x3F, 0x00, 0x7E, 0x00, 0x00, 0x7F, 0x00, 0x7F, 0x00, 0x00, 0x7F, 0x00, 0x7F, 0x00, 0x00, 0x7F, 0x00, 0x7F, 0x00, 0x00, 0xFE, 0x00, 0x3F, 0x80, 0x00, 0xFE, 0x00, 0x3F, 0x80, 0x01, 0xFE, 0x00, 0x1F, 0xC0, 0x01, 0xFC, 0x00, 0x1F, 0xE0, 0x03, 0xFC, 0x00, 0x0F, 0xF8, 0x0F, 0xF8, 0x00, 0x0F, 0xFF, 0xFF, 0xF0, 0x00, 0x07, 0xFF, 0xFF, 0xF0, 0x00, 0x03, 0xFF, 0xFF, 0xE0, 0x00, 0x01, 0xFF, 0xFF, 0xC0, 0x00, 0x00, 0x7F, 0xFF, 0x00, 0x00, 0x00, 0x3F, 0xFC, 0x00, 0x00, 0x00, 0x03, 0xC0, 0x00, 0x00
};

const uint8_t lexend64_char_49[] = {
    0x00, 0x3E, 0x00, 0x00, 0xFE, 0x00, 0x03, 0xFE, 0x00, 0x0F, 0xFE, 0x00, 0x3F, 0xFE, 0x00, 0xFF, 0xFE, 0x00, 0xFF, 0xFE, 0x00, 0xFF, 0xFE, 0x00, 0xFF, 0xFE, 0x00, 0x7C, 0xFE, 0x00, 0x70, 0xFE, 0x00, 0x40, 0xFE, 0x00, 0x00, 0xFE, 0x00, 0x00, 0xFE, 0x00, 0x00, 0xFE, 0x00, 0x00, 0xFE, 0x00, 0x00, 0xFE, 0x00, 0x00, 0xFE, 0x00, 0x00, 0xFE, 0x00, 0x00, 0xFE, 0x00, 0x00, 0xFE, 0x00, 0x00, 0xFE, 0x00, 0x00, 0xFE, 0x00, 0x00, 0xFE, 0x00, 0x00, 0xFE, 0x00, 0x00, 0xFE, 0x00, 0x00, 0xFE, 0x00, 0x00, 0xFE, 0x00, 0x00, 0xFE, 0x00, 0x00, 0xFE, 0x00, 0x00, 0xFE, 0x00, 0x00, 0xFE, 0x00, 0x00, 0xFE, 0x00, 0x00, 0xFE, 0x00, 0x00, 0xFE, 0x00, 0x00, 0xFE, 0x00, 0x00, 0xFE, 0x00, 0x00, 0xFE, 0x00, 0x7F, 0xFF, 0xFC, 0x7F, 0xFF, 0xFC, 0x7F, 0xFF, 0xFC, 0x7F, 0xFF, 0xFC, 0x7F, 0xFF, 0xFC, 0x7F, 0xFF, 0xFC, 0x7F, 0xFF, 0xFC
};

const uint8_t lexend64_char_50[] = {
    0x00, 0x3F, 0xF8, 0x00, 0x00, 0xFF, 0xFE, 0x00, 0x03, 0xFF, 0xFF, 0x00, 0x07, 0xFF, 0xFF, 0x80, 0x0F, 0xFF, 0xFF, 0xC0, 0x1F, 0xFF, 0xFF, 0xE0, 0x3F, 0xF0, 0x3F, 0xE0, 0x3F, 0xE0, 0x1F, 0xF0, 0x7F, 0x80, 0x0F, 0xF0, 0x7F, 0x00, 0x07, 0xF0, 0x7F, 0x00, 0x07, 0xF8, 0xFE, 0x00, 0x07, 0xF8, 0x3C, 0x00, 0x03, 0xF8, 0x0C, 0x00, 0x07, 0xF0, 0x04, 0x00, 0x07, 0xF0, 0x00, 0x00, 0x07, 0xF0, 0x00, 0x00, 0x0F, 0xF0, 0x00, 0x00, 0x0F, 0xE0, 0x00, 0x00, 0x1F, 0xE0, 0x00, 0x00, 0x3F, 0xE0, 0x00, 0x00, 0x3F, 0xC0, 0x00, 0x00, 0x7F, 0x80, 0x00, 0x00, 0xFF, 0x80, 0x00, 0x01, 0xFF, 0x00, 0x00, 0x03, 0xFE, 0x00, 0x00, 0x07, 0xFE, 0x00, 0x00, 0x07, 0xFC, 0x00, 0x00, 0x0F, 0xF8, 0x00, 0x00, 0x1F, 0xF0, 0x00, 0x00, 0x3F, 0xE0, 0x00, 0x00, 0x7F, 0xC0, 0x00, 0x00, 0xFF, 0x80, 0x00, 0x01, 0xFF, 0x00, 0x00, 0x03, 0xFF, 0x00, 0x00, 0x07, 0xFE, 0x00, 0x00, 0x07, 0xFC, 0x00, 0x00, 0x0F, 0xF8, 0x00, 0x00, 0x1F, 0xF0, 0x00, 0x00, 0x3F, 0xFF, 0xFF, 0xFC, 0x7F, 0xFF, 0xFF, 0xFC, 0x7F, 0xFF, 0xFF, 0xFC, 0x3F, 0xFF, 0xFF, 0xFC, 0x3F, 0xFF, 0xFF, 0xFC, 0x3F, 0xFF, 0xFF, 0xFC, 0x1F, 0xFF, 0xFF, 0xFC
};

const uint8_t lexend64_char_51[] = {
    0x1F, 0xFF, 0xFF, 0xF8, 0x1F, 0xFF, 0xFF, 0xF8, 0x1F, 0xFF, 0xFF, 0xFC, 0x1F, 0xFF, 0xFF, 0xF8, 0x1F, 0xFF, 0xFF, 0xF0, 0x1F, 0xFF, 0xFF, 0xE0, 0x1F, 0xFF, 0xFF, 0xC0, 0x00, 0x00, 0x3F, 0x80, 0x00, 0x00, 0x7F, 0x80, 0x00, 0x00, 0xFF, 0x00, 0x00, 0x01, 0xFE, 0x00, 0x00, 0x03, 0xFC, 0x00, 0x00, 0x07, 0xF8, 0x00, 0x00, 0x0F, 0xF0, 0x00, 0x00, 0x0F, 0xE0, 0x00, 0x00, 0x1F, 0xC0, 0x00, 0x00, 0x3F, 0x80, 0x00, 0x00, 0x7F, 0xFC, 0x00, 0x00, 0xFF, 0xFF, 0x00, 0x01, 0xFF, 0xFF, 0x80, 0x01, 0xFF, 0xFF, 0xE0, 0x01, 0xFF, 0xFF, 0xE0, 0x00, 0xFF, 0xFF, 0xF0, 0x00, 0xF8, 0x1F, 0xF8, 0x00, 0xC0, 0x07, 0xF8, 0x00, 0x00, 0x03, 0xFC, 0x00, 0x00, 0x01, 0xFC, 0x00, 0x00, 0x01, 0xFC, 0x00, 0x00, 0x00, 0xFC, 0x00, 0x00, 0x00, 0xFE, 0x00, 0x00, 0x00, 0xFE, 0x00, 0x00, 0x00, 0xFE, 0x00, 0x00, 0x00, 0xFC, 0x04, 0x00, 0x00, 0xFC, 0x1E, 0x00, 0x01, 0xFC, 0x7F, 0x00, 0x01, 0xFC, 0xFF, 0x80, 0x03, 0xF8, 0x7F, 0xC0, 0x07, 0xF8, 0x3F, 0xE0, 0x0F, 0xF0, 0x1F, 0xFE, 0x7F, 0xF0, 0x1F, 0xFF, 0xFF, 0xE0, 0x0F, 0xFF, 0xFF, 0xC0, 0x07, 0xFF, 0xFF, 0x80, 0x01, 0xFF, 0xFE, 0x00, 0x00, 0x7F, 0xF8, 0x00, 0x00, 0x07, 0xC0, 0x00
};

const uint8_t lexend64_char_52[] = {
    0x00, 0x00, 0x03, 0xE0, 0x00, 0x00, 0x00, 0x07, 0xE0, 0x00, 0x00, 0x00, 0x0F, 0xE0, 0x00, 0x00, 0x00, 0x1F, 0xE0, 0x00, 0x00, 0x00, 0x3F, 0xE0, 0x00, 0x00, 0x00, 0x3F, 0xE0, 0x00, 0x00, 0x00, 0x7F, 0xE0, 0x00, 0x00, 0x00, 0xFF, 0xE0, 0x00, 0x00, 0x01, 0xFF, 0xE0, 0x00, 0x00, 0x03, 0xFF, 0xE0, 0x00, 0x00, 0x07, 0xFF, 0xE0, 0x00, 0x00, 0x07, 0xF7, 0xE0, 0x00, 0x00, 0x0F, 0xF7, 0xE0, 0x00, 0x00, 0x1F, 0xE7, 0xE0, 0x00, 0x00, 0x3F, 0xC7, 0xE0, 0x00, 0x00, 0x7F, 0x87, 0xE0, 0x00, 0x00, 0x7F, 0x07, 0xE0, 0x00, 0x00, 0xFE, 0x07, 0xE0, 0x00, 0x01, 0xFE, 0x07, 0xE0, 0x00, 0x03, 0xFC, 0x07, 0xE0, 0x00, 0x07, 0xF8, 0x07, 0xE0, 0x00, 0x0F, 0xF0, 0x07, 0xE0, 0x00, 0x0F, 0xE0, 0x07, 0xE0, 0x00, 0x1F, 0xE0, 0x07, 0xE0, 0x00, 0x3F, 0xC0, 0x07, 0xE0, 0x00, 0x7F, 0x80, 0x07, 0xE0, 0x00, 0xFF, 0xFF, 0xFF, 0xFF, 0xE0, 0xFF, 0xFF, 0xFF, 0xFF, 0xE0, 0x7F, 0xFF, 0xFF, 0xFF, 0xE0, 0x7F, 0xFF, 0xFF, 0xFF, 0xE0, 0x3F, 0xFF, 0xFF, 0xFF, 0xE0, 0x3F, 0xFF, 0xFF, 0xFF, 0xE0, 0x1F, 0xFF, 0xFF, 0xFF, 0xE0, 0x00, 0x00, 0x07, 0xE0, 0x00, 0x00, 0x00, 0x07, 0xE0, 0x00, 0x00, 0x00, 0x07, 0xE0, 0x00, 0x00, 0x00, 0x07, 0xE0, 0x00, 0x00, 0x00, 0x07, 0xE0, 0x00, 0x00, 0x00, 0x07, 0xE0, 0x00, 0x00, 0x00, 0x07, 0xE0, 0x00, 0x00, 0x00, 0x07, 0xE0, 0x00, 0x00, 0x00, 0x07, 0xE0, 0x00, 0x00, 0x00, 0x07, 0xE0, 0x00, 0x00, 0x00, 0x07, 0xE0, 0x00, 0x00, 0x00, 0x07, 0xE0, 0x00
};

const uint8_t lexend64_char_53[] = {
    0x07, 0xFF, 0xFF, 0xF8, 0x07, 0xFF, 0xFF, 0xF8, 0x07, 0xFF, 0xFF, 0xF8, 0x07, 0xFF, 0xFF, 0xF8, 0x0F, 0xFF, 0xFF, 0xF8, 0x0F, 0xFF, 0xFF, 0xF8, 0x0F, 0xFF, 0xFF, 0xF8, 0x0F, 0xC0, 0x00, 0x00, 0x0F, 0xC0, 0x00, 0x00, 0x0F, 0xC0, 0x00, 0x00, 0x0F, 0xC0, 0x00, 0x00, 0x1F, 0xC0, 0x00, 0x00, 0x1F, 0xC0, 0x00, 0x00, 0x1F, 0x80, 0x00, 0x00, 0x1F, 0x80, 0x00, 0x00, 0x1F, 0x8F, 0xF0, 0x00, 0x1F, 0xFF, 0xFE, 0x00, 0x1F, 0xFF, 0xFF, 0x00, 0x3F, 0xFF, 0xFF, 0xC0, 0x1F, 0xFF, 0xFF, 0xE0, 0x1F, 0xFF, 0xFF, 0xF0, 0x0F, 0xF8, 0xFF, 0xF0, 0x07, 0xC0, 0x1F, 0xF8, 0x02, 0x00, 0x07, 0xF8, 0x00, 0x00, 0x03, 0xFC, 0x00, 0x00, 0x03, 0xFC, 0x00, 0x00, 0x01, 0xFC, 0x00, 0x00, 0x01, 0xFC, 0x00, 0x00, 0x00, 0xFC, 0x00, 0x00, 0x00, 0xFE, 0x00, 0x00, 0x00, 0xFC, 0x00, 0x00, 0x00, 0xFC, 0x00, 0x00, 0x00, 0xFC, 0x08, 0x00, 0x01, 0xFC, 0x18, 0x00, 0x01, 0xFC, 0x3C, 0x00, 0x03, 0xF8, 0x3F, 0x00, 0x07, 0xF8, 0xFF, 0x80, 0x0F, 0xF8, 0x7F, 0xE0, 0x3F, 0xF0, 0x3F, 0xFF, 0xFF, 0xE0, 0x1F, 0xFF, 0xFF, 0xC0, 0x0F, 0xFF, 0xFF, 0x80, 0x07, 0xFF, 0xFF, 0x00, 0x01, 0xFF, 0xFC, 0x00, 0x00, 0x7F, 0xF0, 0x00
};

const uint8_t lexend64_char_54[] = {
    0x00, 0x07, 0xF0, 0x00, 0x00, 0x0F, 0xF0, 0x00, 0x00, 0x0F, 0xE0, 0x00, 0x00, 0x1F, 0xE0, 0x00, 0x00, 0x1F, 0xC0, 0x00, 0x00, 0x3F, 0x80, 0x00, 0x00, 0x7F, 0x80, 0x00, 0x00, 0x7F, 0x00, 0x00, 0x00, 0xFF, 0x00, 0x00, 0x00, 0xFE, 0x00, 0x00, 0x01, 0xFC, 0x00, 0x00, 0x03, 0xFC, 0x00, 0x00, 0x03, 0xF8, 0x00, 0x00, 0x07, 0xF8, 0x00, 0x00, 0x07, 0xF0, 0x00, 0x00, 0x0F, 0xEF, 0xF8, 0x00, 0x0F, 0xFF, 0xFE, 0x00, 0x1F, 0xFF, 0xFF, 0x80, 0x1F, 0xFF, 0xFF, 0xC0, 0x3F, 0xFF, 0xFF, 0xE0, 0x3F, 0xFF, 0xFF, 0xF0, 0x3F, 0xF0, 0x3F, 0xF0, 0x7F, 0xC0, 0x0F, 0xF8, 0x7F, 0x80, 0x07, 0xF8, 0x7F, 0x00, 0x03, 0xFC, 0xFE, 0x00, 0x03, 0xFC, 0xFE, 0x00, 0x01, 0xFC, 0xFE, 0x00, 0x01, 0xFC, 0xFC, 0x00, 0x00, 0xFC, 0xFC, 0x00, 0x00, 0xFC, 0xFC, 0x00, 0x00, 0xFC, 0xFC, 0x00, 0x00, 0xFC, 0xFC, 0x00, 0x00, 0xFC, 0xFE, 0x00, 0x01, 0xFC, 0xFE, 0x00, 0x01, 0xFC, 0xFF, 0x00, 0x03, 0xF8, 0x7F, 0x00, 0x03, 0xF8, 0x7F, 0x80, 0x07, 0xF8, 0x3F, 0xE0, 0x1F, 0xF0, 0x3F, 0xFC, 0xFF, 0xE0, 0x1F, 0xFF, 0xFF, 0xE0, 0x0F, 0xFF, 0xFF, 0xC0, 0x07, 0xFF, 0xFF, 0x80, 0x03, 0xFF, 0xFF, 0x00, 0x00, 0xFF, 0xFC, 0x00, 0x00, 0x1F, 0xE0, 0x00
};

const uint8_t lexend64_char_55[] = {
    0xFF, 0xFF, 0xFF, 0xF0, 0xFF, 0xFF, 0xFF, 0xF0, 0xFF, 0xFF, 0xFF, 0xF0, 0xFF, 0xFF, 0xFF, 0xF0, 0xFF, 0xFF, 0xFF, 0xF0, 0xFF, 0xFF, 0xFF, 0xF0, 0xFF, 0xFF, 0xFF, 0xF0, 0x00, 0x00, 0x0F, 0xE0, 0x00, 0x00, 0x0F, 0xE0, 0x00, 0x00, 0x1F, 0xC0, 0x00, 0x00, 0x1F, 0xC0, 0x00, 0x00, 0x1F, 0x80, 0x00, 0x00, 0x3F, 0x80, 0x00, 0x00, 0x3F, 0x80, 0x00, 0x00, 0x7F, 0x00, 0x00, 0x00, 0x7F, 0x00, 0x00, 0x00, 0xFE, 0x00, 0x00, 0x00, 0xFE, 0x00, 0x00, 0x01, 0xFC, 0x00, 0x00, 0x01, 0xFC, 0x00, 0x00, 0x03, 0xF8, 0x00, 0x00, 0x03, 0xF8, 0x00, 0x00, 0x07, 0xF8, 0x00, 0x00, 0x07, 0xF0, 0x00, 0x00, 0x07, 0xF0, 0x00, 0x00, 0x0F, 0xE0, 0x00, 0x00, 0x0F, 0xE0, 0x00, 0x00, 0x1F, 0xC0, 0x00, 0x00, 0x1F, 0xC0, 0x00, 0x00, 0x3F, 0x80, 0x00, 0x00, 0x3F, 0x80, 0x00, 0x00, 0x7F, 0x80, 0x00, 0x00, 0x7F, 0x00, 0x00, 0x00, 0xFF, 0x00, 0x00, 0x00, 0xFE, 0x00, 0x00, 0x00, 0xFE, 0x00, 0x00, 0x01, 0xFC, 0x00, 0x00, 0x01, 0xFC, 0x00, 0x00, 0x03, 0xF8, 0x00, 0x00, 0x03, 0xF8, 0x00, 0x00, 0x07, 0xF8, 0x00, 0x00, 0x07, 0xF0, 0x00, 0x00, 0x0F, 0xF0, 0x00, 0x00, 0x0F, 0xE0, 0x00, 0x00, 0x1F, 0xE0, 0x00, 0x00
};

const uint8_t lexend64_char_56[] = {
    0x00, 0x0F, 0xE0, 0x00, 0x00, 0x7F, 0xFC, 0x00, 0x01, 0xFF, 0xFF, 0x00, 0x03, 0xFF, 0xFF, 0x80, 0x07, 0xFF, 0xFF, 0xC0, 0x0F, 0xFF, 0xFF, 0xE0, 0x1F, 0xFF, 0xFF, 0xF0, 0x1F, 0xF0, 0x1F, 0xF0, 0x3F, 0xC0, 0x07, 0xF8, 0x3F, 0x80, 0x03, 0xF8, 0x3F, 0x80, 0x03, 0xF8, 0x3F, 0x00, 0x01, 0xF8, 0x7F, 0x00, 0x01, 0xFC, 0x3F, 0x00, 0x01, 0xF8, 0x3F, 0x80, 0x03, 0xF8, 0x3F, 0x80, 0x03, 0xF8, 0x3F, 0xC0, 0x07, 0xF8, 0x1F, 0xE0, 0x0F, 0xF0, 0x0F, 0xFF, 0xFF, 0xE0, 0x07, 0xFF, 0xFF, 0xC0, 0x03, 0xFF, 0xFF, 0x80, 0x01, 0xFF, 0xFF, 0x00, 0x07, 0xFF, 0xFF, 0x80, 0x0F, 0xFF, 0xFF, 0xE0, 0x1F, 0xFF, 0xFF, 0xF0, 0x3F, 0xE0, 0x1F, 0xF0, 0x3F, 0xC0, 0x07, 0xF8, 0x7F, 0x80, 0x03, 0xFC, 0x7F, 0x00, 0x01, 0xFC, 0x7F, 0x00, 0x01, 0xFC, 0xFE, 0x00, 0x00, 0xFE, 0xFE, 0x00, 0x00, 0xFE, 0xFE, 0x00, 0x00, 0xFE, 0xFE, 0x00, 0x00, 0xFE, 0x7F, 0x00, 0x01, 0xFC, 0x7F, 0x00, 0x01, 0xFC, 0x7F, 0x80, 0x03, 0xFC, 0x3F, 0xE0, 0x0F, 0xF8, 0x3F, 0xF8, 0x3F, 0xF8, 0x1F, 0xFF, 0xFF, 0xF0, 0x0F, 0xFF, 0xFF, 0xE0, 0x07, 0xFF, 0xFF, 0xC0, 0x03, 0xFF, 0xFF, 0x80, 0x00, 0xFF, 0xFE, 0x00, 0x00, 0x3F, 0xF0, 0x00
};

const uint8_t lexend64_char_57[] = {
    0x00, 0x03, 0x80, 0x00, 0x00, 0x3F, 0xF8, 0x00, 0x00, 0xFF, 0xFE, 0x00, 0x03, 0xFF, 0xFF, 0x80, 0x07, 0xFF, 0xFF, 0xC0, 0x0F, 0xFF, 0xFF, 0xE0, 0x1F, 0xFF, 0xFF, 0xF0, 0x3F, 0xF0, 0x3F, 0xF8, 0x3F, 0xC0, 0x0F, 0xF8, 0x7F, 0x80, 0x07, 0xFC, 0x7F, 0x00, 0x03, 0xFC, 0x7F, 0x00, 0x01, 0xFE, 0xFE, 0x00, 0x01, 0xFE, 0xFE, 0x00, 0x01, 0xFE, 0xFE, 0x00, 0x00, 0xFE, 0xFE, 0x00, 0x00, 0xFE, 0xFE, 0x00, 0x00, 0xFE, 0xFE, 0x00, 0x01, 0xFE, 0xFF, 0x00, 0x01, 0xFE, 0xFF, 0x00, 0x01, 0xFE, 0xFF, 0x80, 0x03, 0xFC, 0x7F, 0x80, 0x07, 0xFC, 0x7F, 0xC0, 0x0F, 0xFC, 0x3F, 0xF0, 0x3F, 0xF8, 0x3F, 0xFF, 0xFF, 0xF8, 0x1F, 0xFF, 0xFF, 0xF8, 0x0F, 0xFF, 0xFF, 0xF0, 0x07, 0xFF, 0xFF, 0xF0, 0x01, 0xFF, 0xFF, 0xF0, 0x00, 0xFF, 0xCF, 0xE0, 0x00, 0x00, 0x1F, 0xE0, 0x00, 0x00, 0x1F, 0xC0, 0x00, 0x00, 0x3F, 0xC0, 0x00, 0x00, 0x3F, 0x80, 0x00, 0x00, 0x7F, 0x80, 0x00, 0x00, 0x7F, 0x00, 0x00, 0x00, 0xFF, 0x00, 0x00, 0x00, 0xFE, 0x00, 0x00, 0x00, 0xFE, 0x00, 0x00, 0x01, 0xFC, 0x00, 0x00, 0x01, 0xFC, 0x00, 0x00, 0x03, 0xFC, 0x00, 0x00, 0x03, 0xF8, 0x00, 0x00, 0x07, 0xF8, 0x00, 0x00, 0x07, 0xF0, 0x00, 0x00, 0x0F, 0xF0, 0x00
};

const uint8_t lexend64_char_58[] = {
    0x3C, 0x00, 0x7F, 0x00, 0xFF, 0x00, 0xFF, 0x80, 0xFF, 0x80, 0xFF, 0x80, 0xFF, 0x00, 0xFF, 0x00, 0x7E, 0x00, 0x1C, 0x00, 0x00, 0x00, 0x00, 0x00, 0x00, 0x00, 0x00, 0x00, 0x00, 0x00, 0x00, 0x00, 0x00, 0x00, 0x00, 0x00, 0x00, 0x00, 0x00, 0x00, 0x00, 0x00, 0x00, 0x00, 0x00, 0x00, 0x00, 0x00, 0x00, 0x00, 0x3C, 0x00, 0x7F, 0x00, 0xFF, 0x00, 0xFF, 0x80, 0xFF, 0x80, 0xFF, 0x80, 0xFF, 0x00, 0xFF, 0x00, 0x7E, 0x00, 0x1C, 0x00
};

const uint8_t lexend64_char_59[] = {
    0x1E, 0x00, 0x3F, 0x80, 0x7F, 0x80, 0x7F, 0xC0, 0x7F, 0xC0, 0x7F, 0xC0, 0x7F, 0x80, 0x7F, 0x80, 0x3F, 0x00, 0x0E, 0x00, 0x00, 0x00, 0x00, 0x00, 0x00, 0x00, 0x00, 0x00, 0x00, 0x00, 0x00, 0x00, 0x00, 0x00, 0x00, 0x00, 0x00, 0x00, 0x00, 0x00, 0x00, 0x00, 0x00, 0x00, 0x00, 0x00, 0x00, 0x00, 0x00, 0x00, 0x00, 0x00, 0x00, 0x00, 0x1F, 0x00, 0x3F, 0x80, 0x3F, 0xC0, 0x3F, 0xE0, 0x3F, 0xE0, 0x3F, 0xE0, 0x1F, 0xE0, 0x0F, 0xE0, 0x07, 0xE0, 0x07, 0xE0, 0x07, 0xC0, 0x07, 0xC0, 0x0F, 0xC0, 0x1F, 0x80, 0x3F, 0x00, 0xFE, 0x00, 0x7C, 0x00, 0x38, 0x00
};

const uint8_t lexend64_char_60[] = {
    0x00, 0x00, 0x01, 0x00, 0x00, 0x00, 0x07, 0x00, 0x00, 0x00, 0x1F, 0x80, 0x00, 0x00, 0x7F, 0xC0, 0x00, 0x00, 0xFF, 0xC0, 0x00, 0x03, 0xFF, 0x80, 0x00, 0x0F, 0xFF, 0x00, 0x00, 0x3F, 0xFC, 0x00, 0x00, 0x7F, 0xF0, 0x00, 0x01, 0xFF, 0xC0, 0x00, 0x07, 0xFF, 0x80, 0x00, 0x1F, 0xFE, 0x00, 0x00, 0x3F, 0xF8, 0x00, 0x00, 0xFF, 0xE0, 0x00, 0x00, 0xFF, 0xC0, 0x00, 0x00, 0xFF, 0x00, 0x00, 0x00, 0xFF, 0x00, 0x00, 0x00, 0xFF, 0xC0, 0x00, 0x00, 0xFF, 0xF0, 0x00, 0x00, 0x3F, 0xF8, 0x00, 0x00, 0x0F, 0xFE, 0x00, 0x00, 0x07, 0xFF, 0x80, 0x00, 0x01, 0xFF, 0xE0, 0x00, 0x00, 0x7F, 0xF0, 0x00, 0x00, 0x1F, 0xFC, 0x00, 0x00, 0x0F, 0xFF, 0x00, 0x00, 0x03, 0xFF, 0xC0, 0x00, 0x00, 0xFF, 0xC0, 0x00, 0x00, 0x3F, 0x80, 0x00, 0x00, 0x1F, 0x80, 0x00, 0x00, 0x07, 0x00, 0x00, 0x00, 0x01, 0x00
};

const uint8_t lexend64_char_61[] = {
    0xFF, 0xFF, 0xFF, 0xFC, 0xFF, 0xFF, 0xFF, 0xFC, 0xFF, 0xFF, 0xFF, 0xFC, 0xFF, 0xFF, 0xFF, 0xFC, 0xFF, 0xFF, 0xFF, 0xFC, 0xFF, 0xFF, 0xFF, 0xFC, 0x00, 0x00, 0x00, 0x00, 0x00, 0x00, 0x00, 0x00, 0x00, 0x00, 0x00, 0x00, 0x00, 0x00, 0x00, 0x00, 0x00, 0x00, 0x00, 0x00, 0x00, 0x00, 0x00, 0x00, 0xFF, 0xFF, 0xFF, 0xFC, 0xFF, 0xFF, 0xFF, 0xFC, 0xFF, 0xFF, 0xFF, 0xFC, 0xFF, 0xFF, 0xFF, 0xFC, 0xFF, 0xFF, 0xFF, 0xFC, 0xFF, 0xFF, 0xFF, 0xFC
};

const uint8_t lexend64_char_62[] = {
    0x10, 0x00, 0x00, 0x00, 0x3C, 0x00, 0x00, 0x00, 0x3F, 0x00, 0x00, 0x00, 0x7F, 0x80, 0x00, 0x00, 0xFF, 0xE0, 0x00, 0x00, 0x7F, 0xF8, 0x00, 0x00, 0x1F, 0xFC, 0x00, 0x00, 0x07, 0xFF, 0x00, 0x00, 0x03, 0xFF, 0xC0, 0x00, 0x00, 0xFF, 0xF0, 0x00, 0x00, 0x3F, 0xF8, 0x00, 0x00, 0x0F, 0xFE, 0x00, 0x00, 0x07, 0xFF, 0x80, 0x00, 0x01, 0xFF, 0xC0, 0x00, 0x00, 0x7F, 0xC0, 0x00, 0x00, 0x1F, 0xC0, 0x00, 0x00, 0x3F, 0xC0, 0x00, 0x00, 0x7F, 0xC0, 0x00, 0x01, 0xFF, 0xC0, 0x00, 0x07, 0xFF, 0x80, 0x00, 0x1F, 0xFE, 0x00, 0x00, 0x3F, 0xF8, 0x00, 0x00, 0xFF, 0xE0, 0x00, 0x03, 0xFF, 0xC0, 0x00, 0x0F, 0xFF, 0x00, 0x00, 0x1F, 0xFC, 0x00, 0x00, 0x7F, 0xF0, 0x00, 0x00, 0xFF, 0xE0, 0x00, 0x00, 0x7F, 0x80, 0x00, 0x00, 0x3E, 0x00, 0x00, 0x00, 0x38, 0x00, 0x00, 0x00, 0x10, 0x00, 0x00, 0x00
};

const uint8_t lexend64_char_63[] = {
    0x00, 0x3F, 0xF0, 0x00, 0x00, 0xFF, 0xFE, 0x00, 0x03, 0xFF, 0xFF, 0x00, 0x07, 0xFF, 0xFF, 0x80, 0x0F, 0xFF, 0xFF, 0xC0, 0x1F, 0xFF, 0xFF, 0xE0, 0x3F, 0xE0, 0x3F, 0xF0, 0x7F, 0x80, 0x1F, 0xF0, 0xFF, 0x00, 0x07, 0xF8, 0x3E, 0x00, 0x07, 0xF8, 0x1C, 0x00, 0x03, 0xF8, 0x0C, 0x00, 0x03, 0xF8, 0x04, 0x00, 0x03, 0xF8, 0x00, 0x00, 0x03, 0xF8, 0x00, 0x00, 0x03, 0xF8, 0x00, 0x00, 0x07, 0xF8, 0x00, 0x00, 0x07, 0xF0, 0x00, 0x00, 0x0F, 0xF0, 0x00, 0x00, 0x1F, 0xE0, 0x00, 0x00, 0x7F, 0xC0, 0x00, 0x01, 0xFF, 0xC0, 0x00, 0x07, 0xFF, 0x80, 0x00, 0x3F, 0xFE, 0x00, 0x00, 0x3F, 0xFC, 0x00, 0x00, 0x3F, 0xF0, 0x00, 0x00, 0x3F, 0xC0, 0x00, 0x00, 0x3F, 0x80, 0x00, 0x00, 0x1F, 0x80, 0x00, 0x00, 0x1F, 0x80, 0x00, 0x00, 0x1F, 0x80, 0x00, 0x00, 0x1F, 0x00, 0x00, 0x00, 0x1F, 0x00, 0x00, 0x00, 0x00, 0x00, 0x00, 0x00, 0x00, 0x00, 0x00, 0x00, 0x00, 0x00, 0x00, 0x00, 0x00, 0x00, 0x00, 0x00, 0x0F, 0x00, 0x00, 0x00, 0x3F, 0x80, 0x00, 0x00, 0x3F, 0xC0, 0x00, 0x00, 0x7F, 0xC0, 0x00, 0x00, 0x7F, 0xC0, 0x00, 0x00, 0x7F, 0xC0, 0x00, 0x00, 0x7F, 0xC0, 0x00, 0x00, 0x3F, 0x80, 0x00, 0x00, 0x3F, 0x80, 0x00, 0x00, 0x0E, 0x00, 0x00
};

const uint8_t lexend64_char_64[] = {
    0x00, 0x00, 0x00, 0x7F, 0xFF, 0x80, 0x00, 0x00, 0x00, 0x07, 0xFF, 0xFF, 0xF0, 0x00, 0x00, 0x00, 0x1F, 0xFF, 0xFF, 0xFC, 0x00, 0x00, 0x00, 0xFF, 0xFF, 0xFF, 0xFF, 0x00, 0x00, 0x01, 0xFF, 0xFF, 0xFF, 0xFF, 0x80, 0x00, 0x07, 0xFF, 0x80, 0x00, 0xFF, 0xE0, 0x00, 0x0F, 0xFC, 0x00, 0x00, 0x1F, 0xE0, 0x00, 0x3F, 0xE0, 0x00, 0x00, 0x07, 0xF0, 0x00, 0x7F, 0x80, 0x00, 0x00, 0x03, 0xF8, 0x00, 0xFF, 0x00, 0x00, 0x00, 0x01, 0xFC, 0x01, 0xFC, 0x00, 0x00, 0x00, 0x00, 0xFC, 0x03, 0xF8, 0x00, 0x00, 0x00, 0x00, 0x7E, 0x03, 0xF0, 0x00, 0x3C, 0x00, 0x00, 0x7E, 0x07, 0xE0, 0x01, 0xFF, 0x0F, 0xC0, 0x3E, 0x0F, 0xC0, 0x07, 0xFF, 0x8F, 0xC0, 0x3F, 0x0F, 0xC0, 0x0F, 0xFF, 0xDF, 0xC0, 0x3F, 0x1F, 0x80, 0x1F, 0xFF, 0xFF, 0xC0, 0x1F, 0x1F, 0x00, 0x3F, 0xFF, 0xFF, 0xC0, 0x1F, 0x3F, 0x00, 0x7F, 0xC0, 0xFF, 0x80, 0x1F, 0x3E, 0x00, 0xFF, 0x00, 0x7F, 0x80, 0x1F, 0x7E, 0x00, 0xFE, 0x00, 0x7F, 0x80, 0x1F, 0x7C, 0x01, 0xFC, 0x00, 0x3F, 0x80, 0x1F, 0x7C, 0x01, 0xFC, 0x00, 0x3F, 0x80, 0x1F, 0xFC, 0x03, 0xF8, 0x00, 0x3F, 0x80, 0x1F, 0xFC, 0x03, 0xF8, 0x00, 0x3F, 0x00, 0x1F, 0xF8, 0x03, 0xF0, 0x00, 0x3F, 0x00, 0x3F, 0xF8, 0x07, 0xF0, 0x00, 0x3F, 0x00, 0x3E, 0xF8, 0x07, 0xF0, 0x00, 0x7F, 0x00, 0x3E, 0xF8, 0x07, 0xF0, 0x00, 0x7F, 0x00, 0x7E, 0xF8, 0x07, 0xF0, 0x00, 0x7F, 0x00, 0x7C, 0xF8, 0x07, 0xF0, 0x00, 0xFE, 0x00, 0x7C, 0xF8, 0x07, 0xF0, 0x01, 0xFE, 0x00, 0xFC, 0xF8, 0x07, 0xF0, 0x01, 0xFE, 0x00, 0xF8, 0xF8, 0x07, 0xF0, 0x03, 0xFE, 0x01, 0xF0, 0xF8, 0x03, 0xF8, 0x0F, 0xFE, 0x03, 0xF0, 0xF8, 0x03, 0xFC, 0x1F, 0xFF, 0x07, 0xE0, 0xF8, 0x01, 0xFF, 0xFF, 0xFF, 0xFF, 0xC0, 0xFC, 0x01, 0xFF, 0xFE, 0x7F, 0xFF, 0x80, 0xFC, 0x00, 0xFF, 0xFC, 0x7F, 0xFF, 0x00, 0x7C, 0x00, 0x7F, 0xF8, 0x3F, 0xFE, 0x00, 0x7E, 0x00, 0x3F, 0xE0, 0x1F, 0xF8, 0x00, 0x7E, 0x00, 0x00, 0x00, 0x00, 0x00, 0x00, 0x3F, 0x00, 0x00, 0x00, 0x00, 0x00, 0x00, 0x3F, 0x00, 0x00, 0x00, 0x00, 0x00, 0x00, 0x1F, 0x80, 0x00, 0x00, 0x00, 0x00, 0x00, 0x1F, 0xC0, 0x00, 0x00, 0x00, 0x00, 0x00, 0x0F, 0xE0, 0x00, 0x00, 0x04, 0x00, 0x00, 0x07, 0xF8, 0x00, 0x00, 0x1C, 0x00, 0x00, 0x03, 0xFC, 0x00, 0x00, 0x7E, 0x00, 0x00, 0x01, 0xFF, 0x80, 0x03, 0xFE, 0x00, 0x00, 0x00, 0xFF, 0xFF, 0xFF, 0xFF, 0x00, 0x00, 0x00, 0x7F, 0xFF, 0xFF, 0xFC, 0x00, 0x00, 0x00, 0x1F, 0xFF, 0xFF, 0xF0, 0x00, 0x00, 0x00, 0x07, 0xFF, 0xFF, 0xC0, 0x00, 0x00, 0x00, 0x00, 0xFF, 0xFE, 0x00, 0x00, 0x00
};

const uint8_t lexend64_char_65[] = {
    0x00, 0x00, 0x7F, 0x00, 0x00, 0x00, 0x00, 0x00, 0xFF, 0x00, 0x00, 0x00, 0x00, 0x00, 0xFF, 0x80, 0x00, 0x00, 0x00, 0x00, 0xFF, 0x80, 0x00, 0x00, 0x00, 0x01, 0xFF, 0xC0, 0x00, 0x00, 0x00, 0x01, 0xFF, 0xC0, 0x00, 0x00, 0x00, 0x03, 0xFF, 0xC0, 0x00, 0x00, 0x00, 0x03, 0xFF, 0xE0, 0x00, 0x00, 0x00, 0x03, 0xFF, 0xE0, 0x00, 0x00, 0x00, 0x07, 0xF7, 0xF0, 0x00, 0x00, 0x00, 0x07, 0xE7, 0xF0, 0x00, 0x00, 0x00, 0x07, 0xE7, 0xF0, 0x00, 0x00, 0x00, 0x0F, 0xE3, 0xF8, 0x00, 0x00, 0x00, 0x0F, 0xE3, 0xF8, 0x00, 0x00, 0x00, 0x1F, 0xC3, 0xF8, 0x00, 0x00, 0x00, 0x1F, 0xC1, 0xFC, 0x00, 0x00, 0x00, 0x1F, 0x81, 0xFC, 0x00, 0x00, 0x00, 0x3F, 0x81, 0xFE, 0x00, 0x00, 0x00, 0x3F, 0x80, 0xFE, 0x00, 0x00, 0x00, 0x7F, 0x00, 0xFE, 0x00, 0x00, 0x00, 0x7F, 0x00, 0x7F, 0x00, 0x00, 0x00, 0x7F, 0x00, 0x7F, 0x00, 0x00, 0x00, 0xFE, 0x00, 0x7F, 0x80, 0x00, 0x00, 0xFE, 0x00, 0x3F, 0x80, 0x00, 0x00, 0xFC, 0x00, 0x3F, 0x80, 0x00, 0x01, 0xFC, 0x00, 0x3F, 0xC0, 0x00, 0x01, 0xFC, 0x00, 0x1F, 0xC0, 0x00, 0x03, 0xFF, 0xFF, 0xFF, 0xC0, 0x00, 0x03, 0xFF, 0xFF, 0xFF, 0xE0, 0x00, 0x03, 0xFF, 0xFF, 0xFF, 0xE0, 0x00, 0x07, 0xFF, 0xFF, 0xFF, 0xF0, 0x00, 0x07, 0xFF, 0xFF, 0xFF, 0xF0, 0x00, 0x0F, 0xFF, 0xFF, 0xFF, 0xF0, 0x00, 0x0F, 0xFF, 0xFF, 0xFF, 0xF8, 0x00, 0x0F, 0xE0, 0x00, 0x03, 0xF8, 0x00, 0x1F, 0xC0, 0x00, 0x03, 0xFC, 0x00, 0x1F, 0xC0, 0x00, 0x01, 0xFC, 0x00, 0x3F, 0xC0, 0x00, 0x01, 0xFC, 0x00, 0x3F, 0x80, 0x00, 0x01, 0xFE, 0x00, 0x3F, 0x80, 0x00, 0x00, 0xFE, 0x00, 0x7F, 0x00, 0x00, 0x00, 0xFE, 0x00, 0x7F, 0x00, 0x00, 0x00, 0x7F, 0x00, 0x7F, 0x00, 0x00, 0x00, 0x7F, 0x00, 0xFE, 0x00, 0x00, 0x00, 0x7F, 0x80, 0xFE, 0x00, 0x00, 0x00, 0x3F, 0x80
};

const uint8_t lexend64_char_66[] = {
    0xFF, 0xFF, 0xFE, 0x00, 0x00, 0xFF, 0xFF, 0xFF, 0xC0, 0x00, 0xFF, 0xFF, 0xFF, 0xF0, 0x00, 0xFF, 0xFF, 0xFF, 0xF8, 0x00, 0xFF, 0xFF, 0xFF, 0xFC, 0x00, 0xFF, 0xFF, 0xFF, 0xFE, 0x00, 0xFF, 0xFF, 0xFF, 0xFE, 0x00, 0xFE, 0x00, 0x03, 0xFF, 0x00, 0xFE, 0x00, 0x01, 0xFF, 0x00, 0xFE, 0x00, 0x00, 0xFF, 0x00, 0xFE, 0x00, 0x00, 0x7F, 0x00, 0xFE, 0x00, 0x00, 0x7F, 0x00, 0xFE, 0x00, 0x00, 0x7F, 0x00, 0xFE, 0x00, 0x00, 0x7F, 0x00, 0xFE, 0x00, 0x00, 0x7F, 0x00, 0xFE, 0x00, 0x00, 0x7E, 0x00, 0xFE, 0x00, 0x00, 0xFE, 0x00, 0xFE, 0x00, 0x01, 0xFC, 0x00, 0xFE, 0x00, 0x07, 0xF8, 0x00, 0xFF, 0xFF, 0xFF, 0xF0, 0x00, 0xFF, 0xFF, 0xFF, 0xE0, 0x00, 0xFF, 0xFF, 0xFF, 0xF8, 0x00, 0xFF, 0xFF, 0xFF, 0xFC, 0x00, 0xFF, 0xFF, 0xFF, 0xFE, 0x00, 0xFF, 0xFF, 0xFF, 0xFF, 0x00, 0xFE, 0x00, 0x0F, 0xFF, 0x80, 0xFE, 0x00, 0x00, 0xFF, 0x80, 0xFE, 0x00, 0x00, 0x3F, 0xC0, 0xFE, 0x00, 0x00, 0x1F, 0xC0, 0xFE, 0x00, 0x00, 0x1F, 0xC0, 0xFE, 0x00, 0x00, 0x1F, 0xC0, 0xFE, 0x00, 0x00, 0x1F, 0xE0, 0xFE, 0x00, 0x00, 0x1F, 0xE0, 0xFE, 0x00, 0x00, 0x1F, 0xC0, 0xFE, 0x00, 0x00, 0x1F, 0xC0, 0xFE, 0x00, 0x00, 0x3F, 0xC0, 0xFE, 0x00, 0x00, 0x7F, 0xC0, 0xFE, 0x00, 0x00, 0xFF, 0xC0, 0xFF, 0xFF, 0xFF, 0xFF, 0x80, 0xFF, 0xFF, 0xFF, 0xFF, 0x00, 0xFF, 0xFF, 0xFF, 0xFF, 0x00, 0xFF, 0xFF, 0xFF, 0xFE, 0x00, 0xFF, 0xFF, 0xFF, 0xF8, 0x00, 0xFF, 0xFF, 0xFF, 0xF0, 0x00, 0xFF, 0xFF, 0xFF, 0x00, 0x00
};

const uint8_t lexend64_char_67[] = {
    0x00, 0x00, 0xFF, 0xE0, 0x00, 0x00, 0x03, 0xFF, 0xFC, 0x00, 0x00, 0x1F, 0xFF, 0xFF, 0x00, 0x00, 0x3F, 0xFF, 0xFF, 0xC0, 0x00, 0x7F, 0xFF, 0xFF, 0xE0, 0x01, 0xFF, 0xFF, 0xFF, 0xF0, 0x03, 0xFF, 0xFF, 0xFF, 0xF8, 0x07, 0xFF, 0x80, 0x3F, 0xFC, 0x07, 0xFE, 0x00, 0x0F, 0xF8, 0x0F, 0xF8, 0x00, 0x03, 0xF0, 0x1F, 0xF0, 0x00, 0x01, 0xE0, 0x1F, 0xE0, 0x00, 0x00, 0x40, 0x3F, 0xC0, 0x00, 0x00, 0x00, 0x3F, 0xC0, 0x00, 0x00, 0x00, 0x7F, 0x80, 0x00, 0x00, 0x00, 0x7F, 0x80, 0x00, 0x00, 0x00, 0x7F, 0x00, 0x00, 0x00, 0x00, 0x7F, 0x00, 0x00, 0x00, 0x00, 0xFF, 0x00, 0x00, 0x00, 0x00, 0xFE, 0x00, 0x00, 0x00, 0x00, 0xFE, 0x00, 0x00, 0x00, 0x00, 0xFE, 0x00, 0x00, 0x00, 0x00, 0xFE, 0x00, 0x00, 0x00, 0x00, 0xFE, 0x00, 0x00, 0x00, 0x00, 0xFE, 0x00, 0x00, 0x00, 0x00, 0xFE, 0x00, 0x00, 0x00, 0x00, 0xFE, 0x00, 0x00, 0x00, 0x00, 0xFF, 0x00, 0x00, 0x00, 0x00, 0x7F, 0x00, 0x00, 0x00, 0x00, 0x7F, 0x00, 0x00, 0x00, 0x00, 0x7F, 0x80, 0x00, 0x00, 0x00, 0x7F, 0x80, 0x00, 0x00, 0x00, 0x3F, 0xC0, 0x00, 0x00, 0x00, 0x3F, 0xE0, 0x00, 0x00, 0x00, 0x1F, 0xF0, 0x00, 0x00, 0x40, 0x1F, 0xF8, 0x00, 0x00, 0xE0, 0x0F, 0xFC, 0x00, 0x03, 0xE0, 0x07, 0xFF, 0x00, 0x0F, 0xF0, 0x07, 0xFF, 0xF0, 0x7F, 0xF8, 0x03, 0xFF, 0xFF, 0xFF, 0xF8, 0x01, 0xFF, 0xFF, 0xFF, 0xF0, 0x00, 0x7F, 0xFF, 0xFF, 0xE0, 0x00, 0x3F, 0xFF, 0xFF, 0xC0, 0x00, 0x0F, 0xFF, 0xFF, 0x00, 0x00, 0x03, 0xFF, 0xF8, 0x00, 0x00, 0x00, 0x1F, 0x00, 0x00
};

const uint8_t lexend64_char_68[] = {
    0xFF, 0xFF, 0xFC, 0x00, 0x00, 0xFF, 0xFF, 0xFF, 0xC0, 0x00, 0xFF, 0xFF, 0xFF, 0xF0, 0x00, 0xFF, 0xFF, 0xFF, 0xFC, 0x00, 0xFF, 0xFF, 0xFF, 0xFE, 0x00, 0xFF, 0xFF, 0xFF, 0xFF, 0x00, 0xFF, 0xFF, 0xFF, 0xFF, 0x80, 0xFE, 0x00, 0x03, 0xFF, 0xC0, 0xFE, 0x00, 0x00, 0x7F, 0xE0, 0xFE, 0x00, 0x00, 0x3F, 0xE0, 0xFE, 0x00, 0x00, 0x1F, 0xF0, 0xFE, 0x00, 0x00, 0x0F, 0xF8, 0xFE, 0x00, 0x00, 0x07, 0xF8, 0xFE, 0x00, 0x00, 0x03, 0xF8, 0xFE, 0x00, 0x00, 0x03, 0xFC, 0xFE, 0x00, 0x00, 0x01, 0xFC, 0xFE, 0x00, 0x00, 0x01, 0xFC, 0xFE, 0x00, 0x00, 0x01, 0xFC, 0xFE, 0x00, 0x00, 0x01, 0xFE, 0xFE, 0x00, 0x00, 0x00, 0xFE, 0xFE, 0x00, 0x00, 0x00, 0xFE, 0xFE, 0x00, 0x00, 0x00, 0xFE, 0xFE, 0x00, 0x00, 0x00, 0xFE, 0xFE, 0x00, 0x00, 0x00, 0xFE, 0xFE, 0x00, 0x00, 0x00, 0xFE, 0xFE, 0x00, 0x00, 0x00, 0xFE, 0xFE, 0x00, 0x00, 0x01, 0xFE, 0xFE, 0x00, 0x00, 0x01, 0xFC, 0xFE, 0x00, 0x00, 0x01, 0xFC, 0xFE, 0x00, 0x00, 0x01, 0xFC, 0xFE, 0x00, 0x00, 0x03, 0xFC, 0xFE, 0x00, 0x00, 0x03, 0xF8, 0xFE, 0x00, 0x00, 0x07, 0xF8, 0xFE, 0x00, 0x00, 0x07, 0xF8, 0xFE, 0x00, 0x00, 0x0F, 0xF0, 0xFE, 0x00, 0x00, 0x1F, 0xF0, 0xFE, 0x00, 0x00, 0x7F, 0xE0, 0xFE, 0x00, 0x01, 0xFF, 0xC0, 0xFF, 0xFF, 0xFF, 0xFF, 0x80, 0xFF, 0xFF, 0xFF, 0xFF, 0x00, 0xFF, 0xFF, 0xFF, 0xFE, 0x00, 0xFF, 0xFF, 0xFF, 0xFC, 0x00, 0xFF, 0xFF, 0xFF, 0xF0, 0x00, 0xFF, 0xFF, 0xFF, 0xC0, 0x00, 0xFF, 0xFF, 0xFE, 0x00, 0x00
};

const uint8_t lexend64_char_69[] = {
    0xFF, 0xFF, 0xFF, 0xF8, 0xFF, 0xFF, 0xFF, 0xF8, 0xFF, 0xFF, 0xFF, 0xF8, 0xFF, 0xFF, 0xFF, 0xF8, 0xFF, 0xFF, 0xFF, 0xF8, 0xFF, 0xFF, 0xFF, 0xF8, 0xFF, 0xFF, 0xFF, 0xF8, 0xFE, 0x00, 0x00, 0x00, 0xFE, 0x00, 0x00, 0x00, 0xFE, 0x00, 0x00, 0x00, 0xFE, 0x00, 0x00, 0x00, 0xFE, 0x00, 0x00, 0x00, 0xFE, 0x00, 0x00, 0x00, 0xFE, 0x00, 0x00, 0x00, 0xFE, 0x00, 0x00, 0x00, 0xFE, 0x00, 0x00, 0x00, 0xFE, 0x00, 0x00, 0x00, 0xFE, 0x00, 0x00, 0x00, 0xFE, 0x00, 0x00, 0x00, 0xFF, 0xFF, 0xFF, 0x80, 0xFF, 0xFF, 0xFF, 0x80, 0xFF, 0xFF, 0xFF, 0x80, 0xFF, 0xFF, 0xFF, 0x80, 0xFF, 0xFF, 0xFF, 0x80, 0xFF, 0xFF, 0xFF, 0x80, 0xFE, 0x00, 0x00, 0x00, 0xFE, 0x00, 0x00, 0x00, 0xFE, 0x00, 0x00, 0x00, 0xFE, 0x00, 0x00, 0x00, 0xFE, 0x00, 0x00, 0x00, 0xFE, 0x00, 0x00, 0x00, 0xFE, 0x00, 0x00, 0x00, 0xFE, 0x00, 0x00, 0x00, 0xFE, 0x00, 0x00, 0x00, 0xFE, 0x00, 0x00, 0x00, 0xFE, 0x00, 0x00, 0x00, 0xFE, 0x00, 0x00, 0x00, 0xFE, 0x00, 0x00, 0x00, 0xFF, 0xFF, 0xFF, 0xF8, 0xFF, 0xFF, 0xFF, 0xF8, 0xFF, 0xFF, 0xFF, 0xF8, 0xFF, 0xFF, 0xFF, 0xF8, 0xFF, 0xFF, 0xFF, 0xF8, 0xFF, 0xFF, 0xFF, 0xF8, 0xFF, 0xFF, 0xFF, 0xF8
};

const uint8_t lexend64_char_70[] = {
    0xFF, 0xFF, 0xFF, 0xF8, 0xFF, 0xFF, 0xFF, 0xF8, 0xFF, 0xFF, 0xFF, 0xF8, 0xFF, 0xFF, 0xFF, 0xF8, 0xFF, 0xFF, 0xFF, 0xF8, 0xFF, 0xFF, 0xFF, 0xF8, 0xFF, 0xFF, 0xFF, 0xF8, 0xFE, 0x00, 0x00, 0x00, 0xFE, 0x00, 0x00, 0x00, 0xFE, 0x00, 0x00, 0x00, 0xFE, 0x00, 0x00, 0x00, 0xFE, 0x00, 0x00, 0x00, 0xFE, 0x00, 0x00, 0x00, 0xFE, 0x00, 0x00, 0x00, 0xFE, 0x00, 0x00, 0x00, 0xFE, 0x00, 0x00, 0x00, 0xFE, 0x00, 0x00, 0x00, 0xFE, 0x00, 0x00, 0x00, 0xFE, 0x00, 0x00, 0x00, 0xFF, 0xFF, 0xFF, 0xC0, 0xFF, 0xFF, 0xFF, 0xC0, 0xFF, 0xFF, 0xFF, 0xC0, 0xFF, 0xFF, 0xFF, 0xC0, 0xFF, 0xFF, 0xFF, 0xC0, 0xFF, 0xFF, 0xFF, 0xC0, 0xFF, 0xFF, 0xFF, 0xC0, 0xFE, 0x00, 0x00, 0x00, 0xFE, 0x00, 0x00, 0x00, 0xFE, 0x00, 0x00, 0x00, 0xFE, 0x00, 0x00, 0x00, 0xFE, 0x00, 0x00, 0x00, 0xFE, 0x00, 0x00, 0x00, 0xFE, 0x00, 0x00, 0x00, 0xFE, 0x00, 0x00, 0x00, 0xFE, 0x00, 0x00, 0x00, 0xFE, 0x00, 0x00, 0x00, 0xFE, 0x00, 0x00, 0x00, 0xFE, 0x00, 0x00, 0x00, 0xFE, 0x00, 0x00, 0x00, 0xFE, 0x00, 0x00, 0x00, 0xFE, 0x00, 0x00, 0x00, 0xFE, 0x00, 0x00, 0x00, 0xFE, 0x00, 0x00, 0x00, 0xFE, 0x00, 0x00, 0x00, 0xFE, 0x00, 0x00, 0x00
};

const uint8_t lexend64_char_71[] = {
    0x00, 0x00, 0x7F, 0xF8, 0x00, 0x00, 0x00, 0x03, 0xFF, 0xFF, 0x00, 0x00, 0x00, 0x0F, 0xFF, 0xFF, 0xC0, 0x00, 0x00, 0x3F, 0xFF, 0xFF, 0xF0, 0x00, 0x00, 0x7F, 0xFF, 0xFF, 0xF8, 0x00, 0x00, 0xFF, 0xFF, 0xFF, 0xFC, 0x00, 0x01, 0xFF, 0xFF, 0xFF, 0xFE, 0x00, 0x03, 0xFF, 0x80, 0x0F, 0xFF, 0x00, 0x07, 0xFE, 0x00, 0x01, 0xFE, 0x00, 0x0F, 0xFC, 0x00, 0x00, 0xFC, 0x00, 0x1F, 0xF0, 0x00, 0x00, 0x38, 0x00, 0x1F, 0xE0, 0x00, 0x00, 0x10, 0x00, 0x3F, 0xE0, 0x00, 0x00, 0x00, 0x00, 0x3F, 0xC0, 0x00, 0x00, 0x00, 0x00, 0x7F, 0x80, 0x00, 0x00, 0x00, 0x00, 0x7F, 0x80, 0x00, 0x00, 0x00, 0x00, 0x7F, 0x00, 0x00, 0x00, 0x00, 0x00, 0x7F, 0x00, 0x00, 0x00, 0x00, 0x00, 0xFF, 0x00, 0x00, 0x00, 0x00, 0x00, 0xFE, 0x00, 0x00, 0x00, 0x00, 0x00, 0xFE, 0x00, 0x00, 0x00, 0x00, 0x00, 0xFE, 0x00, 0x00, 0x00, 0x00, 0x00, 0xFE, 0x00, 0x01, 0xFF, 0xFF, 0xE0, 0xFE, 0x00, 0x01, 0xFF, 0xFF, 0xE0, 0xFE, 0x00, 0x01, 0xFF, 0xFF, 0xE0, 0xFE, 0x00, 0x01, 0xFF, 0xFF, 0xE0, 0xFF, 0x00, 0x01, 0xFF, 0xFF, 0xE0, 0x7F, 0x00, 0x01, 0xFF, 0xFF, 0xE0, 0x7F, 0x00, 0x01, 0xFF, 0xFF, 0xE0, 0x7F, 0x80, 0x00, 0x00, 0x0F, 0xE0, 0x7F, 0x80, 0x00, 0x00, 0x0F, 0xE0, 0x3F, 0xC0, 0x00, 0x00, 0x1F, 0xE0, 0x3F, 0xE0, 0x00, 0x00, 0x1F, 0xC0, 0x1F, 0xE0, 0x00, 0x00, 0x1F, 0xC0, 0x1F, 0xF0, 0x00, 0x00, 0x3F, 0x80, 0x0F, 0xFC, 0x00, 0x00, 0x7F, 0x80, 0x07, 0xFE, 0x00, 0x00, 0xFF, 0x00, 0x07, 0xFF, 0x80, 0x03, 0xFF, 0x00, 0x03, 0xFF, 0xF0, 0x1F, 0xFE, 0x00, 0x01, 0xFF, 0xFF, 0xFF, 0xFC, 0x00, 0x00, 0xFF, 0xFF, 0xFF, 0xF8, 0x00, 0x00, 0x3F, 0xFF, 0xFF, 0xF0, 0x00, 0x00, 0x1F, 0xFF, 0xFF, 0xC0, 0x00, 0x00, 0x07, 0xFF, 0xFF, 0x80, 0x00, 0x00, 0x00, 0xFF, 0xFC, 0x00, 0x00, 0x00, 0x00, 0x0F, 0xC0, 0x00, 0x00
};

const uint8_t lexend64_char_72[] = {
    0xFE, 0x00, 0x00, 0x03, 0xF0, 0xFE, 0x00, 0x00, 0x03, 0xF0, 0xFE, 0x00, 0x00, 0x03, 0xF0, 0xFE, 0x00, 0x00, 0x03, 0xF0, 0xFE, 0x00, 0x00, 0x03, 0xF0, 0xFE, 0x00, 0x00, 0x03, 0xF0, 0xFE, 0x00, 0x00, 0x03, 0xF0, 0xFE, 0x00, 0x00, 0x03, 0xF0, 0xFE, 0x00, 0x00, 0x03, 0xF0, 0xFE, 0x00, 0x00, 0x03, 0xF0, 0xFE, 0x00, 0x00, 0x03, 0xF0, 0xFE, 0x00, 0x00, 0x03, 0xF0, 0xFE, 0x00, 0x00, 0x03, 0xF0, 0xFE, 0x00, 0x00, 0x03, 0xF0, 0xFE, 0x00, 0x00, 0x03, 0xF0, 0xFE, 0x00, 0x00, 0x03, 0xF0, 0xFE, 0x00, 0x00, 0x03, 0xF0, 0xFE, 0x00, 0x00, 0x03, 0xF0, 0xFE, 0x00, 0x00, 0x03, 0xF0, 0xFF, 0xFF, 0xFF, 0xFF, 0xF0, 0xFF, 0xFF, 0xFF, 0xFF, 0xF0, 0xFF, 0xFF, 0xFF, 0xFF, 0xF0, 0xFF, 0xFF, 0xFF, 0xFF, 0xF0, 0xFF, 0xFF, 0xFF, 0xFF, 0xF0, 0xFF, 0xFF, 0xFF, 0xFF, 0xF0, 0xFF, 0xFF, 0xFF, 0xFF, 0xF0, 0xFE, 0x00, 0x00, 0x03, 0xF0, 0xFE, 0x00, 0x00, 0x03, 0xF0, 0xFE, 0x00, 0x00, 0x03, 0xF0, 0xFE, 0x00, 0x00, 0x03, 0xF0, 0xFE, 0x00, 0x00, 0x03, 0xF0, 0xFE, 0x00, 0x00, 0x03, 0xF0, 0xFE, 0x00, 0x00, 0x03, 0xF0, 0xFE, 0x00, 0x00, 0x03, 0xF0, 0xFE, 0x00, 0x00, 0x03, 0xF0, 0xFE, 0x00, 0x00, 0x03, 0xF0, 0xFE, 0x00, 0x00, 0x03, 0xF0, 0xFE, 0x00, 0x00, 0x03, 0xF0, 0xFE, 0x00, 0x00, 0x03, 0xF0, 0xFE, 0x00, 0x00, 0x03, 0xF0, 0xFE, 0x00, 0x00, 0x03, 0xF0, 0xFE, 0x00, 0x00, 0x03, 0xF0, 0xFE, 0x00, 0x00, 0x03, 0xF0, 0xFE, 0x00, 0x00, 0x03, 0xF0, 0xFE, 0x00, 0x00, 0x03, 0xF0
};

const uint8_t lexend64_char_73[] = {
    0xFF, 0xFF, 0xF8, 0xFF, 0xFF, 0xF8, 0xFF, 0xFF, 0xF8, 0xFF, 0xFF, 0xF8, 0xFF, 0xFF, 0xF8, 0xFF, 0xFF, 0xF8, 0xFF, 0xFF, 0xF8, 0x01, 0xFC, 0x00, 0x01, 0xFC, 0x00, 0x01, 0xFC, 0x00, 0x01, 0xFC, 0x00, 0x01, 0xFC, 0x00, 0x01, 0xFC, 0x00, 0x01, 0xFC, 0x00, 0x01, 0xFC, 0x00, 0x01, 0xFC, 0x00, 0x01, 0xFC, 0x00, 0x01, 0xFC, 0x00, 0x01, 0xFC, 0x00, 0x01, 0xFC, 0x00, 0x01, 0xFC, 0x00, 0x01, 0xFC, 0x00, 0x01, 0xFC, 0x00, 0x01, 0xFC, 0x00, 0x01, 0xFC, 0x00, 0x01, 0xFC, 0x00, 0x01, 0xFC, 0x00, 0x01, 0xFC, 0x00, 0x01, 0xFC, 0x00, 0x01, 0xFC, 0x00, 0x01, 0xFC, 0x00, 0x01, 0xFC, 0x00, 0x01, 0xFC, 0x00, 0x01, 0xFC, 0x00, 0x01, 0xFC, 0x00, 0x01, 0xFC, 0x00, 0x01, 0xFC, 0x00, 0x01, 0xFC, 0x00, 0x01, 0xFC, 0x00, 0xFF, 0xFF, 0xF8, 0xFF, 0xFF, 0xF8, 0xFF, 0xFF, 0xF8, 0xFF, 0xFF, 0xF8, 0xFF, 0xFF, 0xF8, 0xFF, 0xFF, 0xF8
};

const uint8_t lexend64_char_74[] = {
    0x00, 0x07, 0xFF, 0xFF, 0xE0, 0x00, 0x07, 0xFF, 0xFF, 0xE0, 0x00, 0x07, 0xFF, 0xFF, 0xE0, 0x00, 0x07, 0xFF, 0xFF, 0xE0, 0x00, 0x07, 0xFF, 0xFF, 0xE0, 0x00, 0x07, 0xFF, 0xFF, 0xE0, 0x00, 0x07, 0xFF, 0xFF, 0xE0, 0x00, 0x00, 0x07, 0xF0, 0x00, 0x00, 0x00, 0x07, 0xF0, 0x00, 0x00, 0x00, 0x07, 0xF0, 0x00, 0x00, 0x00, 0x07, 0xF0, 0x00, 0x00, 0x00, 0x07, 0xF0, 0x00, 0x00, 0x00, 0x07, 0xF0, 0x00, 0x00, 0x00, 0x07, 0xF0, 0x00, 0x00, 0x00, 0x07, 0xF0, 0x00, 0x00, 0x00, 0x07, 0xF0, 0x00, 0x00, 0x00, 0x07, 0xF0, 0x00, 0x00, 0x00, 0x07, 0xF0, 0x00, 0x00, 0x00, 0x07, 0xF0, 0x00, 0x00, 0x00, 0x07, 0xF0, 0x00, 0x00, 0x00, 0x07, 0xF0, 0x00, 0x00, 0x00, 0x07, 0xF0, 0x00, 0x00, 0x00, 0x07, 0xF0, 0x00, 0x00, 0x00, 0x07, 0xF0, 0x00, 0x00, 0x00, 0x07, 0xF0, 0x00, 0x00, 0x00, 0x07, 0xF0, 0x00, 0x00, 0x00, 0x07, 0xF0, 0x00, 0x00, 0x00, 0x07, 0xF0, 0x00, 0x00, 0x00, 0x07, 0xF0, 0x00, 0x00, 0x00, 0x07, 0xF0, 0x00, 0x00, 0x00, 0x07, 0xF0, 0x00, 0x00, 0x00, 0x07, 0xF0, 0x00, 0x00, 0x00, 0x07, 0xF0, 0x00, 0x08, 0x00, 0x07, 0xF0, 0x00, 0x1C, 0x00, 0x0F, 0xF0, 0x00, 0x3E, 0x00, 0x0F, 0xE0, 0x00, 0x7E, 0x00, 0x1F, 0xE0, 0x00, 0xFF, 0x80, 0x3F, 0xE0, 0x00, 0x7F, 0xE0, 0xFF, 0xC0, 0x00, 0x7F, 0xFF, 0xFF, 0xC0, 0x00, 0x3F, 0xFF, 0xFF, 0x80, 0x00, 0x1F, 0xFF, 0xFF, 0x00, 0x00, 0x0F, 0xFF, 0xFE, 0x00, 0x00, 0x03, 0xFF, 0xF8, 0x00, 0x00, 0x00, 0xFF, 0xF0, 0x00, 0x00, 0x00, 0x1E, 0x00, 0x00, 0x00
};

const uint8_t lexend64_char_75[] = {
    0xFE, 0x00, 0x00, 0x07, 0xFC, 0xFE, 0x00, 0x00, 0x0F, 0xF8, 0xFE, 0x00, 0x00, 0x1F, 0xF0, 0xFE, 0x00, 0x00, 0x3F, 0xE0, 0xFE, 0x00, 0x00, 0x7F, 0xC0, 0xFE, 0x00, 0x00, 0xFF, 0x80, 0xFE, 0x00, 0x01, 0xFF, 0x00, 0xFE, 0x00, 0x03, 0xFE, 0x00, 0xFE, 0x00, 0x07, 0xFC, 0x00, 0xFE, 0x00, 0x0F, 0xF8, 0x00, 0xFE, 0x00, 0x1F, 0xF0, 0x00, 0xFE, 0x00, 0x3F, 0xE0, 0x00, 0xFE, 0x00, 0x7F, 0xC0, 0x00, 0xFE, 0x00, 0xFF, 0x80, 0x00, 0xFE, 0x01, 0xFF, 0x00, 0x00, 0xFE, 0x03, 0xFC, 0x00, 0x00, 0xFE, 0x07, 0xF8, 0x00, 0x00, 0xFE, 0x0F, 0xF0, 0x00, 0x00, 0xFE, 0x1F, 0xE0, 0x00, 0x00, 0xFE, 0x3F, 0xE0, 0x00, 0x00, 0xFE, 0x7F, 0xF0, 0x00, 0x00, 0xFE, 0xFF, 0xF8, 0x00, 0x00, 0xFF, 0xFF, 0xFC, 0x00, 0x00, 0xFF, 0xFF, 0xFC, 0x00, 0x00, 0xFF, 0xF9, 0xFE, 0x00, 0x00, 0xFF, 0xF1, 0xFF, 0x00, 0x00, 0xFF, 0xE0, 0xFF, 0x80, 0x00, 0xFF, 0xC0, 0x7F, 0x80, 0x00, 0xFF, 0x80, 0x3F, 0xC0, 0x00, 0xFF, 0x00, 0x3F, 0xE0, 0x00, 0xFE, 0x00, 0x1F, 0xF0, 0x00, 0xFE, 0x00, 0x0F, 0xF0, 0x00, 0xFE, 0x00, 0x07, 0xF8, 0x00, 0xFE, 0x00, 0x07, 0xFC, 0x00, 0xFE, 0x00, 0x03, 0xFE, 0x00, 0xFE, 0x00, 0x01, 0xFE, 0x00, 0xFE, 0x00, 0x00, 0xFF, 0x00, 0xFE, 0x00, 0x00, 0xFF, 0x80, 0xFE, 0x00, 0x00, 0x7F, 0xC0, 0xFE, 0x00, 0x00, 0x3F, 0xC0, 0xFE, 0x00, 0x00, 0x1F, 0xE0, 0xFE, 0x00, 0x00, 0x1F, 0xF0, 0xFE, 0x00, 0x00, 0x0F, 0xF8, 0xFE, 0x00, 0x00, 0x07, 0xF8, 0xFE, 0x00, 0x00, 0x03, 0xFE
};

const uint8_t lexend64_char_76[] = {
    0xFE, 0x00, 0x00, 0x00, 0xFE, 0x00, 0x00, 0x00, 0xFE, 0x00, 0x00, 0x00, 0xFE, 0x00, 0x00, 0x00, 0xFE, 0x00, 0x00, 0x00, 0xFE, 0x00, 0x00, 0x00, 0xFE, 0x00, 0x00, 0x00, 0xFE, 0x00, 0x00, 0x00, 0xFE, 0x00, 0x00, 0x00, 0xFE, 0x00, 0x00, 0x00, 0xFE, 0x00, 0x00, 0x00, 0xFE, 0x00, 0x00, 0x00, 0xFE, 0x00, 0x00, 0x00, 0xFE, 0x00, 0x00, 0x00, 0xFE, 0x00, 0x00, 0x00, 0xFE, 0x00, 0x00, 0x00, 0xFE, 0x00, 0x00, 0x00, 0xFE, 0x00, 0x00, 0x00, 0xFE, 0x00, 0x00, 0x00, 0xFE, 0x00, 0x00, 0x00, 0xFE, 0x00, 0x00, 0x00, 0xFE, 0x00, 0x00, 0x00, 0xFE, 0x00, 0x00, 0x00, 0xFE, 0x00, 0x00, 0x00, 0xFE, 0x00, 0x00, 0x00, 0xFE, 0x00, 0x00, 0x00, 0xFE, 0x00, 0x00, 0x00, 0xFE, 0x00, 0x00, 0x00, 0xFE, 0x00, 0x00, 0x00, 0xFE, 0x00, 0x00, 0x00, 0xFE, 0x00, 0x00, 0x00, 0xFE, 0x00, 0x00, 0x00, 0xFE, 0x00, 0x00, 0x00, 0xFE, 0x00, 0x00, 0x00, 0xFE, 0x00, 0x00, 0x00, 0xFE, 0x00, 0x00, 0x00, 0xFE, 0x00, 0x00, 0x00, 0xFE, 0x00, 0x00, 0x00, 0xFF, 0xFF, 0xFF, 0xF0, 0xFF, 0xFF, 0xFF, 0xF0, 0xFF, 0xFF, 0xFF, 0xF0, 0xFF, 0xFF, 0xFF, 0xF0, 0xFF, 0xFF, 0xFF, 0xF0, 0xFF, 0xFF, 0xFF, 0xF0, 0xFF, 0xFF, 0xFF, 0xF0
};

const uint8_t lexend64_char_77[] = {
    0xFE, 0x00, 0x00, 0x00, 0x0F, 0xE0, 0xFF, 0x00, 0x00, 0x00, 0x0F, 0xE0, 0xFF, 0x00, 0x00, 0x00, 0x1F, 0xE0, 0xFF, 0x80, 0x00, 0x00, 0x1F, 0xE0, 0xFF, 0xC0, 0x00, 0x00, 0x3F, 0xE0, 0xFF, 0xC0, 0x00, 0x00, 0x7F, 0xE0, 0xFF, 0xE0, 0x00, 0x00, 0x7F, 0xE0, 0xFF, 0xF0, 0x00, 0x00, 0xFF, 0xE0, 0xFF, 0xF0, 0x00, 0x01, 0xFF, 0xE0, 0xFF, 0xF8, 0x00, 0x01, 0xFF, 0xE0, 0xFF, 0xF8, 0x00, 0x03, 0xFF, 0xE0, 0xFF, 0xFC, 0x00, 0x03, 0xFF, 0xE0, 0xFF, 0xFE, 0x00, 0x07, 0xF7, 0xE0, 0xFE, 0xFE, 0x00, 0x0F, 0xF7, 0xE0, 0xFE, 0xFF, 0x00, 0x0F, 0xE7, 0xE0, 0xFE, 0x7F, 0x00, 0x1F, 0xCF, 0xE0, 0xFE, 0x7F, 0x80, 0x3F, 0xCF, 0xE0, 0xFE, 0x3F, 0xC0, 0x3F, 0x8F, 0xE0, 0xFE, 0x1F, 0xC0, 0x7F, 0x0F, 0xE0, 0xFE, 0x1F, 0xE0, 0x7F, 0x0F, 0xE0, 0xFE, 0x0F, 0xF0, 0xFE, 0x0F, 0xE0, 0xFE, 0x07, 0xF1, 0xFE, 0x0F, 0xE0, 0xFE, 0x07, 0xF9, 0xFC, 0x0F, 0xE0, 0xFE, 0x03, 0xFB, 0xF8, 0x0F, 0xE0, 0xFE, 0x01, 0xFF, 0xF8, 0x0F, 0xE0, 0xFE, 0x01, 0xFF, 0xF0, 0x0F, 0xE0, 0xFE, 0x00, 0xFF, 0xE0, 0x0F, 0xE0, 0xFE, 0x00, 0xFF, 0xE0, 0x0F, 0xE0, 0xFE, 0x00, 0x7F, 0xC0, 0x0F, 0xE0, 0xFE, 0x00, 0x3F, 0x80, 0x0F, 0xE0, 0xFE, 0x00, 0x3F, 0x80, 0x0F, 0xE0, 0xFE, 0x00, 0x1F, 0x00, 0x0F, 0xE0, 0xFE, 0x00, 0x00, 0x00, 0x0F, 0xE0, 0xFE, 0x00, 0x00, 0x00, 0x0F, 0xE0, 0xFE, 0x00, 0x00, 0x00, 0x0F, 0xE0, 0xFE, 0x00, 0x00, 0x00, 0x0F, 0xE0, 0xFE, 0x00, 0x00, 0x00, 0x0F, 0xE0, 0xFE, 0x00, 0x00, 0x00, 0x0F, 0xE0, 0xFE, 0x00, 0x00, 0x00, 0x0F, 0xE0, 0xFE, 0x00, 0x00, 0x00, 0x0F, 0xE0, 0xFE, 0x00, 0x00, 0x00, 0x0F, 0xE0, 0xFE, 0x00, 0x00, 0x00, 0x0F, 0xE0, 0xFE, 0x00, 0x00, 0x00, 0x0F, 0xE0, 0xFE, 0x00, 0x00, 0x00, 0x0F, 0xE0, 0xFE, 0x00, 0x00, 0x00, 0x0F, 0xE0
};

const uint8_t lexend64_char_78[] = {
    0xFE, 0x00, 0x00, 0x00, 0xFC, 0xFE, 0x00, 0x00, 0x00, 0xFC, 0xFF, 0x00, 0x00, 0x00, 0xFC, 0xFF, 0x80, 0x00, 0x00, 0xFC, 0xFF, 0xC0, 0x00, 0x00, 0xFC, 0xFF, 0xC0, 0x00, 0x00, 0xFC, 0xFF, 0xE0, 0x00, 0x00, 0xFC, 0xFF, 0xF0, 0x00, 0x00, 0xFC, 0xFF, 0xF8, 0x00, 0x00, 0xFC, 0xFF, 0xF8, 0x00, 0x00, 0xFC, 0xFF, 0xFC, 0x00, 0x00, 0xFC, 0xFD, 0xFE, 0x00, 0x00, 0xFC, 0xFD, 0xFF, 0x00, 0x00, 0xFC, 0xFC, 0xFF, 0x00, 0x00, 0xFC, 0xFC, 0x7F, 0x80, 0x00, 0xFC, 0xFC, 0x3F, 0xC0, 0x00, 0xFC, 0xFE, 0x3F, 0xE0, 0x00, 0xFC, 0xFE, 0x1F, 0xE0, 0x00, 0xFC, 0xFE, 0x0F, 0xF0, 0x00, 0xFC, 0xFE, 0x07, 0xF8, 0x00, 0xFC, 0xFE, 0x07, 0xFC, 0x00, 0xFC, 0xFE, 0x03, 0xFC, 0x00, 0xFC, 0xFE, 0x01, 0xFE, 0x00, 0xFC, 0xFE, 0x00, 0xFF, 0x00, 0xFC, 0xFE, 0x00, 0xFF, 0x80, 0xFC, 0xFE, 0x00, 0x7F, 0x80, 0xFC, 0xFE, 0x00, 0x3F, 0xC0, 0xFC, 0xFE, 0x00, 0x1F, 0xE0, 0xFC, 0xFE, 0x00, 0x0F, 0xF0, 0xFC, 0xFE, 0x00, 0x0F, 0xF0, 0xFC, 0xFE, 0x00, 0x07, 0xF8, 0xFC, 0xFE, 0x00, 0x03, 0xFC, 0xFC, 0xFE, 0x00, 0x01, 0xFE, 0xFC, 0xFE, 0x00, 0x01, 0xFE, 0xFC, 0xFE, 0x00, 0x00, 0xFF, 0xFC, 0xFE, 0x00, 0x00, 0x7F, 0xFC, 0xFE, 0x00, 0x00, 0x3F, 0xFC, 0xFE, 0x00, 0x00, 0x3F, 0xFC, 0xFE, 0x00, 0x00, 0x1F, 0xFC, 0xFE, 0x00, 0x00, 0x0F, 0xFC, 0xFE, 0x00, 0x00, 0x07, 0xFC, 0xFE, 0x00, 0x00, 0x07, 0xFC, 0xFE, 0x00, 0x00, 0x03, 0xFC, 0xFE, 0x00, 0x00, 0x01, 0xFC, 0xFE, 0x00, 0x00, 0x00, 0xFC
};

const uint8_t lexend64_char_79[] = {
    0x00, 0x01, 0xFF, 0xF8, 0x00, 0x00, 0x00, 0x07, 0xFF, 0xFE, 0x00, 0x00, 0x00, 0x1F, 0xFF, 0xFF, 0x80, 0x00, 0x00, 0x7F, 0xFF, 0xFF, 0xE0, 0x00, 0x00, 0xFF, 0xFF, 0xFF, 0xF0, 0x00, 0x01, 0xFF, 0xFF, 0xFF, 0xF8, 0x00, 0x03, 0xFF, 0xF0, 0x7F, 0xFC, 0x00, 0x07, 0xFF, 0x00, 0x0F, 0xFE, 0x00, 0x0F, 0xFC, 0x00, 0x03, 0xFF, 0x00, 0x0F, 0xF8, 0x00, 0x01, 0xFF, 0x00, 0x1F, 0xF0, 0x00, 0x00, 0xFF, 0x80, 0x1F, 0xE0, 0x00, 0x00, 0x7F, 0x80, 0x3F, 0xC0, 0x00, 0x00, 0x3F, 0xC0, 0x3F, 0x80, 0x00, 0x00, 0x1F, 0xC0, 0x7F, 0x80, 0x00, 0x00, 0x1F, 0xE0, 0x7F, 0x00, 0x00, 0x00, 0x0F, 0xE0, 0x7F, 0x00, 0x00, 0x00, 0x0F, 0xE0, 0x7F, 0x00, 0x00, 0x00, 0x0F, 0xF0, 0xFE, 0x00, 0x00, 0x00, 0x0F, 0xF0, 0xFE, 0x00, 0x00, 0x00, 0x07, 0xF0, 0xFE, 0x00, 0x00, 0x00, 0x07, 0xF0, 0xFE, 0x00, 0x00, 0x00, 0x07, 0xF0, 0xFE, 0x00, 0x00, 0x00, 0x07, 0xF0, 0xFE, 0x00, 0x00, 0x00, 0x07, 0xF0, 0xFE, 0x00, 0x00, 0x00, 0x07, 0xF0, 0xFE, 0x00, 0x00, 0x00, 0x07, 0xF0, 0xFE, 0x00, 0x00, 0x00, 0x07, 0xF0, 0xFF, 0x00, 0x00, 0x00, 0x0F, 0xF0, 0x7F, 0x00, 0x00, 0x00, 0x0F, 0xE0, 0x7F, 0x00, 0x00, 0x00, 0x0F, 0xE0, 0x7F, 0x80, 0x00, 0x00, 0x1F, 0xE0, 0x3F, 0x80, 0x00, 0x00, 0x1F, 0xC0, 0x3F, 0xC0, 0x00, 0x00, 0x3F, 0xC0, 0x3F, 0xE0, 0x00, 0x00, 0x7F, 0xC0, 0x1F, 0xE0, 0x00, 0x00, 0xFF, 0x80, 0x0F, 0xF8, 0x00, 0x01, 0xFF, 0x80, 0x0F, 0xFC, 0x00, 0x03, 0xFF, 0x00, 0x07, 0xFF, 0x00, 0x0F, 0xFE, 0x00, 0x03, 0xFF, 0xC0, 0x3F, 0xFC, 0x00, 0x01, 0xFF, 0xFF, 0xFF, 0xF8, 0x00, 0x00, 0xFF, 0xFF, 0xFF, 0xF0, 0x00, 0x00, 0x7F, 0xFF, 0xFF, 0xE0, 0x00, 0x00, 0x1F, 0xFF, 0xFF, 0x80, 0x00, 0x00, 0x0F, 0xFF, 0xFF, 0x00, 0x00, 0x00, 0x01, 0xFF, 0xF8, 0x00, 0x00, 0x00, 0x00, 0x1F, 0x80, 0x00, 0x00
};

const uint8_t lexend64_char_80[] = {
    0xFF, 0xFF, 0xF8, 0x00, 0xFF, 0xFF, 0xFF, 0x00, 0xFF, 0xFF, 0xFF, 0xC0, 0xFF, 0xFF, 0xFF, 0xE0, 0xFF, 0xFF, 0xFF, 0xF0, 0xFF, 0xFF, 0xFF, 0xF8, 0xFF, 0xFF, 0xFF, 0xFC, 0xFE, 0x00, 0x07, 0xFC, 0xFE, 0x00, 0x03, 0xFE, 0xFE, 0x00, 0x01, 0xFE, 0xFE, 0x00, 0x00, 0xFE, 0xFE, 0x00, 0x00, 0xFE, 0xFE, 0x00, 0x00, 0x7F, 0xFE, 0x00, 0x00, 0x7F, 0xFE, 0x00, 0x00, 0x7F, 0xFE, 0x00, 0x00, 0x7F, 0xFE, 0x00, 0x00, 0xFE, 0xFE, 0x00, 0x00, 0xFE, 0xFE, 0x00, 0x01, 0xFE, 0xFE, 0x00, 0x03, 0xFE, 0xFE, 0x00, 0x07, 0xFC, 0xFF, 0xFF, 0xFF, 0xFC, 0xFF, 0xFF, 0xFF, 0xF8, 0xFF, 0xFF, 0xFF, 0xF0, 0xFF, 0xFF, 0xFF, 0xE0, 0xFF, 0xFF, 0xFF, 0xC0, 0xFF, 0xFF, 0xFF, 0x00, 0xFF, 0xFF, 0xF8, 0x00, 0xFE, 0x00, 0x00, 0x00, 0xFE, 0x00, 0x00, 0x00, 0xFE, 0x00, 0x00, 0x00, 0xFE, 0x00, 0x00, 0x00, 0xFE, 0x00, 0x00, 0x00, 0xFE, 0x00, 0x00, 0x00, 0xFE, 0x00, 0x00, 0x00, 0xFE, 0x00, 0x00, 0x00, 0xFE, 0x00, 0x00, 0x00, 0xFE, 0x00, 0x00, 0x00, 0xFE, 0x00, 0x00, 0x00, 0xFE, 0x00, 0x00, 0x00, 0xFE, 0x00, 0x00, 0x00, 0xFE, 0x00, 0x00, 0x00, 0xFE, 0x00, 0x00, 0x00, 0xFE, 0x00, 0x00, 0x00, 0xFE, 0x00, 0x00, 0x00
};

const uint8_t lexend64_char_81[] = {
    0x00, 0x01, 0xFF, 0xF8, 0x00, 0x00, 0x00, 0x07, 0xFF, 0xFE, 0x00, 0x00, 0x00, 0x1F, 0xFF, 0xFF, 0x80, 0x00, 0x00, 0x7F, 0xFF, 0xFF, 0xE0, 0x00, 0x00, 0xFF, 0xFF, 0xFF, 0xF0, 0x00, 0x01, 0xFF, 0xFF, 0xFF, 0xF8, 0x00, 0x03, 0xFF, 0xF0, 0x7F, 0xFC, 0x00, 0x07, 0xFF, 0x00, 0x0F, 0xFE, 0x00, 0x0F, 0xFC, 0x00, 0x03, 0xFF, 0x00, 0x0F, 0xF8, 0x00, 0x01, 0xFF, 0x00, 0x1F, 0xF0, 0x00, 0x00, 0xFF, 0x80, 0x1F, 0xE0, 0x00, 0x00, 0x7F, 0x80, 0x3F, 0xC0, 0x00, 0x00, 0x3F, 0xC0, 0x3F, 0x80, 0x00, 0x00, 0x1F, 0xC0, 0x7F, 0x80, 0x00, 0x00, 0x1F, 0xE0, 0x7F, 0x00, 0x00, 0x00, 0x0F, 0xE0, 0x7F, 0x00, 0x00, 0x00, 0x0F, 0xE0, 0x7F, 0x00, 0x00, 0x00, 0x0F, 0xF0, 0xFE, 0x00, 0x00, 0x00, 0x0F, 0xF0, 0xFE, 0x00, 0x00, 0x00, 0x07, 0xF0, 0xFE, 0x00, 0x00, 0x00, 0x07, 0xF0, 0xFE, 0x00, 0x00, 0x00, 0x07, 0xF0, 0xFE, 0x00, 0x00, 0x00, 0x07, 0xF0, 0xFE, 0x00, 0x00, 0x00, 0x07, 0xF0, 0xFE, 0x00, 0x00, 0x00, 0x07, 0xF0, 0xFE, 0x00, 0x00, 0x00, 0x07, 0xF0, 0xFE, 0x00, 0x00, 0x80, 0x07, 0xF0, 0xFF, 0x00, 0x01, 0xC0, 0x0F, 0xF0, 0x7F, 0x00, 0x07, 0xE0, 0x0F, 0xE0, 0x7F, 0x00, 0x1F, 0xF0, 0x0F, 0xE0, 0x7F, 0x80, 0x0F, 0xF0, 0x1F, 0xE0, 0x3F, 0x80, 0x07, 0xF8, 0x1F, 0xC0, 0x3F, 0xC0, 0x07, 0xFC, 0x3F, 0xC0, 0x3F, 0xE0, 0x03, 0xFE, 0x7F, 0xC0, 0x1F, 0xE0, 0x01, 0xFE, 0xFF, 0x80, 0x0F, 0xF8, 0x00, 0xFF, 0xFF, 0x80, 0x0F, 0xFC, 0x00, 0xFF, 0xFF, 0x00, 0x07, 0xFF, 0x00, 0x7F, 0xFE, 0x00, 0x03, 0xFF, 0xC0, 0x3F, 0xFC, 0x00, 0x01, 0xFF, 0xFF, 0xFF, 0xF8, 0x00, 0x00, 0xFF, 0xFF, 0xFF, 0xF0, 0x00, 0x00, 0x7F, 0xFF, 0xFF, 0xF8, 0x00, 0x00, 0x1F, 0xFF, 0xFF, 0xF8, 0x00, 0x00, 0x0F, 0xFF, 0xFF, 0xFC, 0x00, 0x00, 0x01, 0xFF, 0xFB, 0xFE, 0x00, 0x00, 0x00, 0x1F, 0x81, 0xFF, 0x00, 0x00, 0x00, 0x00, 0x00, 0xFF, 0x80, 0x00, 0x00, 0x00, 0x00, 0x7F, 0x80, 0x00, 0x00, 0x00, 0x00, 0x3F, 0xC0, 0x00, 0x00, 0x00, 0x00, 0x3F, 0x00, 0x00, 0x00, 0x00, 0x00, 0x1C, 0x00, 0x00, 0x00, 0x00, 0x00, 0x08, 0x00
};

const uint8_t lexend64_char_82[] = {
    0xFF, 0xFF, 0xFC, 0x00, 0x00, 0xFF, 0xFF, 0xFF, 0x80, 0x00, 0xFF, 0xFF, 0xFF, 0xE0, 0x00, 0xFF, 0xFF, 0xFF, 0xF0, 0x00, 0xFF, 0xFF, 0xFF, 0xFC, 0x00, 0xFF, 0xFF, 0xFF, 0xFC, 0x00, 0xFF, 0xFF, 0xFF, 0xFE, 0x00, 0xFE, 0x00, 0x03, 0xFF, 0x00, 0xFE, 0x00, 0x00, 0xFF, 0x00, 0xFE, 0x00, 0x00, 0x7F, 0x80, 0xFE, 0x00, 0x00, 0x7F, 0x80, 0xFE, 0x00, 0x00, 0x3F, 0x80, 0xFE, 0x00, 0x00, 0x3F, 0x80, 0xFE, 0x00, 0x00, 0x3F, 0x80, 0xFE, 0x00, 0x00, 0x3F, 0x80, 0xFE, 0x00, 0x00, 0x3F, 0x80, 0xFE, 0x00, 0x00, 0x3F, 0x80, 0xFE, 0x00, 0x00, 0x3F, 0x80, 0xFE, 0x00, 0x00, 0x7F, 0x80, 0xFE, 0x00, 0x00, 0x7F, 0x00, 0xFE, 0x00, 0x01, 0xFF, 0x00, 0xFE, 0x00, 0x0F, 0xFE, 0x00, 0xFF, 0xFF, 0xFF, 0xFE, 0x00, 0xFF, 0xFF, 0xFF, 0xFC, 0x00, 0xFF, 0xFF, 0xFF, 0xF8, 0x00, 0xFF, 0xFF, 0xFF, 0xF0, 0x00, 0xFF, 0xFF, 0xFF, 0xC0, 0x00, 0xFF, 0xFF, 0xFF, 0x80, 0x00, 0xFE, 0x00, 0x3F, 0xC0, 0x00, 0xFE, 0x00, 0x3F, 0xC0, 0x00, 0xFE, 0x00, 0x1F, 0xE0, 0x00, 0xFE, 0x00, 0x1F, 0xE0, 0x00, 0xFE, 0x00, 0x0F, 0xF0, 0x00, 0xFE, 0x00, 0x0F, 0xF8, 0x00, 0xFE, 0x00, 0x07, 0xF8, 0x00, 0xFE, 0x00, 0x03, 0xFC, 0x00, 0xFE, 0x00, 0x03, 0xFC, 0x00, 0xFE, 0x00, 0x01, 0xFE, 0x00, 0xFE, 0x00, 0x01, 0xFE, 0x00, 0xFE, 0x00, 0x00, 0xFF, 0x00, 0xFE, 0x00, 0x00, 0xFF, 0x80, 0xFE, 0x00, 0x00, 0x7F, 0x80, 0xFE, 0x00, 0x00, 0x7F, 0xC0, 0xFE, 0x00, 0x00, 0x3F, 0xC0, 0xFE, 0x00, 0x00, 0x1F, 0xE0
};

const uint8_t lexend64_char_83[] = {
    0x00, 0x0F, 0xFF, 0x00, 0x00, 0x00, 0x7F, 0xFF, 0xE0, 0x00, 0x00, 0xFF, 0xFF, 0xF0, 0x00, 0x03, 0xFF, 0xFF, 0xFC, 0x00, 0x07, 0xFF, 0xFF, 0xFE, 0x00, 0x07, 0xFF, 0xFF, 0xFF, 0x00, 0x0F, 0xF8, 0x03, 0xFF, 0x00, 0x1F, 0xF0, 0x00, 0xFF, 0x80, 0x1F, 0xE0, 0x00, 0x7F, 0x00, 0x1F, 0xC0, 0x00, 0x3E, 0x00, 0x1F, 0xC0, 0x00, 0x1C, 0x00, 0x3F, 0x80, 0x00, 0x08, 0x00, 0x3F, 0x80, 0x00, 0x00, 0x00, 0x3F, 0xC0, 0x00, 0x00, 0x00, 0x1F, 0xC0, 0x00, 0x00, 0x00, 0x1F, 0xE0, 0x00, 0x00, 0x00, 0x1F, 0xF0, 0x00, 0x00, 0x00, 0x1F, 0xF8, 0x00, 0x00, 0x00, 0x0F, 0xFF, 0x00, 0x00, 0x00, 0x07, 0xFF, 0xF0, 0x00, 0x00, 0x07, 0xFF, 0xFF, 0x00, 0x00, 0x03, 0xFF, 0xFF, 0xC0, 0x00, 0x00, 0xFF, 0xFF, 0xF0, 0x00, 0x00, 0x7F, 0xFF, 0xF8, 0x00, 0x00, 0x0F, 0xFF, 0xFC, 0x00, 0x00, 0x01, 0xFF, 0xFE, 0x00, 0x00, 0x00, 0x1F, 0xFF, 0x00, 0x00, 0x00, 0x03, 0xFF, 0x00, 0x00, 0x00, 0x00, 0xFF, 0x80, 0x00, 0x00, 0x00, 0x7F, 0x80, 0x00, 0x00, 0x00, 0x3F, 0x80, 0x08, 0x00, 0x00, 0x3F, 0x80, 0x0C, 0x00, 0x00, 0x3F, 0x80, 0x1C, 0x00, 0x00, 0x3F, 0x80, 0x3E, 0x00, 0x00, 0x3F, 0x80, 0x7F, 0x00, 0x00, 0x3F, 0x80, 0xFF, 0x80, 0x00, 0x7F, 0x80, 0x7F, 0xE0, 0x00, 0xFF, 0x00, 0x7F, 0xF8, 0x01, 0xFF, 0x00, 0x3F, 0xFF, 0xFF, 0xFE, 0x00, 0x1F, 0xFF, 0xFF, 0xFC, 0x00, 0x0F, 0xFF, 0xFF, 0xF8, 0x00, 0x03, 0xFF, 0xFF, 0xF0, 0x00, 0x01, 0xFF, 0xFF, 0xE0, 0x00, 0x00, 0x3F, 0xFF, 0x00, 0x00, 0x00, 0x03, 0xF0, 0x00, 0x00
};

const uint8_t lexend64_char_84[] = {
    0xFF, 0xFF, 0xFF, 0xFF, 0x80, 0xFF, 0xFF, 0xFF, 0xFF, 0x80, 0xFF, 0xFF, 0xFF, 0xFF, 0x80, 0xFF, 0xFF, 0xFF, 0xFF, 0x80, 0xFF, 0xFF, 0xFF, 0xFF, 0x80, 0xFF, 0xFF, 0xFF, 0xFF, 0x80, 0xFF, 0xFF, 0xFF, 0xFF, 0x80, 0x00, 0x07, 0xF0, 0x00, 0x00, 0x00, 0x07, 0xF0, 0x00, 0x00, 0x00, 0x07, 0xF0, 0x00, 0x00, 0x00, 0x07, 0xF0, 0x00, 0x00, 0x00, 0x07, 0xF0, 0x00, 0x00, 0x00, 0x07, 0xF0, 0x00, 0x00, 0x00, 0x07, 0xF0, 0x00, 0x00, 0x00, 0x07, 0xF0, 0x00, 0x00, 0x00, 0x07, 0xF0, 0x00, 0x00, 0x00, 0x07, 0xF0, 0x00, 0x00, 0x00, 0x07, 0xF0, 0x00, 0x00, 0x00, 0x07, 0xF0, 0x00, 0x00, 0x00, 0x07, 0xF0, 0x00, 0x00, 0x00, 0x07, 0xF0, 0x00, 0x00, 0x00, 0x07, 0xF0, 0x00, 0x00, 0x00, 0x07, 0xF0, 0x00, 0x00, 0x00, 0x07, 0xF0, 0x00, 0x00, 0x00, 0x07, 0xF0, 0x00, 0x00, 0x00, 0x07, 0xF0, 0x00, 0x00, 0x00, 0x07, 0xF0, 0x00, 0x00, 0x00, 0x07, 0xF0, 0x00, 0x00, 0x00, 0x07, 0xF0, 0x00, 0x00, 0x00, 0x07, 0xF0, 0x00, 0x00, 0x00, 0x07, 0xF0, 0x00, 0x00, 0x00, 0x07, 0xF0, 0x00, 0x00, 0x00, 0x07, 0xF0, 0x00, 0x00, 0x00, 0x07, 0xF0, 0x00, 0x00, 0x00, 0x07, 0xF0, 0x00, 0x00, 0x00, 0x07, 0xF0, 0x00, 0x00, 0x00, 0x07, 0xF0, 0x00, 0x00, 0x00, 0x07, 0xF0, 0x00, 0x00, 0x00, 0x07, 0xF0, 0x00, 0x00, 0x00, 0x07, 0xF0, 0x00, 0x00, 0x00, 0x07, 0xF0, 0x00, 0x00, 0x00, 0x07, 0xF0, 0x00, 0x00, 0x00, 0x07, 0xF0, 0x00, 0x00, 0x00, 0x07, 0xF0, 0x00, 0x00, 0x00, 0x07, 0xF0, 0x00, 0x00
};

const uint8_t lexend64_char_85[] = {
    0xFE, 0x00, 0x00, 0x07, 0xF0, 0xFE, 0x00, 0x00, 0x07, 0xF0, 0xFE, 0x00, 0x00, 0x07, 0xF0, 0xFE, 0x00, 0x00, 0x07, 0xF0, 0xFE, 0x00, 0x00, 0x07, 0xF0, 0xFE, 0x00, 0x00, 0x07, 0xF0, 0xFE, 0x00, 0x00, 0x07, 0xF0, 0xFE, 0x00, 0x00, 0x07, 0xF0, 0xFE, 0x00, 0x00, 0x07, 0xF0, 0xFE, 0x00, 0x00, 0x07, 0xF0, 0xFE, 0x00, 0x00, 0x07, 0xF0, 0xFE, 0x00, 0x00, 0x07, 0xF0, 0xFE, 0x00, 0x00, 0x07, 0xF0, 0xFE, 0x00, 0x00, 0x07, 0xF0, 0xFE, 0x00, 0x00, 0x07, 0xF0, 0xFE, 0x00, 0x00, 0x07, 0xF0, 0xFE, 0x00, 0x00, 0x07, 0xF0, 0xFE, 0x00, 0x00, 0x07, 0xF0, 0xFE, 0x00, 0x00, 0x07, 0xF0, 0xFE, 0x00, 0x00, 0x07, 0xF0, 0xFE, 0x00, 0x00, 0x07, 0xF0, 0xFE, 0x00, 0x00, 0x07, 0xF0, 0xFE, 0x00, 0x00, 0x07, 0xF0, 0xFE, 0x00, 0x00, 0x07, 0xF0, 0xFE, 0x00, 0x00, 0x07, 0xF0, 0xFE, 0x00, 0x00, 0x07, 0xF0, 0xFE, 0x00, 0x00, 0x07, 0xF0, 0xFE, 0x00, 0x00, 0x07, 0xF0, 0xFE, 0x00, 0x00, 0x07, 0xF0, 0xFE, 0x00, 0x00, 0x07, 0xF0, 0xFE, 0x00, 0x00, 0x07, 0xF0, 0xFE, 0x00, 0x00, 0x0F, 0xE0, 0xFF, 0x00, 0x00, 0x0F, 0xE0, 0xFF, 0x00, 0x00, 0x1F, 0xE0, 0x7F, 0x80, 0x00, 0x1F, 0xC0, 0x7F, 0xC0, 0x00, 0x3F, 0xC0, 0x3F, 0xE0, 0x00, 0x7F, 0xC0, 0x3F, 0xF8, 0x01, 0xFF, 0x80, 0x1F, 0xFE, 0x0F, 0xFF, 0x00, 0x0F, 0xFF, 0xFF, 0xFE, 0x00, 0x07, 0xFF, 0xFF, 0xFE, 0x00, 0x03, 0xFF, 0xFF, 0xF8, 0x00, 0x01, 0xFF, 0xFF, 0xF0, 0x00, 0x00, 0x7F, 0xFF, 0xC0, 0x00, 0x00, 0x0F, 0xFF, 0x00, 0x00
};

const uint8_t lexend64_char_86[] = {
    0xFF, 0x00, 0x00, 0x00, 0x3F, 0xC0, 0xFF, 0x00, 0x00, 0x00, 0x3F, 0xC0, 0xFF, 0x00, 0x00, 0x00, 0x7F, 0x80, 0x7F, 0x80, 0x00, 0x00, 0x7F, 0x80, 0x7F, 0x80, 0x00, 0x00, 0x7F, 0x80, 0x3F, 0x80, 0x00, 0x00, 0xFF, 0x00, 0x3F, 0xC0, 0x00, 0x00, 0xFF, 0x00, 0x3F, 0xC0, 0x00, 0x01, 0xFE, 0x00, 0x1F, 0xE0, 0x00, 0x01, 0xFE, 0x00, 0x1F, 0xE0, 0x00, 0x01, 0xFC, 0x00, 0x0F, 0xE0, 0x00, 0x03, 0xFC, 0x00, 0x0F, 0xF0, 0x00, 0x03, 0xFC, 0x00, 0x0F, 0xF0, 0x00, 0x03, 0xF8, 0x00, 0x07, 0xF8, 0x00, 0x07, 0xF8, 0x00, 0x07, 0xF8, 0x00, 0x07, 0xF0, 0x00, 0x03, 0xF8, 0x00, 0x07, 0xF0, 0x00, 0x03, 0xFC, 0x00, 0x0F, 0xF0, 0x00, 0x03, 0xFC, 0x00, 0x0F, 0xE0, 0x00, 0x01, 0xFE, 0x00, 0x1F, 0xE0, 0x00, 0x01, 0xFE, 0x00, 0x1F, 0xC0, 0x00, 0x00, 0xFE, 0x00, 0x1F, 0xC0, 0x00, 0x00, 0xFF, 0x00, 0x3F, 0xC0, 0x00, 0x00, 0xFF, 0x00, 0x3F, 0x80, 0x00, 0x00, 0x7F, 0x80, 0x3F, 0x80, 0x00, 0x00, 0x7F, 0x80, 0x7F, 0x00, 0x00, 0x00, 0x3F, 0x80, 0x7F, 0x00, 0x00, 0x00, 0x3F, 0xC0, 0x7F, 0x00, 0x00, 0x00, 0x3F, 0xC0, 0xFE, 0x00, 0x00, 0x00, 0x1F, 0xE0, 0xFE, 0x00, 0x00, 0x00, 0x1F, 0xE1, 0xFC, 0x00, 0x00, 0x00, 0x0F, 0xE1, 0xFC, 0x00, 0x00, 0x00, 0x0F, 0xF1, 0xFC, 0x00, 0x00, 0x00, 0x0F, 0xF3, 0xF8, 0x00, 0x00, 0x00, 0x07, 0xF3, 0xF8, 0x00, 0x00, 0x00, 0x07, 0xFB, 0xF0, 0x00, 0x00, 0x00, 0x03, 0xFF, 0xF0, 0x00, 0x00, 0x00, 0x03, 0xFF, 0xF0, 0x00, 0x00, 0x00, 0x03, 0xFF, 0xE0, 0x00, 0x00, 0x00, 0x01, 0xFF, 0xE0, 0x00, 0x00, 0x00, 0x01, 0xFF, 0xC0, 0x00, 0x00, 0x00, 0x00, 0xFF, 0xC0, 0x00, 0x00, 0x00, 0x00, 0xFF, 0xC0, 0x00, 0x00, 0x00, 0x00, 0xFF, 0x80, 0x00, 0x00, 0x00, 0x00, 0x7F, 0x80, 0x00, 0x00, 0x00, 0x00, 0x7F, 0x00, 0x00, 0x00
};

const uint8_t lexend64_char_87[] = {
    0xFE, 0x00, 0x00, 0x00, 0x00, 0x00, 0x07, 0xF0, 0xFE, 0x00, 0x00, 0x00, 0x00, 0x00, 0x0F, 0xF0, 0xFF, 0x00, 0x00, 0x00, 0x00, 0x00, 0x0F, 0xE0, 0x7F, 0x00, 0x00, 0x00, 0x00, 0x00, 0x0F, 0xE0, 0x7F, 0x00, 0x00, 0x00, 0x00, 0x00, 0x1F, 0xE0, 0x7F, 0x80, 0x00, 0x00, 0x00, 0x00, 0x1F, 0xE0, 0x3F, 0x80, 0x00, 0x00, 0x00, 0x00, 0x1F, 0xC0, 0x3F, 0x80, 0x00, 0x00, 0x00, 0x00, 0x1F, 0xC0, 0x3F, 0x80, 0x00, 0x1F, 0x80, 0x00, 0x3F, 0xC0, 0x3F, 0xC0, 0x00, 0x3F, 0xC0, 0x00, 0x3F, 0x80, 0x1F, 0xC0, 0x00, 0x3F, 0xC0, 0x00, 0x3F, 0x80, 0x1F, 0xC0, 0x00, 0x7F, 0xC0, 0x00, 0x7F, 0x80, 0x1F, 0xE0, 0x00, 0x7F, 0xE0, 0x00, 0x7F, 0x00, 0x0F, 0xE0, 0x00, 0x7F, 0xE0, 0x00, 0x7F, 0x00, 0x0F, 0xE0, 0x00, 0xFF, 0xF0, 0x00, 0xFF, 0x00, 0x0F, 0xF0, 0x00, 0xFF, 0xF0, 0x00, 0xFE, 0x00, 0x07, 0xF0, 0x01, 0xFF, 0xF0, 0x00, 0xFE, 0x00, 0x07, 0xF0, 0x01, 0xFF, 0xF8, 0x01, 0xFE, 0x00, 0x07, 0xF8, 0x01, 0xFB, 0xF8, 0x01, 0xFC, 0x00, 0x03, 0xF8, 0x03, 0xFB, 0xFC, 0x01, 0xFC, 0x00, 0x03, 0xF8, 0x03, 0xF9, 0xFC, 0x01, 0xFC, 0x00, 0x03, 0xF8, 0x07, 0xF1, 0xFC, 0x03, 0xF8, 0x00, 0x01, 0xFC, 0x07, 0xF0, 0xFE, 0x03, 0xF8, 0x00, 0x01, 0xFC, 0x07, 0xE0, 0xFE, 0x03, 0xF8, 0x00, 0x01, 0xFC, 0x0F, 0xE0, 0xFE, 0x07, 0xF0, 0x00, 0x00, 0xFE, 0x0F, 0xC0, 0x7F, 0x07, 0xF0, 0x00, 0x00, 0xFE, 0x1F, 0xC0, 0x7F, 0x07, 0xF0, 0x00, 0x00, 0xFE, 0x1F, 0xC0, 0x3F, 0x8F, 0xF0, 0x00, 0x00, 0x7F, 0x1F, 0x80, 0x3F, 0x8F, 0xE0, 0x00, 0x00, 0x7F, 0x3F, 0x80, 0x1F, 0x8F, 0xE0, 0x00, 0x00, 0x7F, 0x3F, 0x00, 0x1F, 0xCF, 0xE0, 0x00, 0x00, 0x3F, 0x3F, 0x00, 0x1F, 0xDF, 0xC0, 0x00, 0x00, 0x3F, 0xFF, 0x00, 0x0F, 0xDF, 0xC0, 0x00, 0x00, 0x3F, 0xFE, 0x00, 0x0F, 0xFF, 0xC0, 0x00, 0x00, 0x3F, 0xFE, 0x00, 0x07, 0xFF, 0x80, 0x00, 0x00, 0x1F, 0xFC, 0x00, 0x07, 0xFF, 0x80, 0x00, 0x00, 0x1F, 0xFC, 0x00, 0x03, 0xFF, 0x80, 0x00, 0x00, 0x1F, 0xFC, 0x00, 0x03, 0xFF, 0x00, 0x00, 0x00, 0x0F, 0xF8, 0x00, 0x03, 0xFF, 0x00, 0x00, 0x00, 0x0F, 0xF8, 0x00, 0x01, 0xFF, 0x00, 0x00, 0x00, 0x0F, 0xF0, 0x00, 0x01, 0xFE, 0x00, 0x00, 0x00, 0x07, 0xF0, 0x00, 0x00, 0xFE, 0x00, 0x00, 0x00, 0x07, 0xF0, 0x00, 0x00, 0xFE, 0x00, 0x00, 0x00, 0x07, 0xE0, 0x00, 0x00, 0x7C, 0x00, 0x00, 0x00, 0x03, 0xE0, 0x00, 0x00, 0x7C, 0x00, 0x00
};

const uint8_t lexend64_char_88[] = {
    0xFF, 0x80, 0x00, 0x01, 0xFF, 0x7F, 0xC0, 0x00, 0x01, 0xFE, 0x3F, 0xC0, 0x00, 0x03, 0xFC, 0x3F, 0xE0, 0x00, 0x07, 0xF8, 0x1F, 0xF0, 0x00, 0x07, 0xF8, 0x0F, 0xF0, 0x00, 0x0F, 0xF0, 0x0F, 0xF8, 0x00, 0x1F, 0xE0, 0x07, 0xFC, 0x00, 0x1F, 0xE0, 0x03, 0xFC, 0x00, 0x3F, 0xC0, 0x01, 0xFE, 0x00, 0x7F, 0x80, 0x01, 0xFF, 0x00, 0x7F, 0x80, 0x00, 0xFF, 0x00, 0xFF, 0x00, 0x00, 0x7F, 0x81, 0xFE, 0x00, 0x00, 0x7F, 0xC1, 0xFE, 0x00, 0x00, 0x3F, 0xC3, 0xFC, 0x00, 0x00, 0x1F, 0xE7, 0xF8, 0x00, 0x00, 0x0F, 0xF7, 0xF8, 0x00, 0x00, 0x0F, 0xFF, 0xF0, 0x00, 0x00, 0x07, 0xFF, 0xE0, 0x00, 0x00, 0x03, 0xFF, 0xC0, 0x00, 0x00, 0x03, 0xFF, 0xC0, 0x00, 0x00, 0x01, 0xFF, 0x80, 0x00, 0x00, 0x01, 0xFF, 0x00, 0x00, 0x00, 0x01, 0xFF, 0x80, 0x00, 0x00, 0x03, 0xFF, 0x80, 0x00, 0x00, 0x07, 0xFF, 0xC0, 0x00, 0x00, 0x0F, 0xFF, 0xE0, 0x00, 0x00, 0x0F, 0xFF, 0xF0, 0x00, 0x00, 0x1F, 0xEF, 0xF0, 0x00, 0x00, 0x3F, 0xC7, 0xF8, 0x00, 0x00, 0x3F, 0xC7, 0xFC, 0x00, 0x00, 0x7F, 0x83, 0xFE, 0x00, 0x00, 0xFF, 0x01, 0xFE, 0x00, 0x00, 0xFF, 0x00, 0xFF, 0x00, 0x01, 0xFE, 0x00, 0xFF, 0x80, 0x03, 0xFC, 0x00, 0x7F, 0x80, 0x07, 0xF8, 0x00, 0x3F, 0xC0, 0x07, 0xF8, 0x00, 0x3F, 0xE0, 0x0F, 0xF0, 0x00, 0x1F, 0xF0, 0x1F, 0xE0, 0x00, 0x0F, 0xF0, 0x1F, 0xE0, 0x00, 0x0F, 0xF8, 0x3F, 0xC0, 0x00, 0x07, 0xFC, 0x7F, 0x80, 0x00, 0x03, 0xFC, 0x7F, 0x80, 0x00, 0x03, 0xFE, 0xFF, 0x00, 0x00, 0x01, 0xFF
};

const uint8_t lexend64_char_89[] = {
    0xFF, 0x00, 0x00, 0x00, 0xFF, 0x80, 0x7F, 0x80, 0x00, 0x00, 0xFF, 0x00, 0x7F, 0xC0, 0x00, 0x01, 0xFE, 0x00, 0x3F, 0xC0, 0x00, 0x01, 0xFC, 0x00, 0x1F, 0xE0, 0x00, 0x03, 0xFC, 0x00, 0x1F, 0xF0, 0x00, 0x07, 0xF8, 0x00, 0x0F, 0xF0, 0x00, 0x07, 0xF0, 0x00, 0x07, 0xF8, 0x00, 0x0F, 0xF0, 0x00, 0x03, 0xFC, 0x00, 0x1F, 0xE0, 0x00, 0x03, 0xFC, 0x00, 0x1F, 0xC0, 0x00, 0x01, 0xFE, 0x00, 0x3F, 0xC0, 0x00, 0x00, 0xFF, 0x00, 0x7F, 0x80, 0x00, 0x00, 0xFF, 0x80, 0x7F, 0x00, 0x00, 0x00, 0x7F, 0x80, 0xFF, 0x00, 0x00, 0x00, 0x3F, 0xC0, 0xFE, 0x00, 0x00, 0x00, 0x3F, 0xE1, 0xFE, 0x00, 0x00, 0x00, 0x1F, 0xE3, 0xFC, 0x00, 0x00, 0x00, 0x0F, 0xF3, 0xF8, 0x00, 0x00, 0x00, 0x07, 0xFF, 0xF8, 0x00, 0x00, 0x00, 0x07, 0xFF, 0xF0, 0x00, 0x00, 0x00, 0x03, 0xFF, 0xE0, 0x00, 0x00, 0x00, 0x01, 0xFF, 0xE0, 0x00, 0x00, 0x00, 0x01, 0xFF, 0xC0, 0x00, 0x00, 0x00, 0x00, 0xFF, 0x80, 0x00, 0x00, 0x00, 0x00, 0x7F, 0x80, 0x00, 0x00, 0x00, 0x00, 0x7F, 0x00, 0x00, 0x00, 0x00, 0x00, 0x7F, 0x00, 0x00, 0x00, 0x00, 0x00, 0x7F, 0x00, 0x00, 0x00, 0x00, 0x00, 0x7F, 0x00, 0x00, 0x00, 0x00, 0x00, 0x7F, 0x00, 0x00, 0x00, 0x00, 0x00, 0x7F, 0x00, 0x00, 0x00, 0x00, 0x00, 0x7F, 0x00, 0x00, 0x00, 0x00, 0x00, 0x7F, 0x00, 0x00, 0x00, 0x00, 0x00, 0x7F, 0x00, 0x00, 0x00, 0x00, 0x00, 0x7F, 0x00, 0x00, 0x00, 0x00, 0x00, 0x7F, 0x00, 0x00, 0x00, 0x00, 0x00, 0x7F, 0x00, 0x00, 0x00, 0x00, 0x00, 0x7F, 0x00, 0x00, 0x00, 0x00, 0x00, 0x7F, 0x00, 0x00, 0x00, 0x00, 0x00, 0x7F, 0x00, 0x00, 0x00, 0x00, 0x00, 0x7F, 0x00, 0x00, 0x00, 0x00, 0x00, 0x7F, 0x00, 0x00, 0x00, 0x00, 0x00, 0x7F, 0x00, 0x00, 0x00, 0x00, 0x00, 0x7F, 0x00, 0x00, 0x00, 0x00, 0x00, 0x7F, 0x00, 0x00, 0x00
};

const uint8_t lexend64_char_90[] = {
    0x7F, 0xFF, 0xFF, 0xFF, 0xC0, 0x7F, 0xFF, 0xFF, 0xFF, 0xC0, 0x7F, 0xFF, 0xFF, 0xFF, 0xC0, 0x7F, 0xFF, 0xFF, 0xFF, 0xC0, 0x7F, 0xFF, 0xFF, 0xFF, 0xC0, 0x7F, 0xFF, 0xFF, 0xFF, 0xC0, 0x7F, 0xFF, 0xFF, 0xFF, 0x80, 0x00, 0x00, 0x00, 0xFF, 0x00, 0x00, 0x00, 0x01, 0xFF, 0x00, 0x00, 0x00, 0x01, 0xFE, 0x00, 0x00, 0x00, 0x03, 0xFC, 0x00, 0x00, 0x00, 0x07, 0xF8, 0x00, 0x00, 0x00, 0x0F, 0xF8, 0x00, 0x00, 0x00, 0x0F, 0xF0, 0x00, 0x00, 0x00, 0x1F, 0xE0, 0x00, 0x00, 0x00, 0x3F, 0xC0, 0x00, 0x00, 0x00, 0x7F, 0xC0, 0x00, 0x00, 0x00, 0x7F, 0x80, 0x00, 0x00, 0x00, 0xFF, 0x00, 0x00, 0x00, 0x01, 0xFE, 0x00, 0x00, 0x00, 0x03, 0xFE, 0x00, 0x00, 0x00, 0x03, 0xFC, 0x00, 0x00, 0x00, 0x07, 0xF8, 0x00, 0x00, 0x00, 0x0F, 0xF0, 0x00, 0x00, 0x00, 0x1F, 0xF0, 0x00, 0x00, 0x00, 0x1F, 0xE0, 0x00, 0x00, 0x00, 0x3F, 0xC0, 0x00, 0x00, 0x00, 0x7F, 0x80, 0x00, 0x00, 0x00, 0xFF, 0x80, 0x00, 0x00, 0x00, 0xFF, 0x00, 0x00, 0x00, 0x01, 0xFE, 0x00, 0x00, 0x00, 0x03, 0xFC, 0x00, 0x00, 0x00, 0x07, 0xFC, 0x00, 0x00, 0x00, 0x07, 0xF8, 0x00, 0x00, 0x00, 0x0F, 0xF0, 0x00, 0x00, 0x00, 0x1F, 0xE0, 0x00, 0x00, 0x00, 0x3F, 0xE0, 0x00, 0x00, 0x00, 0x3F, 0xC0, 0x00, 0x00, 0x00, 0x7F, 0xFF, 0xFF, 0xFF, 0xE0, 0xFF, 0xFF, 0xFF, 0xFF, 0xE0, 0xFF, 0xFF, 0xFF, 0xFF, 0xE0, 0xFF, 0xFF, 0xFF, 0xFF, 0xE0, 0xFF, 0xFF, 0xFF, 0xFF, 0xE0, 0xFF, 0xFF, 0xFF, 0xFF, 0xE0, 0xFF, 0xFF, 0xFF, 0xFF, 0xE0
};

const uint8_t lexend64_char_91[] = {
    0xFF, 0xFF, 0x80, 0xFF, 0xFF, 0x80, 0xFF, 0xFF, 0x80, 0xFF, 0xFF, 0x80, 0xFF, 0xFF, 0x80, 0xFC, 0x00, 0x00, 0xFC, 0x00, 0x00, 0xFC, 0x00, 0x00, 0xFC, 0x00, 0x00, 0xFC, 0x00, 0x00, 0xFC, 0x00, 0x00, 0xFC, 0x00, 0x00, 0xFC, 0x00, 0x00, 0xFC, 0x00, 0x00, 0xFC, 0x00, 0x00, 0xFC, 0x00, 0x00, 0xFC, 0x00, 0x00, 0xFC, 0x00, 0x00, 0xFC, 0x00, 0x00, 0xFC, 0x00, 0x00, 0xFC, 0x00, 0x00, 0xFC, 0x00, 0x00, 0xFC, 0x00, 0x00, 0xFC, 0x00, 0x00, 0xFC, 0x00, 0x00, 0xFC, 0x00, 0x00, 0xFC, 0x00, 0x00, 0xFC, 0x00, 0x00, 0xFC, 0x00, 0x00, 0xFC, 0x00, 0x00, 0xFC, 0x00, 0x00, 0xFC, 0x00, 0x00, 0xFC, 0x00, 0x00, 0xFC, 0x00, 0x00, 0xFC, 0x00, 0x00, 0xFC, 0x00, 0x00, 0xFC, 0x00, 0x00, 0xFC, 0x00, 0x00, 0xFC, 0x00, 0x00, 0xFC, 0x00, 0x00, 0xFC, 0x00, 0x00, 0xFC, 0x00, 0x00, 0xFC, 0x00, 0x00, 0xFC, 0x00, 0x00, 0xFC, 0x00, 0x00, 0xFC, 0x00, 0x00, 0xFC, 0x00, 0x00, 0xFC, 0x00, 0x00, 0xFC, 0x00, 0x00, 0xFC, 0x00, 0x00, 0xFC, 0x00, 0x00, 0xFC, 0x00, 0x00, 0xFF, 0xFF, 0x80, 0xFF, 0xFF, 0x80, 0xFF, 0xFF, 0x80, 0xFF, 0xFF, 0x80, 0xFF, 0xFF, 0x80
};

const uint8_t lexend64_char_92[] = {
    0xFE, 0x00, 0x00, 0x00, 0x7E, 0x00, 0x00, 0x00, 0x7F, 0x00, 0x00, 0x00, 0x3F, 0x00, 0x00, 0x00, 0x3F, 0x80, 0x00, 0x00, 0x1F, 0x80, 0x00, 0x00, 0x1F, 0xC0, 0x00, 0x00, 0x0F, 0xC0, 0x00, 0x00, 0x0F, 0xE0, 0x00, 0x00, 0x07, 0xE0, 0x00, 0x00, 0x07, 0xF0, 0x00, 0x00, 0x03, 0xF0, 0x00, 0x00, 0x03, 0xF8, 0x00, 0x00, 0x01, 0xF8, 0x00, 0x00, 0x01, 0xFC, 0x00, 0x00, 0x00, 0xFC, 0x00, 0x00, 0x00, 0xFC, 0x00, 0x00, 0x00, 0x7E, 0x00, 0x00, 0x00, 0x7E, 0x00, 0x00, 0x00, 0x3F, 0x00, 0x00, 0x00, 0x3F, 0x00, 0x00, 0x00, 0x1F, 0x80, 0x00, 0x00, 0x1F, 0x80, 0x00, 0x00, 0x0F, 0xC0, 0x00, 0x00, 0x0F, 0xC0, 0x00, 0x00, 0x07, 0xE0, 0x00, 0x00, 0x07, 0xE0, 0x00, 0x00, 0x03, 0xF0, 0x00, 0x00, 0x03, 0xF0, 0x00, 0x00, 0x01, 0xF8, 0x00, 0x00, 0x01, 0xF8, 0x00, 0x00, 0x00, 0xFC, 0x00, 0x00, 0x00, 0xFC, 0x00, 0x00, 0x00, 0xFE, 0x00, 0x00, 0x00, 0x7E, 0x00, 0x00, 0x00, 0x7F, 0x00, 0x00, 0x00, 0x3F, 0x00, 0x00, 0x00, 0x3F, 0x80, 0x00, 0x00, 0x1F, 0x80, 0x00, 0x00, 0x1F, 0xC0, 0x00, 0x00, 0x0F, 0xC0, 0x00, 0x00, 0x0F, 0xE0, 0x00, 0x00, 0x07, 0xE0, 0x00, 0x00, 0x07, 0xF0, 0x00, 0x00, 0x03, 0xF0, 0x00, 0x00, 0x03, 0xF8, 0x00, 0x00, 0x01, 0xF8, 0x00, 0x00, 0x01, 0xFC, 0x00, 0x00, 0x00, 0xFC, 0x00, 0x00, 0x00, 0xFE, 0x00, 0x00, 0x00, 0x7E, 0x00, 0x00, 0x00, 0x7F
};

const uint8_t lexend64_char_93[] = {
    0xFF, 0xFF, 0x80, 0xFF, 0xFF, 0x80, 0xFF, 0xFF, 0x80, 0xFF, 0xFF, 0x80, 0xFF, 0xFF, 0x80, 0x00, 0x1F, 0x80, 0x00, 0x1F, 0x80, 0x00, 0x1F, 0x80, 0x00, 0x1F, 0x80, 0x00, 0x1F, 0x80, 0x00, 0x1F, 0x80, 0x00, 0x1F, 0x80, 0x00, 0x1F, 0x80, 0x00, 0x1F, 0x80, 0x00, 0x1F, 0x80, 0x00, 0x1F, 0x80, 0x00, 0x1F, 0x80, 0x00, 0x1F, 0x80, 0x00, 0x1F, 0x80, 0x00, 0x1F, 0x80, 0x00, 0x1F, 0x80, 0x00, 0x1F, 0x80, 0x00, 0x1F, 0x80, 0x00, 0x1F, 0x80, 0x00, 0x1F, 0x80, 0x00, 0x1F, 0x80, 0x00, 0x1F, 0x80, 0x00, 0x1F, 0x80, 0x00, 0x1F, 0x80, 0x00, 0x1F, 0x80, 0x00, 0x1F, 0x80, 0x00, 0x1F, 0x80, 0x00, 0x1F, 0x80, 0x00, 0x1F, 0x80, 0x00, 0x1F, 0x80, 0x00, 0x1F, 0x80, 0x00, 0x1F, 0x80, 0x00, 0x1F, 0x80, 0x00, 0x1F, 0x80, 0x00, 0x1F, 0x80, 0x00, 0x1F, 0x80, 0x00, 0x1F, 0x80, 0x00, 0x1F, 0x80, 0x00, 0x1F, 0x80, 0x00, 0x1F, 0x80, 0x00, 0x1F, 0x80, 0x00, 0x1F, 0x80, 0x00, 0x1F, 0x80, 0x00, 0x1F, 0x80, 0x00, 0x1F, 0x80, 0x00, 0x1F, 0x80, 0x00, 0x1F, 0x80, 0xFF, 0xFF, 0x80, 0xFF, 0xFF, 0x80, 0xFF, 0xFF, 0x80, 0xFF, 0xFF, 0x80, 0xFF, 0xFF, 0x80
};

const uint8_t lexend64_char_94[] = {
    0x00, 0x07, 0xF0, 0x00, 0x00, 0x00, 0x07, 0xF0, 0x00, 0x00, 0x00, 0x0F, 0xF8, 0x00, 0x00, 0x00, 0x0F, 0xFC, 0x00, 0x00, 0x00, 0x1F, 0xFC, 0x00, 0x00, 0x00, 0x3F, 0xFE, 0x00, 0x00, 0x00, 0x3F, 0xFE, 0x00, 0x00, 0x00, 0x7F, 0xFF, 0x00, 0x00, 0x00, 0x7F, 0x7F, 0x00, 0x00, 0x00, 0xFE, 0x3F, 0x80, 0x00, 0x01, 0xFE, 0x3F, 0xC0, 0x00, 0x01, 0xFC, 0x1F, 0xC0, 0x00, 0x03, 0xFC, 0x1F, 0xE0, 0x00, 0x03, 0xF8, 0x0F, 0xE0, 0x00, 0x07, 0xF0, 0x07, 0xF0, 0x00, 0x07, 0xF0, 0x07, 0xF8, 0x00, 0x0F, 0xE0, 0x03, 0xF8, 0x00, 0x1F, 0xE0, 0x03, 0xFC, 0x00, 0x1F, 0xC0, 0x01, 0xFC, 0x00, 0x3F, 0x80, 0x00, 0xFE, 0x00, 0x3F, 0x80, 0x00, 0xFF, 0x00, 0x7F, 0x00, 0x00, 0x7F, 0x00, 0xFF, 0x00, 0x00, 0x7F, 0x80
};

const uint8_t lexend64_char_95[] = {
    0xFF, 0xFF, 0xFF, 0xFF, 0xFC, 0xFF, 0xFF, 0xFF, 0xFF, 0xFC, 0xFF, 0xFF, 0xFF, 0xFF, 0xFC, 0xFF, 0xFF, 0xFF, 0xFF, 0xFC, 0xFF, 0xFF, 0xFF, 0xFF, 0xFC
};

const uint8_t lexend64_char_96[] = {
    0x08, 0x00, 0x1C, 0x00, 0x3E, 0x00, 0x3F, 0x80, 0x7F, 0xC0, 0xFF, 0xE0, 0x1F, 0xF0, 0x07, 0xF8, 0x03, 0xFC, 0x00, 0xF8, 0x00, 0x30
};

const uint8_t lexend64_char_97[] = {
    0x00, 0x1F, 0xF8, 0x1F, 0xC0, 0x00, 0x7F, 0xFE, 0x1F, 0xC0, 0x01, 0xFF, 0xFF, 0x9F, 0xC0, 0x03, 0xFF, 0xFF, 0xDF, 0xC0, 0x07, 0xFF, 0xFF, 0xFF, 0xC0, 0x0F, 0xFF, 0xFF, 0xFF, 0xC0, 0x1F, 0xF8, 0x07, 0xFF, 0xC0, 0x1F, 0xF0, 0x01, 0xFF, 0xC0, 0x3F, 0xC0, 0x00, 0xFF, 0xC0, 0x3F, 0xC0, 0x00, 0x7F, 0xC0, 0x7F, 0x80, 0x00, 0x3F, 0xC0, 0x7F, 0x00, 0x00, 0x3F, 0xC0, 0x7F, 0x00, 0x00, 0x1F, 0xC0, 0x7F, 0x00, 0x00, 0x1F, 0xC0, 0x7E, 0x00, 0x00, 0x1F, 0xC0, 0xFE, 0x00, 0x00, 0x1F, 0xC0, 0xFE, 0x00, 0x00, 0x1F, 0xC0, 0xFE, 0x00, 0x00, 0x1F, 0xC0, 0xFE, 0x00, 0x00, 0x1F, 0xC0, 0x7E, 0x00, 0x00, 0x1F, 0xC0, 0x7F, 0x00, 0x00, 0x1F, 0xC0, 0x7F, 0x00, 0x00, 0x1F, 0xC0, 0x7F, 0x00, 0x00, 0x3F, 0xC0, 0x7F, 0x80, 0x00, 0x3F, 0xC0, 0x3F, 0x80, 0x00, 0x7F, 0xC0, 0x3F, 0xC0, 0x00, 0xFF, 0xC0, 0x1F, 0xE0, 0x01, 0xFF, 0xC0, 0x1F, 0xF8, 0x03, 0xFF, 0xC0, 0x0F, 0xFF, 0x3F, 0xFF, 0xC0, 0x07, 0xFF, 0xFF, 0xFF, 0xC0, 0x03, 0xFF, 0xFF, 0xDF, 0xC0, 0x01, 0xFF, 0xFF, 0x9F, 0xC0, 0x00, 0xFF, 0xFE, 0x1F, 0xC0, 0x00, 0x3F, 0xF8, 0x1F, 0xC0, 0x00, 0x07, 0x80, 0x00, 0x00
};

const uint8_t lexend64_char_98[] = {
    0xFC, 0x00, 0x00, 0x00, 0x00, 0xFC, 0x00, 0x00, 0x00, 0x00, 0xFC, 0x00, 0x00, 0x00, 0x00, 0xFC, 0x00, 0x00, 0x00, 0x00, 0xFC, 0x00, 0x00, 0x00, 0x00, 0xFC, 0x00, 0x00, 0x00, 0x00, 0xFC, 0x00, 0x00, 0x00, 0x00, 0xFC, 0x00, 0x00, 0x00, 0x00, 0xFC, 0x00, 0x00, 0x00, 0x00, 0xFC, 0x00, 0x00, 0x00, 0x00, 0xFC, 0x00, 0x00, 0x00, 0x00, 0xFC, 0x00, 0x00, 0x00, 0x00, 0xFC, 0x00, 0x00, 0x00, 0x00, 0xFC, 0x07, 0xFC, 0x00, 0x00, 0xFC, 0x3F, 0xFF, 0x00, 0x00, 0xFC, 0x7F, 0xFF, 0xC0, 0x00, 0xFC, 0xFF, 0xFF, 0xE0, 0x00, 0xFD, 0xFF, 0xFF, 0xF0, 0x00, 0xFF, 0xFF, 0xFF, 0xF8, 0x00, 0xFF, 0xF0, 0x0F, 0xFC, 0x00, 0xFF, 0xC0, 0x03, 0xFC, 0x00, 0xFF, 0x80, 0x01, 0xFE, 0x00, 0xFF, 0x00, 0x00, 0xFE, 0x00, 0xFF, 0x00, 0x00, 0x7F, 0x00, 0xFE, 0x00, 0x00, 0x7F, 0x00, 0xFE, 0x00, 0x00, 0x3F, 0x00, 0xFC, 0x00, 0x00, 0x3F, 0x00, 0xFC, 0x00, 0x00, 0x3F, 0x80, 0xFC, 0x00, 0x00, 0x3F, 0x80, 0xFC, 0x00, 0x00, 0x3F, 0x80, 0xFC, 0x00, 0x00, 0x3F, 0x80, 0xFC, 0x00, 0x00, 0x3F, 0x80, 0xFC, 0x00, 0x00, 0x3F, 0x80, 0xFC, 0x00, 0x00, 0x3F, 0x00, 0xFE, 0x00, 0x00, 0x3F, 0x00, 0xFE, 0x00, 0x00, 0x7F, 0x00, 0xFE, 0x00, 0x00, 0x7F, 0x00, 0xFF, 0x00, 0x00, 0xFE, 0x00, 0xFF, 0x80, 0x01, 0xFE, 0x00, 0xFF, 0xC0, 0x03, 0xFE, 0x00, 0xFF, 0xF0, 0x07, 0xFC, 0x00, 0xFF, 0xFE, 0x3F, 0xF8, 0x00, 0xFF, 0xFF, 0xFF, 0xF0, 0x00, 0xFD, 0xFF, 0xFF, 0xF0, 0x00, 0xFC, 0xFF, 0xFF, 0xC0, 0x00, 0xFC, 0x3F, 0xFF, 0x80, 0x00, 0xFC, 0x0F, 0xFE, 0x00, 0x00, 0x00, 0x01, 0xF0, 0x00, 0x00
};

const uint8_t lexend64_char_99[] = {
    0x00, 0x1F, 0xF8, 0x00, 0x00, 0xFF, 0xFF, 0x00, 0x01, 0xFF, 0xFF, 0xC0, 0x07, 0xFF, 0xFF, 0xE0, 0x0F, 0xFF, 0xFF, 0xF0, 0x0F, 0xFF, 0xFF, 0xF8, 0x1F, 0xF0, 0x0F, 0xFC, 0x3F, 0xE0, 0x03, 0xF8, 0x3F, 0x80, 0x00, 0xF0, 0x7F, 0x00, 0x00, 0x60, 0x7F, 0x00, 0x00, 0x40, 0xFE, 0x00, 0x00, 0x00, 0xFE, 0x00, 0x00, 0x00, 0xFC, 0x00, 0x00, 0x00, 0xFC, 0x00, 0x00, 0x00, 0xFC, 0x00, 0x00, 0x00, 0xFC, 0x00, 0x00, 0x00, 0xFC, 0x00, 0x00, 0x00, 0xFC, 0x00, 0x00, 0x00, 0xFC, 0x00, 0x00, 0x00, 0xFC, 0x00, 0x00, 0x00, 0xFE, 0x00, 0x00, 0x00, 0xFE, 0x00, 0x00, 0x00, 0x7F, 0x00, 0x00, 0x00, 0x7F, 0x00, 0x00, 0x60, 0x7F, 0x80, 0x00, 0xF0, 0x3F, 0xC0, 0x01, 0xF0, 0x1F, 0xF0, 0x07, 0xF8, 0x1F, 0xFE, 0x3F, 0xFC, 0x0F, 0xFF, 0xFF, 0xF0, 0x07, 0xFF, 0xFF, 0xE0, 0x03, 0xFF, 0xFF, 0xC0, 0x00, 0xFF, 0xFF, 0x00, 0x00, 0x3F, 0xFC, 0x00, 0x00, 0x03, 0xC0, 0x00
};

const uint8_t lexend64_char_100[] = {
    0x00, 0x00, 0x00, 0x3F, 0x80, 0x00, 0x00, 0x00, 0x3F, 0x80, 0x00, 0x00, 0x00, 0x3F, 0x80, 0x00, 0x00, 0x00, 0x3F, 0x80, 0x00, 0x00, 0x00, 0x3F, 0x80, 0x00, 0x00, 0x00, 0x3F, 0x80, 0x00, 0x00, 0x00, 0x3F, 0x80, 0x00, 0x00, 0x00, 0x3F, 0x80, 0x00, 0x00, 0x00, 0x3F, 0x80, 0x00, 0x00, 0x00, 0x3F, 0x80, 0x00, 0x00, 0x00, 0x3F, 0x80, 0x00, 0x00, 0x00, 0x3F, 0x80, 0x00, 0x00, 0x00, 0x3F, 0x80, 0x00, 0x3F, 0xF0, 0x3F, 0x80, 0x00, 0xFF, 0xFE, 0x3F, 0x80, 0x03, 0xFF, 0xFF, 0x3F, 0x80, 0x07, 0xFF, 0xFF, 0xBF, 0x80, 0x0F, 0xFF, 0xFF, 0xFF, 0x80, 0x1F, 0xFE, 0x3F, 0xFF, 0x80, 0x1F, 0xF0, 0x07, 0xFF, 0x80, 0x3F, 0xC0, 0x01, 0xFF, 0x80, 0x7F, 0x80, 0x00, 0xFF, 0x80, 0x7F, 0x80, 0x00, 0xFF, 0x80, 0x7F, 0x00, 0x00, 0x7F, 0x80, 0xFE, 0x00, 0x00, 0x3F, 0x80, 0xFE, 0x00, 0x00, 0x3F, 0x80, 0xFE, 0x00, 0x00, 0x3F, 0x80, 0xFC, 0x00, 0x00, 0x1F, 0x80, 0xFC, 0x00, 0x00, 0x1F, 0x80, 0xFC, 0x00, 0x00, 0x1F, 0x80, 0xFC, 0x00, 0x00, 0x1F, 0x80, 0xFC, 0x00, 0x00, 0x1F, 0x80, 0xFC, 0x00, 0x00, 0x1F, 0x80, 0xFE, 0x00, 0x00, 0x3F, 0x80, 0xFE, 0x00, 0x00, 0x3F, 0x80, 0xFE, 0x00, 0x00, 0x3F, 0x80, 0xFF, 0x00, 0x00, 0x7F, 0x80, 0x7F, 0x00, 0x00, 0x7F, 0x80, 0x7F, 0x80, 0x00, 0xFF, 0x80, 0x3F, 0xC0, 0x01, 0xFF, 0x80, 0x3F, 0xE0, 0x03, 0xFF, 0x80, 0x1F, 0xFC, 0x0F, 0xFF, 0x80, 0x0F, 0xFF, 0xFF, 0xFF, 0x80, 0x07, 0xFF, 0xFF, 0xFF, 0x80, 0x03, 0xFF, 0xFF, 0x3F, 0x80, 0x00, 0xFF, 0xFE, 0x3F, 0x80, 0x00, 0x3F, 0xF8, 0x3F, 0x80, 0x00, 0x07, 0x80, 0x00, 0x00
};

const uint8_t lexend64_char_101[] = {
    0x00, 0x1F, 0xFC, 0x00, 0x00, 0x7F, 0xFF, 0x00, 0x01, 0xFF, 0xFF, 0xC0, 0x03, 0xFF, 0xFF, 0xE0, 0x07, 0xFF, 0xFF, 0xF0, 0x0F, 0xFF, 0xFF, 0xF8, 0x1F, 0xF0, 0x0F, 0xF8, 0x3F, 0xC0, 0x03, 0xFC, 0x3F, 0x80, 0x01, 0xFE, 0x7F, 0x00, 0x00, 0xFE, 0x7E, 0x00, 0x00, 0xFE, 0xFE, 0x00, 0x00, 0x7F, 0xFE, 0x00, 0x00, 0x7F, 0xFC, 0x00, 0x00, 0x7F, 0xFF, 0xFF, 0xFF, 0xFF, 0xFF, 0xFF, 0xFF, 0xFF, 0xFF, 0xFF, 0xFF, 0xFF, 0xFF, 0xFF, 0xFF, 0xFF, 0xFF, 0xFF, 0xFF, 0xFF, 0xFC, 0x00, 0x00, 0x00, 0xFC, 0x00, 0x00, 0x00, 0xFE, 0x00, 0x00, 0x00, 0xFE, 0x00, 0x00, 0x00, 0xFF, 0x00, 0x00, 0x00, 0x7F, 0x00, 0x00, 0x00, 0x7F, 0x80, 0x00, 0x30, 0x3F, 0xE0, 0x00, 0x70, 0x3F, 0xF0, 0x01, 0xF8, 0x1F, 0xFF, 0x0F, 0xFC, 0x0F, 0xFF, 0xFF, 0xFE, 0x07, 0xFF, 0xFF, 0xF8, 0x01, 0xFF, 0xFF, 0xF0, 0x00, 0xFF, 0xFF, 0xC0, 0x00, 0x3F, 0xFF, 0x00, 0x00, 0x01, 0xE0, 0x00
};

const uint8_t lexend64_char_102[] = {
    0x00, 0x1F, 0xE0, 0x00, 0x7F, 0xF8, 0x00, 0xFF, 0xFC, 0x01, 0xFF, 0xFC, 0x01, 0xFF, 0xF8, 0x03, 0xFF, 0xF8, 0x03, 0xF8, 0x30, 0x07, 0xF0, 0x10, 0x07, 0xF0, 0x00, 0x07, 0xF0, 0x00, 0x07, 0xF0, 0x00, 0x07, 0xF0, 0x00, 0x07, 0xF0, 0x00, 0x07, 0xF0, 0x00, 0xFF, 0xFF, 0xF0, 0xFF, 0xFF, 0xF0, 0xFF, 0xFF, 0xF0, 0xFF, 0xFF, 0xF0, 0xFF, 0xFF, 0xF0, 0xFF, 0xFF, 0xF0, 0x07, 0xF0, 0x00, 0x07, 0xF0, 0x00, 0x07, 0xF0, 0x00, 0x07, 0xF0, 0x00, 0x07, 0xF0, 0x00, 0x07, 0xF0, 0x00, 0x07, 0xF0, 0x00, 0x07, 0xF0, 0x00, 0x07, 0xF0, 0x00, 0x07, 0xF0, 0x00, 0x07, 0xF0, 0x00, 0x07, 0xF0, 0x00, 0x07, 0xF0, 0x00, 0x07, 0xF0, 0x00, 0x07, 0xF0, 0x00, 0x07, 0xF0, 0x00, 0x07, 0xF0, 0x00, 0x07, 0xF0, 0x00, 0x07, 0xF0, 0x00, 0x07, 0xF0, 0x00, 0x07, 0xF0, 0x00, 0x07, 0xF0, 0x00, 0x07, 0xF0, 0x00, 0x07, 0xF0, 0x00, 0x07, 0xF0, 0x00, 0x07, 0xF0, 0x00, 0x07, 0xF0, 0x00
};

const uint8_t lexend64_char_103[] = {
    0x00, 0x1F, 0xF8, 0x1F, 0xC0, 0x00, 0xFF, 0xFE, 0x1F, 0xC0, 0x01, 0xFF, 0xFF, 0x9F, 0xC0, 0x07, 0xFF, 0xFF, 0xDF, 0xC0, 0x0F, 0xFF, 0xFF, 0xFF, 0xC0, 0x1F, 0xFF, 0xFF, 0xFF, 0xC0, 0x1F, 0xF8, 0x07, 0xFF, 0xC0, 0x3F, 0xE0, 0x01, 0xFF, 0xC0, 0x3F, 0xC0, 0x00, 0xFF, 0xC0, 0x7F, 0x80, 0x00, 0x7F, 0xC0, 0x7F, 0x00, 0x00, 0x3F, 0xC0, 0xFF, 0x00, 0x00, 0x3F, 0xC0, 0xFE, 0x00, 0x00, 0x1F, 0xC0, 0xFE, 0x00, 0x00, 0x1F, 0xC0, 0xFE, 0x00, 0x00, 0x1F, 0xC0, 0xFC, 0x00, 0x00, 0x1F, 0xC0, 0xFC, 0x00, 0x00, 0x0F, 0xC0, 0xFC, 0x00, 0x00, 0x0F, 0xC0, 0xFC, 0x00, 0x00, 0x0F, 0xC0, 0xFC, 0x00, 0x00, 0x1F, 0xC0, 0xFE, 0x00, 0x00, 0x1F, 0xC0, 0xFE, 0x00, 0x00, 0x1F, 0xC0, 0xFE, 0x00, 0x00, 0x1F, 0xC0, 0x7F, 0x00, 0x00, 0x3F, 0xC0, 0x7F, 0x80, 0x00, 0x7F, 0xC0, 0x7F, 0x80, 0x00, 0xFF, 0xC0, 0x3F, 0xE0, 0x01, 0xFF, 0xC0, 0x1F, 0xF0, 0x03, 0xFF, 0xC0, 0x1F, 0xFF, 0x3F, 0xFF, 0xC0, 0x0F, 0xFF, 0xFF, 0xFF, 0xC0, 0x07, 0xFF, 0xFF, 0xDF, 0xC0, 0x03, 0xFF, 0xFF, 0x9F, 0xC0, 0x00, 0xFF, 0xFE, 0x1F, 0xC0, 0x00, 0x3F, 0xFC, 0x1F, 0xC0, 0x00, 0x03, 0xC0, 0x1F, 0xC0, 0x00, 0x00, 0x00, 0x1F, 0xC0, 0x00, 0x00, 0x00, 0x1F, 0x80, 0x00, 0x00, 0x00, 0x3F, 0x80, 0x00, 0x00, 0x00, 0x3F, 0x80, 0x00, 0x00, 0x00, 0x7F, 0x80, 0x03, 0x00, 0x00, 0xFF, 0x00, 0x07, 0xC0, 0x01, 0xFF, 0x00, 0x07, 0xF8, 0x0F, 0xFE, 0x00, 0x0F, 0xFF, 0xFF, 0xFC, 0x00, 0x0F, 0xFF, 0xFF, 0xF8, 0x00, 0x07, 0xFF, 0xFF, 0xF0, 0x00, 0x01, 0xFF, 0xFF, 0xC0, 0x00, 0x00, 0x7F, 0xFF, 0x00, 0x00, 0x00, 0x07, 0xF0, 0x00, 0x00
};

const uint8_t lexend64_char_104[] = {
    0xFC, 0x00, 0x00, 0x00, 0xFC, 0x00, 0x00, 0x00, 0xFC, 0x00, 0x00, 0x00, 0xFC, 0x00, 0x00, 0x00, 0xFC, 0x00, 0x00, 0x00, 0xFC, 0x00, 0x00, 0x00, 0xFC, 0x00, 0x00, 0x00, 0xFC, 0x00, 0x00, 0x00, 0xFC, 0x00, 0x00, 0x00, 0xFC, 0x00, 0x00, 0x00, 0xFC, 0x00, 0x00, 0x00, 0xFC, 0x00, 0x00, 0x00, 0xFC, 0x00, 0x00, 0x00, 0xFC, 0x07, 0xFC, 0x00, 0xFC, 0x1F, 0xFF, 0x00, 0xFC, 0x7F, 0xFF, 0x80, 0xFC, 0xFF, 0xFF, 0xC0, 0xFD, 0xFF, 0xFF, 0xE0, 0xFF, 0xFF, 0xFF, 0xE0, 0xFF, 0xE0, 0x1F, 0xF0, 0xFF, 0x80, 0x0F, 0xF0, 0xFF, 0x00, 0x07, 0xF0, 0xFE, 0x00, 0x07, 0xF0, 0xFE, 0x00, 0x03, 0xF8, 0xFC, 0x00, 0x03, 0xF8, 0xFC, 0x00, 0x03, 0xF8, 0xFC, 0x00, 0x03, 0xF8, 0xFC, 0x00, 0x03, 0xF8, 0xFC, 0x00, 0x03, 0xF8, 0xFC, 0x00, 0x03, 0xF8, 0xFC, 0x00, 0x03, 0xF8, 0xFC, 0x00, 0x03, 0xF8, 0xFC, 0x00, 0x03, 0xF8, 0xFC, 0x00, 0x03, 0xF8, 0xFC, 0x00, 0x03, 0xF8, 0xFC, 0x00, 0x03, 0xF8, 0xFC, 0x00, 0x03, 0xF8, 0xFC, 0x00, 0x03, 0xF8, 0xFC, 0x00, 0x03, 0xF8, 0xFC, 0x00, 0x03, 0xF8, 0xFC, 0x00, 0x03, 0xF8, 0xFC, 0x00, 0x03, 0xF8, 0xFC, 0x00, 0x03, 0xF8, 0xFC, 0x00, 0x03, 0xF8, 0xFC, 0x00, 0x03, 0xF8, 0xFC, 0x00, 0x03, 0xF8, 0xFC, 0x00, 0x03, 0xF8
};

const uint8_t lexend64_char_105[] = {
    0x3F, 0x00, 0x7F, 0x80, 0x7F, 0x80, 0xFF, 0x80, 0x7F, 0x80, 0x7F, 0x80, 0x7F, 0x00, 0x3E, 0x00, 0x00, 0x00, 0x00, 0x00, 0x00, 0x00, 0x00, 0x00, 0x00, 0x00, 0x00, 0x00, 0x00, 0x00, 0x3F, 0x00, 0x3F, 0x00, 0x3F, 0x00, 0x3F, 0x00, 0x3F, 0x00, 0x3F, 0x00, 0x3F, 0x00, 0x3F, 0x00, 0x3F, 0x00, 0x3F, 0x00, 0x3F, 0x00, 0x3F, 0x00, 0x3F, 0x00, 0x3F, 0x00, 0x3F, 0x00, 0x3F, 0x00, 0x3F, 0x00, 0x3F, 0x00, 0x3F, 0x00, 0x3F, 0x00, 0x3F, 0x00, 0x3F, 0x00, 0x3F, 0x00, 0x3F, 0x00, 0x3F, 0x00, 0x3F, 0x00, 0x3F, 0x00, 0x3F, 0x00, 0x3F, 0x00, 0x3F, 0x00, 0x3F, 0x00, 0x3F, 0x00, 0x3F, 0x00, 0x3F, 0x00
};

const uint8_t lexend64_char_106[] = {
    0x00, 0xFC, 0x01, 0xFE, 0x01, 0xFE, 0x01, 0xFE, 0x01, 0xFE, 0x01, 0xFE, 0x01, 0xFC, 0x00, 0x78, 0x00, 0x00, 0x00, 0x00, 0x00, 0x00, 0x00, 0x00, 0x00, 0x00, 0x00, 0x00, 0x00, 0x00, 0x01, 0xFC, 0x01, 0xFC, 0x01, 0xFC, 0x01, 0xFC, 0x01, 0xFC, 0x01, 0xFC, 0x01, 0xFC, 0x01, 0xFC, 0x01, 0xFC, 0x01, 0xFC, 0x01, 0xFC, 0x01, 0xFC, 0x01, 0xFC, 0x01, 0xFC, 0x01, 0xFC, 0x01, 0xFC, 0x01, 0xFC, 0x01, 0xFC, 0x01, 0xFC, 0x01, 0xFC, 0x01, 0xFC, 0x01, 0xFC, 0x01, 0xFC, 0x01, 0xFC, 0x01, 0xFC, 0x01, 0xFC, 0x01, 0xFC, 0x01, 0xFC, 0x01, 0xFC, 0x01, 0xFC, 0x01, 0xFC, 0x01, 0xFC, 0x01, 0xFC, 0x01, 0xFC, 0x01, 0xFC, 0x01, 0xFC, 0x01, 0xFC, 0x01, 0xFC, 0x03, 0xFC, 0x03, 0xF8, 0x07, 0xF8, 0xFF, 0xF8, 0x7F, 0xF0, 0x7F, 0xE0, 0x3F, 0xC0, 0x3F, 0x00, 0x10, 0x00
};

const uint8_t lexend64_char_107[] = {
    0xFC, 0x00, 0x00, 0x00, 0xFC, 0x00, 0x00, 0x00, 0xFC, 0x00, 0x00, 0x00, 0xFC, 0x00, 0x00, 0x00, 0xFC, 0x00, 0x00, 0x00, 0xFC, 0x00, 0x00, 0x00, 0xFC, 0x00, 0x00, 0x00, 0xFC, 0x00, 0x00, 0x00, 0xFC, 0x00, 0x00, 0x00, 0xFC, 0x00, 0x00, 0x00, 0xFC, 0x00, 0x00, 0x00, 0xFC, 0x00, 0x00, 0x00, 0xFC, 0x00, 0x00, 0x00, 0xFC, 0x00, 0x07, 0xFC, 0xFC, 0x00, 0x0F, 0xF8, 0xFC, 0x00, 0x1F, 0xF0, 0xFC, 0x00, 0x3F, 0xE0, 0xFC, 0x00, 0x7F, 0xC0, 0xFC, 0x00, 0xFF, 0x80, 0xFC, 0x01, 0xFF, 0x00, 0xFC, 0x03, 0xFE, 0x00, 0xFC, 0x07, 0xFC, 0x00, 0xFC, 0x0F, 0xF8, 0x00, 0xFC, 0x1F, 0xF0, 0x00, 0xFC, 0x3F, 0xC0, 0x00, 0xFC, 0x7F, 0x80, 0x00, 0xFC, 0xFF, 0x00, 0x00, 0xFD, 0xFE, 0x00, 0x00, 0xFF, 0xFE, 0x00, 0x00, 0xFF, 0xFF, 0x00, 0x00, 0xFF, 0xFF, 0x80, 0x00, 0xFF, 0xFF, 0x80, 0x00, 0xFF, 0xFF, 0xC0, 0x00, 0xFF, 0x9F, 0xE0, 0x00, 0xFF, 0x0F, 0xF0, 0x00, 0xFE, 0x0F, 0xF8, 0x00, 0xFC, 0x07, 0xFC, 0x00, 0xFC, 0x03, 0xFE, 0x00, 0xFC, 0x01, 0xFE, 0x00, 0xFC, 0x00, 0xFF, 0x00, 0xFC, 0x00, 0x7F, 0x80, 0xFC, 0x00, 0x3F, 0xC0, 0xFC, 0x00, 0x3F, 0xE0, 0xFC, 0x00, 0x1F, 0xF0, 0xFC, 0x00, 0x0F, 0xF8, 0xFC, 0x00, 0x07, 0xF8, 0xFC, 0x00, 0x03, 0xFE
};

const uint8_t lexend64_char_108[] = {
    0xFC, 0xFC, 0xFC, 0xFC, 0xFC, 0xFC, 0xFC, 0xFC, 0xFC, 0xFC, 0xFC, 0xFC, 0xFC, 0xFC, 0xFC, 0xFC, 0xFC, 0xFC, 0xFC, 0xFC, 0xFC, 0xFC, 0xFC, 0xFC, 0xFC, 0xFC, 0xFC, 0xFC, 0xFC, 0xFC, 0xFC, 0xFC, 0xFC, 0xFC, 0xFC, 0xFC, 0xFC, 0xFC, 0xFC, 0xFC, 0xFC, 0xFC, 0xFC, 0xFC, 0xFC, 0xFC, 0xFC
};

const uint8_t lexend64_char_109[] = {
    0xFE, 0x03, 0xFC, 0x00, 0x0F, 0xF0, 0x00, 0xFE, 0x0F, 0xFF, 0x00, 0x7F, 0xFC, 0x00, 0xFE, 0x3F, 0xFF, 0x80, 0xFF, 0xFE, 0x00, 0xFE, 0x7F, 0xFF, 0xC1, 0xFF, 0xFF, 0x00, 0xFE, 0xFF, 0xFF, 0xE3, 0xFF, 0xFF, 0x80, 0xFF, 0xFF, 0xFF, 0xE7, 0xFF, 0xFF, 0x80, 0xFF, 0xF0, 0x3F, 0xFF, 0xC0, 0xFF, 0xC0, 0xFF, 0xC0, 0x0F, 0xFF, 0x00, 0x3F, 0xC0, 0xFF, 0x80, 0x07, 0xFE, 0x00, 0x1F, 0xC0, 0xFF, 0x00, 0x07, 0xFC, 0x00, 0x1F, 0xC0, 0xFF, 0x00, 0x03, 0xFC, 0x00, 0x0F, 0xE0, 0xFE, 0x00, 0x03, 0xF8, 0x00, 0x0F, 0xE0, 0xFE, 0x00, 0x03, 0xF8, 0x00, 0x0F, 0xE0, 0xFE, 0x00, 0x03, 0xF8, 0x00, 0x0F, 0xE0, 0xFE, 0x00, 0x03, 0xF8, 0x00, 0x0F, 0xE0, 0xFE, 0x00, 0x03, 0xF8, 0x00, 0x0F, 0xE0, 0xFE, 0x00, 0x03, 0xF8, 0x00, 0x0F, 0xE0, 0xFE, 0x00, 0x03, 0xF8, 0x00, 0x0F, 0xE0, 0xFE, 0x00, 0x03, 0xF8, 0x00, 0x0F, 0xE0, 0xFE, 0x00, 0x03, 0xF8, 0x00, 0x0F, 0xE0, 0xFE, 0x00, 0x03, 0xF8, 0x00, 0x0F, 0xE0, 0xFE, 0x00, 0x03, 0xF8, 0x00, 0x0F, 0xE0, 0xFE, 0x00, 0x03, 0xF8, 0x00, 0x0F, 0xE0, 0xFE, 0x00, 0x03, 0xF8, 0x00, 0x0F, 0xE0, 0xFE, 0x00, 0x03, 0xF8, 0x00, 0x0F, 0xE0, 0xFE, 0x00, 0x03, 0xF8, 0x00, 0x0F, 0xE0, 0xFE, 0x00, 0x03, 0xF8, 0x00, 0x0F, 0xE0, 0xFE, 0x00, 0x03, 0xF8, 0x00, 0x0F, 0xE0, 0xFE, 0x00, 0x03, 0xF8, 0x00, 0x0F, 0xE0, 0xFE, 0x00, 0x03, 0xF8, 0x00, 0x0F, 0xE0, 0xFE, 0x00, 0x03, 0xF8, 0x00, 0x0F, 0xE0, 0xFE, 0x00, 0x03, 0xF8, 0x00, 0x0F, 0xE0, 0xFE, 0x00, 0x03, 0xF8, 0x00, 0x0F, 0xE0, 0xFE, 0x00, 0x03, 0xF8, 0x00, 0x0F, 0xE0
};

const uint8_t lexend64_char_110[] = {
    0xFC, 0x07, 0xFC, 0x00, 0xFC, 0x1F, 0xFF, 0x00, 0xFC, 0x7F, 0xFF, 0x80, 0xFC, 0xFF, 0xFF, 0xC0, 0xFD, 0xFF, 0xFF, 0xE0, 0xFF, 0xFF, 0xFF, 0xE0, 0xFF, 0xE0, 0x1F, 0xF0, 0xFF, 0x80, 0x0F, 0xF0, 0xFF, 0x00, 0x07, 0xF0, 0xFE, 0x00, 0x07, 0xF0, 0xFE, 0x00, 0x03, 0xF8, 0xFC, 0x00, 0x03, 0xF8, 0xFC, 0x00, 0x03, 0xF8, 0xFC, 0x00, 0x03, 0xF8, 0xFC, 0x00, 0x03, 0xF8, 0xFC, 0x00, 0x03, 0xF8, 0xFC, 0x00, 0x03, 0xF8, 0xFC, 0x00, 0x03, 0xF8, 0xFC, 0x00, 0x03, 0xF8, 0xFC, 0x00, 0x03, 0xF8, 0xFC, 0x00, 0x03, 0xF8, 0xFC, 0x00, 0x03, 0xF8, 0xFC, 0x00, 0x03, 0xF8, 0xFC, 0x00, 0x03, 0xF8, 0xFC, 0x00, 0x03, 0xF8, 0xFC, 0x00, 0x03, 0xF8, 0xFC, 0x00, 0x03, 0xF8, 0xFC, 0x00, 0x03, 0xF8, 0xFC, 0x00, 0x03, 0xF8, 0xFC, 0x00, 0x03, 0xF8, 0xFC, 0x00, 0x03, 0xF8, 0xFC, 0x00, 0x03, 0xF8, 0xFC, 0x00, 0x03, 0xF8, 0xFC, 0x00, 0x03, 0xF8
};

const uint8_t lexend64_char_111[] = {
    0x00, 0x1F, 0xFC, 0x00, 0x00, 0x00, 0x7F, 0xFF, 0x80, 0x00, 0x01, 0xFF, 0xFF, 0xC0, 0x00, 0x03, 0xFF, 0xFF, 0xF0, 0x00, 0x07, 0xFF, 0xFF, 0xF8, 0x00, 0x0F, 0xFF, 0xFF, 0xFC, 0x00, 0x1F, 0xF8, 0x07, 0xFC, 0x00, 0x3F, 0xE0, 0x01, 0xFE, 0x00, 0x3F, 0xC0, 0x00, 0xFF, 0x00, 0x7F, 0x80, 0x00, 0x7F, 0x00, 0x7F, 0x00, 0x00, 0x7F, 0x80, 0xFE, 0x00, 0x00, 0x3F, 0x80, 0xFE, 0x00, 0x00, 0x3F, 0x80, 0xFE, 0x00, 0x00, 0x1F, 0x80, 0xFC, 0x00, 0x00, 0x1F, 0xC0, 0xFC, 0x00, 0x00, 0x1F, 0xC0, 0xFC, 0x00, 0x00, 0x1F, 0xC0, 0xFC, 0x00, 0x00, 0x1F, 0xC0, 0xFC, 0x00, 0x00, 0x1F, 0xC0, 0xFC, 0x00, 0x00, 0x1F, 0xC0, 0xFE, 0x00, 0x00, 0x1F, 0xC0, 0xFE, 0x00, 0x00, 0x3F, 0x80, 0xFE, 0x00, 0x00, 0x3F, 0x80, 0x7F, 0x00, 0x00, 0x3F, 0x80, 0x7F, 0x00, 0x00, 0x7F, 0x00, 0x7F, 0x80, 0x00, 0xFF, 0x00, 0x3F, 0xC0, 0x01, 0xFE, 0x00, 0x1F, 0xF0, 0x07, 0xFE, 0x00, 0x1F, 0xFE, 0x3F, 0xFC, 0x00, 0x0F, 0xFF, 0xFF, 0xF8, 0x00, 0x07, 0xFF, 0xFF, 0xF0, 0x00, 0x01, 0xFF, 0xFF, 0xE0, 0x00, 0x00, 0xFF, 0xFF, 0x80, 0x00, 0x00, 0x3F, 0xFE, 0x00, 0x00, 0x00, 0x03, 0xE0, 0x00, 0x00
};

const uint8_t lexend64_char_112[] = {
    0xFC, 0x07, 0xFC, 0x00, 0x00, 0xFC, 0x1F, 0xFF, 0x00, 0x00, 0xFC, 0x7F, 0xFF, 0xC0, 0x00, 0xFC, 0xFF, 0xFF, 0xE0, 0x00, 0xFD, 0xFF, 0xFF, 0xF0, 0x00, 0xFF, 0xFF, 0xFF, 0xF8, 0x00, 0xFF, 0xF8, 0x0F, 0xFC, 0x00, 0xFF, 0xE0, 0x03, 0xFC, 0x00, 0xFF, 0x80, 0x01, 0xFE, 0x00, 0xFF, 0x00, 0x00, 0xFE, 0x00, 0xFF, 0x00, 0x00, 0x7F, 0x00, 0xFE, 0x00, 0x00, 0x7F, 0x00, 0xFE, 0x00, 0x00, 0x3F, 0x00, 0xFC, 0x00, 0x00, 0x3F, 0x80, 0xFC, 0x00, 0x00, 0x3F, 0x80, 0xFC, 0x00, 0x00, 0x3F, 0x80, 0xFC, 0x00, 0x00, 0x3F, 0x80, 0xFC, 0x00, 0x00, 0x3F, 0x80, 0xFC, 0x00, 0x00, 0x3F, 0x80, 0xFC, 0x00, 0x00, 0x3F, 0x80, 0xFC, 0x00, 0x00, 0x3F, 0x80, 0xFE, 0x00, 0x00, 0x3F, 0x00, 0xFE, 0x00, 0x00, 0x7F, 0x00, 0xFF, 0x00, 0x00, 0x7F, 0x00, 0xFF, 0x00, 0x00, 0xFF, 0x00, 0xFF, 0x80, 0x01, 0xFE, 0x00, 0xFF, 0xC0, 0x03, 0xFE, 0x00, 0xFF, 0xF0, 0x07, 0xFC, 0x00, 0xFF, 0xFF, 0xFF, 0xF8, 0x00, 0xFF, 0xFF, 0xFF, 0xF0, 0x00, 0xFD, 0xFF, 0xFF, 0xF0, 0x00, 0xFC, 0xFF, 0xFF, 0xC0, 0x00, 0xFC, 0x3F, 0xFF, 0x80, 0x00, 0xFC, 0x0F, 0xFE, 0x00, 0x00, 0xFC, 0x00, 0xE0, 0x00, 0x00, 0xFC, 0x00, 0x00, 0x00, 0x00, 0xFC, 0x00, 0x00, 0x00, 0x00, 0xFC, 0x00, 0x00, 0x00, 0x00, 0xFC, 0x00, 0x00, 0x00, 0x00, 0xFC, 0x00, 0x00, 0x00, 0x00, 0xFC, 0x00, 0x00, 0x00, 0x00, 0xFC, 0x00, 0x00, 0x00, 0x00, 0xFC, 0x00, 0x00, 0x00, 0x00, 0xFC, 0x00, 0x00, 0x00, 0x00, 0xFC, 0x00, 0x00, 0x00, 0x00, 0xFC, 0x00, 0x00, 0x00, 0x00, 0xFC, 0x00, 0x00, 0x00, 0x00, 0xFC, 0x00, 0x00, 0x00, 0x00
};

const uint8_t lexend64_char_113[] = {
    0x00, 0x3F, 0xF0, 0x3F, 0x80, 0x00, 0xFF, 0xFC, 0x3F, 0x80, 0x03, 0xFF, 0xFF, 0x3F, 0x80, 0x07, 0xFF, 0xFF, 0xBF, 0x80, 0x0F, 0xFF, 0xFF, 0xFF, 0x80, 0x1F, 0xFF, 0xFF, 0xFF, 0x80, 0x1F, 0xF0, 0x0F, 0xFF, 0x80, 0x3F, 0xC0, 0x03, 0xFF, 0x80, 0x7F, 0x80, 0x01, 0xFF, 0x80, 0x7F, 0x00, 0x00, 0xFF, 0x80, 0x7F, 0x00, 0x00, 0x7F, 0x80, 0xFE, 0x00, 0x00, 0x7F, 0x80, 0xFE, 0x00, 0x00, 0x3F, 0x80, 0xFC, 0x00, 0x00, 0x3F, 0x80, 0xFC, 0x00, 0x00, 0x3F, 0x80, 0xFC, 0x00, 0x00, 0x3F, 0x80, 0xFC, 0x00, 0x00, 0x3F, 0x80, 0xFC, 0x00, 0x00, 0x3F, 0x80, 0xFC, 0x00, 0x00, 0x3F, 0x80, 0xFC, 0x00, 0x00, 0x3F, 0x80, 0xFC, 0x00, 0x00, 0x3F, 0x80, 0xFE, 0x00, 0x00, 0x3F, 0x80, 0xFE, 0x00, 0x00, 0x7F, 0x80, 0xFE, 0x00, 0x00, 0x7F, 0x80, 0x7F, 0x00, 0x00, 0xFF, 0x80, 0x7F, 0x80, 0x01, 0xFF, 0x80, 0x3F, 0xC0, 0x03, 0xFF, 0x80, 0x3F, 0xF0, 0x07, 0xFF, 0x80, 0x1F, 0xFE, 0x7F, 0xFF, 0x80, 0x0F, 0xFF, 0xFF, 0xFF, 0x80, 0x07, 0xFF, 0xFF, 0xBF, 0x80, 0x03, 0xFF, 0xFF, 0x3F, 0x80, 0x01, 0xFF, 0xFE, 0x3F, 0x80, 0x00, 0x7F, 0xF8, 0x3F, 0x80, 0x00, 0x07, 0x80, 0x3F, 0x80, 0x00, 0x00, 0x00, 0x3F, 0x80, 0x00, 0x00, 0x00, 0x3F, 0x80, 0x00, 0x00, 0x00, 0x3F, 0x80, 0x00, 0x00, 0x00, 0x3F, 0x80, 0x00, 0x00, 0x00, 0x3F, 0x80, 0x00, 0x00, 0x00, 0x3F, 0x80, 0x00, 0x00, 0x00, 0x3F, 0x80, 0x00, 0x00, 0x00, 0x3F, 0x80, 0x00, 0x00, 0x00, 0x3F, 0x80, 0x00, 0x00, 0x00, 0x3F, 0x80, 0x00, 0x00, 0x00, 0x3F, 0x80, 0x00, 0x00, 0x00, 0x3F, 0x80, 0x00, 0x00, 0x00, 0x3F, 0x80
};

const uint8_t lexend64_char_114[] = {
    0xFC, 0x07, 0xF0, 0xFC, 0x1F, 0xF0, 0xFC, 0x7F, 0xF0, 0xFC, 0xFF, 0xE0, 0xFC, 0xFF, 0xE0, 0xFD, 0xFF, 0xE0, 0xFF, 0xFF, 0xE0, 0xFF, 0xE0, 0x20, 0xFF, 0xC0, 0x00, 0xFF, 0x80, 0x00, 0xFF, 0x00, 0x00, 0xFE, 0x00, 0x00, 0xFE, 0x00, 0x00, 0xFC, 0x00, 0x00, 0xFC, 0x00, 0x00, 0xFC, 0x00, 0x00, 0xFC, 0x00, 0x00, 0xFC, 0x00, 0x00, 0xFC, 0x00, 0x00, 0xFC, 0x00, 0x00, 0xFC, 0x00, 0x00, 0xFC, 0x00, 0x00, 0xFC, 0x00, 0x00, 0xFC, 0x00, 0x00, 0xFC, 0x00, 0x00, 0xFC, 0x00, 0x00, 0xFC, 0x00, 0x00, 0xFC, 0x00, 0x00, 0xFC, 0x00, 0x00, 0xFC, 0x00, 0x00, 0xFC, 0x00, 0x00, 0xFC, 0x00, 0x00, 0xFC, 0x00, 0x00, 0xFC, 0x00, 0x00
};

const uint8_t lexend64_char_115[] = {
    0x01, 0xFF, 0xC0, 0x00, 0x07, 0xFF, 0xF0, 0x00, 0x0F, 0xFF, 0xFC, 0x00, 0x1F, 0xFF, 0xFE, 0x00, 0x3F, 0xFF, 0xFF, 0x00, 0x7F, 0xC1, 0xFF, 0x80, 0x7F, 0x00, 0x7F, 0x00, 0x7E, 0x00, 0x1E, 0x00, 0xFE, 0x00, 0x0C, 0x00, 0xFE, 0x00, 0x00, 0x00, 0xFE, 0x00, 0x00, 0x00, 0x7F, 0x00, 0x00, 0x00, 0x7F, 0x80, 0x00, 0x00, 0x7F, 0xF0, 0x00, 0x00, 0x3F, 0xFE, 0x00, 0x00, 0x3F, 0xFF, 0xC0, 0x00, 0x0F, 0xFF, 0xF0, 0x00, 0x07, 0xFF, 0xFC, 0x00, 0x01, 0xFF, 0xFE, 0x00, 0x00, 0x3F, 0xFF, 0x00, 0x00, 0x07, 0xFF, 0x00, 0x00, 0x00, 0xFF, 0x80, 0x00, 0x00, 0x3F, 0x80, 0x00, 0x00, 0x3F, 0x80, 0x00, 0x00, 0x1F, 0x80, 0x18, 0x00, 0x1F, 0x80, 0x3C, 0x00, 0x3F, 0x80, 0x7E, 0x00, 0x3F, 0x00, 0xFF, 0x80, 0x7F, 0x00, 0xFF, 0xFF, 0xFF, 0x00, 0x7F, 0xFF, 0xFE, 0x00, 0x3F, 0xFF, 0xFC, 0x00, 0x0F, 0xFF, 0xF0, 0x00, 0x03, 0xFF, 0xE0, 0x00, 0x00, 0x3E, 0x00, 0x00
};

const uint8_t lexend64_char_116[] = {
    0x01, 0xF8, 0x00, 0x01, 0xF8, 0x00, 0x01, 0xF8, 0x00, 0x01, 0xF8, 0x00, 0x01, 0xF8, 0x00, 0x01, 0xF8, 0x00, 0x01, 0xF8, 0x00, 0x01, 0xF8, 0x00, 0xFF, 0xFF, 0xF8, 0xFF, 0xFF, 0xF8, 0xFF, 0xFF, 0xF8, 0xFF, 0xFF, 0xF8, 0xFF, 0xFF, 0xF8, 0xFF, 0xFF, 0xF8, 0xFF, 0xFF, 0xF8, 0x01, 0xF8, 0x00, 0x01, 0xF8, 0x00, 0x01, 0xF8, 0x00, 0x01, 0xF8, 0x00, 0x01, 0xF8, 0x00, 0x01, 0xF8, 0x00, 0x01, 0xF8, 0x00, 0x01, 0xF8, 0x00, 0x01, 0xF8, 0x00, 0x01, 0xF8, 0x00, 0x01, 0xF8, 0x00, 0x01, 0xF8, 0x00, 0x01, 0xF8, 0x00, 0x01, 0xF8, 0x00, 0x01, 0xF8, 0x00, 0x01, 0xF8, 0x00, 0x01, 0xF8, 0x00, 0x01, 0xF8, 0x00, 0x01, 0xF8, 0x00, 0x01, 0xF8, 0x00, 0x01, 0xF8, 0x00, 0x01, 0xF8, 0x00, 0x01, 0xF8, 0x00, 0x01, 0xF8, 0x00, 0x01, 0xF8, 0x00, 0x01, 0xF8, 0x00, 0x01, 0xF8, 0x00
};

const uint8_t lexend64_char_117[] = {
    0xFC, 0x00, 0x01, 0xF8, 0xFC, 0x00, 0x01, 0xF8, 0xFC, 0x00, 0x01, 0xF8, 0xFC, 0x00, 0x01, 0xF8, 0xFC, 0x00, 0x01, 0xF8, 0xFC, 0x00, 0x01, 0xF8, 0xFC, 0x00, 0x01, 0xF8, 0xFC, 0x00, 0x01, 0xF8, 0xFC, 0x00, 0x01, 0xF8, 0xFC, 0x00, 0x01, 0xF8, 0xFC, 0x00, 0x01, 0xF8, 0xFC, 0x00, 0x01, 0xF8, 0xFC, 0x00, 0x01, 0xF8, 0xFC, 0x00, 0x01, 0xF8, 0xFC, 0x00, 0x01, 0xF8, 0xFC, 0x00, 0x01, 0xF8, 0xFC, 0x00, 0x01, 0xF8, 0xFC, 0x00, 0x01, 0xF8, 0xFC, 0x00, 0x01, 0xF8, 0xFC, 0x00, 0x01, 0xF8, 0xFC, 0x00, 0x01, 0xF8, 0xFC, 0x00, 0x03, 0xF8, 0xFE, 0x00, 0x03, 0xF8, 0xFE, 0x00, 0x03, 0xF8, 0xFE, 0x00, 0x03, 0xF8, 0xFF, 0x00, 0x07, 0xF8, 0xFF, 0x00, 0x0F, 0xF8, 0x7F, 0x80, 0x1F, 0xF8, 0x7F, 0xF0, 0x7F, 0xF8, 0x3F, 0xFF, 0xFD, 0xF8, 0x3F, 0xFF, 0xF9, 0xF8, 0x1F, 0xFF, 0xF1, 0xF8, 0x0F, 0xFF, 0xE1, 0xF8, 0x03, 0xFF, 0x81, 0xF8, 0x00, 0x7C, 0x00, 0x00
};

const uint8_t lexend64_char_118[] = {
    0xFF, 0x00, 0x00, 0x1F, 0xC0, 0x7F, 0x00, 0x00, 0x1F, 0xC0, 0x7F, 0x00, 0x00, 0x1F, 0x80, 0x3F, 0x80, 0x00, 0x3F, 0x80, 0x3F, 0x80, 0x00, 0x3F, 0x00, 0x1F, 0xC0, 0x00, 0x7F, 0x00, 0x1F, 0xC0, 0x00, 0x7F, 0x00, 0x1F, 0xC0, 0x00, 0xFE, 0x00, 0x0F, 0xE0, 0x00, 0xFE, 0x00, 0x0F, 0xE0, 0x00, 0xFC, 0x00, 0x07, 0xF0, 0x01, 0xFC, 0x00, 0x07, 0xF0, 0x01, 0xF8, 0x00, 0x03, 0xF0, 0x03, 0xF8, 0x00, 0x03, 0xF8, 0x03, 0xF0, 0x00, 0x03, 0xF8, 0x07, 0xF0, 0x00, 0x01, 0xFC, 0x07, 0xF0, 0x00, 0x01, 0xFC, 0x07, 0xE0, 0x00, 0x00, 0xFC, 0x0F, 0xE0, 0x00, 0x00, 0xFE, 0x0F, 0xC0, 0x00, 0x00, 0xFE, 0x1F, 0xC0, 0x00, 0x00, 0x7F, 0x1F, 0x80, 0x00, 0x00, 0x7F, 0x3F, 0x80, 0x00, 0x00, 0x3F, 0xBF, 0x00, 0x00, 0x00, 0x3F, 0xBF, 0x00, 0x00, 0x00, 0x1F, 0xFF, 0x00, 0x00, 0x00, 0x1F, 0xFE, 0x00, 0x00, 0x00, 0x1F, 0xFE, 0x00, 0x00, 0x00, 0x0F, 0xFC, 0x00, 0x00, 0x00, 0x0F, 0xFC, 0x00, 0x00, 0x00, 0x07, 0xF8, 0x00, 0x00, 0x00, 0x07, 0xF8, 0x00, 0x00, 0x00, 0x03, 0xF0, 0x00, 0x00, 0x00, 0x03, 0xF0, 0x00, 0x00, 0x00, 0x03, 0xF0, 0x00, 0x00
};

const uint8_t lexend64_char_119[] = {
    0xFE, 0x00, 0x00, 0x00, 0x00, 0x3F, 0x80, 0x7E, 0x00, 0x00, 0x00, 0x00, 0x3F, 0x00, 0x7F, 0x00, 0x00, 0x00, 0x00, 0x7F, 0x00, 0x7F, 0x00, 0x00, 0x00, 0x00, 0x7F, 0x00, 0x3F, 0x00, 0x00, 0x00, 0x00, 0x7E, 0x00, 0x3F, 0x80, 0x00, 0x00, 0x00, 0xFE, 0x00, 0x3F, 0x80, 0x03, 0xE0, 0x00, 0xFE, 0x00, 0x1F, 0x80, 0x03, 0xE0, 0x00, 0xFC, 0x00, 0x1F, 0xC0, 0x07, 0xF0, 0x01, 0xFC, 0x00, 0x0F, 0xC0, 0x07, 0xF0, 0x01, 0xFC, 0x00, 0x0F, 0xC0, 0x07, 0xF8, 0x01, 0xF8, 0x00, 0x0F, 0xE0, 0x0F, 0xF8, 0x03, 0xF8, 0x00, 0x07, 0xE0, 0x0F, 0xFC, 0x03, 0xF8, 0x00, 0x07, 0xE0, 0x1F, 0xFC, 0x03, 0xF0, 0x00, 0x07, 0xF0, 0x1F, 0xFE, 0x07, 0xF0, 0x00, 0x03, 0xF0, 0x3F, 0x7E, 0x07, 0xF0, 0x00, 0x03, 0xF0, 0x3F, 0x7F, 0x07, 0xE0, 0x00, 0x03, 0xF8, 0x7E, 0x3F, 0x07, 0xE0, 0x00, 0x01, 0xF8, 0x7E, 0x3F, 0x0F, 0xE0, 0x00, 0x01, 0xF8, 0xFC, 0x1F, 0x8F, 0xC0, 0x00, 0x01, 0xFC, 0xFC, 0x1F, 0x8F, 0xC0, 0x00, 0x00, 0xFC, 0xF8, 0x1F, 0xDF, 0xC0, 0x00, 0x00, 0xFD, 0xF8, 0x0F, 0xDF, 0x80, 0x00, 0x00, 0xFF, 0xF8, 0x0F, 0xFF, 0x80, 0x00, 0x00, 0x7F, 0xF0, 0x07, 0xFF, 0x80, 0x00, 0x00, 0x7F, 0xF0, 0x07, 0xFF, 0x00, 0x00, 0x00, 0x7F, 0xE0, 0x03, 0xFF, 0x00, 0x00, 0x00, 0x3F, 0xE0, 0x03, 0xFF, 0x00, 0x00, 0x00, 0x3F, 0xE0, 0x01, 0xFE, 0x00, 0x00, 0x00, 0x3F, 0xC0, 0x01, 0xFE, 0x00, 0x00, 0x00, 0x1F, 0xC0, 0x01, 0xFE, 0x00, 0x00, 0x00, 0x1F, 0x80, 0x00, 0xFC, 0x00, 0x00, 0x00, 0x1F, 0x80, 0x00, 0xFC, 0x00, 0x00, 0x00, 0x0F, 0x80, 0x00, 0x7C, 0x00, 0x00
};

const uint8_t lexend64_char_120[] = {
    0xFF, 0x00, 0x00, 0x7F, 0x80, 0x7F, 0x80, 0x00, 0xFF, 0x00, 0x3F, 0xC0, 0x00, 0xFE, 0x00, 0x3F, 0xE0, 0x01, 0xFE, 0x00, 0x1F, 0xE0, 0x03, 0xFC, 0x00, 0x0F, 0xF0, 0x03, 0xF8, 0x00, 0x07, 0xF8, 0x07, 0xF8, 0x00, 0x07, 0xFC, 0x0F, 0xF0, 0x00, 0x03, 0xFC, 0x0F, 0xE0, 0x00, 0x01, 0xFE, 0x1F, 0xC0, 0x00, 0x00, 0xFF, 0x3F, 0xC0, 0x00, 0x00, 0x7F, 0xBF, 0x80, 0x00, 0x00, 0x7F, 0xFF, 0x00, 0x00, 0x00, 0x3F, 0xFE, 0x00, 0x00, 0x00, 0x1F, 0xFE, 0x00, 0x00, 0x00, 0x0F, 0xFC, 0x00, 0x00, 0x00, 0x0F, 0xF8, 0x00, 0x00, 0x00, 0x07, 0xF8, 0x00, 0x00, 0x00, 0x0F, 0xFC, 0x00, 0x00, 0x00, 0x1F, 0xFE, 0x00, 0x00, 0x00, 0x3F, 0xFF, 0x00, 0x00, 0x00, 0x3F, 0xFF, 0x00, 0x00, 0x00, 0x7F, 0x7F, 0x80, 0x00, 0x00, 0xFF, 0x3F, 0xC0, 0x00, 0x01, 0xFE, 0x1F, 0xE0, 0x00, 0x01, 0xFC, 0x1F, 0xF0, 0x00, 0x03, 0xF8, 0x0F, 0xF0, 0x00, 0x07, 0xF8, 0x07, 0xF8, 0x00, 0x0F, 0xF0, 0x03, 0xFC, 0x00, 0x1F, 0xE0, 0x03, 0xFE, 0x00, 0x1F, 0xC0, 0x01, 0xFE, 0x00, 0x3F, 0xC0, 0x00, 0xFF, 0x00, 0x7F, 0x80, 0x00, 0x7F, 0x80, 0xFF, 0x00, 0x00, 0x3F, 0xC0
};

const uint8_t lexend64_char_121[] = {
    0xFF, 0x00, 0x00, 0x07, 0xF8, 0x7F, 0x00, 0x00, 0x07, 0xF0, 0x7F, 0x80, 0x00, 0x0F, 0xF0, 0x3F, 0x80, 0x00, 0x0F, 0xF0, 0x3F, 0xC0, 0x00, 0x0F, 0xE0, 0x1F, 0xC0, 0x00, 0x1F, 0xE0, 0x1F, 0xE0, 0x00, 0x1F, 0xC0, 0x1F, 0xE0, 0x00, 0x3F, 0xC0, 0x0F, 0xE0, 0x00, 0x3F, 0xC0, 0x0F, 0xF0, 0x00, 0x3F, 0x80, 0x07, 0xF0, 0x00, 0x7F, 0x80, 0x07, 0xF8, 0x00, 0x7F, 0x00, 0x03, 0xF8, 0x00, 0x7F, 0x00, 0x03, 0xFC, 0x00, 0xFE, 0x00, 0x01, 0xFC, 0x00, 0xFE, 0x00, 0x01, 0xFC, 0x00, 0xFE, 0x00, 0x01, 0xFE, 0x01, 0xFC, 0x00, 0x00, 0xFE, 0x01, 0xFC, 0x00, 0x00, 0xFF, 0x03, 0xF8, 0x00, 0x00, 0x7F, 0x03, 0xF8, 0x00, 0x00, 0x7F, 0x83, 0xF8, 0x00, 0x00, 0x3F, 0x87, 0xF0, 0x00, 0x00, 0x3F, 0x87, 0xF0, 0x00, 0x00, 0x1F, 0xC7, 0xE0, 0x00, 0x00, 0x1F, 0xCF, 0xE0, 0x00, 0x00, 0x1F, 0xEF, 0xE0, 0x00, 0x00, 0x0F, 0xEF, 0xC0, 0x00, 0x00, 0x0F, 0xFF, 0xC0, 0x00, 0x00, 0x07, 0xFF, 0x80, 0x00, 0x00, 0x07, 0xFF, 0x80, 0x00, 0x00, 0x03, 0xFF, 0x80, 0x00, 0x00, 0x03, 0xFF, 0x00, 0x00, 0x00, 0x01, 0xFF, 0x00, 0x00, 0x00, 0x01, 0xFE, 0x00, 0x00, 0x00, 0x01, 0xFE, 0x00, 0x00, 0x00, 0x00, 0xFC, 0x00, 0x00, 0x00, 0x00, 0xFC, 0x00, 0x00, 0x00, 0x01, 0xFC, 0x00, 0x00, 0x00, 0x01, 0xF8, 0x00, 0x00, 0x00, 0x03, 0xF8, 0x00, 0x00, 0x00, 0x03, 0xF8, 0x00, 0x00, 0x00, 0x07, 0xF0, 0x00, 0x00, 0x00, 0x07, 0xF0, 0x00, 0x00, 0x00, 0x0F, 0xE0, 0x00, 0x00, 0x00, 0x0F, 0xE0, 0x00, 0x00, 0x00, 0x0F, 0xE0, 0x00, 0x00, 0x00, 0x1F, 0xC0, 0x00, 0x00, 0x00, 0x1F, 0xC0, 0x00, 0x00, 0x00, 0x3F, 0x80, 0x00, 0x00
};

const uint8_t lexend64_char_122[] = {
    0xFF, 0xFF, 0xFF, 0x80, 0xFF, 0xFF, 0xFF, 0x80, 0xFF, 0xFF, 0xFF, 0x80, 0xFF, 0xFF, 0xFF, 0x80, 0xFF, 0xFF, 0xFF, 0x80, 0xFF, 0xFF, 0xFF, 0x80, 0x00, 0x00, 0x7F, 0x00, 0x00, 0x00, 0xFE, 0x00, 0x00, 0x01, 0xFE, 0x00, 0x00, 0x03, 0xFC, 0x00, 0x00, 0x03, 0xF8, 0x00, 0x00, 0x07, 0xF0, 0x00, 0x00, 0x0F, 0xF0, 0x00, 0x00, 0x1F, 0xE0, 0x00, 0x00, 0x1F, 0xC0, 0x00, 0x00, 0x3F, 0x80, 0x00, 0x00, 0x7F, 0x80, 0x00, 0x00, 0xFF, 0x00, 0x00, 0x00, 0xFE, 0x00, 0x00, 0x01, 0xFC, 0x00, 0x00, 0x03, 0xFC, 0x00, 0x00, 0x07, 0xF8, 0x00, 0x00, 0x07, 0xF0, 0x00, 0x00, 0x0F, 0xE0, 0x00, 0x00, 0x1F, 0xE0, 0x00, 0x00, 0x3F, 0xC0, 0x00, 0x00, 0x3F, 0x80, 0x00, 0x00, 0x7F, 0x00, 0x00, 0x00, 0xFF, 0xFF, 0xFF, 0x80, 0xFF, 0xFF, 0xFF, 0x80, 0xFF, 0xFF, 0xFF, 0x80, 0xFF, 0xFF, 0xFF, 0x80, 0xFF, 0xFF, 0xFF, 0x80, 0xFF, 0xFF, 0xFF, 0x80
};

const uint8_t lexend64_char_123[] = {
    0x00, 0x00, 0x18, 0x00, 0x00, 0xF8, 0x00, 0x03, 0xF8, 0x00, 0x07, 0xF8, 0x00, 0x1F, 0xFC, 0x00, 0x1F, 0xE0, 0x00, 0x3F, 0xC0, 0x00, 0x3F, 0x00, 0x00, 0x7F, 0x00, 0x00, 0x7E, 0x00, 0x00, 0x7E, 0x00, 0x00, 0x7E, 0x00, 0x00, 0x7E, 0x00, 0x00, 0x7E, 0x00, 0x00, 0x7E, 0x00, 0x00, 0x7E, 0x00, 0x00, 0x7E, 0x00, 0x00, 0x7E, 0x00, 0x00, 0x7E, 0x00, 0x00, 0x7E, 0x00, 0x00, 0x7E, 0x00, 0x00, 0x7E, 0x00, 0x00, 0xFC, 0x00, 0x00, 0xFC, 0x00, 0x01, 0xFC, 0x00, 0x03, 0xF8, 0x00, 0x0F, 0xF0, 0x00, 0xFF, 0xE0, 0x00, 0xFF, 0xC0, 0x00, 0xFF, 0xC0, 0x00, 0xFF, 0xE0, 0x00, 0x1F, 0xF0, 0x00, 0x03, 0xF8, 0x00, 0x01, 0xFC, 0x00, 0x00, 0xFC, 0x00, 0x00, 0xFC, 0x00, 0x00, 0xFE, 0x00, 0x00, 0x7E, 0x00, 0x00, 0x7E, 0x00, 0x00, 0x7E, 0x00, 0x00, 0x7E, 0x00, 0x00, 0x7E, 0x00, 0x00, 0x7E, 0x00, 0x00, 0x7E, 0x00, 0x00, 0x7E, 0x00, 0x00, 0x7E, 0x00, 0x00, 0x7E, 0x00, 0x00, 0x7E, 0x00, 0x00, 0x7E, 0x00, 0x00, 0x7F, 0x00, 0x00, 0x3F, 0x00, 0x00, 0x3F, 0xC0, 0x00, 0x1F, 0xF0, 0x00, 0x1F, 0xFC, 0x00, 0x0F, 0xF8, 0x00, 0x03, 0xF8, 0x00, 0x00, 0xF8, 0x00, 0x00, 0x18
};

const uint8_t lexend64_char_124[] = {
    0xFE, 0xFE, 0xFE, 0xFE, 0xFE, 0xFE, 0xFE, 0xFE, 0xFE, 0xFE, 0xFE, 0xFE, 0xFE, 0xFE, 0xFE, 0xFE, 0xFE, 0xFE, 0xFE, 0xFE, 0xFE, 0xFE, 0xFE, 0xFE, 0xFE, 0xFE, 0xFE, 0xFE, 0xFE, 0xFE, 0xFE, 0xFE, 0xFE, 0xFE, 0xFE, 0xFE, 0xFE, 0xFE, 0xFE, 0xFE, 0xFE, 0xFE, 0xFE, 0xFE, 0xFE, 0xFE, 0xFE, 0xFE, 0xFE, 0xFE, 0xFE, 0xFE, 0xFE, 0xFE, 0xFE, 0xFE, 0xFE, 0xFE, 0xFE
};

const uint8_t lexend64_char_125[] = {
    0x40, 0x00, 0x00, 0xF8, 0x00, 0x00, 0xFE, 0x00, 0x00, 0xFF, 0x80, 0x00, 0xFF, 0xC0, 0x00, 0x3F, 0xE0, 0x00, 0x0F, 0xE0, 0x00, 0x07, 0xF0, 0x00, 0x03, 0xF0, 0x00, 0x03, 0xF0, 0x00, 0x03, 0xF0, 0x00, 0x01, 0xF8, 0x00, 0x01, 0xF8, 0x00, 0x01, 0xF8, 0x00, 0x01, 0xF8, 0x00, 0x01, 0xF8, 0x00, 0x01, 0xF8, 0x00, 0x01, 0xF0, 0x00, 0x01, 0xF0, 0x00, 0x01, 0xF0, 0x00, 0x01, 0xF8, 0x00, 0x01, 0xF8, 0x00, 0x01, 0xF8, 0x00, 0x01, 0xFC, 0x00, 0x00, 0xFC, 0x00, 0x00, 0xFE, 0x00, 0x00, 0x7F, 0xC0, 0x00, 0x3F, 0xF8, 0x00, 0x0F, 0xF8, 0x00, 0x0F, 0xF8, 0x00, 0x3F, 0xF8, 0x00, 0x7F, 0xC0, 0x00, 0xFE, 0x00, 0x00, 0xFC, 0x00, 0x01, 0xF8, 0x00, 0x01, 0xF8, 0x00, 0x01, 0xF8, 0x00, 0x01, 0xF8, 0x00, 0x01, 0xF0, 0x00, 0x01, 0xF0, 0x00, 0x01, 0xF0, 0x00, 0x01, 0xF0, 0x00, 0x01, 0xF8, 0x00, 0x01, 0xF8, 0x00, 0x01, 0xF8, 0x00, 0x01, 0xF8, 0x00, 0x01, 0xF0, 0x00, 0x03, 0xF0, 0x00, 0x03, 0xF0, 0x00, 0x03, 0xF0, 0x00, 0x07, 0xF0, 0x00, 0x0F, 0xE0, 0x00, 0x3F, 0xE0, 0x00, 0xFF, 0xC0, 0x00, 0xFF, 0x80, 0x00, 0xFE, 0x00, 0x00, 0xF8, 0x00, 0x00, 0x40, 0x00, 0x00
};

const uint8_t lexend64_char_126[] = {
    0x03, 0x80, 0x00, 0x00, 0x1F, 0xF0, 0x03, 0xE0, 0x3F, 0xFE, 0x03, 0xE0, 0x7F, 0xFF, 0x83, 0xE0, 0xFF, 0xFF, 0xFF, 0xE0, 0xFF, 0xFF, 0xFF, 0xC0, 0xF8, 0x3F, 0xFF, 0xC0, 0xF8, 0x0F, 0xFF, 0x80, 0xF0, 0x01, 0xFF, 0x00, 0x00, 0x00, 0x18, 0x00
};

// --- lexend64 Lookup Table ---
const Glyph lexend64_Table[] = {
    { 1, 1, 18, 0, lexend64_char_32 }, // ASCII 32: ' '
    { 9, 46, 15, -1, lexend64_char_33 }, // ASCII 33: '!'
    { 23, 17, 26, 28, lexend64_char_34 }, // ASCII 34: '"'
    { 39, 45, 43, 0, lexend64_char_35 }, // ASCII 35: '#'
    { 33, 56, 40, -6, lexend64_char_36 }, // ASCII 36: '$'
    { 48, 46, 54, -1, lexend64_char_37 }, // ASCII 37: '%'
    { 42, 46, 47, -1, lexend64_char_38 }, // ASCII 38: '&'
    { 9, 17, 13, 28, lexend64_char_39 }, // ASCII 39: '\''
    { 19, 57, 23, -12, lexend64_char_40 }, // ASCII 40: '('
    { 20, 57, 23, -12, lexend64_char_41 }, // ASCII 41: ')'
    { 21, 21, 25, 24, lexend64_char_42 }, // ASCII 42: '*'
    { 32, 31, 38, 3, lexend64_char_43 }, // ASCII 43: '+'
    { 11, 18, 17, -11, lexend64_char_44 }, // ASCII 44: ','
    { 19, 7, 25, 15, lexend64_char_45 }, // ASCII 45: '-'
    { 9, 10, 15, -1, lexend64_char_46 }, // ASCII 46: '.'
    { 33, 53, 36, -8, lexend64_char_47 }, // ASCII 47: '/'
    { 33, 46, 39, -1, lexend64_char_48 }, // ASCII 48: '0'
    { 22, 45, 32, 0, lexend64_char_49 }, // ASCII 49: '1'
    { 30, 45, 35, 0, lexend64_char_50 }, // ASCII 50: '2'
    { 31, 46, 34, -1, lexend64_char_51 }, // ASCII 51: '3'
    { 35, 45, 40, 0, lexend64_char_52 }, // ASCII 52: '4'
    { 31, 45, 36, 0, lexend64_char_53 }, // ASCII 53: '5'
    { 30, 46, 36, 0, lexend64_char_54 }, // ASCII 54: '6'
    { 28, 45, 35, 0, lexend64_char_55 }, // ASCII 55: '7'
    { 31, 45, 37, 0, lexend64_char_56 }, // ASCII 56: '8'
    { 31, 46, 35, 0, lexend64_char_57 }, // ASCII 57: '9'
    { 9, 35, 15, -1, lexend64_char_58 }, // ASCII 58: ':'
    { 11, 45, 17, -11, lexend64_char_59 }, // ASCII 59: ';'
    { 26, 32, 34, 0, lexend64_char_60 }, // ASCII 60: '<'
    { 30, 18, 36, 9, lexend64_char_61 }, // ASCII 61: '='
    { 26, 32, 34, 0, lexend64_char_62 }, // ASCII 62: '>'
    { 29, 46, 33, -1, lexend64_char_63 }, // ASCII 63: '?'
    { 56, 55, 62, -10, lexend64_char_64 }, // ASCII 64: '@'
    { 41, 45, 45, 0, lexend64_char_65 }, // ASCII 65: 'A'
    { 35, 45, 44, 0, lexend64_char_66 }, // ASCII 66: 'B'
    { 38, 46, 43, -1, lexend64_char_67 }, // ASCII 67: 'C'
    { 39, 45, 48, 0, lexend64_char_68 }, // ASCII 68: 'D'
    { 29, 45, 39, 0, lexend64_char_69 }, // ASCII 69: 'E'
    { 29, 45, 39, 0, lexend64_char_70 }, // ASCII 70: 'F'
    { 43, 46, 49, -1, lexend64_char_71 }, // ASCII 71: 'G'
    { 36, 45, 49, 0, lexend64_char_72 }, // ASCII 72: 'H'
    { 21, 45, 31, 0, lexend64_char_73 }, // ASCII 73: 'I'
    { 35, 46, 41, -1, lexend64_char_74 }, // ASCII 74: 'J'
    { 39, 45, 47, 0, lexend64_char_75 }, // ASCII 75: 'K'
    { 28, 45, 38, 0, lexend64_char_76 }, // ASCII 76: 'L'
    { 43, 45, 55, 0, lexend64_char_77 }, // ASCII 77: 'M'
    { 38, 45, 51, 0, lexend64_char_78 }, // ASCII 78: 'N'
    { 44, 46, 50, -1, lexend64_char_79 }, // ASCII 79: 'O'
    { 32, 45, 41, 0, lexend64_char_80 }, // ASCII 80: 'P'
    { 44, 52, 50, -7, lexend64_char_81 }, // ASCII 81: 'Q'
    { 35, 45, 44, 0, lexend64_char_82 }, // ASCII 82: 'R'
    { 33, 46, 40, -1, lexend64_char_83 }, // ASCII 83: 'S'
    { 33, 45, 37, 0, lexend64_char_84 }, // ASCII 84: 'T'
    { 36, 45, 47, 0, lexend64_char_85 }, // ASCII 85: 'U'
    { 42, 45, 46, 0, lexend64_char_86 }, // ASCII 86: 'V'
    { 60, 45, 64, 0, lexend64_char_87 }, // ASCII 87: 'W'
    { 40, 45, 44, 0, lexend64_char_88 }, // ASCII 88: 'X'
    { 41, 45, 42, 0, lexend64_char_89 }, // ASCII 89: 'Y'
    { 35, 45, 42, 0, lexend64_char_90 }, // ASCII 90: 'Z'
    { 17, 57, 26, -12, lexend64_char_91 }, // ASCII 91: '['
    { 32, 52, 36, -7, lexend64_char_92 }, // ASCII 92: '\\'
    { 17, 57, 26, -12, lexend64_char_93 }, // ASCII 93: ']'
    { 33, 23, 37, 24, lexend64_char_94 }, // ASCII 94: '^'
    { 38, 5, 44, -10, lexend64_char_95 }, // ASCII 95: '_'
    { 14, 11, 32, 39, lexend64_char_96 }, // ASCII 96: '`'
    { 34, 35, 41, -1, lexend64_char_97 }, // ASCII 97: 'a'
    { 33, 48, 40, -1, lexend64_char_98 }, // ASCII 98: 'b'
    { 30, 35, 34, -1, lexend64_char_99 }, // ASCII 99: 'c'
    { 33, 48, 41, -1, lexend64_char_100 }, // ASCII 100: 'd'
    { 32, 35, 38, -1, lexend64_char_101 }, // ASCII 101: 'e'
    { 22, 47, 25, 0, lexend64_char_102 }, // ASCII 102: 'f'
    { 34, 49, 42, -15, lexend64_char_103 }, // ASCII 103: 'g'
    { 29, 47, 38, 0, lexend64_char_104 }, // ASCII 104: 'h'
    { 9, 49, 18, 0, lexend64_char_105 }, // ASCII 105: 'i'
    { 15, 62, 17, -13, lexend64_char_106 }, // ASCII 106: 'j'
    { 31, 47, 36, 0, lexend64_char_107 }, // ASCII 107: 'k'
    { 6, 47, 16, 0, lexend64_char_108 }, // ASCII 108: 'l'
    { 51, 34, 59, 0, lexend64_char_109 }, // ASCII 109: 'm'
    { 29, 34, 38, 0, lexend64_char_110 }, // ASCII 110: 'n'
    { 34, 35, 39, -1, lexend64_char_111 }, // ASCII 111: 'o'
    { 33, 48, 40, -14, lexend64_char_112 }, // ASCII 112: 'p'
    { 33, 48, 40, -14, lexend64_char_113 }, // ASCII 113: 'q'
    { 20, 34, 26, 0, lexend64_char_114 }, // ASCII 114: 'r'
    { 25, 35, 31, -1, lexend64_char_115 }, // ASCII 115: 's'
    { 21, 42, 25, 0, lexend64_char_116 }, // ASCII 116: 't'
    { 29, 35, 39, -1, lexend64_char_117 }, // ASCII 117: 'u'
    { 34, 34, 37, 0, lexend64_char_118 }, // ASCII 118: 'v'
    { 49, 34, 51, 0, lexend64_char_119 }, // ASCII 119: 'w'
    { 34, 34, 36, 0, lexend64_char_120 }, // ASCII 120: 'x'
    { 37, 49, 37, -15, lexend64_char_121 }, // ASCII 121: 'y'
    { 25, 34, 31, 0, lexend64_char_122 }, // ASCII 122: 'z'
    { 22, 58, 26, -13, lexend64_char_123 }, // ASCII 123: '{'
    { 7, 59, 15, -12, lexend64_char_124 }, // ASCII 124: '|'
    { 21, 58, 26, -13, lexend64_char_125 }, // ASCII 125: '}'
    { 27, 10, 33, 14, lexend64_char_126 }, // ASCII 126: '~'
};

// --- lexend64 Font Metadata ---
const gfx_font_t lexend64_font = {
    .glyphs = lexend64_Table,
    .start_char = 32,
    .end_char = 126,
};
