STARTFONT 2.1
FONT -FontForge-IBM Plex Mono-Book-R-Normal--32-310-75-75-P-189-ISO10646-1
SIZE 31 75 75
FONTBOUNDINGBOX 29 48 -8 -11
COMMENT "Generated by fontforge, http://fontforge.sourceforge.net"
COMMENT "Copyright 2017 IBM Corp. All rights reserved."
STARTPROPERTIES 41
FOUNDRY "FontForge"
FAMILY_NAME "IBM Plex Mono"
WEIGHT_NAME "Book"
SLANT "R"
SETWIDTH_NAME "Normal"
ADD_STYLE_NAME ""
PIXEL_SIZE 32
POINT_SIZE 310
RESOLUTION_X 75
RESOLUTION_Y 75
SPACING "P"
AVERAGE_WIDTH 189
CHARSET_REGISTRY "ISO10646"
CHARSET_ENCODING "1"
FONTNAME_REGISTRY ""
CHARSET_COLLECTIONS "ASCII ISOLatin1Encoding ISO8859-2 ISO8859-5 ISO8859-9 ISO8859-4 ISO10646-1"
FONT_NAME "IBMPlexMono-Regular"
FACE_NAME "IBM Plex Mono Regular"
COPYRIGHT "Copyright 2017 IBM Corp. All rights reserved."
FONT_VERSION "2.3"
FONT_ASCENT 26
FONT_DESCENT 6
UNDERLINE_POSITION -5
UNDERLINE_THICKNESS 2
X_HEIGHT 16
CAP_HEIGHT 21
DEFAULT_CHAR 1026
RAW_ASCENT 800
RAW_DESCENT 200
NORM_SPACE 19
RELATIVE_WEIGHT 40
RELATIVE_SETWIDTH 50
SUPERSCRIPT_X 0
SUPERSCRIPT_Y 11
SUPERSCRIPT_SIZE 19
SUBSCRIPT_X 0
SUBSCRIPT_Y 2
SUBSCRIPT_SIZE 19
FIGURE_WIDTH 19
AVG_LOWERCASE_WIDTH 190
AVG_UPPERCASE_WIDTH 190
ENDPROPERTIES
CHARS 1028
STARTCHAR .null
ENCODING 0
SWIDTH 0 0
DWIDTH 0 0
BBX 1 1 0 0
BITMAP
00
ENDCHAR
STARTCHAR uni000D
ENCODING 13
SWIDTH 600 0
DWIDTH 19 0
BBX 1 1 0 0
BITMAP
00
ENDCHAR
STARTCHAR space
ENCODING 32
SWIDTH 600 0
DWIDTH 19 0
BBX 1 1 0 0
BITMAP
00
ENDCHAR
STARTCHAR exclam
ENCODING 33
SWIDTH 600 0
DWIDTH 19 0
BBX 5 22 7 0
BITMAP
70
70
70
70
70
70
70
70
70
70
20
20
20
20
20
00
00
00
70
F8
F8
70
ENDCHAR
STARTCHAR quotedbl
ENCODING 34
SWIDTH 600 0
DWIDTH 19 0
BBX 9 9 5 15
BITMAP
E380
E380
E380
E380
E380
E380
E380
E380
E380
ENDCHAR
STARTCHAR numbersign
ENCODING 35
SWIDTH 600 0
DWIDTH 19 0
BBX 19 22 0 0
BITMAP
01C700
018600
018600
018600
018E00
038E00
038C00
3F0FE0
3F0FE0
030C00
071C00
071C00
061800
FE1F80
FE1F80
063800
0E3800
0E3000
0C3000
0C3000
0C3000
1C7000
ENDCHAR
STARTCHAR dollar
ENCODING 36
SWIDTH 600 0
DWIDTH 19 0
BBX 17 28 1 -3
BITMAP
00C000
00C000
00C000
07F800
1FFE00
3CCF00
38C700
70C200
70C000
70C000
30C000
38C000
1FC000
0FF800
01FE00
00CF00
00C700
00C300
00C380
00C380
20C300
F0C700
7CCE00
1FFC00
07F000
00C000
00C000
00C000
ENDCHAR
STARTCHAR percent
ENCODING 37
SWIDTH 600 0
DWIDTH 19 0
BBX 19 22 0 0
BITMAP
1F00E0
3F81C0
71C180
60C380
60C300
60C700
60C600
60CE00
718C00
3F9800
1F0000
001F00
033F80
0671C0
0E60C0
0C60C0
1C60C0
1860C0
3860C0
3071C0
703F80
E01F00
ENDCHAR
STARTCHAR ampersand
ENCODING 38
SWIDTH 600 0
DWIDTH 19 0
BBX 17 22 1 0
BITMAP
07C000
1FF000
1C7800
383000
300000
300000
300000
380000
1C0000
1C0000
1E0F80
3F0F80
738C00
E1CC00
E0EC00
C06C00
C07C00
E03800
E03C00
706E00
7FC700
1F8380
ENDCHAR
STARTCHAR quotesingle
ENCODING 39
SWIDTH 600 0
DWIDTH 19 0
BBX 3 9 8 15
BITMAP
E0
E0
E0
E0
E0
E0
E0
E0
E0
ENDCHAR
STARTCHAR parenleft
ENCODING 40
SWIDTH 600 0
DWIDTH 19 0
BBX 10 28 6 -4
BITMAP
03C0
0700
0600
0C00
1800
1800
3000
3000
6000
6000
6000
6000
6000
E000
E000
6000
6000
6000
6000
7000
3000
3000
1800
1800
0C00
0E00
0700
03C0
ENDCHAR
STARTCHAR parenright
ENCODING 41
SWIDTH 600 0
DWIDTH 19 0
BBX 10 28 3 -4
BITMAP
F000
3800
1C00
0C00
0600
0600
0300
0300
0380
0180
0180
0180
0180
01C0
01C0
0180
0180
0180
0180
0380
0300
0300
0600
0600
0C00
1C00
3800
F000
ENDCHAR
STARTCHAR asterisk
ENCODING 42
SWIDTH 600 0
DWIDTH 19 0
BBX 17 16 1 2
BITMAP
01C000
01C000
01C000
01C000
01C000
61C300
FDDF80
3FFE00
07F000
03E000
036000
077000
0E3800
1C1C00
1C1C00
080800
ENDCHAR
STARTCHAR plus
ENCODING 43
SWIDTH 600 0
DWIDTH 19 0
BBX 15 16 2 2
BITMAP
0380
0380
0380
0380
0380
0380
0380
FFFE
FFFE
0380
0380
0380
0380
0380
0380
0380
ENDCHAR
STARTCHAR comma
ENCODING 44
SWIDTH 600 0
DWIDTH 19 0
BBX 6 9 6 -5
BITMAP
3C
3C
38
78
70
70
70
60
E0
ENDCHAR
STARTCHAR hyphen
ENCODING 45
SWIDTH 600 0
DWIDTH 19 0
BBX 9 2 5 9
BITMAP
FF80
FF80
ENDCHAR
STARTCHAR period
ENCODING 46
SWIDTH 600 0
DWIDTH 19 0
BBX 5 4 7 0
BITMAP
70
F8
F8
70
ENDCHAR
STARTCHAR slash
ENCODING 47
SWIDTH 600 0
DWIDTH 19 0
BBX 13 28 3 -4
BITMAP
0018
0038
0030
0030
0060
0060
00E0
00C0
00C0
0180
0180
0380
0300
0300
0700
0600
0E00
0C00
0C00
1C00
1800
3800
3000
3000
7000
6000
E000
C000
ENDCHAR
STARTCHAR zero
ENCODING 48
SWIDTH 600 0
DWIDTH 19 0
BBX 15 22 2 0
BITMAP
07C0
1FF0
3838
701C
600C
E00E
E00E
E00E
C00E
C386
C386
C386
C386
E006
E00E
E00E
E00E
600C
701C
3838
1FF0
07E0
ENDCHAR
STARTCHAR one
ENCODING 49
SWIDTH 600 0
DWIDTH 19 0
BBX 16 22 2 0
BITMAP
07C0
0FC0
1DC0
39C0
71C0
E1C0
C1C0
81C0
01C0
01C0
01C0
01C0
01C0
01C0
01C0
01C0
01C0
01C0
01C0
01C0
7FFF
7FFF
ENDCHAR
STARTCHAR two
ENCODING 50
SWIDTH 600 0
DWIDTH 19 0
BBX 15 22 2 0
BITMAP
0FC0
3FF0
7878
701C
E01C
601C
001C
001C
001C
0018
0038
0070
00E0
01C0
0380
0700
0E00
3C00
7800
F000
FFFE
FFFE
ENDCHAR
STARTCHAR three
ENCODING 51
SWIDTH 600 0
DWIDTH 19 0
BBX 15 22 1 0
BITMAP
07E0
1FF8
3C3C
700E
100E
000E
000E
000E
001C
0038
07F0
07F0
001C
000E
000E
0006
0006
200E
F00E
781C
3FF8
0FE0
ENDCHAR
STARTCHAR four
ENCODING 52
SWIDTH 600 0
DWIDTH 19 0
BBX 17 22 1 0
BITMAP
007C00
007C00
00FC00
01DC00
019C00
039C00
031C00
071C00
0E1C00
0C1C00
1C1C00
181C00
381C00
701C00
601C00
E01C00
FFFF80
FFFF80
001C00
001C00
001C00
001C00
ENDCHAR
STARTCHAR five
ENCODING 53
SWIDTH 600 0
DWIDTH 19 0
BBX 15 22 2 0
BITMAP
3FFC
3FFC
3000
3000
7000
7000
7000
7000
63E0
6FF8
783C
701C
000E
000E
000E
000E
000E
200E
E01C
7838
3FF0
0FE0
ENDCHAR
STARTCHAR six
ENCODING 54
SWIDTH 600 0
DWIDTH 19 0
BBX 15 22 2 0
BITMAP
01F0
0380
0700
0E00
1C00
3800
3800
7000
73E0
6FF8
F83C
F01C
E00E
E00E
E00E
E00E
E00E
600E
701C
3838
1FF0
07E0
ENDCHAR
STARTCHAR seven
ENCODING 55
SWIDTH 600 0
DWIDTH 19 0
BBX 15 22 2 0
BITMAP
FFFE
FFFE
C00E
C00C
C01C
C01C
0038
0038
0070
0070
00E0
00E0
00C0
01C0
01C0
0380
0380
0700
0700
0600
0E00
1E00
ENDCHAR
STARTCHAR eight
ENCODING 56
SWIDTH 600 0
DWIDTH 19 0
BBX 15 22 2 0
BITMAP
0FE0
3FF8
783C
701C
E00E
E00E
600C
701C
3838
1FF0
1FF0
783C
600E
E00E
C00E
C006
E006
E00E
E00E
783C
3FF8
0FE0
ENDCHAR
STARTCHAR nine
ENCODING 57
SWIDTH 600 0
DWIDTH 19 0
BBX 15 22 2 0
BITMAP
0FC0
1FF0
3838
701C
E00C
E00E
E00E
E00E
E00E
E00E
701E
783E
3FEC
0F9C
001C
0038
0030
0070
00E0
01C0
0380
1F00
ENDCHAR
STARTCHAR colon
ENCODING 58
SWIDTH 600 0
DWIDTH 19 0
BBX 5 17 7 0
BITMAP
70
F8
F8
70
00
00
00
00
00
00
00
00
00
70
F8
F8
70
ENDCHAR
STARTCHAR semicolon
ENCODING 59
SWIDTH 600 0
DWIDTH 19 0
BBX 6 22 6 -5
BITMAP
38
7C
7C
38
00
00
00
00
00
00
00
00
00
3C
3C
38
78
70
70
70
60
E0
ENDCHAR
STARTCHAR less
ENCODING 60
SWIDTH 600 0
DWIDTH 19 0
BBX 13 19 3 0
BITMAP
0008
0018
0078
00F0
03C0
0F80
3E00
7800
F000
C000
F000
7800
3E00
0F80
03E0
00F0
0078
0018
0008
ENDCHAR
STARTCHAR equal
ENCODING 61
SWIDTH 600 0
DWIDTH 19 0
BBX 15 8 2 6
BITMAP
FFFE
FFFE
0000
0000
0000
0000
FFFE
FFFE
ENDCHAR
STARTCHAR greater
ENCODING 62
SWIDTH 600 0
DWIDTH 19 0
BBX 13 19 3 0
BITMAP
8000
C000
F000
7800
3E00
0F80
03E0
00F0
0078
0018
0078
00F0
03E0
0F80
1E00
7800
F000
C000
8000
ENDCHAR
STARTCHAR question
ENCODING 63
SWIDTH 600 0
DWIDTH 19 0
BBX 14 22 2 0
BITMAP
0FE0
3FF0
7838
701C
E01C
201C
001C
001C
003C
0078
03F0
03C0
0300
0300
0300
0000
0000
0000
0780
0780
0780
0780
ENDCHAR
STARTCHAR at
ENCODING 64
SWIDTH 600 0
DWIDTH 19 0
BBX 15 26 2 -4
BITMAP
07E0
1FF0
3838
701C
600C
600E
E1EE
E3FE
C70E
C60E
C60E
C60E
C60E
C60E
C60E
C60E
C70E
C3FE
E1EE
E000
6000
7000
3000
3C00
1FF0
07F0
ENDCHAR
STARTCHAR A
ENCODING 65
SWIDTH 600 0
DWIDTH 19 0
BBX 17 22 1 0
BITMAP
01C000
03E000
03E000
036000
077000
077000
063000
0E3800
0E3800
0C1800
1C1C00
1C1C00
180C00
1FFC00
3FFE00
300600
300600
700700
700700
600300
E00380
E00380
ENDCHAR
STARTCHAR B
ENCODING 66
SWIDTH 600 0
DWIDTH 19 0
BBX 14 22 3 0
BITMAP
FFC0
FFF0
C078
C038
C018
C018
C018
C018
C038
C070
FFE0
FFF0
C038
C01C
C01C
C01C
C01C
C01C
C01C
C038
FFF0
FFE0
ENDCHAR
STARTCHAR C
ENCODING 67
SWIDTH 600 0
DWIDTH 19 0
BBX 15 22 2 0
BITMAP
07E0
1FF8
3C3C
380E
700E
7008
6000
E000
E000
E000
E000
E000
E000
E000
E000
6000
7008
700E
380E
3C3C
1FF8
07E0
ENDCHAR
STARTCHAR D
ENCODING 68
SWIDTH 600 0
DWIDTH 19 0
BBX 14 22 3 0
BITMAP
FF80
FFE0
E0F0
E038
E038
E01C
E01C
E01C
E01C
E01C
E01C
E01C
E01C
E01C
E01C
E01C
E01C
E038
E038
E0F0
FFE0
FF80
ENDCHAR
STARTCHAR E
ENCODING 69
SWIDTH 600 0
DWIDTH 19 0
BBX 14 22 3 0
BITMAP
FFFC
FFFC
E000
E000
E000
E000
E000
E000
E000
E000
FFF8
FFF8
E000
E000
E000
E000
E000
E000
E000
E000
FFFC
FFFC
ENDCHAR
STARTCHAR F
ENCODING 70
SWIDTH 600 0
DWIDTH 19 0
BBX 14 22 3 0
BITMAP
FFFC
FFFC
E000
E000
E000
E000
E000
E000
E000
E000
FFF8
FFF8
E000
E000
E000
E000
E000
E000
E000
E000
E000
E000
ENDCHAR
STARTCHAR G
ENCODING 71
SWIDTH 600 0
DWIDTH 19 0
BBX 15 22 2 0
BITMAP
07E0
1FF8
383C
701C
600E
E008
E000
E000
E000
E000
E000
E1FE
E1FE
E00E
E00E
E00E
E00E
600E
701E
383E
1FEE
0F8E
ENDCHAR
STARTCHAR H
ENCODING 72
SWIDTH 600 0
DWIDTH 19 0
BBX 15 22 2 0
BITMAP
E00E
E00E
E00E
E00E
E00E
E00E
E00E
E00E
E00E
E00E
FFFE
FFFE
E00E
E00E
E00E
E00E
E00E
E00E
E00E
E00E
E00E
E00E
ENDCHAR
STARTCHAR I
ENCODING 73
SWIDTH 600 0
DWIDTH 19 0
BBX 13 22 3 0
BITMAP
FFF8
FFF8
0700
0700
0700
0700
0700
0700
0700
0700
0700
0700
0700
0700
0700
0700
0700
0700
0700
0700
FFF8
FFF8
ENDCHAR
STARTCHAR J
ENCODING 74
SWIDTH 600 0
DWIDTH 19 0
BBX 13 22 2 0
BITMAP
1FF8
1FF8
0018
0018
0018
0018
0018
0018
0018
0018
0018
0018
0018
0018
0018
0018
0018
E038
7038
7870
3FE0
0FC0
ENDCHAR
STARTCHAR K
ENCODING 75
SWIDTH 600 0
DWIDTH 19 0
BBX 15 22 3 0
BITMAP
C01E
C01C
C038
C070
C0E0
C1E0
C3C0
C380
C700
CE00
DF00
FB80
F380
F1C0
E0E0
C0E0
C070
C078
C038
C01C
C01C
C00E
ENDCHAR
STARTCHAR L
ENCODING 76
SWIDTH 600 0
DWIDTH 19 0
BBX 13 22 4 0
BITMAP
C000
C000
C000
C000
C000
C000
C000
C000
C000
C000
C000
C000
C000
C000
C000
C000
C000
C000
C000
C000
FFF8
FFF8
ENDCHAR
STARTCHAR M
ENCODING 77
SWIDTH 600 0
DWIDTH 19 0
BBX 15 22 2 0
BITMAP
F01E
F01E
F81E
F83E
F83E
FC7E
EC6E
EEEE
E6CE
E7CE
E38E
E38E
E38E
E10E
E10E
E00E
E00E
E00E
E00E
E00E
E00E
E00E
ENDCHAR
STARTCHAR N
ENCODING 78
SWIDTH 600 0
DWIDTH 19 0
BBX 15 22 2 0
BITMAP
F00E
F80E
F80E
FC0E
FC0E
EE0E
EE0E
E60E
E70E
E30E
E38E
E38E
E18E
E1CE
E0CE
E0EE
E0EE
E06E
E07E
E03E
E03E
E03E
ENDCHAR
STARTCHAR O
ENCODING 79
SWIDTH 600 0
DWIDTH 19 0
BBX 15 22 2 0
BITMAP
07C0
1FF0
3838
701C
600C
E00E
E00E
E00E
E00E
E00E
E00E
E00E
E00E
E00E
E00E
E00E
E00E
600C
701C
3838
1FF0
07E0
ENDCHAR
STARTCHAR P
ENCODING 80
SWIDTH 600 0
DWIDTH 19 0
BBX 14 22 3 0
BITMAP
FFE0
FFF8
C038
C01C
C01C
C01C
C01C
C01C
C01C
C038
FFF8
FFE0
C000
C000
C000
C000
C000
C000
C000
C000
C000
C000
ENDCHAR
STARTCHAR Q
ENCODING 81
SWIDTH 600 0
DWIDTH 19 0
BBX 15 27 2 -5
BITMAP
07C0
1FF0
3838
701C
600C
E00E
E00E
E00E
E00E
E00E
E00E
E00E
E00E
E00E
E00E
E00E
E00E
600C
701C
3838
1FF0
0FE0
0380
0380
0380
01FC
00FC
ENDCHAR
STARTCHAR R
ENCODING 82
SWIDTH 600 0
DWIDTH 19 0
BBX 14 22 3 0
BITMAP
FFE0
FFF8
C038
C01C
C01C
C01C
C01C
C01C
C01C
C038
FFF0
FFE0
C380
C1C0
C1C0
C0E0
C0E0
C070
C038
C038
C01C
C01C
ENDCHAR
STARTCHAR S
ENCODING 83
SWIDTH 600 0
DWIDTH 19 0
BBX 16 22 1 0
BITMAP
07F0
1FFC
3C1F
3007
7004
7000
7000
7000
3800
3F00
0FF8
03FC
001E
0007
0007
0003
0007
6007
F007
7C1E
1FFC
07F0
ENDCHAR
STARTCHAR T
ENCODING 84
SWIDTH 600 0
DWIDTH 19 0
BBX 17 22 1 0
BITMAP
FFFF80
FFFF80
01C000
01C000
01C000
01C000
01C000
01C000
01C000
01C000
01C000
01C000
01C000
01C000
01C000
01C000
01C000
01C000
01C000
01C000
01C000
01C000
ENDCHAR
STARTCHAR U
ENCODING 85
SWIDTH 600 0
DWIDTH 19 0
BBX 15 22 2 0
BITMAP
E00E
E00E
E00E
E00E
E00E
E00E
E00E
E00E
E00E
E00E
E00E
E00E
E00E
E00E
E00C
600C
600C
701C
701C
3838
3FF8
0FE0
ENDCHAR
STARTCHAR V
ENCODING 86
SWIDTH 600 0
DWIDTH 19 0
BBX 17 22 1 0
BITMAP
E00380
600380
700700
700700
700700
300600
380E00
380E00
180C00
1C1C00
1C1C00
0C1C00
0E1800
0E3800
0E3800
063000
077000
077000
036000
03E000
03E000
01C000
ENDCHAR
STARTCHAR W
ENCODING 87
SWIDTH 600 0
DWIDTH 19 0
BBX 17 22 1 0
BITMAP
C00180
E00180
E00380
E00380
E00380
E00380
61C300
61C300
63E300
636300
636300
636300
636300
663300
663300
763700
763700
7E3F00
3C1F00
3C1E00
3C1E00
3C1E00
ENDCHAR
STARTCHAR X
ENCODING 88
SWIDTH 600 0
DWIDTH 19 0
BBX 17 22 1 0
BITMAP
F00380
700700
380600
380E00
1C1C00
0E1C00
0E3800
077000
037000
03E000
01C000
01E000
03E000
077000
063800
0E3800
1C1C00
1C0C00
380E00
700700
700700
E00380
ENDCHAR
STARTCHAR Y
ENCODING 89
SWIDTH 600 0
DWIDTH 19 0
BBX 19 22 0 0
BITMAP
F001E0
7001C0
380380
380380
1C0700
0E0600
0E0E00
071C00
071C00
03B800
03B800
01F000
01F000
00E000
00E000
00E000
00E000
00E000
00E000
00E000
00E000
00E000
ENDCHAR
STARTCHAR Z
ENCODING 90
SWIDTH 600 0
DWIDTH 19 0
BBX 17 22 1 0
BITMAP
7FFF00
7FFF00
000700
000E00
001C00
001C00
003800
007000
00E000
00E000
01C000
038000
038000
070000
0E0000
0E0000
1C0000
380000
700000
700000
FFFF80
FFFF80
ENDCHAR
STARTCHAR bracketleft
ENCODING 91
SWIDTH 600 0
DWIDTH 19 0
BBX 9 28 7 -4
BITMAP
FF80
FF80
C000
C000
C000
C000
C000
C000
C000
C000
C000
C000
C000
C000
C000
C000
C000
C000
C000
C000
C000
C000
C000
C000
C000
C000
FF80
FF80
ENDCHAR
STARTCHAR backslash
ENCODING 92
SWIDTH 600 0
DWIDTH 19 0
BBX 13 28 3 -4
BITMAP
C000
E000
6000
6000
3000
3000
3800
1800
1800
0C00
0C00
0E00
0600
0600
0700
0300
0380
0180
0180
01C0
00C0
00E0
0060
0060
0070
0030
0038
0018
ENDCHAR
STARTCHAR bracketright
ENCODING 93
SWIDTH 600 0
DWIDTH 19 0
BBX 9 28 3 -4
BITMAP
FF80
FF80
0180
0180
0180
0180
0180
0180
0180
0180
0180
0180
0180
0180
0180
0180
0180
0180
0180
0180
0180
0180
0180
0180
0180
0180
FF80
FF80
ENDCHAR
STARTCHAR asciicircum
ENCODING 94
SWIDTH 600 0
DWIDTH 19 0
BBX 17 13 1 9
BITMAP
01C000
03E000
036000
077000
063000
0E3800
1C1C00
181C00
380E00
300600
700700
600300
E00380
ENDCHAR
STARTCHAR underscore
ENCODING 95
SWIDTH 600 0
DWIDTH 19 0
BBX 15 2 2 -5
BITMAP
FFFE
FFFE
ENDCHAR
STARTCHAR grave
ENCODING 96
SWIDTH 600 0
DWIDTH 19 0
BBX 5 6 6 19
BITMAP
60
E0
70
30
38
10
ENDCHAR
STARTCHAR a
ENCODING 97
SWIDTH 600 0
DWIDTH 19 0
BBX 16 17 2 0
BITMAP
0FC0
3FE0
7070
6038
0018
0018
0018
1FF8
7FF8
7018
E018
E018
E018
E038
7058
7FDF
1F0F
ENDCHAR
STARTCHAR b
ENCODING 98
SWIDTH 600 0
DWIDTH 19 0
BBX 14 24 3 0
BITMAP
C000
C000
C000
C000
C000
C000
C000
C7C0
CFF0
D078
E038
E01C
C01C
C01C
C01C
C01C
C01C
C01C
C01C
E01C
E038
D078
CFF0
C7C0
ENDCHAR
STARTCHAR c
ENCODING 99
SWIDTH 600 0
DWIDTH 19 0
BBX 13 17 3 0
BITMAP
0FC0
3FF0
7878
7038
E020
C000
C000
C000
C000
C000
C000
E000
E010
6018
7878
3FF0
0FC0
ENDCHAR
STARTCHAR d
ENCODING 100
SWIDTH 600 0
DWIDTH 19 0
BBX 14 24 2 0
BITMAP
001C
001C
001C
001C
001C
001C
001C
0F9C
3FDC
783C
701C
E01C
E01C
E01C
E01C
E01C
E01C
E01C
E01C
E01C
701C
783C
3FDC
0F9C
ENDCHAR
STARTCHAR e
ENCODING 101
SWIDTH 600 0
DWIDTH 19 0
BBX 15 17 2 0
BITMAP
07C0
1FF0
3838
701C
600C
E00E
E00E
FFFE
FFFE
E000
E000
E000
6008
701C
383C
1FF8
07E0
ENDCHAR
STARTCHAR f
ENCODING 102
SWIDTH 600 0
DWIDTH 19 0
BBX 15 24 2 0
BITMAP
00FE
01FE
0380
0380
0380
0380
0380
FFFE
FFFE
0380
0380
0380
0380
0380
0380
0380
0380
0380
0380
0380
0380
0380
7FFE
7FFE
ENDCHAR
STARTCHAR g
ENCODING 103
SWIDTH 600 0
DWIDTH 19 0
BBX 16 25 2 -6
BITMAP
001F
001F
07D0
1FF0
3838
701C
701C
701C
701C
7018
3838
1FF0
0FC0
3000
7000
7000
3FF8
1FFE
600F
E007
C007
E007
F00E
7FFC
1FF0
ENDCHAR
STARTCHAR h
ENCODING 104
SWIDTH 600 0
DWIDTH 19 0
BBX 13 24 3 0
BITMAP
E000
E000
E000
E000
E000
E000
E000
E7C0
EFE0
F070
E038
E038
E018
E018
E018
E018
E018
E018
E018
E018
E018
E018
E018
E018
ENDCHAR
STARTCHAR i
ENCODING 105
SWIDTH 600 0
DWIDTH 19 0
BBX 14 24 3 0
BITMAP
0380
03C0
03C0
0380
0000
0000
0000
FF80
FF80
0380
0380
0380
0380
0380
0380
0380
0380
0380
0380
0380
0380
0380
FFFC
FFFC
ENDCHAR
STARTCHAR j
ENCODING 106
SWIDTH 600 0
DWIDTH 19 0
BBX 11 30 3 -6
BITMAP
00E0
01E0
01E0
00E0
0000
0000
0000
FFE0
FFE0
00E0
00E0
00E0
00E0
00E0
00E0
00E0
00E0
00E0
00E0
00E0
00E0
00E0
00E0
00E0
00E0
00E0
00E0
00E0
FFC0
FF80
ENDCHAR
STARTCHAR k
ENCODING 107
SWIDTH 600 0
DWIDTH 19 0
BBX 15 24 3 0
BITMAP
E000
E000
E000
E000
E000
E000
E000
E01C
E038
E070
E0E0
E1C0
E380
EF00
FF00
FB80
F1C0
E1C0
E0E0
E070
E038
E038
E01C
E00E
ENDCHAR
STARTCHAR l
ENCODING 108
SWIDTH 600 0
DWIDTH 19 0
BBX 15 24 2 0
BITMAP
FF80
FF80
0380
0380
0380
0380
0380
0380
0380
0380
0380
0380
0380
0380
0380
0380
0380
0380
0380
0380
0380
0380
FFFE
FFFE
ENDCHAR
STARTCHAR m
ENCODING 109
SWIDTH 600 0
DWIDTH 19 0
BBX 15 17 2 0
BITMAP
CE3C
DF7E
E38E
C386
C386
C386
C386
C386
C386
C386
C386
C386
C386
C386
C386
C386
C386
ENDCHAR
STARTCHAR n
ENCODING 110
SWIDTH 600 0
DWIDTH 19 0
BBX 13 17 3 0
BITMAP
E7C0
EFE0
F070
E038
E038
E018
E018
E018
E018
E018
E018
E018
E018
E018
E018
E018
E018
ENDCHAR
STARTCHAR o
ENCODING 111
SWIDTH 600 0
DWIDTH 19 0
BBX 15 17 2 0
BITMAP
07C0
1FF0
3838
701C
600C
E00E
E00E
E00E
E00E
E00E
E00E
E00E
600C
701C
3838
1FF0
07C0
ENDCHAR
STARTCHAR p
ENCODING 112
SWIDTH 600 0
DWIDTH 19 0
BBX 14 23 3 -6
BITMAP
C7C0
CFF0
D078
E038
E01C
C01C
C01C
C01C
C01C
C01C
C01C
C01C
E01C
E038
D078
CFF0
C7C0
C000
C000
C000
C000
C000
C000
ENDCHAR
STARTCHAR q
ENCODING 113
SWIDTH 600 0
DWIDTH 19 0
BBX 14 23 2 -6
BITMAP
0F9C
3FDC
783C
701C
E01C
E01C
E01C
E01C
E01C
E01C
E01C
E01C
E01C
701C
783C
3FDC
0F9C
001C
001C
001C
001C
001C
001C
ENDCHAR
STARTCHAR r
ENCODING 114
SWIDTH 600 0
DWIDTH 19 0
BBX 16 17 2 0
BITMAP
FF1F
FF7F
0740
0780
0700
0700
0700
0700
0700
0700
0700
0700
0700
0700
0700
FFFC
FFFC
ENDCHAR
STARTCHAR s
ENCODING 115
SWIDTH 600 0
DWIDTH 19 0
BBX 15 17 2 0
BITMAP
0FE0
3FF8
383C
7008
7000
7000
7000
3F80
1FF8
00FC
001C
000E
400E
E00C
781C
3FF8
0FE0
ENDCHAR
STARTCHAR t
ENCODING 116
SWIDTH 600 0
DWIDTH 19 0
BBX 16 22 1 0
BITMAP
0300
0300
0300
0300
0300
FFFF
FFFF
0300
0300
0300
0300
0300
0300
0300
0300
0300
0300
0300
0300
0300
03FF
01FF
ENDCHAR
STARTCHAR u
ENCODING 117
SWIDTH 600 0
DWIDTH 19 0
BBX 13 17 3 0
BITMAP
C038
C038
C038
C038
C038
C038
C038
C038
C038
C038
C038
C038
E038
E038
7078
3FB8
1F38
ENDCHAR
STARTCHAR v
ENCODING 118
SWIDTH 600 0
DWIDTH 19 0
BBX 15 17 2 0
BITMAP
E00E
E00E
600C
701C
301C
3018
3838
1830
1830
1C70
0C60
0C60
0EE0
06C0
06C0
07C0
0380
ENDCHAR
STARTCHAR w
ENCODING 119
SWIDTH 600 0
DWIDTH 19 0
BBX 17 17 1 0
BITMAP
C1C180
C1C180
C1C180
E36380
636300
636300
636300
632300
623300
663300
663300
363600
363600
341600
3C1E00
3C1E00
3C1E00
ENDCHAR
STARTCHAR x
ENCODING 120
SWIDTH 600 0
DWIDTH 19 0
BBX 15 17 2 0
BITMAP
E00E
701C
3838
1C38
1C70
0EE0
07C0
07C0
0380
07C0
0EE0
0EE0
1C70
3838
3038
701C
E00E
ENDCHAR
STARTCHAR y
ENCODING 121
SWIDTH 600 0
DWIDTH 19 0
BBX 15 23 2 -6
BITMAP
C006
E00E
600C
701C
701C
3018
3838
1830
1C70
1C70
0C60
0EE0
06C0
07C0
03C0
0380
0380
0300
0700
0700
0600
7E00
7800
ENDCHAR
STARTCHAR z
ENCODING 122
SWIDTH 600 0
DWIDTH 19 0
BBX 13 17 3 0
BITMAP
FFF8
FFF8
0038
0070
00E0
01C0
03C0
0380
0700
0E00
1C00
3800
7000
7000
E000
FFF8
FFF8
ENDCHAR
STARTCHAR braceleft
ENCODING 123
SWIDTH 600 0
DWIDTH 19 0
BBX 13 28 3 -4
BITMAP
07F8
07F8
0E00
0E00
0E00
0E00
0600
0700
0380
0180
0180
0180
0380
FE00
FF00
0380
0180
0180
0180
0380
0700
0600
0E00
0E00
0E00
0E00
07F8
07F8
ENDCHAR
STARTCHAR bar
ENCODING 124
SWIDTH 600 0
DWIDTH 19 0
BBX 3 28 8 -4
BITMAP
E0
E0
E0
E0
E0
E0
E0
E0
E0
E0
E0
E0
E0
E0
E0
E0
E0
E0
E0
E0
E0
E0
E0
E0
E0
E0
E0
E0
ENDCHAR
STARTCHAR braceright
ENCODING 125
SWIDTH 600 0
DWIDTH 19 0
BBX 13 28 3 -4
BITMAP
FF00
FF00
0380
0380
0380
0380
0300
0700
0E00
0C00
0C00
0C00
0E00
07F8
07F8
0E00
0C00
0C00
0C00
0E00
0700
0300
0380
0380
0380
0380
FF00
FF00
ENDCHAR
STARTCHAR asciitilde
ENCODING 126
SWIDTH 600 0
DWIDTH 19 0
BBX 15 7 2 6
BITMAP
3C06
7E06
6706
C386
C1CC
C0FC
C078
ENDCHAR
STARTCHAR uni00A0
ENCODING 160
SWIDTH 600 0
DWIDTH 19 0
BBX 1 1 0 0
BITMAP
00
ENDCHAR
STARTCHAR exclamdown
ENCODING 161
SWIDTH 600 0
DWIDTH 19 0
BBX 5 22 7 -5
BITMAP
70
F8
F8
70
00
00
00
20
20
20
20
60
70
70
70
70
70
70
70
70
70
70
ENDCHAR
STARTCHAR cent
ENCODING 162
SWIDTH 600 0
DWIDTH 19 0
BBX 13 23 3 -3
BITMAP
0300
0300
0300
0FC0
3FF0
7B78
6318
E320
C300
C300
C300
C300
C300
C300
E300
E310
6318
7B38
3FF0
0FC0
0300
0300
0300
ENDCHAR
STARTCHAR sterling
ENCODING 163
SWIDTH 600 0
DWIDTH 19 0
BBX 15 22 2 0
BITMAP
07F0
1FFC
3C1E
380E
7004
7000
7000
7000
7000
3000
3800
FFE0
FFE0
1800
1800
1800
3800
3800
7000
E000
FFFE
FFFE
ENDCHAR
STARTCHAR currency
ENCODING 164
SWIDTH 600 0
DWIDTH 19 0
BBX 15 21 2 1
BITMAP
600C
E00E
701C
3FD8
3FF8
3C38
3818
701C
701C
701C
701C
701C
701C
701C
3818
3C38
3FF8
3FD8
701C
600C
E00E
ENDCHAR
STARTCHAR yen
ENCODING 165
SWIDTH 600 0
DWIDTH 19 0
BBX 17 22 1 0
BITMAP
E00380
E00380
700700
700700
380E00
380E00
1C1C00
1C1C00
0E3800
063000
077000
036000
7FFF00
7FFF00
01C000
01C000
01C000
01C000
01C000
01C000
7FFF00
7FFF00
ENDCHAR
STARTCHAR brokenbar
ENCODING 166
SWIDTH 600 0
DWIDTH 19 0
BBX 3 28 8 -4
BITMAP
E0
E0
E0
E0
E0
E0
E0
E0
E0
E0
E0
00
00
00
00
00
00
E0
E0
E0
E0
E0
E0
E0
E0
E0
E0
E0
ENDCHAR
STARTCHAR section
ENCODING 167
SWIDTH 600 0
DWIDTH 19 0
BBX 15 27 2 -5
BITMAP
07E0
1FF8
3C1C
3800
3000
3000
3800
3C00
1FC0
1FF0
3078
601C
600E
E00E
600C
700C
3C18
1FF0
03F0
0078
0038
0018
0018
0018
3838
3FF0
0FC0
ENDCHAR
STARTCHAR dieresis
ENCODING 168
SWIDTH 600 0
DWIDTH 19 0
BBX 9 3 5 20
BITMAP
E380
E380
E380
ENDCHAR
STARTCHAR copyright
ENCODING 169
SWIDTH 600 0
DWIDTH 19 0
BBX 19 21 0 1
BITMAP
03F800
0FFE00
1E0F00
380380
7001C0
61F0C0
63F8E0
C71C60
C60060
C60060
C60060
C60060
C60860
C71C60
E3F8C0
61F0C0
7001C0
380380
1E0F00
0FFE00
03F800
ENDCHAR
STARTCHAR ordfeminine
ENCODING 170
SWIDTH 600 0
DWIDTH 19 0
BBX 11 11 4 11
BITMAP
1F00
3F80
6180
4180
01C0
3FC0
7FC0
E1C0
E1C0
7EE0
3CE0
ENDCHAR
STARTCHAR guillemotleft
ENCODING 171
SWIDTH 600 0
DWIDTH 19 0
BBX 15 13 2 2
BITMAP
0204
070E
0E1C
1C38
78F0
F1E0
E1C0
F1E0
78F0
1C38
0E1C
070E
0204
ENDCHAR
STARTCHAR logicalnot
ENCODING 172
SWIDTH 600 0
DWIDTH 19 0
BBX 15 8 2 3
BITMAP
FFFE
FFFE
000E
000E
000E
000E
000E
000E
ENDCHAR
STARTCHAR uni00AD
ENCODING 173
SWIDTH 600 0
DWIDTH 19 0
BBX 9 2 5 9
BITMAP
FF80
FF80
ENDCHAR
STARTCHAR registered
ENCODING 174
SWIDTH 600 0
DWIDTH 19 0
BBX 11 11 4 11
BITMAP
1F00
60C0
4040
9E60
9920
9E20
9A20
DB60
4040
60C0
1F00
ENDCHAR
STARTCHAR macron
ENCODING 175
SWIDTH 600 0
DWIDTH 19 0
BBX 9 2 5 19
BITMAP
FF80
FF80
ENDCHAR
STARTCHAR degree
ENCODING 176
SWIDTH 600 0
DWIDTH 19 0
BBX 11 10 4 12
BITMAP
1F00
3F80
71C0
E0E0
C060
C060
E0E0
71C0
3F80
1F00
ENDCHAR
STARTCHAR plusminus
ENCODING 177
SWIDTH 600 0
DWIDTH 19 0
BBX 15 19 2 0
BITMAP
0380
0380
0380
0380
0380
0380
FFFE
FFFE
0380
0380
0380
0380
0380
0380
0000
0000
0000
FFFE
FFFE
ENDCHAR
STARTCHAR twosuperior
ENCODING 178
SWIDTH 600 0
DWIDTH 19 0
BBX 9 12 5 10
BITMAP
3E00
7F00
E300
4380
0300
0300
0E00
1C00
3800
6000
FF80
FF80
ENDCHAR
STARTCHAR threesuperior
ENCODING 179
SWIDTH 600 0
DWIDTH 19 0
BBX 9 12 5 10
BITMAP
3E00
7F00
E300
0300
0300
1E00
1E00
0300
8180
C380
7F00
3E00
ENDCHAR
STARTCHAR acute
ENCODING 180
SWIDTH 600 0
DWIDTH 19 0
BBX 5 6 8 19
BITMAP
30
38
70
60
E0
40
ENDCHAR
STARTCHAR mu
ENCODING 181
SWIDTH 600 0
DWIDTH 19 0
BBX 13 23 3 -6
BITMAP
E038
E038
E038
E038
E038
E038
E038
E038
E038
E038
E038
E038
E038
E038
F078
FFB8
DF38
E000
E000
E000
E000
E000
E000
ENDCHAR
STARTCHAR paragraph
ENCODING 182
SWIDTH 600 0
DWIDTH 19 0
BBX 15 27 1 -5
BITMAP
07FE
1FFE
3FC6
7FC6
7FC6
FFC6
FFC6
FFC6
FFC6
7FC6
7FC6
3FC6
1FC6
07C6
00C6
00C6
00C6
00C6
00C6
00C6
00C6
00C6
00C6
00C6
00C6
00C6
00C6
ENDCHAR
STARTCHAR periodcentered
ENCODING 183
SWIDTH 600 0
DWIDTH 19 0
BBX 5 4 7 8
BITMAP
70
F8
F8
70
ENDCHAR
STARTCHAR cedilla
ENCODING 184
SWIDTH 600 0
DWIDTH 19 0
BBX 6 8 7 -7
BITMAP
20
20
60
7C
0C
CC
FC
70
ENDCHAR
STARTCHAR onesuperior
ENCODING 185
SWIDTH 600 0
DWIDTH 19 0
BBX 9 12 5 10
BITMAP
1C00
FC00
EC00
8C00
0C00
0C00
0C00
0C00
0C00
0C00
7F80
7F80
ENDCHAR
STARTCHAR ordmasculine
ENCODING 186
SWIDTH 600 0
DWIDTH 19 0
BBX 11 11 4 11
BITMAP
1F00
3F80
71C0
60C0
E0E0
E0E0
E0E0
60C0
71C0
3F80
1F00
ENDCHAR
STARTCHAR guillemotright
ENCODING 187
SWIDTH 600 0
DWIDTH 19 0
BBX 15 13 2 2
BITMAP
4080
E1C0
70E0
3870
1E3C
0F1E
070E
0F1E
1E3C
3870
70E0
E1C0
4080
ENDCHAR
STARTCHAR onequarter
ENCODING 188
SWIDTH 600 0
DWIDTH 19 0
BBX 19 22 0 0
BITMAP
1C00E0
FC01C0
6C0180
0C0380
0C0300
0C0600
0C0600
0C0C00
0C1C00
7F8000
7F8000
000380
000380
070780
060D80
0E0980
0C1980
183180
383FE0
303FE0
700180
E00180
ENDCHAR
STARTCHAR onehalf
ENCODING 189
SWIDTH 600 0
DWIDTH 19 0
BBX 19 22 0 0
BITMAP
1C00E0
FC01C0
6C0180
0C0380
0C0300
0C0600
0C0600
0C0C00
0C1C00
7F8000
7F8000
000F80
001FC0
0718C0
0630C0
0E00C0
0C0180
180300
380E00
301C00
701FE0
E01FE0
ENDCHAR
STARTCHAR threequarters
ENCODING 190
SWIDTH 600 0
DWIDTH 19 0
BBX 19 22 0 0
BITMAP
3E00E0
7F01C0
630180
030380
1E0300
1E0600
030600
430C00
E31C00
7F0000
3E0000
000380
000380
070780
060D80
0E0980
0C1980
183180
383FE0
303FE0
700180
E00180
ENDCHAR
STARTCHAR questiondown
ENCODING 191
SWIDTH 600 0
DWIDTH 19 0
BBX 14 23 3 -6
BITMAP
0780
0780
0780
0780
0000
0000
0000
0300
0300
0300
0700
1F00
7C00
7000
E000
E000
E000
E010
E01C
E038
7070
3FF0
0FC0
ENDCHAR
STARTCHAR Agrave
ENCODING 192
SWIDTH 600 0
DWIDTH 19 0
BBX 17 30 1 0
BITMAP
030000
070000
038000
018000
01C000
008000
000000
000000
01C000
03E000
03E000
036000
077000
077000
063000
0E3800
0E3800
0C1800
1C1C00
1C1C00
180C00
1FFC00
3FFE00
300600
300600
700700
700700
600300
E00380
E00380
ENDCHAR
STARTCHAR Aacute
ENCODING 193
SWIDTH 600 0
DWIDTH 19 0
BBX 17 30 1 0
BITMAP
006000
007000
00E000
00C000
01C000
008000
000000
000000
01C000
03E000
03E000
036000
077000
077000
063000
0E3800
0E3800
0C1800
1C1C00
1C1C00
180C00
1FFC00
3FFE00
300600
300600
700700
700700
600300
E00380
E00380
ENDCHAR
STARTCHAR Acircumflex
ENCODING 194
SWIDTH 600 0
DWIDTH 19 0
BBX 17 30 1 0
BITMAP
01C000
03E000
077000
0E3800
0C1800
180C00
000000
000000
01C000
03E000
03E000
036000
077000
077000
063000
0E3800
0E3800
0C1800
1C1C00
1C1C00
180C00
1FFC00
3FFE00
300600
300600
700700
700700
600300
E00380
E00380
ENDCHAR
STARTCHAR Atilde
ENCODING 195
SWIDTH 600 0
DWIDTH 19 0
BBX 17 29 1 0
BITMAP
070800
0F8C00
18F800
107000
000000
000000
000000
01C000
03E000
03E000
036000
077000
077000
063000
0E3800
0E3800
0C1800
1C1C00
1C1C00
180C00
1FFC00
3FFE00
300600
300600
700700
700700
600300
E00380
E00380
ENDCHAR
STARTCHAR Adieresis
ENCODING 196
SWIDTH 600 0
DWIDTH 19 0
BBX 17 29 1 0
BITMAP
0E3800
0E3800
0E3800
0E3800
000000
000000
000000
01C000
03E000
03E000
036000
077000
077000
063000
0E3800
0E3800
0C1800
1C1C00
1C1C00
180C00
1FFC00
3FFE00
300600
300600
700700
700700
600300
E00380
E00380
ENDCHAR
STARTCHAR Aring
ENCODING 197
SWIDTH 600 0
DWIDTH 19 0
BBX 17 32 1 0
BITMAP
01C000
03E000
063000
063000
063000
063000
03E000
01C000
000000
000000
01C000
03E000
03E000
036000
077000
077000
063000
0E3800
0E3800
0C1800
1C1C00
1C1C00
180C00
1FFC00
3FFE00
300600
300600
700700
700700
600300
E00380
E00380
ENDCHAR
STARTCHAR AE
ENCODING 198
SWIDTH 600 0
DWIDTH 19 0
BBX 17 22 1 0
BITMAP
03FF80
03FF80
076000
066000
066000
0E6000
0C6000
0C6000
0C6000
1C6000
187F00
187F00
386000
3FE000
3FE000
706000
706000
606000
606000
E06000
E07F80
C07F80
ENDCHAR
STARTCHAR Ccedilla
ENCODING 199
SWIDTH 600 0
DWIDTH 19 0
BBX 15 28 2 -6
BITMAP
07E0
1FF8
3C3C
380E
700E
7008
6000
E000
E000
E000
E000
E000
E000
E000
E000
6000
7008
700E
380E
3C3C
1FF8
07E0
0100
01E0
0270
0270
07E0
03C0
ENDCHAR
STARTCHAR Egrave
ENCODING 200
SWIDTH 600 0
DWIDTH 19 0
BBX 14 30 3 0
BITMAP
0C00
1C00
0E00
0600
0700
0200
0000
0000
FFFC
FFFC
E000
E000
E000
E000
E000
E000
E000
E000
FFF8
FFF8
E000
E000
E000
E000
E000
E000
E000
E000
FFFC
FFFC
ENDCHAR
STARTCHAR Eacute
ENCODING 201
SWIDTH 600 0
DWIDTH 19 0
BBX 14 30 3 0
BITMAP
0180
01C0
0380
0300
0700
0200
0000
0000
FFFC
FFFC
E000
E000
E000
E000
E000
E000
E000
E000
FFF8
FFF8
E000
E000
E000
E000
E000
E000
E000
E000
FFFC
FFFC
ENDCHAR
STARTCHAR Ecircumflex
ENCODING 202
SWIDTH 600 0
DWIDTH 19 0
BBX 14 30 3 0
BITMAP
0700
0F80
1DC0
38E0
3060
6030
0000
0000
FFFC
FFFC
E000
E000
E000
E000
E000
E000
E000
E000
FFF8
FFF8
E000
E000
E000
E000
E000
E000
E000
E000
FFFC
FFFC
ENDCHAR
STARTCHAR Edieresis
ENCODING 203
SWIDTH 600 0
DWIDTH 19 0
BBX 14 29 3 0
BITMAP
38E0
38E0
38E0
38E0
0000
0000
0000
FFFC
FFFC
E000
E000
E000
E000
E000
E000
E000
E000
FFF8
FFF8
E000
E000
E000
E000
E000
E000
E000
E000
FFFC
FFFC
ENDCHAR
STARTCHAR Igrave
ENCODING 204
SWIDTH 600 0
DWIDTH 19 0
BBX 13 30 3 0
BITMAP
0C00
1C00
0E00
0600
0700
0200
0000
0000
FFF8
FFF8
0700
0700
0700
0700
0700
0700
0700
0700
0700
0700
0700
0700
0700
0700
0700
0700
0700
0700
FFF8
FFF8
ENDCHAR
STARTCHAR Iacute
ENCODING 205
SWIDTH 600 0
DWIDTH 19 0
BBX 13 30 3 0
BITMAP
0180
01C0
0380
0300
0700
0200
0000
0000
FFF8
FFF8
0700
0700
0700
0700
0700
0700
0700
0700
0700
0700
0700
0700
0700
0700
0700
0700
0700
0700
FFF8
FFF8
ENDCHAR
STARTCHAR Icircumflex
ENCODING 206
SWIDTH 600 0
DWIDTH 19 0
BBX 13 30 3 0
BITMAP
0700
0F80
1DC0
38E0
3060
6030
0000
0000
FFF8
FFF8
0700
0700
0700
0700
0700
0700
0700
0700
0700
0700
0700
0700
0700
0700
0700
0700
0700
0700
FFF8
FFF8
ENDCHAR
STARTCHAR Idieresis
ENCODING 207
SWIDTH 600 0
DWIDTH 19 0
BBX 13 29 3 0
BITMAP
38E0
38E0
38E0
38E0
0000
0000
0000
FFF8
FFF8
0700
0700
0700
0700
0700
0700
0700
0700
0700
0700
0700
0700
0700
0700
0700
0700
0700
0700
FFF8
FFF8
ENDCHAR
STARTCHAR Eth
ENCODING 208
SWIDTH 600 0
DWIDTH 19 0
BBX 16 22 1 0
BITMAP
3FE0
3FF8
383C
380E
380E
3807
3807
3807
3807
FF87
FF87
3807
3807
3807
3807
3807
3807
380E
380E
383C
3FF8
3FE0
ENDCHAR
STARTCHAR Ntilde
ENCODING 209
SWIDTH 600 0
DWIDTH 19 0
BBX 15 29 2 0
BITMAP
0E10
1F18
31F0
20E0
0000
0000
0000
F00E
F80E
F80E
FC0E
FC0E
EE0E
EE0E
E60E
E70E
E30E
E38E
E38E
E18E
E1CE
E0CE
E0EE
E0EE
E06E
E07E
E03E
E03E
E03E
ENDCHAR
STARTCHAR Ograve
ENCODING 210
SWIDTH 600 0
DWIDTH 19 0
BBX 15 30 2 0
BITMAP
0600
0E00
0700
0300
0380
0100
0000
0000
07C0
1FF0
3838
701C
600C
E00E
E00E
E00E
E00E
E00E
E00E
E00E
E00E
E00E
E00E
E00E
E00E
600C
701C
3838
1FF0
07E0
ENDCHAR
STARTCHAR Oacute
ENCODING 211
SWIDTH 600 0
DWIDTH 19 0
BBX 15 30 2 0
BITMAP
00C0
00E0
01C0
0180
0380
0100
0000
0000
07C0
1FF0
3838
701C
600C
E00E
E00E
E00E
E00E
E00E
E00E
E00E
E00E
E00E
E00E
E00E
E00E
600C
701C
3838
1FF0
07E0
ENDCHAR
STARTCHAR Ocircumflex
ENCODING 212
SWIDTH 600 0
DWIDTH 19 0
BBX 15 30 2 0
BITMAP
0380
07C0
0EE0
1C70
1830
3018
0000
0000
07C0
1FF0
3838
701C
600C
E00E
E00E
E00E
E00E
E00E
E00E
E00E
E00E
E00E
E00E
E00E
E00E
600C
701C
3838
1FF0
07E0
ENDCHAR
STARTCHAR Otilde
ENCODING 213
SWIDTH 600 0
DWIDTH 19 0
BBX 15 29 2 0
BITMAP
0E10
1F18
31F0
20E0
0000
0000
0000
07C0
1FF0
3838
701C
600C
E00E
E00E
E00E
E00E
E00E
E00E
E00E
E00E
E00E
E00E
E00E
E00E
600C
701C
3838
1FF0
07E0
ENDCHAR
STARTCHAR Odieresis
ENCODING 214
SWIDTH 600 0
DWIDTH 19 0
BBX 15 29 2 0
BITMAP
1C70
1C70
1C70
1C70
0000
0000
0000
07C0
1FF0
3838
701C
600C
E00E
E00E
E00E
E00E
E00E
E00E
E00E
E00E
E00E
E00E
E00E
E00E
600C
701C
3838
1FF0
07E0
ENDCHAR
STARTCHAR multiply
ENCODING 215
SWIDTH 600 0
DWIDTH 19 0
BBX 13 14 3 3
BITMAP
4010
E038
7070
38E0
1DC0
0F80
0700
0F80
1DC0
38E0
7070
E038
C018
8010
ENDCHAR
STARTCHAR Oslash
ENCODING 216
SWIDTH 600 0
DWIDTH 19 0
BBX 17 24 1 -1
BITMAP
000300
03F380
0FFF00
1C1E00
380E00
301E00
701F00
703700
707700
706700
70E700
70C700
718700
738700
730700
770700
760700
7C0700
3C0600
380E00
3C1C00
7FF800
67E000
E00000
ENDCHAR
STARTCHAR Ugrave
ENCODING 217
SWIDTH 600 0
DWIDTH 19 0
BBX 15 30 2 0
BITMAP
0600
0E00
0700
0300
0380
0100
0000
0000
E00E
E00E
E00E
E00E
E00E
E00E
E00E
E00E
E00E
E00E
E00E
E00E
E00E
E00E
E00C
600C
600C
701C
701C
3838
3FF8
0FE0
ENDCHAR
STARTCHAR Uacute
ENCODING 218
SWIDTH 600 0
DWIDTH 19 0
BBX 15 30 2 0
BITMAP
00C0
00E0
01C0
0180
0380
0100
0000
0000
E00E
E00E
E00E
E00E
E00E
E00E
E00E
E00E
E00E
E00E
E00E
E00E
E00E
E00E
E00C
600C
600C
701C
701C
3838
3FF8
0FE0
ENDCHAR
STARTCHAR Ucircumflex
ENCODING 219
SWIDTH 600 0
DWIDTH 19 0
BBX 15 30 2 0
BITMAP
0380
07C0
0EE0
1C70
1830
3018
0000
0000
E00E
E00E
E00E
E00E
E00E
E00E
E00E
E00E
E00E
E00E
E00E
E00E
E00E
E00E
E00C
600C
600C
701C
701C
3838
3FF8
0FE0
ENDCHAR
STARTCHAR Udieresis
ENCODING 220
SWIDTH 600 0
DWIDTH 19 0
BBX 15 29 2 0
BITMAP
1C70
1C70
1C70
1C70
0000
0000
0000
E00E
E00E
E00E
E00E
E00E
E00E
E00E
E00E
E00E
E00E
E00E
E00E
E00E
E00E
E00C
600C
600C
701C
701C
3838
3FF8
0FE0
ENDCHAR
STARTCHAR Yacute
ENCODING 221
SWIDTH 600 0
DWIDTH 19 0
BBX 19 30 0 0
BITMAP
003000
003800
007000
006000
00E000
004000
000000
000000
F001E0
7001C0
380380
380380
1C0700
0E0600
0E0E00
071C00
071C00
03B800
03B800
01F000
01F000
00E000
00E000
00E000
00E000
00E000
00E000
00E000
00E000
00E000
ENDCHAR
STARTCHAR Thorn
ENCODING 222
SWIDTH 600 0
DWIDTH 19 0
BBX 14 22 3 0
BITMAP
C000
C000
C000
C000
C000
FFE0
FFF8
C038
C01C
C01C
C01C
C01C
C01C
C01C
C038
FFF8
FFE0
C000
C000
C000
C000
C000
ENDCHAR
STARTCHAR germandbls
ENCODING 223
SWIDTH 600 0
DWIDTH 19 0
BBX 15 30 3 -6
BITMAP
3F00
7F00
E000
E000
E000
E000
E000
FFFC
FFFC
E01C
E038
E030
E070
E0E0
E1C0
E180
E380
E3C0
E3F8
E03C
E00E
E00E
E00E
E00E
000E
000E
000C
003C
07F8
07C0
ENDCHAR
STARTCHAR agrave
ENCODING 224
SWIDTH 600 0
DWIDTH 19 0
BBX 16 25 2 0
BITMAP
0C00
1C00
0E00
0600
0700
0200
0000
0000
0FC0
3FE0
7070
6038
0018
0018
0018
1FF8
7FF8
7018
E018
E018
E018
E038
7058
7FDF
1F0F
ENDCHAR
STARTCHAR aacute
ENCODING 225
SWIDTH 600 0
DWIDTH 19 0
BBX 16 25 2 0
BITMAP
0180
01C0
0380
0300
0700
0200
0000
0000
0FC0
3FE0
7070
6038
0018
0018
0018
1FF8
7FF8
7018
E018
E018
E018
E038
7058
7FDF
1F0F
ENDCHAR
STARTCHAR acircumflex
ENCODING 226
SWIDTH 600 0
DWIDTH 19 0
BBX 16 25 2 0
BITMAP
0700
0F80
1DC0
38E0
3060
6030
0000
0000
0FC0
3FE0
7070
6038
0018
0018
0018
1FF8
7FF8
7018
E018
E018
E018
E038
7058
7FDF
1F0F
ENDCHAR
STARTCHAR atilde
ENCODING 227
SWIDTH 600 0
DWIDTH 19 0
BBX 16 23 2 0
BITMAP
1C20
3E30
63E0
41C0
0000
0000
0FC0
3FE0
7070
6038
0018
0018
0018
1FF8
7FF8
7018
E018
E018
E018
E038
7058
7FDF
1F0F
ENDCHAR
STARTCHAR adieresis
ENCODING 228
SWIDTH 600 0
DWIDTH 19 0
BBX 16 23 2 0
BITMAP
38E0
38E0
38E0
0000
0000
0000
0FC0
3FE0
7070
6038
0018
0018
0018
1FF8
7FF8
7018
E018
E018
E018
E038
7058
7FDF
1F0F
ENDCHAR
STARTCHAR aring
ENCODING 229
SWIDTH 600 0
DWIDTH 19 0
BBX 16 26 2 0
BITMAP
0700
0F80
18C0
18C0
18C0
18C0
0F80
0700
0000
0FC0
3FE0
7070
6038
0018
0018
0018
1FF8
7FF8
7018
E018
E018
E018
E038
7058
7FDF
1F0F
ENDCHAR
STARTCHAR ae
ENCODING 230
SWIDTH 600 0
DWIDTH 19 0
BBX 19 17 0 0
BITMAP
1F1F00
3FBF80
71B1C0
60E0C0
40C0C0
00C0C0
00C0E0
1FFFE0
7FFFE0
70C000
E0C000
E0C000
E0E080
E160C0
6171C0
7F3F80
3C1E00
ENDCHAR
STARTCHAR ccedilla
ENCODING 231
SWIDTH 600 0
DWIDTH 19 0
BBX 13 24 3 -7
BITMAP
0FC0
3FF0
7878
7038
E020
E000
C000
C000
C000
C000
C000
E000
E010
7018
7878
3FF0
0FC0
0200
0200
07C0
00C0
08E0
0FC0
0780
ENDCHAR
STARTCHAR egrave
ENCODING 232
SWIDTH 600 0
DWIDTH 19 0
BBX 15 25 2 0
BITMAP
0600
0E00
0700
0300
0380
0100
0000
0000
07C0
1FF0
3838
701C
600C
E00E
E00E
FFFE
FFFE
E000
E000
E000
6008
701C
383C
1FF8
07E0
ENDCHAR
STARTCHAR eacute
ENCODING 233
SWIDTH 600 0
DWIDTH 19 0
BBX 15 25 2 0
BITMAP
00C0
00E0
01C0
0180
0380
0100
0000
0000
07C0
1FF0
3838
701C
600C
E00E
E00E
FFFE
FFFE
E000
E000
E000
6008
701C
383C
1FF8
07E0
ENDCHAR
STARTCHAR ecircumflex
ENCODING 234
SWIDTH 600 0
DWIDTH 19 0
BBX 15 25 2 0
BITMAP
0380
07C0
0EE0
1C70
1830
3018
0000
0000
07C0
1FF0
3838
701C
600C
E00E
E00E
FFFE
FFFE
E000
E000
E000
6008
701C
383C
1FF8
07E0
ENDCHAR
STARTCHAR edieresis
ENCODING 235
SWIDTH 600 0
DWIDTH 19 0
BBX 15 23 2 0
BITMAP
1C70
1C70
1C70
0000
0000
0000
07C0
1FF0
3838
701C
600C
E00E
E00E
FFFE
FFFE
E000
E000
E000
6008
701C
383C
1FF8
07E0
ENDCHAR
STARTCHAR igrave
ENCODING 236
SWIDTH 600 0
DWIDTH 19 0
BBX 14 25 3 0
BITMAP
0600
0E00
0700
0300
0380
0100
0000
0000
FF80
FF80
0380
0380
0380
0380
0380
0380
0380
0380
0380
0380
0380
0380
0380
FFFC
FFFC
ENDCHAR
STARTCHAR iacute
ENCODING 237
SWIDTH 600 0
DWIDTH 19 0
BBX 14 25 3 0
BITMAP
00C0
00E0
01C0
0180
0380
0100
0000
0000
FF80
FF80
0380
0380
0380
0380
0380
0380
0380
0380
0380
0380
0380
0380
0380
FFFC
FFFC
ENDCHAR
STARTCHAR icircumflex
ENCODING 238
SWIDTH 600 0
DWIDTH 19 0
BBX 14 25 3 0
BITMAP
0380
07C0
0EE0
1C70
1830
3018
0000
0000
FF80
FF80
0380
0380
0380
0380
0380
0380
0380
0380
0380
0380
0380
0380
0380
FFFC
FFFC
ENDCHAR
STARTCHAR idieresis
ENCODING 239
SWIDTH 600 0
DWIDTH 19 0
BBX 14 23 3 0
BITMAP
1C70
1C70
1C70
0000
0000
0000
FF80
FF80
0380
0380
0380
0380
0380
0380
0380
0380
0380
0380
0380
0380
0380
FFFC
FFFC
ENDCHAR
STARTCHAR eth
ENCODING 240
SWIDTH 600 0
DWIDTH 19 0
BBX 15 24 2 0
BITMAP
3E30
0F78
03C0
03C0
0FE0
0C70
0838
0018
0F9C
1FEC
383C
701E
600E
E00E
E00E
E00E
E00E
E00E
E00E
600C
701C
3838
1FF0
0FC0
ENDCHAR
STARTCHAR ntilde
ENCODING 241
SWIDTH 600 0
DWIDTH 19 0
BBX 13 23 3 0
BITMAP
1C20
3E30
63E0
41C0
0000
0000
E7C0
EFE0
F070
E038
E038
E018
E018
E018
E018
E018
E018
E018
E018
E018
E018
E018
E018
ENDCHAR
STARTCHAR ograve
ENCODING 242
SWIDTH 600 0
DWIDTH 19 0
BBX 15 25 2 0
BITMAP
0600
0E00
0700
0300
0380
0100
0000
0000
07C0
1FF0
3838
701C
600C
E00E
E00E
E00E
E00E
E00E
E00E
E00E
600C
701C
3838
1FF0
07C0
ENDCHAR
STARTCHAR oacute
ENCODING 243
SWIDTH 600 0
DWIDTH 19 0
BBX 15 25 2 0
BITMAP
00C0
00E0
01C0
0180
0380
0100
0000
0000
07C0
1FF0
3838
701C
600C
E00E
E00E
E00E
E00E
E00E
E00E
E00E
600C
701C
3838
1FF0
07C0
ENDCHAR
STARTCHAR ocircumflex
ENCODING 244
SWIDTH 600 0
DWIDTH 19 0
BBX 15 25 2 0
BITMAP
0380
07C0
0EE0
1C70
1830
3018
0000
0000
07C0
1FF0
3838
701C
600C
E00E
E00E
E00E
E00E
E00E
E00E
E00E
600C
701C
3838
1FF0
07C0
ENDCHAR
STARTCHAR otilde
ENCODING 245
SWIDTH 600 0
DWIDTH 19 0
BBX 15 23 2 0
BITMAP
0E10
1F18
31F0
20E0
0000
0000
07C0
1FF0
3838
701C
600C
E00E
E00E
E00E
E00E
E00E
E00E
E00E
600C
701C
3838
1FF0
07C0
ENDCHAR
STARTCHAR odieresis
ENCODING 246
SWIDTH 600 0
DWIDTH 19 0
BBX 15 23 2 0
BITMAP
1C70
1C70
1C70
0000
0000
0000
07C0
1FF0
3838
701C
600C
E00E
E00E
E00E
E00E
E00E
E00E
E00E
600C
701C
3838
1FF0
07C0
ENDCHAR
STARTCHAR divide
ENCODING 247
SWIDTH 600 0
DWIDTH 19 0
BBX 15 16 2 2
BITMAP
0380
0380
0380
0380
0000
0000
0000
FFFE
FFFE
0000
0000
0000
0380
0380
0380
0380
ENDCHAR
STARTCHAR oslash
ENCODING 248
SWIDTH 600 0
DWIDTH 19 0
BBX 17 19 1 -1
BITMAP
000100
03E380
0FFF00
1C1E00
381E00
301E00
703700
706700
70C700
71C700
718700
730700
760700
3C0600
3C0E00
3C1C00
3FF800
63E000
C00000
ENDCHAR
STARTCHAR ugrave
ENCODING 249
SWIDTH 600 0
DWIDTH 19 0
BBX 13 25 3 0
BITMAP
0C00
1C00
0E00
0600
0700
0200
0000
0000
C038
C038
C038
C038
C038
C038
C038
C038
C038
C038
C038
C038
E038
E038
7078
3FB8
1F38
ENDCHAR
STARTCHAR uacute
ENCODING 250
SWIDTH 600 0
DWIDTH 19 0
BBX 13 25 3 0
BITMAP
0180
01C0
0380
0300
0700
0200
0000
0000
C038
C038
C038
C038
C038
C038
C038
C038
C038
C038
C038
C038
E038
E038
7078
3FB8
1F38
ENDCHAR
STARTCHAR ucircumflex
ENCODING 251
SWIDTH 600 0
DWIDTH 19 0
BBX 13 25 3 0
BITMAP
0700
0F80
1DC0
38E0
3060
6030
0000
0000
C038
C038
C038
C038
C038
C038
C038
C038
C038
C038
C038
C038
E038
E038
7078
3FB8
1F38
ENDCHAR
STARTCHAR udieresis
ENCODING 252
SWIDTH 600 0
DWIDTH 19 0
BBX 13 23 3 0
BITMAP
38E0
38E0
38E0
0000
0000
0000
C038
C038
C038
C038
C038
C038
C038
C038
C038
C038
C038
C038
E038
E038
7078
3FB8
1F38
ENDCHAR
STARTCHAR yacute
ENCODING 253
SWIDTH 600 0
DWIDTH 19 0
BBX 15 31 2 -6
BITMAP
00C0
00E0
01C0
0180
0380
0100
0000
0000
C006
E00E
600C
701C
701C
3018
3838
1830
1C70
1C70
0C60
0EE0
06C0
07C0
03C0
0380
0380
0300
0700
0700
0600
7E00
7800
ENDCHAR
STARTCHAR thorn
ENCODING 254
SWIDTH 600 0
DWIDTH 19 0
BBX 14 30 3 -6
BITMAP
C000
C000
C000
C000
C000
C000
C000
C7C0
CFF0
D078
E038
E01C
C01C
C01C
C01C
C01C
C01C
C01C
C01C
E01C
E038
D078
CFF0
C7C0
C000
C000
C000
C000
C000
C000
ENDCHAR
STARTCHAR ydieresis
ENCODING 255
SWIDTH 600 0
DWIDTH 19 0
BBX 15 29 2 -6
BITMAP
1C70
1C70
1C70
0000
0000
0000
C006
E00E
600C
701C
701C
3018
3838
1830
1C70
1C70
0C60
0EE0
06C0
07C0
03C0
0380
0380
0300
0700
0700
0600
7E00
7800
ENDCHAR
STARTCHAR Amacron
ENCODING 256
SWIDTH 600 0
DWIDTH 19 0
BBX 17 28 1 0
BITMAP
0FF800
0FF800
000000
000000
000000
000000
01C000
03E000
03E000
036000
077000
077000
063000
0E3800
0E3800
0C1800
1C1C00
1C1C00
180C00
1FFC00
3FFE00
300600
300600
700700
700700
600300
E00380
E00380
ENDCHAR
STARTCHAR amacron
ENCODING 257
SWIDTH 600 0
DWIDTH 19 0
BBX 16 21 2 0
BITMAP
3FE0
3FE0
0000
0000
0FC0
3FE0
7070
6038
0018
0018
0018
1FF8
7FF8
7018
E018
E018
E018
E038
7058
7FDF
1F0F
ENDCHAR
STARTCHAR Abreve
ENCODING 258
SWIDTH 600 0
DWIDTH 19 0
BBX 17 29 1 0
BITMAP
1C1C00
0C1800
0E3800
07F000
03E000
000000
000000
01C000
03E000
03E000
036000
077000
077000
063000
0E3800
0E3800
0C1800
1C1C00
1C1C00
180C00
1FFC00
3FFE00
300600
300600
700700
700700
600300
E00380
E00380
ENDCHAR
STARTCHAR abreve
ENCODING 259
SWIDTH 600 0
DWIDTH 19 0
BBX 16 24 2 0
BITMAP
7070
3060
38E0
1FC0
0F80
0000
0000
0FC0
3FE0
7070
6038
0018
0018
0018
1FF8
7FF8
7018
E018
E018
E018
E038
7058
7FDF
1F0F
ENDCHAR
STARTCHAR Aogonek
ENCODING 260
SWIDTH 600 0
DWIDTH 19 0
BBX 18 28 1 -6
BITMAP
01C000
03E000
03E000
036000
077000
077000
063000
0E3800
0E3800
0C1800
1C1C00
1C1C00
180C00
1FFE00
3FFE00
300600
300700
700700
700700
600380
E00380
E00380
000200
000400
000C00
001C80
001FC0
000F80
ENDCHAR
STARTCHAR aogonek
ENCODING 261
SWIDTH 600 0
DWIDTH 19 0
BBX 16 23 2 -6
BITMAP
0FC0
3FE0
7070
6038
0018
0018
0018
1FF8
7FF8
7018
E018
E018
E018
E038
7058
7FDF
1F0F
000C
0018
0030
0032
003F
001E
ENDCHAR
STARTCHAR Cacute
ENCODING 262
SWIDTH 600 0
DWIDTH 19 0
BBX 15 30 2 0
BITMAP
0060
0070
00E0
00C0
01C0
0080
0000
0000
07E0
1FF8
3C3C
380E
700E
7008
6000
E000
E000
E000
E000
E000
E000
E000
E000
6000
7008
700E
380E
3C3C
1FF8
07E0
ENDCHAR
STARTCHAR cacute
ENCODING 263
SWIDTH 600 0
DWIDTH 19 0
BBX 13 25 3 0
BITMAP
0180
01C0
0380
0300
0700
0200
0000
0000
0FC0
3FF0
7878
7038
E020
C000
C000
C000
C000
C000
C000
E000
E010
6018
7878
3FF0
0FC0
ENDCHAR
STARTCHAR Ccircumflex
ENCODING 264
SWIDTH 600 0
DWIDTH 19 0
BBX 15 30 2 0
BITMAP
01C0
03E0
0770
0E38
0C18
180C
0000
0000
07E0
1FF8
3C3C
380E
700E
7008
6000
E000
E000
E000
E000
E000
E000
E000
E000
6000
7008
700E
380E
3C3C
1FF8
07E0
ENDCHAR
STARTCHAR ccircumflex
ENCODING 265
SWIDTH 600 0
DWIDTH 19 0
BBX 13 25 3 0
BITMAP
0700
0F80
1DC0
38E0
3060
6030
0000
0000
0FC0
3FF0
7878
7038
E020
C000
C000
C000
C000
C000
C000
E000
E010
6018
7878
3FF0
0FC0
ENDCHAR
STARTCHAR Cdotaccent
ENCODING 266
SWIDTH 600 0
DWIDTH 19 0
BBX 15 29 2 0
BITMAP
01C0
03E0
03C0
01C0
0000
0000
0000
07E0
1FF8
3C3C
380E
700E
7008
6000
E000
E000
E000
E000
E000
E000
E000
E000
6000
7008
700E
380E
3C3C
1FF8
07E0
ENDCHAR
STARTCHAR cdotaccent
ENCODING 267
SWIDTH 600 0
DWIDTH 19 0
BBX 13 23 3 0
BITMAP
0700
0F80
0F00
0700
0000
0000
0FC0
3FF0
7878
7038
E020
C000
C000
C000
C000
C000
C000
E000
E010
6018
7878
3FF0
0FC0
ENDCHAR
STARTCHAR Ccaron
ENCODING 268
SWIDTH 600 0
DWIDTH 19 0
BBX 15 31 2 0
BITMAP
0808
1C1C
0E38
0770
03E0
01C0
0000
0000
0000
07E0
1FF8
3C3C
380E
700E
7008
6000
E000
E000
E000
E000
E000
E000
E000
E000
6000
7008
700E
380E
3C3C
1FF8
07E0
ENDCHAR
STARTCHAR ccaron
ENCODING 269
SWIDTH 600 0
DWIDTH 19 0
BBX 13 25 3 0
BITMAP
2020
7070
38E0
1DC0
0F80
0700
0000
0000
0FC0
3FF0
7878
7038
E020
C000
C000
C000
C000
C000
C000
E000
E010
6018
7878
3FF0
0FC0
ENDCHAR
STARTCHAR Dcaron
ENCODING 270
SWIDTH 600 0
DWIDTH 19 0
BBX 14 31 3 0
BITMAP
4040
E0E0
71C0
3B80
1F00
0E00
0000
0000
0000
FF80
FFE0
E0F0
E038
E038
E01C
E01C
E01C
E01C
E01C
E01C
E01C
E01C
E01C
E01C
E01C
E01C
E038
E038
E0F0
FFE0
FF80
ENDCHAR
STARTCHAR dcaron
ENCODING 271
SWIDTH 600 0
DWIDTH 19 0
BBX 20 24 1 0
BITMAP
001CF0
001CE0
001CE0
001CE0
001CC0
001CC0
001C00
0F9C00
1FDC00
387C00
701C00
601C00
601C00
E01C00
E01C00
E01C00
E01C00
E01C00
601C00
701C00
701C00
383C00
1FDC00
0F9C00
ENDCHAR
STARTCHAR Dcroat
ENCODING 272
SWIDTH 600 0
DWIDTH 19 0
BBX 16 22 1 0
BITMAP
3FE0
3FF8
383C
380E
380E
3807
3807
3807
3807
FF87
FF87
3807
3807
3807
3807
3807
3807
380E
380E
383C
3FF8
3FE0
ENDCHAR
STARTCHAR dcroat
ENCODING 273
SWIDTH 600 0
DWIDTH 19 0
BBX 16 24 2 0
BITMAP
001C
001C
01FF
01FF
001C
001C
001C
0F9C
3FDC
783C
701C
E01C
E01C
E01C
E01C
E01C
E01C
E01C
E01C
E01C
701C
783C
3FDC
0F9C
ENDCHAR
STARTCHAR Emacron
ENCODING 274
SWIDTH 600 0
DWIDTH 19 0
BBX 14 28 3 0
BITMAP
3FE0
3FE0
0000
0000
0000
0000
FFFC
FFFC
E000
E000
E000
E000
E000
E000
E000
E000
FFF8
FFF8
E000
E000
E000
E000
E000
E000
E000
E000
FFFC
FFFC
ENDCHAR
STARTCHAR emacron
ENCODING 275
SWIDTH 600 0
DWIDTH 19 0
BBX 15 21 2 0
BITMAP
1FF0
1FF0
0000
0000
07C0
1FF0
3838
701C
600C
E00E
E00E
FFFE
FFFE
E000
E000
E000
6008
701C
383C
1FF8
07E0
ENDCHAR
STARTCHAR Ebreve
ENCODING 276
SWIDTH 600 0
DWIDTH 19 0
BBX 14 29 3 0
BITMAP
7070
3060
38E0
1FC0
0F80
0000
0000
FFFC
FFFC
E000
E000
E000
E000
E000
E000
E000
E000
FFF8
FFF8
E000
E000
E000
E000
E000
E000
E000
E000
FFFC
FFFC
ENDCHAR
STARTCHAR ebreve
ENCODING 277
SWIDTH 600 0
DWIDTH 19 0
BBX 15 24 2 0
BITMAP
3838
1830
1C70
0FE0
07C0
0000
0000
07C0
1FF0
3838
701C
600C
E00E
E00E
FFFE
FFFE
E000
E000
E000
6008
701C
383C
1FF8
07E0
ENDCHAR
STARTCHAR Edotaccent
ENCODING 278
SWIDTH 600 0
DWIDTH 19 0
BBX 14 29 3 0
BITMAP
0700
0F80
0F00
0700
0000
0000
0000
FFFC
FFFC
E000
E000
E000
E000
E000
E000
E000
E000
FFF8
FFF8
E000
E000
E000
E000
E000
E000
E000
E000
FFFC
FFFC
ENDCHAR
STARTCHAR edotaccent
ENCODING 279
SWIDTH 600 0
DWIDTH 19 0
BBX 15 23 2 0
BITMAP
0380
07C0
0780
0380
0000
0000
07C0
1FF0
3838
701C
600C
E00E
E00E
FFFE
FFFE
E000
E000
E000
6008
701C
383C
1FF8
07E0
ENDCHAR
STARTCHAR Eogonek
ENCODING 280
SWIDTH 600 0
DWIDTH 19 0
BBX 14 28 3 -6
BITMAP
FFFC
FFFC
C000
C000
C000
C000
C000
C000
C000
C000
FFF8
FFF8
C000
C000
C000
C000
C000
C000
C000
C000
FFFC
FFFC
0018
0060
00C0
00C8
00FC
0078
ENDCHAR
STARTCHAR eogonek
ENCODING 281
SWIDTH 600 0
DWIDTH 19 0
BBX 15 23 2 -6
BITMAP
07C0
1FF0
3838
701C
600C
E00E
E00E
FFFE
FFFE
E000
E000
E000
6008
701C
3838
1FF0
07E0
00C0
0180
0300
0320
03F0
01F0
ENDCHAR
STARTCHAR Ecaron
ENCODING 282
SWIDTH 600 0
DWIDTH 19 0
BBX 14 31 3 0
BITMAP
2020
7070
38E0
1DC0
0F80
0700
0000
0000
0000
FFFC
FFFC
E000
E000
E000
E000
E000
E000
E000
E000
FFF8
FFF8
E000
E000
E000
E000
E000
E000
E000
E000
FFFC
FFFC
ENDCHAR
STARTCHAR ecaron
ENCODING 283
SWIDTH 600 0
DWIDTH 19 0
BBX 15 25 2 0
BITMAP
1010
3838
1C70
0EE0
07C0
0380
0000
0000
07C0
1FF0
3838
701C
600C
E00E
E00E
FFFE
FFFE
E000
E000
E000
6008
701C
383C
1FF8
07E0
ENDCHAR
STARTCHAR Gcircumflex
ENCODING 284
SWIDTH 600 0
DWIDTH 19 0
BBX 15 30 2 0
BITMAP
0380
07C0
0EE0
1C70
1830
3018
0000
0000
07E0
1FF8
383C
701C
600E
E008
E000
E000
E000
E000
E000
E1FE
E1FE
E00E
E00E
E00E
E00E
600E
701E
383E
1FEE
0F8E
ENDCHAR
STARTCHAR gcircumflex
ENCODING 285
SWIDTH 600 0
DWIDTH 19 0
BBX 16 31 2 -6
BITMAP
0380
07C0
0EE0
1C70
1830
3018
0000
0000
07FF
1FFF
3838
701C
701C
701C
701C
7018
3838
1FF0
0FC0
3000
7000
7000
3FF8
1FFE
600F
E007
C007
E007
F00E
7FFC
1FF0
ENDCHAR
STARTCHAR Gbreve
ENCODING 286
SWIDTH 600 0
DWIDTH 19 0
BBX 15 29 2 0
BITMAP
3838
1830
1C70
0FE0
07C0
0000
0000
07E0
1FF8
383C
701C
600E
E008
E000
E000
E000
E000
E000
E1FE
E1FE
E00E
E00E
E00E
E00E
600E
701E
383E
1FEE
0F8E
ENDCHAR
STARTCHAR gbreve
ENCODING 287
SWIDTH 600 0
DWIDTH 19 0
BBX 16 30 2 -6
BITMAP
3838
1830
1C70
0FE0
07C0
0000
0000
07FF
1FFF
3838
701C
701C
701C
701C
7018
3838
1FF0
0FC0
3000
7000
7000
3FF8
1FFE
600F
E007
C007
E007
F00E
7FFC
1FF0
ENDCHAR
STARTCHAR Gdotaccent
ENCODING 288
SWIDTH 600 0
DWIDTH 19 0
BBX 15 29 2 0
BITMAP
0380
07C0
0780
0380
0000
0000
0000
07E0
1FF8
383C
701C
600E
E008
E000
E000
E000
E000
E000
E1FE
E1FE
E00E
E00E
E00E
E00E
600E
701E
383E
1FEE
0F8E
ENDCHAR
STARTCHAR gdotaccent
ENCODING 289
SWIDTH 600 0
DWIDTH 19 0
BBX 16 29 2 -6
BITMAP
0380
07C0
0780
0380
001F
001F
07D0
1FF0
3838
701C
701C
701C
701C
7018
3838
1FF0
0FC0
3000
7000
7000
3FF8
1FFE
600F
E007
C007
E007
F00E
7FFC
1FF0
ENDCHAR
STARTCHAR Gcommaaccent
ENCODING 290
SWIDTH 600 0
DWIDTH 19 0
BBX 15 30 2 -8
BITMAP
07E0
1FF8
383C
701C
600E
E008
E000
E000
E000
E000
E000
E1FE
E1FE
E00E
E00E
E00E
E00E
600E
701E
383E
1FEE
0F8E
0000
0000
03C0
0380
0380
0300
0300
0700
ENDCHAR
STARTCHAR gcommaaccent
ENCODING 291
SWIDTH 600 0
DWIDTH 19 0
BBX 16 31 2 -6
BITMAP
00C0
01C0
01C0
01C0
0380
0380
001F
001F
07D0
1FF0
3838
701C
701C
701C
701C
7018
3838
1FF0
0FC0
3000
7000
7000
3FF8
1FFE
600F
E007
C007
E007
F00E
7FFC
1FF0
ENDCHAR
STARTCHAR Hcircumflex
ENCODING 292
SWIDTH 600 0
DWIDTH 19 0
BBX 15 30 2 0
BITMAP
0380
07C0
0EE0
1C70
1830
3018
0000
0000
E00E
E00E
E00E
E00E
E00E
E00E
E00E
E00E
E00E
E00E
FFFE
FFFE
E00E
E00E
E00E
E00E
E00E
E00E
E00E
E00E
E00E
E00E
ENDCHAR
STARTCHAR hcircumflex
ENCODING 293
SWIDTH 600 0
DWIDTH 19 0
BBX 17 31 -1 0
BITMAP
0E0000
1F0000
3B8000
71C000
60C000
C06000
000000
0E0000
0E0000
0E0000
0E0000
0E0000
0E0000
0E0000
0E7C00
0EFE00
0F0700
0E0380
0E0380
0E0180
0E0180
0E0180
0E0180
0E0180
0E0180
0E0180
0E0180
0E0180
0E0180
0E0180
0E0180
ENDCHAR
STARTCHAR Hbar
ENCODING 294
SWIDTH 600 0
DWIDTH 19 0
BBX 19 22 0 0
BITMAP
380380
380380
380380
380380
FFFFE0
FFFFE0
380380
380380
380380
380380
3FFF80
3FFF80
380380
380380
380380
380380
380380
380380
380380
380380
380380
380380
ENDCHAR
STARTCHAR hbar
ENCODING 295
SWIDTH 600 0
DWIDTH 19 0
BBX 15 24 1 0
BITMAP
3800
3800
FF80
FF80
3800
3800
3800
39F0
3BF8
3C1C
380E
380E
3806
3806
3806
3806
3806
3806
3806
3806
3806
3806
3806
3806
ENDCHAR
STARTCHAR Itilde
ENCODING 296
SWIDTH 600 0
DWIDTH 19 0
BBX 13 29 3 0
BITMAP
1C20
3E30
63E0
41C0
0000
0000
0000
FFF8
FFF8
0700
0700
0700
0700
0700
0700
0700
0700
0700
0700
0700
0700
0700
0700
0700
0700
0700
0700
FFF8
FFF8
ENDCHAR
STARTCHAR itilde
ENCODING 297
SWIDTH 600 0
DWIDTH 19 0
BBX 14 23 3 0
BITMAP
0E10
1F18
31F0
20E0
0000
0000
FF80
FF80
0380
0380
0380
0380
0380
0380
0380
0380
0380
0380
0380
0380
0380
FFFC
FFFC
ENDCHAR
STARTCHAR Imacron
ENCODING 298
SWIDTH 600 0
DWIDTH 19 0
BBX 13 28 3 0
BITMAP
3FE0
3FE0
0000
0000
0000
0000
FFF8
FFF8
0700
0700
0700
0700
0700
0700
0700
0700
0700
0700
0700
0700
0700
0700
0700
0700
0700
0700
FFF8
FFF8
ENDCHAR
STARTCHAR imacron
ENCODING 299
SWIDTH 600 0
DWIDTH 19 0
BBX 14 21 3 0
BITMAP
1FF0
1FF0
0000
0000
FF80
FF80
0380
0380
0380
0380
0380
0380
0380
0380
0380
0380
0380
0380
0380
FFFC
FFFC
ENDCHAR
STARTCHAR Ibreve
ENCODING 300
SWIDTH 600 0
DWIDTH 19 0
BBX 13 29 3 0
BITMAP
7070
3060
38E0
1FC0
0F80
0000
0000
FFF8
FFF8
0700
0700
0700
0700
0700
0700
0700
0700
0700
0700
0700
0700
0700
0700
0700
0700
0700
0700
FFF8
FFF8
ENDCHAR
STARTCHAR ibreve
ENCODING 301
SWIDTH 600 0
DWIDTH 19 0
BBX 14 24 3 0
BITMAP
3838
1830
1C70
0FE0
07C0
0000
0000
FF80
FF80
0380
0380
0380
0380
0380
0380
0380
0380
0380
0380
0380
0380
0380
FFFC
FFFC
ENDCHAR
STARTCHAR Iogonek
ENCODING 302
SWIDTH 600 0
DWIDTH 19 0
BBX 14 28 3 -6
BITMAP
FFF8
FFF8
0700
0700
0700
0700
0700
0700
0700
0700
0700
0700
0700
0700
0700
0700
0700
0700
0700
0700
FFF8
FFF8
0030
0060
00C0
00C8
00FC
0078
ENDCHAR
STARTCHAR iogonek
ENCODING 303
SWIDTH 600 0
DWIDTH 19 0
BBX 15 30 3 -6
BITMAP
0380
03C0
03C0
0380
0000
0000
0000
FF80
FF80
0380
0380
0380
0380
0380
0380
0380
0380
0380
0380
0380
0380
0380
FFFC
FFFC
001C
0030
0060
0064
007E
003C
ENDCHAR
STARTCHAR Idotaccent
ENCODING 304
SWIDTH 600 0
DWIDTH 19 0
BBX 13 29 3 0
BITMAP
0700
0F80
0F00
0700
0000
0000
0000
FFF8
FFF8
0700
0700
0700
0700
0700
0700
0700
0700
0700
0700
0700
0700
0700
0700
0700
0700
0700
0700
FFF8
FFF8
ENDCHAR
STARTCHAR dotlessi
ENCODING 305
SWIDTH 600 0
DWIDTH 19 0
BBX 14 17 3 0
BITMAP
FF80
FF80
0380
0380
0380
0380
0380
0380
0380
0380
0380
0380
0380
0380
0380
FFFC
FFFC
ENDCHAR
STARTCHAR IJ
ENCODING 306
SWIDTH 600 0
DWIDTH 19 0
BBX 13 22 3 0
BITMAP
C018
C018
C018
C018
C018
C018
C018
C018
C018
C018
C018
C018
C018
0018
0018
0018
0038
E038
E038
F070
7FE0
1F80
ENDCHAR
STARTCHAR ij
ENCODING 307
SWIDTH 600 0
DWIDTH 19 0
BBX 14 30 2 -6
BITMAP
701C
783C
F83C
701C
0000
0000
0000
701C
701C
701C
701C
701C
701C
701C
701C
701C
701C
701C
701C
701C
701C
701C
701C
701C
001C
001C
001C
001C
0FF8
0FF0
ENDCHAR
STARTCHAR Jcircumflex
ENCODING 308
SWIDTH 600 0
DWIDTH 19 0
BBX 13 30 2 0
BITMAP
0380
07C0
0EE0
1C70
1830
3018
0000
0000
1FF8
1FF8
0018
0018
0018
0018
0018
0018
0018
0018
0018
0018
0018
0018
0018
0018
0018
E038
7038
7870
3FE0
0FC0
ENDCHAR
STARTCHAR jcircumflex
ENCODING 309
SWIDTH 600 0
DWIDTH 19 0
BBX 15 31 3 -6
BITMAP
00E0
01F0
03B8
071C
060C
0C06
0000
0000
FFE0
FFE0
00E0
00E0
00E0
00E0
00E0
00E0
00E0
00E0
00E0
00E0
00E0
00E0
00E0
00E0
00E0
00E0
00E0
00E0
00E0
FFC0
FF80
ENDCHAR
STARTCHAR Kcommaaccent
ENCODING 310
SWIDTH 600 0
DWIDTH 19 0
BBX 15 30 3 -8
BITMAP
C01E
C01C
C038
C070
C0E0
C1E0
C3C0
C380
C700
CE00
DF00
FB80
F380
F1C0
E0E0
C0E0
C070
C078
C038
C01C
C01C
C00E
0000
0000
0780
0700
0700
0600
0600
0E00
ENDCHAR
STARTCHAR kcommaaccent
ENCODING 311
SWIDTH 600 0
DWIDTH 19 0
BBX 15 32 3 -8
BITMAP
E000
E000
E000
E000
E000
E000
E000
E01C
E038
E070
E0E0
E1C0
E380
EF00
FF00
FB80
F1C0
E1C0
E0E0
E070
E038
E038
E01C
E00E
0000
0000
0780
0700
0700
0600
0600
0E00
ENDCHAR
STARTCHAR kgreenlandic
ENCODING 312
SWIDTH 600 0
DWIDTH 19 0
BBX 15 17 3 0
BITMAP
E01E
E038
E070
E0E0
E1C0
E380
E700
EF00
FF80
F9C0
F1C0
E0E0
E070
E038
E03C
E01C
E00E
ENDCHAR
STARTCHAR Lacute
ENCODING 313
SWIDTH 600 0
DWIDTH 19 0
BBX 13 30 4 0
BITMAP
3000
3800
7000
6000
E000
4000
0000
0000
C000
C000
C000
C000
C000
C000
C000
C000
C000
C000
C000
C000
C000
C000
C000
C000
C000
C000
C000
C000
FFF8
FFF8
ENDCHAR
STARTCHAR lacute
ENCODING 314
SWIDTH 600 0
DWIDTH 19 0
BBX 15 31 2 0
BITMAP
00C0
00E0
01C0
0180
0380
0100
0000
FF80
FF80
0380
0380
0380
0380
0380
0380
0380
0380
0380
0380
0380
0380
0380
0380
0380
0380
0380
0380
0380
0380
FFFE
FFFE
ENDCHAR
STARTCHAR Lcommaaccent
ENCODING 315
SWIDTH 600 0
DWIDTH 19 0
BBX 13 30 4 -8
BITMAP
C000
C000
C000
C000
C000
C000
C000
C000
C000
C000
C000
C000
C000
C000
C000
C000
C000
C000
C000
C000
FFF8
FFF8
0000
0000
0F00
0E00
0E00
0C00
0C00
1C00
ENDCHAR
STARTCHAR lcommaaccent
ENCODING 316
SWIDTH 600 0
DWIDTH 19 0
BBX 15 32 2 -8
BITMAP
FF80
FF80
0380
0380
0380
0380
0380
0380
0380
0380
0380
0380
0380
0380
0380
0380
0380
0380
0380
0380
0380
0380
FFFE
FFFE
0000
0000
03C0
0380
0380
0300
0300
0700
ENDCHAR
STARTCHAR Lcaron
ENCODING 317
SWIDTH 600 0
DWIDTH 19 0
BBX 13 24 4 0
BITMAP
0780
0700
C700
C700
C600
C600
C000
C000
C000
C000
C000
C000
C000
C000
C000
C000
C000
C000
C000
C000
C000
C000
FFF8
FFF8
ENDCHAR
STARTCHAR lcaron
ENCODING 318
SWIDTH 600 0
DWIDTH 19 0
BBX 16 24 2 0
BITMAP
FF8F
FF8E
038E
038E
038C
038C
0380
0380
0380
0380
0380
0380
0380
0380
0380
0380
0380
0380
0380
0380
0380
0380
FFFE
FFFE
ENDCHAR
STARTCHAR Ldot
ENCODING 319
SWIDTH 600 0
DWIDTH 19 0
BBX 13 22 4 0
BITMAP
C000
C000
C000
C000
C000
C000
C000
C000
C000
C000
C0E0
C1F0
C1E0
C0E0
C000
C000
C000
C000
C000
C000
FFF8
FFF8
ENDCHAR
STARTCHAR ldot
ENCODING 320
SWIDTH 600 0
DWIDTH 19 0
BBX 17 24 2 0
BITMAP
FF8000
FF8000
038000
038000
038000
038000
038000
038000
038000
038000
038000
038000
038000
038700
038F80
038F00
038700
038000
038000
038000
038000
038000
FFFE00
FFFE00
ENDCHAR
STARTCHAR Lslash
ENCODING 321
SWIDTH 600 0
DWIDTH 19 0
BBX 16 22 1 0
BITMAP
1800
1800
1800
1800
1800
1800
1800
1800
1800
1830
1BF0
3FC0
FC00
D800
1800
1800
1800
1800
1800
1800
1FFF
1FFF
ENDCHAR
STARTCHAR lslash
ENCODING 322
SWIDTH 600 0
DWIDTH 19 0
BBX 15 24 2 0
BITMAP
FF80
FF80
0380
0380
0380
0380
0380
0380
0380
0380
038C
03FC
03F0
1F80
7F80
6380
0380
0380
0380
0380
0380
0380
FFFE
FFFE
ENDCHAR
STARTCHAR Nacute
ENCODING 323
SWIDTH 600 0
DWIDTH 19 0
BBX 15 30 2 0
BITMAP
00C0
00E0
01C0
0180
0380
0100
0000
0000
F00E
F80E
F80E
FC0E
FC0E
EE0E
EE0E
E60E
E70E
E30E
E38E
E38E
E18E
E1CE
E0CE
E0EE
E0EE
E06E
E07E
E03E
E03E
E03E
ENDCHAR
STARTCHAR nacute
ENCODING 324
SWIDTH 600 0
DWIDTH 19 0
BBX 13 25 3 0
BITMAP
0180
01C0
0380
0300
0700
0200
0000
0000
E7C0
EFE0
F070
E038
E038
E018
E018
E018
E018
E018
E018
E018
E018
E018
E018
E018
E018
ENDCHAR
STARTCHAR Ncommaaccent
ENCODING 325
SWIDTH 600 0
DWIDTH 19 0
BBX 15 30 2 -8
BITMAP
F00E
F80E
F80E
FC0E
FC0E
EE0E
EE0E
E60E
E70E
E30E
E38E
E38E
E18E
E1CE
E0CE
E0EE
E0EE
E06E
E07E
E03E
E03E
E03E
0000
0000
03C0
0380
0380
0300
0300
0700
ENDCHAR
STARTCHAR ncommaaccent
ENCODING 326
SWIDTH 600 0
DWIDTH 19 0
BBX 13 25 3 -8
BITMAP
E7C0
EFE0
F070
E038
E038
E018
E018
E018
E018
E018
E018
E018
E018
E018
E018
E018
E018
0000
0000
0780
0700
0700
0600
0600
0E00
ENDCHAR
STARTCHAR Ncaron
ENCODING 327
SWIDTH 600 0
DWIDTH 19 0
BBX 15 31 2 0
BITMAP
1010
3838
1C70
0EE0
07C0
0380
0000
0000
0000
F00E
F80E
F80E
FC0E
FC0E
EE0E
EE0E
E60E
E70E
E30E
E38E
E38E
E18E
E1CE
E0CE
E0EE
E0EE
E06E
E07E
E03E
E03E
E03E
ENDCHAR
STARTCHAR ncaron
ENCODING 328
SWIDTH 600 0
DWIDTH 19 0
BBX 13 25 3 0
BITMAP
2020
7070
38E0
1DC0
0F80
0700
0000
0000
E7C0
EFE0
F070
E038
E038
E018
E018
E018
E018
E018
E018
E018
E018
E018
E018
E018
E018
ENDCHAR
STARTCHAR napostrophe
ENCODING 329
SWIDTH 600 0
DWIDTH 19 0
BBX 16 24 0 0
BITMAP
E000
E000
E000
C000
C000
C000
0000
1CF8
1DFC
1E0E
1C07
1C07
1C03
1C03
1C03
1C03
1C03
1C03
1C03
1C03
1C03
1C03
1C03
1C03
ENDCHAR
STARTCHAR Eng
ENCODING 330
SWIDTH 600 0
DWIDTH 19 0
BBX 15 28 2 -6
BITMAP
F00E
F80E
F80E
FC0E
EC0E
EE0E
EE0E
E60E
E70E
E30E
E38E
E38E
E18E
E1CE
E0CE
E0EE
E0EE
E06E
E07E
E03E
E03E
E03E
000E
000E
000E
000C
1FFC
1FF8
ENDCHAR
STARTCHAR eng
ENCODING 331
SWIDTH 600 0
DWIDTH 19 0
BBX 13 23 3 -6
BITMAP
E7C0
EFE0
F070
E038
E038
E018
E018
E018
E018
E018
E018
E018
E018
E018
E018
E018
E018
0018
0018
0018
0018
1FF8
1FF0
ENDCHAR
STARTCHAR Omacron
ENCODING 332
SWIDTH 600 0
DWIDTH 19 0
BBX 15 28 2 0
BITMAP
1FF0
1FF0
0000
0000
0000
0000
07C0
1FF0
3838
701C
600C
E00E
E00E
E00E
E00E
E00E
E00E
E00E
E00E
E00E
E00E
E00E
E00E
600C
701C
3838
1FF0
07E0
ENDCHAR
STARTCHAR omacron
ENCODING 333
SWIDTH 600 0
DWIDTH 19 0
BBX 15 21 2 0
BITMAP
1FF0
1FF0
0000
0000
07C0
1FF0
3838
701C
600C
E00E
E00E
E00E
E00E
E00E
E00E
E00E
600C
701C
3838
1FF0
07C0
ENDCHAR
STARTCHAR Obreve
ENCODING 334
SWIDTH 600 0
DWIDTH 19 0
BBX 15 29 2 0
BITMAP
3838
1830
1C70
0FE0
07C0
0000
0000
07C0
1FF0
3838
701C
600C
E00E
E00E
E00E
E00E
E00E
E00E
E00E
E00E
E00E
E00E
E00E
E00E
600C
701C
3838
1FF0
07E0
ENDCHAR
STARTCHAR obreve
ENCODING 335
SWIDTH 600 0
DWIDTH 19 0
BBX 15 24 2 0
BITMAP
3838
1830
1C70
0FE0
07C0
0000
0000
07C0
1FF0
3838
701C
600C
E00E
E00E
E00E
E00E
E00E
E00E
E00E
600C
701C
3838
1FF0
07C0
ENDCHAR
STARTCHAR Ohungarumlaut
ENCODING 336
SWIDTH 600 0
DWIDTH 19 0
BBX 15 30 2 0
BITMAP
0318
039C
0738
0630
0C60
0C60
0000
0000
07C0
1FF0
3838
701C
600C
E00E
E00E
E00E
E00E
E00E
E00E
E00E
E00E
E00E
E00E
E00E
E00E
600C
701C
3838
1FF0
07E0
ENDCHAR
STARTCHAR ohungarumlaut
ENCODING 337
SWIDTH 600 0
DWIDTH 19 0
BBX 15 25 2 0
BITMAP
0318
039C
0738
0630
0C60
0C60
0000
0000
07C0
1FF0
3838
701C
600C
E00E
E00E
E00E
E00E
E00E
E00E
E00E
600C
701C
3838
1FF0
07C0
ENDCHAR
STARTCHAR OE
ENCODING 338
SWIDTH 600 0
DWIDTH 19 0
BBX 17 22 1 0
BITMAP
07FF80
1FFF80
3C6000
386000
706000
606000
606000
E06000
E06000
E06000
E07F00
E07F00
E06000
E06000
E06000
E06000
606000
706000
386000
3C6000
1FFF80
07FF80
ENDCHAR
STARTCHAR oe
ENCODING 339
SWIDTH 600 0
DWIDTH 19 0
BBX 19 17 0 0
BITMAP
1E0F00
3FBF80
71B1C0
60E0C0
60E0C0
60E0C0
E0E0E0
E0FFE0
E0FFE0
E0E000
E0E000
60E000
60E080
60E0C0
71B1C0
3F3F80
1E1F00
ENDCHAR
STARTCHAR Racute
ENCODING 340
SWIDTH 600 0
DWIDTH 19 0
BBX 14 30 3 0
BITMAP
0180
01C0
0380
0300
0700
0200
0000
0000
FFE0
FFF8
C038
C01C
C01C
C01C
C01C
C01C
C01C
C038
FFF0
FFE0
C380
C1C0
C1C0
C0E0
C0E0
C070
C038
C038
C01C
C01C
ENDCHAR
STARTCHAR racute
ENCODING 341
SWIDTH 600 0
DWIDTH 19 0
BBX 16 25 2 0
BITMAP
0030
0038
0070
0060
00E0
0040
0000
0000
FF1F
FF7F
0740
0780
0700
0700
0700
0700
0700
0700
0700
0700
0700
0700
0700
FFFC
FFFC
ENDCHAR
STARTCHAR Rcommaaccent
ENCODING 342
SWIDTH 600 0
DWIDTH 19 0
BBX 14 30 3 -8
BITMAP
FFE0
FFF8
C038
C01C
C01C
C01C
C01C
C01C
C01C
C038
FFF0
FFE0
C380
C1C0
C1C0
C0E0
C0E0
C070
C038
C038
C01C
C01C
0000
0000
0780
0700
0700
0600
0600
0E00
ENDCHAR
STARTCHAR rcommaaccent
ENCODING 343
SWIDTH 600 0
DWIDTH 19 0
BBX 16 25 2 -8
BITMAP
FF1F
FF7F
0740
0780
0700
0700
0700
0700
0700
0700
0700
0700
0700
0700
0700
FFFC
FFFC
0000
0000
0780
0700
0700
0600
0600
0E00
ENDCHAR
STARTCHAR Rcaron
ENCODING 344
SWIDTH 600 0
DWIDTH 19 0
BBX 14 31 3 0
BITMAP
2020
7070
38E0
1DC0
0F80
0700
0000
0000
0000
FFE0
FFF8
C038
C01C
C01C
C01C
C01C
C01C
C01C
C038
FFF0
FFE0
C380
C1C0
C1C0
C0E0
C0E0
C070
C038
C038
C01C
C01C
ENDCHAR
STARTCHAR rcaron
ENCODING 345
SWIDTH 600 0
DWIDTH 19 0
BBX 16 25 2 0
BITMAP
0404
0E0E
071C
03B8
01F0
00E0
0000
0000
FF1F
FF7F
0740
0780
0700
0700
0700
0700
0700
0700
0700
0700
0700
0700
0700
FFFC
FFFC
ENDCHAR
STARTCHAR Sacute
ENCODING 346
SWIDTH 600 0
DWIDTH 19 0
BBX 16 30 1 0
BITMAP
0060
0070
00E0
00C0
01C0
0080
0000
0000
07F0
1FFC
3C1F
3007
7004
7000
7000
7000
3800
3F00
0FF8
03FC
001E
0007
0007
0003
0007
6007
F007
7C1E
1FFC
07F0
ENDCHAR
STARTCHAR sacute
ENCODING 347
SWIDTH 600 0
DWIDTH 19 0
BBX 15 25 2 0
BITMAP
00C0
00E0
01C0
0180
0380
0100
0000
0000
0FE0
3FF8
383C
7008
7000
7000
7000
3F80
1FF8
00FC
001C
000E
400E
E00C
781C
3FF8
0FE0
ENDCHAR
STARTCHAR Scircumflex
ENCODING 348
SWIDTH 600 0
DWIDTH 19 0
BBX 16 30 1 0
BITMAP
01C0
03E0
0770
0E38
0C18
180C
0000
0000
07F0
1FFC
3C1F
3007
7004
7000
7000
7000
3800
3F00
0FF8
03FC
001E
0007
0007
0003
0007
6007
F007
7C1E
1FFC
07F0
ENDCHAR
STARTCHAR scircumflex
ENCODING 349
SWIDTH 600 0
DWIDTH 19 0
BBX 15 25 2 0
BITMAP
0380
07C0
0EE0
1C70
1830
3018
0000
0000
0FE0
3FF8
383C
7008
7000
7000
7000
3F80
1FF8
00FC
001C
000E
400E
E00C
781C
3FF8
0FE0
ENDCHAR
STARTCHAR Scedilla
ENCODING 350
SWIDTH 600 0
DWIDTH 19 0
BBX 16 29 1 -7
BITMAP
07F0
1FFC
3C1F
3007
7004
7000
7000
7000
3800
3F00
0FF8
03FC
001E
0007
0007
0003
0007
6007
F007
7C1E
3FFC
07F0
0180
0180
01F0
0030
0230
03F0
01E0
ENDCHAR
STARTCHAR scedilla
ENCODING 351
SWIDTH 600 0
DWIDTH 19 0
BBX 15 23 2 -6
BITMAP
0FE0
3FF8
383C
7008
7000
7000
7000
3F80
1FF8
00FC
001C
000E
400E
E00C
781C
3FF8
0FE0
0300
03E0
0060
0460
07E0
03C0
ENDCHAR
STARTCHAR Scaron
ENCODING 352
SWIDTH 600 0
DWIDTH 19 0
BBX 16 31 1 0
BITMAP
0808
1C1C
0E38
0770
03E0
01C0
0000
0000
0000
07F0
1FFC
3C1F
3007
7004
7000
7000
7000
3800
3F00
0FF8
03FC
001E
0007
0007
0003
0007
6007
F007
7C1E
1FFC
07F0
ENDCHAR
STARTCHAR scaron
ENCODING 353
SWIDTH 600 0
DWIDTH 19 0
BBX 15 25 2 0
BITMAP
1010
3838
1C70
0EE0
07C0
0380
0000
0000
0FE0
3FF8
383C
7008
7000
7000
7000
3F80
1FF8
00FC
001C
000E
400E
E00C
781C
3FF8
0FE0
ENDCHAR
STARTCHAR uni0162
ENCODING 354
SWIDTH 600 0
DWIDTH 19 0
BBX 17 29 1 -7
BITMAP
FFFF80
FFFF80
01C000
01C000
01C000
01C000
01C000
01C000
01C000
01C000
01C000
01C000
01C000
01C000
01C000
01C000
01C000
01C000
01C000
01C000
01C000
01C000
008000
008000
01F000
003000
023800
03F000
01E000
ENDCHAR
STARTCHAR uni0163
ENCODING 355
SWIDTH 600 0
DWIDTH 19 0
BBX 16 29 1 -7
BITMAP
0300
0300
0300
0300
0300
FFFF
FFFF
0300
0300
0300
0300
0300
0300
0300
0300
0300
0300
0300
0300
0300
03FF
01FF
0030
0030
003C
000E
0046
00FE
007C
ENDCHAR
STARTCHAR Tcaron
ENCODING 356
SWIDTH 600 0
DWIDTH 19 0
BBX 17 31 1 0
BITMAP
080800
1C1C00
0E3800
077000
03E000
01C000
000000
000000
000000
FFFF80
FFFF80
01C000
01C000
01C000
01C000
01C000
01C000
01C000
01C000
01C000
01C000
01C000
01C000
01C000
01C000
01C000
01C000
01C000
01C000
01C000
01C000
ENDCHAR
STARTCHAR tcaron
ENCODING 357
SWIDTH 600 0
DWIDTH 19 0
BBX 16 25 1 0
BITMAP
001E
001C
001C
031C
0318
0318
0300
0300
FFFF
FFFF
0300
0300
0300
0300
0300
0300
0300
0300
0300
0300
0300
0300
0300
03FF
01FF
ENDCHAR
STARTCHAR Tbar
ENCODING 358
SWIDTH 600 0
DWIDTH 19 0
BBX 17 22 1 0
BITMAP
FFFF80
FFFF80
01C000
01C000
01C000
01C000
01C000
01C000
01C000
3FFE00
3FFE00
01C000
01C000
01C000
01C000
01C000
01C000
01C000
01C000
01C000
01C000
01C000
ENDCHAR
STARTCHAR tbar
ENCODING 359
SWIDTH 600 0
DWIDTH 19 0
BBX 16 22 1 0
BITMAP
0300
0300
0300
0300
0300
FFFF
FFFF
0300
0300
0300
0300
0300
3FFC
3FFC
0300
0300
0300
0300
0300
0300
03FF
01FF
ENDCHAR
STARTCHAR Utilde
ENCODING 360
SWIDTH 600 0
DWIDTH 19 0
BBX 15 29 2 0
BITMAP
0E10
1F18
31F0
20E0
0000
0000
0000
E00E
E00E
E00E
E00E
E00E
E00E
E00E
E00E
E00E
E00E
E00E
E00E
E00E
E00E
E00C
600C
600C
701C
701C
3838
3FF8
0FE0
ENDCHAR
STARTCHAR utilde
ENCODING 361
SWIDTH 600 0
DWIDTH 19 0
BBX 13 23 3 0
BITMAP
1C20
3E30
63E0
41C0
0000
0000
C038
C038
C038
C038
C038
C038
C038
C038
C038
C038
C038
C038
E038
E038
7078
3FB8
1F38
ENDCHAR
STARTCHAR Umacron
ENCODING 362
SWIDTH 600 0
DWIDTH 19 0
BBX 15 28 2 0
BITMAP
1FF0
1FF0
0000
0000
0000
0000
E00E
E00E
E00E
E00E
E00E
E00E
E00E
E00E
E00E
E00E
E00E
E00E
E00E
E00E
E00C
600C
600C
701C
701C
3838
3FF8
0FE0
ENDCHAR
STARTCHAR umacron
ENCODING 363
SWIDTH 600 0
DWIDTH 19 0
BBX 13 21 3 0
BITMAP
3FE0
3FE0
0000
0000
C038
C038
C038
C038
C038
C038
C038
C038
C038
C038
C038
C038
E038
E038
7078
3FB8
1F38
ENDCHAR
STARTCHAR Ubreve
ENCODING 364
SWIDTH 600 0
DWIDTH 19 0
BBX 15 29 2 0
BITMAP
3838
1830
1C70
0FE0
07C0
0000
0000
E00E
E00E
E00E
E00E
E00E
E00E
E00E
E00E
E00E
E00E
E00E
E00E
E00E
E00E
E00C
600C
600C
701C
701C
3838
3FF8
0FE0
ENDCHAR
STARTCHAR ubreve
ENCODING 365
SWIDTH 600 0
DWIDTH 19 0
BBX 13 24 3 0
BITMAP
7070
3060
38E0
1FC0
0F80
0000
0000
C038
C038
C038
C038
C038
C038
C038
C038
C038
C038
C038
C038
E038
E038
7078
3FB8
1F38
ENDCHAR
STARTCHAR Uring
ENCODING 366
SWIDTH 600 0
DWIDTH 19 0
BBX 15 32 2 0
BITMAP
0380
07C0
0C60
0C60
0C60
0C60
07C0
0380
0000
0000
E00E
E00E
E00E
E00E
E00E
E00E
E00E
E00E
E00E
E00E
E00E
E00E
E00E
E00E
E00C
600C
600C
701C
701C
3838
3FF8
0FE0
ENDCHAR
STARTCHAR uring
ENCODING 367
SWIDTH 600 0
DWIDTH 19 0
BBX 13 26 3 0
BITMAP
0700
0F80
18C0
18C0
18C0
18C0
0F80
0700
0000
C038
C038
C038
C038
C038
C038
C038
C038
C038
C038
C038
C038
E038
E038
7078
3FB8
1F38
ENDCHAR
STARTCHAR Uhungarumlaut
ENCODING 368
SWIDTH 600 0
DWIDTH 19 0
BBX 15 30 2 0
BITMAP
0318
039C
0738
0630
0C60
0C60
0000
0000
E00E
E00E
E00E
E00E
E00E
E00E
E00E
E00E
E00E
E00E
E00E
E00E
E00E
E00E
E00C
600C
600C
701C
701C
3838
3FF8
0FE0
ENDCHAR
STARTCHAR uhungarumlaut
ENCODING 369
SWIDTH 600 0
DWIDTH 19 0
BBX 13 25 3 0
BITMAP
0630
0738
0E70
0C60
18C0
18C0
0000
0000
C038
C038
C038
C038
C038
C038
C038
C038
C038
C038
C038
C038
E038
E038
7078
3FB8
1F38
ENDCHAR
STARTCHAR Uogonek
ENCODING 370
SWIDTH 600 0
DWIDTH 19 0
BBX 15 28 2 -6
BITMAP
E00E
E00E
E00E
E00E
E00E
E00E
E00E
E00E
E00E
E00E
E00E
E00E
E00E
E00E
E00C
600C
600C
701C
701C
3838
3FF8
0FE0
00C0
0300
0300
0720
03F0
01E0
ENDCHAR
STARTCHAR uogonek
ENCODING 371
SWIDTH 600 0
DWIDTH 19 0
BBX 14 23 3 -6
BITMAP
C038
C038
C038
C038
C038
C038
C038
C038
C038
C038
C038
C038
E038
E038
7078
3FB8
1F38
0070
00E0
01C0
0188
01FC
00F8
ENDCHAR
STARTCHAR Wcircumflex
ENCODING 372
SWIDTH 600 0
DWIDTH 19 0
BBX 17 30 1 0
BITMAP
01C000
03E000
077000
0E3800
0C1800
180C00
000000
000000
C00180
E00180
E00380
E00380
E00380
E00380
61C300
61C300
63E300
636300
636300
636300
636300
663300
663300
763700
763700
7E3F00
3C1F00
3C1E00
3C1E00
3C1E00
ENDCHAR
STARTCHAR wcircumflex
ENCODING 373
SWIDTH 600 0
DWIDTH 19 0
BBX 17 25 1 0
BITMAP
01C000
03E000
077000
0E3800
0C1800
180C00
000000
000000
C1C180
C1C180
C1C180
E36380
636300
636300
636300
632300
623300
663300
663300
363600
363600
341600
3C1E00
3C1E00
3C1E00
ENDCHAR
STARTCHAR Ycircumflex
ENCODING 374
SWIDTH 600 0
DWIDTH 19 0
BBX 19 30 0 0
BITMAP
00E000
01F000
03B800
071C00
060C00
0C0600
000000
000000
F001E0
7001C0
380380
380380
1C0700
0E0600
0E0E00
071C00
071C00
03B800
03B800
01F000
01F000
00E000
00E000
00E000
00E000
00E000
00E000
00E000
00E000
00E000
ENDCHAR
STARTCHAR ycircumflex
ENCODING 375
SWIDTH 600 0
DWIDTH 19 0
BBX 15 31 2 -6
BITMAP
0380
07C0
0EE0
1C70
1830
3018
0000
0000
C006
E00E
600C
701C
701C
3018
3838
1830
1C70
1C70
0C60
0EE0
06C0
07C0
03C0
0380
0380
0300
0700
0700
0600
7E00
7800
ENDCHAR
STARTCHAR Ydieresis
ENCODING 376
SWIDTH 600 0
DWIDTH 19 0
BBX 19 29 0 0
BITMAP
071C00
071C00
071C00
071C00
000000
000000
000000
F001E0
7001C0
380380
380380
1C0700
0E0600
0E0E00
071C00
071C00
03B800
03B800
01F000
01F000
00E000
00E000
00E000
00E000
00E000
00E000
00E000
00E000
00E000
ENDCHAR
STARTCHAR Zacute
ENCODING 377
SWIDTH 600 0
DWIDTH 19 0
BBX 17 30 1 0
BITMAP
006000
007000
00E000
00C000
01C000
008000
000000
000000
7FFF00
7FFF00
000700
000E00
001C00
001C00
003800
007000
00E000
00E000
01C000
038000
038000
070000
0E0000
0E0000
1C0000
380000
700000
700000
FFFF80
FFFF80
ENDCHAR
STARTCHAR zacute
ENCODING 378
SWIDTH 600 0
DWIDTH 19 0
BBX 13 25 3 0
BITMAP
0180
01C0
0380
0300
0700
0200
0000
0000
FFF8
FFF8
0038
0070
00E0
01C0
03C0
0380
0700
0E00
1C00
3800
7000
7000
E000
FFF8
FFF8
ENDCHAR
STARTCHAR Zdotaccent
ENCODING 379
SWIDTH 600 0
DWIDTH 19 0
BBX 17 29 1 0
BITMAP
01C000
03E000
03C000
01C000
000000
000000
000000
7FFF00
7FFF00
000700
000E00
001C00
001C00
003800
007000
00E000
00E000
01C000
038000
038000
070000
0E0000
0E0000
1C0000
380000
700000
700000
FFFF80
FFFF80
ENDCHAR
STARTCHAR zdotaccent
ENCODING 380
SWIDTH 600 0
DWIDTH 19 0
BBX 13 23 3 0
BITMAP
0700
0F80
0F00
0700
0000
0000
FFF8
FFF8
0038
0070
00E0
01C0
03C0
0380
0700
0E00
1C00
3800
7000
7000
E000
FFF8
FFF8
ENDCHAR
STARTCHAR Zcaron
ENCODING 381
SWIDTH 600 0
DWIDTH 19 0
BBX 17 31 1 0
BITMAP
080800
1C1C00
0E3800
077000
03E000
01C000
000000
000000
000000
7FFF00
7FFF00
000700
000E00
001C00
001C00
003800
007000
00E000
00E000
01C000
038000
038000
070000
0E0000
0E0000
1C0000
380000
700000
700000
FFFF80
FFFF80
ENDCHAR
STARTCHAR zcaron
ENCODING 382
SWIDTH 600 0
DWIDTH 19 0
BBX 13 25 3 0
BITMAP
2020
7070
38E0
1DC0
0F80
0700
0000
0000
FFF8
FFF8
0038
0070
00E0
01C0
03C0
0380
0700
0E00
1C00
3800
7000
7000
E000
FFF8
FFF8
ENDCHAR
STARTCHAR uni017F
ENCODING 383
SWIDTH 600 0
DWIDTH 19 0
BBX 15 24 2 0
BITMAP
00FE
01FE
0380
0380
0380
0380
0380
FF80
FF80
0380
0380
0380
0380
0380
0380
0380
0380
0380
0380
0380
0380
0380
7FFE
7FFE
ENDCHAR
STARTCHAR uni018F
ENCODING 399
SWIDTH 600 0
DWIDTH 19 0
BBX 15 22 2 0
BITMAP
0FC0
3FF0
7838
701C
E00C
C00E
000E
000E
000E
000E
FFFE
FFFE
C00E
E00E
E00E
E00E
E00E
601C
701C
3838
1FF0
07C0
ENDCHAR
STARTCHAR florin
ENCODING 402
SWIDTH 600 0
DWIDTH 19 0
BBX 20 28 -1 -6
BITMAP
000FF0
001FF0
001800
003800
003800
003800
003800
003000
0FFFC0
1FFFC0
007000
007000
006000
006000
006000
00E000
00E000
00E000
00C000
00C000
00C000
01C000
01C000
01C000
018000
018000
FF8000
FF0000
ENDCHAR
STARTCHAR Ohorn
ENCODING 416
SWIDTH 600 0
DWIDTH 19 0
BBX 15 25 2 0
BITMAP
0006
0006
0006
07FE
1FFE
3838
701C
600C
E00E
E00E
E00E
E00E
E00E
E00E
E00E
E00E
E00E
E00E
E00E
E00E
600C
701C
3838
1FF0
07C0
ENDCHAR
STARTCHAR ohorn
ENCODING 417
SWIDTH 600 0
DWIDTH 19 0
BBX 15 20 2 0
BITMAP
0006
0006
0006
07FE
1FFE
3838
701C
600C
E00E
E00E
E00E
E00E
E00E
E00E
E00E
600C
701C
3838
1FF0
07C0
ENDCHAR
STARTCHAR Uhorn
ENCODING 431
SWIDTH 600 0
DWIDTH 19 0
BBX 17 26 2 0
BITMAP
000180
000180
000180
000180
E00F80
E00F80
E00E00
E00E00
E00E00
E00E00
E00E00
E00E00
E00E00
E00E00
E00E00
E00E00
E00E00
E00E00
E00C00
600C00
600C00
701C00
701C00
383800
3FF800
0FE000
ENDCHAR
STARTCHAR uhorn
ENCODING 432
SWIDTH 600 0
DWIDTH 19 0
BBX 16 21 3 0
BITMAP
0007
0007
0007
0007
C03F
C03E
C038
C038
C038
C038
C038
C038
C038
C038
C038
C038
E038
E038
7078
3FB8
1F38
ENDCHAR
STARTCHAR uni01CD
ENCODING 461
SWIDTH 600 0
DWIDTH 19 0
BBX 17 31 1 0
BITMAP
080800
1C1C00
0E3800
077000
03E000
01C000
000000
000000
000000
01C000
03E000
03E000
036000
077000
077000
063000
0E3800
0E3800
0C1800
1C1C00
1C1C00
180C00
1FFC00
3FFE00
300600
300600
700700
700700
600300
E00380
E00380
ENDCHAR
STARTCHAR uni01CE
ENCODING 462
SWIDTH 600 0
DWIDTH 19 0
BBX 16 25 2 0
BITMAP
2020
7070
38E0
1DC0
0F80
0700
0000
0000
0FC0
3FE0
7070
6038
0018
0018
0018
1FF8
7FF8
7018
E018
E018
E018
E038
7058
7FDF
1F0F
ENDCHAR
STARTCHAR uni01CF
ENCODING 463
SWIDTH 600 0
DWIDTH 19 0
BBX 13 31 3 0
BITMAP
2020
7070
38E0
1DC0
0F80
0700
0000
0000
0000
FFF8
FFF8
0700
0700
0700
0700
0700
0700
0700
0700
0700
0700
0700
0700
0700
0700
0700
0700
0700
0700
FFF8
FFF8
ENDCHAR
STARTCHAR uni01D0
ENCODING 464
SWIDTH 600 0
DWIDTH 19 0
BBX 14 25 3 0
BITMAP
1010
3838
1C70
0EE0
07C0
0380
0000
0000
FF80
FF80
0380
0380
0380
0380
0380
0380
0380
0380
0380
0380
0380
0380
0380
FFFC
FFFC
ENDCHAR
STARTCHAR uni01D1
ENCODING 465
SWIDTH 600 0
DWIDTH 19 0
BBX 15 31 2 0
BITMAP
1010
3838
1C70
0EE0
07C0
0380
0000
0000
0000
07C0
1FF0
3838
701C
600C
E00E
E00E
E00E
E00E
E00E
E00E
E00E
E00E
E00E
E00E
E00E
E00E
600C
701C
3838
1FF0
07E0
ENDCHAR
STARTCHAR uni01D2
ENCODING 466
SWIDTH 600 0
DWIDTH 19 0
BBX 15 25 2 0
BITMAP
1010
3838
1C70
0EE0
07C0
0380
0000
0000
07C0
1FF0
3838
701C
600C
E00E
E00E
E00E
E00E
E00E
E00E
E00E
600C
701C
3838
1FF0
07C0
ENDCHAR
STARTCHAR uni01D3
ENCODING 467
SWIDTH 600 0
DWIDTH 19 0
BBX 15 31 2 0
BITMAP
1010
3838
1C70
0EE0
07C0
0380
0000
0000
0000
E00E
E00E
E00E
E00E
E00E
E00E
E00E
E00E
E00E
E00E
E00E
E00E
E00E
E00E
E00C
600C
600C
701C
701C
3838
3FF8
0FE0
ENDCHAR
STARTCHAR uni01D4
ENCODING 468
SWIDTH 600 0
DWIDTH 19 0
BBX 13 25 3 0
BITMAP
2020
7070
38E0
1DC0
0F80
0700
0000
0000
C038
C038
C038
C038
C038
C038
C038
C038
C038
C038
C038
C038
E038
E038
7078
3FB8
1F38
ENDCHAR
STARTCHAR uni01D5
ENCODING 469
SWIDTH 600 0
DWIDTH 19 0
BBX 15 33 2 0
BITMAP
0FF0
0FF0
0000
0000
1C38
1E78
1E78
1C38
0000
0000
0000
E00E
E00E
E00E
E00E
E00E
E00E
E00E
E00E
E00E
E00E
E00E
E00E
E00E
E00E
E00C
600C
600C
701C
701C
3838
3FF8
0FE0
ENDCHAR
STARTCHAR uni01D6
ENCODING 470
SWIDTH 600 0
DWIDTH 19 0
BBX 13 27 3 0
BITMAP
1FE0
1FE0
0000
0000
3870
3CF0
3CF0
3870
0000
0000
C038
C038
C038
C038
C038
C038
C038
C038
C038
C038
C038
C038
E038
E038
7078
3FB8
1F38
ENDCHAR
STARTCHAR uni01D7
ENCODING 471
SWIDTH 600 0
DWIDTH 19 0
BBX 15 35 2 0
BITMAP
0070
0060
00E0
00C0
0180
0080
1C38
1E78
1E78
1C38
0000
0000
0000
E00E
E00E
E00E
E00E
E00E
E00E
E00E
E00E
E00E
E00E
E00E
E00E
E00E
E00E
E00C
600C
600C
701C
701C
3838
3FF8
0FE0
ENDCHAR
STARTCHAR uni01D8
ENCODING 472
SWIDTH 600 0
DWIDTH 19 0
BBX 13 29 3 0
BITMAP
00E0
00C0
01C0
0180
0300
0100
3870
3CF0
3CF0
3870
0000
0000
C038
C038
C038
C038
C038
C038
C038
C038
C038
C038
C038
C038
E038
E038
7078
3FB8
1F38
ENDCHAR
STARTCHAR uni01D9
ENCODING 473
SWIDTH 600 0
DWIDTH 19 0
BBX 15 36 2 0
BITMAP
1010
1818
0C30
0660
07E0
03C0
0000
1C38
1E78
1E78
1C38
0000
0000
0000
E00E
E00E
E00E
E00E
E00E
E00E
E00E
E00E
E00E
E00E
E00E
E00E
E00E
E00E
E00C
600C
600C
701C
701C
3838
3FF8
0FE0
ENDCHAR
STARTCHAR uni01DA
ENCODING 474
SWIDTH 600 0
DWIDTH 19 0
BBX 13 30 3 0
BITMAP
2020
3030
1860
0CC0
0FC0
0780
0000
3870
3CF0
3CF0
3870
0000
0000
C038
C038
C038
C038
C038
C038
C038
C038
C038
C038
C038
C038
E038
E038
7078
3FB8
1F38
ENDCHAR
STARTCHAR uni01DB
ENCODING 475
SWIDTH 600 0
DWIDTH 19 0
BBX 15 35 2 0
BITMAP
0E00
0600
0700
0300
0180
0100
1C38
1E78
1E78
1C38
0000
0000
0000
E00E
E00E
E00E
E00E
E00E
E00E
E00E
E00E
E00E
E00E
E00E
E00E
E00E
E00E
E00C
600C
600C
701C
701C
3838
3FF8
0FE0
ENDCHAR
STARTCHAR uni01DC
ENCODING 476
SWIDTH 600 0
DWIDTH 19 0
BBX 13 29 3 0
BITMAP
1C00
0C00
0E00
0600
0300
0200
3870
3CF0
3CF0
3870
0000
0000
C038
C038
C038
C038
C038
C038
C038
C038
C038
C038
C038
C038
E038
E038
7078
3FB8
1F38
ENDCHAR
STARTCHAR Aringacute
ENCODING 506
SWIDTH 600 0
DWIDTH 19 0
BBX 17 37 1 0
BITMAP
007000
006000
00C000
018000
000000
01C000
03E000
063000
063000
063000
063000
03E000
01C000
000000
000000
01C000
03E000
03E000
036000
077000
077000
063000
0E3800
0E3800
0C1800
1C1C00
1C1C00
180C00
1FFC00
3FFE00
300600
300600
700700
700700
600300
E00380
E00380
ENDCHAR
STARTCHAR aringacute
ENCODING 507
SWIDTH 600 0
DWIDTH 19 0
BBX 16 32 2 0
BITMAP
0100
01C0
0180
0300
0200
0000
0700
0F80
18C0
18C0
18C0
18C0
0F80
0700
0000
0FC0
3FE0
7070
6038
0018
0018
0018
1FF8
7FF8
7018
E018
E018
E018
E038
7058
7FDF
1F0F
ENDCHAR
STARTCHAR AEacute
ENCODING 508
SWIDTH 600 0
DWIDTH 19 0
BBX 17 30 1 0
BITMAP
000C00
000E00
001C00
001800
003800
001000
000000
000000
03FF80
03FF80
076000
066000
066000
0E6000
0C6000
0C6000
0C6000
1C6000
187F00
187F00
386000
3FE000
3FE000
706000
706000
606000
606000
E06000
E07F80
C07F80
ENDCHAR
STARTCHAR aeacute
ENCODING 509
SWIDTH 600 0
DWIDTH 19 0
BBX 19 25 0 0
BITMAP
003000
003800
007000
006000
00E000
004000
000000
000000
1F1F00
3FBF80
71B1C0
60E0C0
40C0C0
00C0C0
00C0E0
1FFFE0
7FFFE0
70C000
E0C000
E0C000
E0E080
E160C0
6171C0
7F3F80
3C1E00
ENDCHAR
STARTCHAR Oslashacute
ENCODING 510
SWIDTH 600 0
DWIDTH 19 0
BBX 17 31 1 -1
BITMAP
006000
007000
00E000
00C000
01C000
008000
000000
000300
03F380
0FFF00
1C1E00
380E00
301E00
701F00
703700
707700
706700
70E700
70C700
718700
738700
730700
770700
760700
7C0700
3C0600
380E00
3C1C00
7FF800
67E000
E00000
ENDCHAR
STARTCHAR oslashacute
ENCODING 511
SWIDTH 600 0
DWIDTH 19 0
BBX 17 26 1 -1
BITMAP
006000
007000
00E000
00C000
01C000
008000
000000
000100
03E380
0FFF00
1C1E00
381E00
301E00
703700
706700
70C700
71C700
718700
730700
760700
3C0600
3C0E00
3C1C00
3FF800
63E000
C00000
ENDCHAR
STARTCHAR Scommaaccent
ENCODING 536
SWIDTH 600 0
DWIDTH 19 0
BBX 16 30 1 -8
BITMAP
07F0
1FFC
3C1F
3007
7004
7000
7000
7000
3800
3F00
0FF8
03FC
001E
0007
0007
0003
0007
6007
F007
7C1E
1FFC
07F0
0000
0000
01E0
01C0
01C0
0180
0180
0380
ENDCHAR
STARTCHAR scommaaccent
ENCODING 537
SWIDTH 600 0
DWIDTH 19 0
BBX 15 25 2 -8
BITMAP
0FE0
3FF8
383C
7008
7000
7000
7000
3F80
1FF8
00FC
001C
000E
400E
E00C
781C
3FF8
0FE0
0000
0000
0780
0700
0700
0600
0600
0E00
ENDCHAR
STARTCHAR uni021A
ENCODING 538
SWIDTH 600 0
DWIDTH 19 0
BBX 17 30 1 -8
BITMAP
FFFF80
FFFF80
01C000
01C000
01C000
01C000
01C000
01C000
01C000
01C000
01C000
01C000
01C000
01C000
01C000
01C000
01C000
01C000
01C000
01C000
01C000
01C000
000000
000000
01E000
01C000
01C000
018000
018000
038000
ENDCHAR
STARTCHAR uni021B
ENCODING 539
SWIDTH 600 0
DWIDTH 19 0
BBX 16 30 1 -8
BITMAP
0300
0300
0300
0300
0300
FFFF
FFFF
0300
0300
0300
0300
0300
0300
0300
0300
0300
0300
0300
0300
0300
03FF
01FF
0000
0000
0078
0070
0070
0060
0060
00E0
ENDCHAR
STARTCHAR uni0237
ENCODING 567
SWIDTH 600 0
DWIDTH 19 0
BBX 11 23 3 -6
BITMAP
FFE0
FFE0
00E0
00E0
00E0
00E0
00E0
00E0
00E0
00E0
00E0
00E0
00E0
00E0
00E0
00E0
00E0
00E0
00E0
00E0
00E0
FFC0
FF80
ENDCHAR
STARTCHAR uni0259
ENCODING 601
SWIDTH 600 0
DWIDTH 19 0
BBX 15 17 2 0
BITMAP
0FC0
3FF0
7838
701C
200C
000E
000E
000E
FFFE
FFFE
E00E
E00E
600C
701C
3838
1FF0
07C0
ENDCHAR
STARTCHAR uni02BB
ENCODING 699
SWIDTH 600 0
DWIDTH 19 0
BBX 4 6 8 19
BITMAP
30
70
70
70
E0
E0
ENDCHAR
STARTCHAR uni02BC
ENCODING 700
SWIDTH 600 0
DWIDTH 19 0
BBX 4 6 6 18
BITMAP
F0
E0
E0
E0
C0
C0
ENDCHAR
STARTCHAR circumflex
ENCODING 710
SWIDTH 600 0
DWIDTH 19 0
BBX 11 6 4 19
BITMAP
0E00
1F00
3B80
71C0
60C0
C060
ENDCHAR
STARTCHAR caron
ENCODING 711
SWIDTH 600 0
DWIDTH 19 0
BBX 11 6 4 19
BITMAP
4040
E0E0
71C0
3B80
1F00
0E00
ENDCHAR
STARTCHAR breve
ENCODING 728
SWIDTH 600 0
DWIDTH 19 0
BBX 11 5 4 19
BITMAP
E0E0
60C0
71C0
3F80
1F00
ENDCHAR
STARTCHAR dotaccent
ENCODING 729
SWIDTH 600 0
DWIDTH 19 0
BBX 5 4 7 19
BITMAP
70
F8
F0
70
ENDCHAR
STARTCHAR ring
ENCODING 730
SWIDTH 600 0
DWIDTH 19 0
BBX 7 8 6 18
BITMAP
38
7C
C6
C6
C6
C6
7C
38
ENDCHAR
STARTCHAR ogonek
ENCODING 731
SWIDTH 600 0
DWIDTH 19 0
BBX 6 7 4 -6
BITMAP
1C
70
C0
C0
C8
FC
78
ENDCHAR
STARTCHAR tilde
ENCODING 732
SWIDTH 600 0
DWIDTH 19 0
BBX 11 4 4 19
BITMAP
3840
7C60
C7C0
8380
ENDCHAR
STARTCHAR hungarumlaut
ENCODING 733
SWIDTH 600 0
DWIDTH 19 0
BBX 10 6 6 19
BITMAP
3180
39C0
7380
6300
C600
C600
ENDCHAR
STARTCHAR uni0300
ENCODING 768
SWIDTH 0 0
DWIDTH 19 0
BBX 5 6 -4 19
BITMAP
60
E0
70
30
38
10
ENDCHAR
STARTCHAR uni0301
ENCODING 769
SWIDTH 0 0
DWIDTH 19 0
BBX 5 6 -2 19
BITMAP
30
38
70
60
E0
40
ENDCHAR
STARTCHAR uni0302
ENCODING 770
SWIDTH 0 0
DWIDTH 19 0
BBX 11 6 -6 19
BITMAP
0E00
1F00
3B80
71C0
60C0
C060
ENDCHAR
STARTCHAR uni0303
ENCODING 771
SWIDTH 0 0
DWIDTH 19 0
BBX 11 4 -6 19
BITMAP
3840
7C60
C7C0
8380
ENDCHAR
STARTCHAR uni0304
ENCODING 772
SWIDTH 0 0
DWIDTH 19 0
BBX 9 2 -5 19
BITMAP
FF80
FF80
ENDCHAR
STARTCHAR uni0306
ENCODING 774
SWIDTH 0 0
DWIDTH 19 0
BBX 11 5 -6 19
BITMAP
E0E0
60C0
71C0
3F80
1F00
ENDCHAR
STARTCHAR uni0307
ENCODING 775
SWIDTH 0 0
DWIDTH 19 0
BBX 5 4 -3 19
BITMAP
70
F8
F0
70
ENDCHAR
STARTCHAR uni0308
ENCODING 776
SWIDTH 0 0
DWIDTH 19 0
BBX 9 3 -5 20
BITMAP
E380
E380
E380
ENDCHAR
STARTCHAR uni0309
ENCODING 777
SWIDTH 0 0
DWIDTH 19 0
BBX 6 6 -3 19
BITMAP
FC
FC
0C
18
18
30
ENDCHAR
STARTCHAR uni030A
ENCODING 778
SWIDTH 0 0
DWIDTH 19 0
BBX 7 8 -4 18
BITMAP
38
7C
C6
C6
C6
C6
7C
38
ENDCHAR
STARTCHAR uni030B
ENCODING 779
SWIDTH 0 0
DWIDTH 19 0
BBX 10 6 -4 19
BITMAP
3180
39C0
7380
6300
C600
C600
ENDCHAR
STARTCHAR uni030C
ENCODING 780
SWIDTH 0 0
DWIDTH 19 0
BBX 11 6 -6 19
BITMAP
4040
E0E0
71C0
3B80
1F00
0E00
ENDCHAR
STARTCHAR uni0312
ENCODING 786
SWIDTH 0 0
DWIDTH 19 0
BBX 4 6 -2 19
BITMAP
30
70
70
70
E0
E0
ENDCHAR
STARTCHAR uni0315
ENCODING 789
SWIDTH 0 0
DWIDTH 19 0
BBX 4 6 0 18
BITMAP
F0
E0
E0
E0
C0
C0
ENDCHAR
STARTCHAR uni031B
ENCODING 795
SWIDTH 0 0
DWIDTH 19 0
BBX 4 6 -2 15
BITMAP
30
30
30
30
F0
F0
ENDCHAR
STARTCHAR uni0323
ENCODING 803
SWIDTH 0 0
DWIDTH 19 0
BBX 4 4 -2 -6
BITMAP
60
F0
F0
60
ENDCHAR
STARTCHAR uni0326
ENCODING 806
SWIDTH 0 0
DWIDTH 19 0
BBX 5 6 -3 -8
BITMAP
78
70
70
60
60
E0
ENDCHAR
STARTCHAR uni0327
ENCODING 807
SWIDTH 0 0
DWIDTH 19 0
BBX 6 8 -3 -7
BITMAP
20
20
60
7C
0C
CC
FC
70
ENDCHAR
STARTCHAR uni0328
ENCODING 808
SWIDTH 0 0
DWIDTH 19 0
BBX 6 7 -6 -6
BITMAP
1C
70
C0
C0
C8
FC
78
ENDCHAR
STARTCHAR pi
ENCODING 960
SWIDTH 600 0
DWIDTH 19 0
BBX 18 17 0 0
BITMAP
FFFFC0
FFFFC0
1C0E00
1C0E00
1C0E00
1C0E00
1C0E00
1C0E00
1C0E00
1C0E00
1C0E00
1C0E00
1C0E00
1C0E00
1C0600
1C07C0
1C03C0
ENDCHAR
STARTCHAR uni0400
ENCODING 1024
SWIDTH 600 0
DWIDTH 19 0
BBX 14 30 3 0
BITMAP
0C00
1C00
0E00
0600
0700
0200
0000
0000
FFFC
FFFC
E000
E000
E000
E000
E000
E000
E000
E000
FFF8
FFF8
E000
E000
E000
E000
E000
E000
E000
E000
FFFC
FFFC
ENDCHAR
STARTCHAR uni0401
ENCODING 1025
SWIDTH 600 0
DWIDTH 19 0
BBX 14 29 3 0
BITMAP
38E0
38E0
38E0
38E0
0000
0000
0000
FFFC
FFFC
E000
E000
E000
E000
E000
E000
E000
E000
FFF8
FFF8
E000
E000
E000
E000
E000
E000
E000
E000
FFFC
FFFC
ENDCHAR
STARTCHAR uni0402
ENCODING 1026
SWIDTH 600 0
DWIDTH 19 0
BBX 18 27 0 -5
BITMAP
FFF800
FFF800
070000
070000
070000
070000
070000
070000
07FE00
07FF00
078780
070380
070180
0701C0
0701C0
0701C0
0701C0
0701C0
0701C0
0701C0
0701C0
0701C0
0001C0
0001C0
000180
00FF80
00FF00
ENDCHAR
STARTCHAR uni0403
ENCODING 1027
SWIDTH 600 0
DWIDTH 19 0
BBX 13 30 4 0
BITMAP
0180
01C0
0380
0300
0700
0200
0000
0000
FFF8
FFF8
E000
E000
E000
E000
E000
E000
E000
E000
E000
E000
E000
E000
E000
E000
E000
E000
E000
E000
E000
E000
ENDCHAR
STARTCHAR uni0404
ENCODING 1028
SWIDTH 600 0
DWIDTH 19 0
BBX 15 22 2 0
BITMAP
07E0
1FF8
3C3C
380E
700E
6008
E000
E000
E000
E000
FFC0
FFC0
E000
E000
E000
E000
6008
700E
380E
3C3C
1FF8
07E0
ENDCHAR
STARTCHAR uni0405
ENCODING 1029
SWIDTH 600 0
DWIDTH 19 0
BBX 16 22 1 0
BITMAP
07F0
1FFC
3C1F
3007
7004
7000
7000
7000
3800
3F00
0FF8
03FC
001E
0007
0007
0003
0007
6007
F007
7C1E
1FFC
07F0
ENDCHAR
STARTCHAR uni0406
ENCODING 1030
SWIDTH 600 0
DWIDTH 19 0
BBX 13 22 3 0
BITMAP
FFF8
FFF8
0700
0700
0700
0700
0700
0700
0700
0700
0700
0700
0700
0700
0700
0700
0700
0700
0700
0700
FFF8
FFF8
ENDCHAR
STARTCHAR uni0407
ENCODING 1031
SWIDTH 600 0
DWIDTH 19 0
BBX 13 29 3 0
BITMAP
38E0
38E0
38E0
38E0
0000
0000
0000
FFF8
FFF8
0700
0700
0700
0700
0700
0700
0700
0700
0700
0700
0700
0700
0700
0700
0700
0700
0700
0700
FFF8
FFF8
ENDCHAR
STARTCHAR uni0408
ENCODING 1032
SWIDTH 600 0
DWIDTH 19 0
BBX 13 22 2 0
BITMAP
1FF8
1FF8
0018
0018
0018
0018
0018
0018
0018
0018
0018
0018
0018
0018
0018
0018
0018
E038
7038
7870
3FE0
0FC0
ENDCHAR
STARTCHAR uni0409
ENCODING 1033
SWIDTH 600 0
DWIDTH 19 0
BBX 19 22 0 0
BITMAP
1FF000
1FF000
1C3000
1C3000
1C3000
1C3000
1C3000
1C3000
1C3000
1C3F00
1C3F80
1C31C0
1C30E0
1C30E0
1C30E0
1C30E0
1830E0
1830E0
3830E0
3831C0
F03F80
E03F00
ENDCHAR
STARTCHAR uni040A
ENCODING 1034
SWIDTH 600 0
DWIDTH 19 0
BBX 18 22 1 0
BITMAP
E0E000
E0E000
E0E000
E0E000
E0E000
E0E000
E0E000
E0E000
E0E000
E0FE00
FFFF00
FFE380
E0E1C0
E0E1C0
E0E1C0
E0E1C0
E0E1C0
E0E1C0
E0E1C0
E0E380
E0FF00
E0FE00
ENDCHAR
STARTCHAR uni040B
ENCODING 1035
SWIDTH 600 0
DWIDTH 19 0
BBX 18 22 0 0
BITMAP
FFF800
FFF800
070000
070000
070000
070000
070000
070000
07FC00
07FF00
078780
070380
070180
0701C0
0701C0
0701C0
0701C0
0701C0
0701C0
0701C0
0701C0
0701C0
ENDCHAR
STARTCHAR uni040C
ENCODING 1036
SWIDTH 600 0
DWIDTH 19 0
BBX 16 30 2 0
BITMAP
00C0
00E0
01C0
0180
0380
0100
0000
0000
E00E
E01C
E018
E038
E038
E070
E070
E0E0
E0E0
E1C0
FF80
FF80
E1C0
E0E0
E0E0
E060
E070
E030
E038
E038
E01F
E00F
ENDCHAR
STARTCHAR uni040D
ENCODING 1037
SWIDTH 600 0
DWIDTH 19 0
BBX 15 30 2 0
BITMAP
0600
0E00
0700
0300
0380
0100
0000
0000
E00E
E01E
E01E
E03E
E03E
E07E
E06E
E0EE
E1CE
E1CE
E38E
E30E
E70E
E60E
EE0E
EC0E
FC0E
F80E
F80E
F00E
F00E
E00E
ENDCHAR
STARTCHAR uni040E
ENCODING 1038
SWIDTH 600 0
DWIDTH 19 0
BBX 17 30 1 0
BITMAP
0C1000
1C1C00
0C1800
0E3800
07F000
03E000
000000
000000
E00380
700300
700700
380700
380E00
1C0E00
1C0C00
0C1C00
0E1C00
0E1800
073800
073000
037000
03F000
01E000
01E000
00E000
00C000
01C000
018000
1F8000
1F0000
ENDCHAR
STARTCHAR uni040F
ENCODING 1039
SWIDTH 600 0
DWIDTH 19 0
BBX 13 27 3 -5
BITMAP
C018
C018
C018
C018
C018
C018
C018
C018
C018
C018
C018
C018
C018
C018
C018
C018
C018
C018
C018
C018
FFF8
FFF8
0700
0700
0700
0700
0700
ENDCHAR
STARTCHAR uni0410
ENCODING 1040
SWIDTH 600 0
DWIDTH 19 0
BBX 17 22 1 0
BITMAP
01C000
03E000
03E000
036000
077000
077000
063000
0E3800
0E3800
0C1800
1C1C00
1C1C00
180C00
1FFC00
3FFE00
300600
300600
700700
700700
600300
E00380
E00380
ENDCHAR
STARTCHAR uni0411
ENCODING 1041
SWIDTH 600 0
DWIDTH 19 0
BBX 14 22 3 0
BITMAP
FFF0
FFF0
C000
C000
C000
C000
C000
C000
C000
FFE0
FFF0
C038
C01C
C01C
C01C
C01C
C01C
C01C
C01C
C038
FFF0
FFE0
ENDCHAR
STARTCHAR uni0412
ENCODING 1042
SWIDTH 600 0
DWIDTH 19 0
BBX 14 22 3 0
BITMAP
FFC0
FFF0
C078
C038
C018
C018
C018
C018
C038
C070
FFE0
FFF0
C038
C01C
C01C
C01C
C01C
C01C
C01C
C038
FFF0
FFE0
ENDCHAR
STARTCHAR uni0413
ENCODING 1043
SWIDTH 600 0
DWIDTH 19 0
BBX 13 22 4 0
BITMAP
FFF8
FFF8
E000
E000
E000
E000
E000
E000
E000
E000
E000
E000
E000
E000
E000
E000
E000
E000
E000
E000
E000
E000
ENDCHAR
STARTCHAR uni0414
ENCODING 1044
SWIDTH 600 0
DWIDTH 19 0
BBX 18 27 0 -5
BITMAP
07FF00
07FF00
070700
070700
070700
070700
070700
070700
070700
070700
070700
070700
070700
060700
060700
0E0700
0E0700
0C0700
1C0700
1C0700
FFFFC0
FFFFC0
E000C0
E000C0
E000C0
E000C0
E000C0
ENDCHAR
STARTCHAR uni0415
ENCODING 1045
SWIDTH 600 0
DWIDTH 19 0
BBX 14 22 3 0
BITMAP
FFFC
FFFC
E000
E000
E000
E000
E000
E000
E000
E000
FFF8
FFF8
E000
E000
E000
E000
E000
E000
E000
E000
FFFC
FFFC
ENDCHAR
STARTCHAR uni0416
ENCODING 1046
SWIDTH 600 0
DWIDTH 19 0
BBX 19 22 0 0
BITMAP
E0E0E0
70E0C0
70E1C0
70E1C0
30E180
38E380
38E380
18E300
1CE700
1CE700
0FFE00
0FFE00
1CE700
1CE300
38E380
38E380
38E380
70E1C0
70E1C0
70E1C0
E0E0E0
E0E0E0
ENDCHAR
STARTCHAR uni0417
ENCODING 1047
SWIDTH 600 0
DWIDTH 19 0
BBX 16 22 1 0
BITMAP
07E0
1FF8
383C
700E
200E
000E
000E
000E
000C
003C
07F0
07F8
001C
000E
0006
0007
0007
6006
F00E
781C
3FF8
0FE0
ENDCHAR
STARTCHAR uni0418
ENCODING 1048
SWIDTH 600 0
DWIDTH 19 0
BBX 15 22 2 0
BITMAP
E00E
E01E
E01E
E03E
E03E
E07E
E06E
E0EE
E1CE
E1CE
E38E
E30E
E70E
E60E
EE0E
EC0E
FC0E
F80E
F80E
F00E
F00E
E00E
ENDCHAR
STARTCHAR uni0419
ENCODING 1049
SWIDTH 600 0
DWIDTH 19 0
BBX 15 30 2 0
BITMAP
1820
3838
1830
1C70
0FE0
07C0
0000
0000
E00E
E01E
E01E
E03E
E03E
E07E
E06E
E0EE
E1CE
E1CE
E38E
E30E
E70E
E60E
EE0E
EC0E
FC0E
F80E
F80E
F00E
F00E
E00E
ENDCHAR
STARTCHAR uni041A
ENCODING 1050
SWIDTH 600 0
DWIDTH 19 0
BBX 16 22 2 0
BITMAP
E00E
E01C
E018
E038
E038
E070
E070
E0E0
E0E0
E1C0
FF80
FF80
E1C0
E0E0
E0E0
E060
E070
E030
E038
E038
E01F
E00F
ENDCHAR
STARTCHAR uni041B
ENCODING 1051
SWIDTH 600 0
DWIDTH 19 0
BBX 17 22 0 0
BITMAP
07FF80
07FF80
070380
070380
070380
070380
070380
070380
070380
070380
070380
060380
060380
060380
060380
0E0380
0E0380
0C0380
1C0380
180380
F80380
E00380
ENDCHAR
STARTCHAR uni041C
ENCODING 1052
SWIDTH 600 0
DWIDTH 19 0
BBX 15 22 2 0
BITMAP
F01E
F01E
F81E
F83E
F83E
FC7E
EC6E
EEEE
E6CE
E7CE
E38E
E38E
E38E
E10E
E10E
E00E
E00E
E00E
E00E
E00E
E00E
E00E
ENDCHAR
STARTCHAR uni041D
ENCODING 1053
SWIDTH 600 0
DWIDTH 19 0
BBX 15 22 2 0
BITMAP
E00E
E00E
E00E
E00E
E00E
E00E
E00E
E00E
E00E
E00E
FFFE
FFFE
E00E
E00E
E00E
E00E
E00E
E00E
E00E
E00E
E00E
E00E
ENDCHAR
STARTCHAR uni041E
ENCODING 1054
SWIDTH 600 0
DWIDTH 19 0
BBX 15 22 2 0
BITMAP
07C0
1FF0
3838
701C
600C
E00E
E00E
E00E
E00E
E00E
E00E
E00E
E00E
E00E
E00E
E00E
E00E
600C
701C
3838
1FF0
07E0
ENDCHAR
STARTCHAR uni041F
ENCODING 1055
SWIDTH 600 0
DWIDTH 19 0
BBX 13 22 3 0
BITMAP
FFF8
FFF8
C018
C018
C018
C018
C018
C018
C018
C018
C018
C018
C018
C018
C018
C018
C018
C018
C018
C018
C018
C018
ENDCHAR
STARTCHAR uni0420
ENCODING 1056
SWIDTH 600 0
DWIDTH 19 0
BBX 14 22 3 0
BITMAP
FFE0
FFF8
C038
C01C
C01C
C01C
C01C
C01C
C01C
C038
FFF8
FFE0
C000
C000
C000
C000
C000
C000
C000
C000
C000
C000
ENDCHAR
STARTCHAR uni0421
ENCODING 1057
SWIDTH 600 0
DWIDTH 19 0
BBX 15 22 2 0
BITMAP
07E0
1FF8
3C3C
380E
700E
7008
6000
E000
E000
E000
E000
E000
E000
E000
E000
6000
7008
700E
380E
3C3C
1FF8
07E0
ENDCHAR
STARTCHAR uni0422
ENCODING 1058
SWIDTH 600 0
DWIDTH 19 0
BBX 17 22 1 0
BITMAP
FFFF80
FFFF80
01C000
01C000
01C000
01C000
01C000
01C000
01C000
01C000
01C000
01C000
01C000
01C000
01C000
01C000
01C000
01C000
01C000
01C000
01C000
01C000
ENDCHAR
STARTCHAR uni0423
ENCODING 1059
SWIDTH 600 0
DWIDTH 19 0
BBX 17 22 1 0
BITMAP
E00380
700300
700700
380700
380E00
1C0E00
1C0C00
0C1C00
0E1C00
0E1800
073800
073000
037000
03F000
01E000
01E000
00E000
00C000
01C000
018000
1F8000
1F0000
ENDCHAR
STARTCHAR uni0424
ENCODING 1060
SWIDTH 600 0
DWIDTH 19 0
BBX 17 24 1 -1
BITMAP
01C000
01C000
01C000
07F000
1FFC00
39CE00
71C700
61C380
E1C380
E1C380
E1C380
E1C380
E1C380
E1C380
E1C380
E1C380
E1C300
71C700
39CE00
1FFC00
07F000
01C000
01C000
01C000
ENDCHAR
STARTCHAR uni0425
ENCODING 1061
SWIDTH 600 0
DWIDTH 19 0
BBX 17 22 1 0
BITMAP
F00380
700700
380600
380E00
1C1C00
0E1C00
0E3800
077000
037000
03E000
01C000
01E000
03E000
077000
063800
0E3800
1C1C00
1C0C00
380E00
700700
700700
E00380
ENDCHAR
STARTCHAR uni0426
ENCODING 1062
SWIDTH 600 0
DWIDTH 19 0
BBX 16 27 2 -5
BITMAP
E01C
E01C
E01C
E01C
E01C
E01C
E01C
E01C
E01C
E01C
E01C
E01C
E01C
E01C
E01C
E01C
E01C
E01C
E01C
E01C
FFFF
FFFF
0003
0003
0003
0003
0003
ENDCHAR
STARTCHAR uni0427
ENCODING 1063
SWIDTH 600 0
DWIDTH 19 0
BBX 14 22 2 0
BITMAP
E00C
E00C
E00C
E00C
E00C
E00C
E00C
E00C
E00C
E00C
E00C
701C
3FFC
1FEC
000C
000C
000C
000C
000C
000C
000C
000C
ENDCHAR
STARTCHAR uni0428
ENCODING 1064
SWIDTH 600 0
DWIDTH 19 0
BBX 17 22 1 0
BITMAP
E1C380
E1C380
E1C380
E1C380
E1C380
E1C380
E1C380
E1C380
E1C380
E1C380
E1C380
E1C380
E1C380
E1C380
E1C380
E1C380
E1C380
E1C380
E1C380
E1C380
FFFF80
FFFF80
ENDCHAR
STARTCHAR uni0429
ENCODING 1065
SWIDTH 600 0
DWIDTH 19 0
BBX 18 27 1 -5
BITMAP
E18700
E18700
E18700
E18700
E18700
E18700
E18700
E18700
E18700
E18700
E18700
E18700
E18700
E18700
E18700
E18700
E18700
E18700
E18700
E18700
FFFFC0
FFFFC0
0000C0
0000C0
0000C0
0000C0
0000C0
ENDCHAR
STARTCHAR uni042A
ENCODING 1066
SWIDTH 600 0
DWIDTH 19 0
BBX 18 22 0 0
BITMAP
FF0000
FF0000
070000
070000
070000
070000
070000
070000
070000
07FE00
07FF80
0703C0
0701C0
0700C0
0700C0
0700C0
0700C0
0700C0
0701C0
070380
07FF80
07FE00
ENDCHAR
STARTCHAR uni042B
ENCODING 1067
SWIDTH 600 0
DWIDTH 19 0
BBX 17 22 1 0
BITMAP
E00380
E00380
E00380
E00380
E00380
E00380
E00380
E00380
E00380
FF0380
FFC380
E1E380
E0E380
E06380
E06380
E07380
E06380
E06380
E0E380
E1E380
FFC380
FF0380
ENDCHAR
STARTCHAR uni042C
ENCODING 1068
SWIDTH 600 0
DWIDTH 19 0
BBX 14 22 3 0
BITMAP
E000
E000
E000
E000
E000
E000
E000
E000
E000
FFE0
FFF0
E038
E01C
E01C
E01C
E01C
E01C
E01C
E01C
E038
FFF0
FFE0
ENDCHAR
STARTCHAR uni042D
ENCODING 1069
SWIDTH 600 0
DWIDTH 19 0
BBX 15 22 2 0
BITMAP
0FC0
3FF0
7878
E038
E01C
401C
000E
000E
000E
000E
07FE
07FE
000E
000E
000E
000C
400C
E01C
E038
7878
3FF0
0FC0
ENDCHAR
STARTCHAR uni042E
ENCODING 1070
SWIDTH 600 0
DWIDTH 19 0
BBX 17 22 1 0
BITMAP
E0FC00
E1FE00
E18700
E38700
E38300
E30300
E30380
E30380
E30380
E30380
FF0380
FF0380
E30380
E30380
E30380
E30300
E30300
E38300
E38700
E1C700
E1FE00
E0FC00
ENDCHAR
STARTCHAR uni042F
ENCODING 1071
SWIDTH 600 0
DWIDTH 19 0
BBX 15 22 1 0
BITMAP
07FE
1FFE
3806
3806
7006
7006
7006
7006
3806
3C06
1FFE
03FE
0306
0706
0606
0E06
0E06
1C06
1C06
3806
F806
F006
ENDCHAR
STARTCHAR uni0430
ENCODING 1072
SWIDTH 600 0
DWIDTH 19 0
BBX 16 17 2 0
BITMAP
0FC0
3FE0
7070
6038
0018
0018
0018
1FF8
7FF8
7018
E018
E018
E018
E038
7058
7FDF
1F0F
ENDCHAR
STARTCHAR uni0431
ENCODING 1073
SWIDTH 600 0
DWIDTH 19 0
BBX 15 24 2 0
BITMAP
01FC
0FFC
1E00
3800
3000
7000
6000
67E0
EFF0
F838
F01C
E00C
E00E
E00E
E00E
E00E
E00E
E00E
600E
600C
701C
3838
1FF0
07C0
ENDCHAR
STARTCHAR uni0432
ENCODING 1074
SWIDTH 600 0
DWIDTH 19 0
BBX 14 17 3 0
BITMAP
FFE0
FFF0
E038
E038
E038
E038
E030
FFE0
FFF0
E038
E018
E01C
E01C
E018
E038
FFF0
FFE0
ENDCHAR
STARTCHAR uni0433
ENCODING 1075
SWIDTH 600 0
DWIDTH 19 0
BBX 12 17 4 0
BITMAP
FFF0
FFF0
E000
E000
E000
E000
E000
E000
E000
E000
E000
E000
E000
E000
E000
E000
E000
ENDCHAR
STARTCHAR uni0434
ENCODING 1076
SWIDTH 600 0
DWIDTH 19 0
BBX 17 21 1 -4
BITMAP
0FFC00
0FFC00
0C0C00
0C0C00
0C0C00
0C0C00
0C0C00
0C0C00
0C0C00
1C0C00
1C0C00
1C0C00
180C00
380C00
300C00
FFFF80
FFFF80
C00180
C00180
C00180
C00180
ENDCHAR
STARTCHAR uni0435
ENCODING 1077
SWIDTH 600 0
DWIDTH 19 0
BBX 15 17 2 0
BITMAP
07C0
1FF0
3838
701C
600C
E00E
E00E
FFFE
FFFE
E000
E000
E000
6008
701C
383C
1FF8
07E0
ENDCHAR
STARTCHAR uni0436
ENCODING 1078
SWIDTH 600 0
DWIDTH 19 0
BBX 17 17 1 0
BITMAP
E1C380
E1C380
61C300
61C300
71C700
31C600
31C600
1FFE00
1FFC00
31C600
31C600
71C700
71C700
61C300
61C300
E1C380
E1C380
ENDCHAR
STARTCHAR uni0437
ENCODING 1079
SWIDTH 600 0
DWIDTH 19 0
BBX 14 17 2 0
BITMAP
0FE0
3FF0
7038
E018
001C
0018
0038
0FE0
0FF0
0038
001C
001C
401C
E01C
F038
7FF0
1FC0
ENDCHAR
STARTCHAR uni0438
ENCODING 1080
SWIDTH 600 0
DWIDTH 19 0
BBX 13 17 3 0
BITMAP
C038
C038
C078
C0F8
C0D8
C1D8
C198
C338
C738
C638
CC38
DC38
D838
F838
F038
E038
E038
ENDCHAR
STARTCHAR uni0439
ENCODING 1081
SWIDTH 600 0
DWIDTH 19 0
BBX 13 25 3 0
BITMAP
1040
7070
3060
38E0
1FC0
0F80
0000
0000
C038
C038
C078
C0F8
C0D8
C1D8
C198
C338
C738
C638
CC38
DC38
D838
F838
F038
E038
E038
ENDCHAR
STARTCHAR uni043A
ENCODING 1082
SWIDTH 600 0
DWIDTH 19 0
BBX 14 17 3 0
BITMAP
E01C
E038
E070
E060
E0E0
E1C0
E180
FF00
FF80
E180
E1C0
E0C0
E0E0
E060
E070
E03C
E01C
ENDCHAR
STARTCHAR uni043B
ENCODING 1083
SWIDTH 600 0
DWIDTH 19 0
BBX 15 17 1 0
BITMAP
0FFE
0FFE
0C0E
0C0E
0C0E
0C0E
0C0E
0C0E
0C0E
0C0E
1C0E
1C0E
180E
180E
380E
F00E
E00E
ENDCHAR
STARTCHAR uni043C
ENCODING 1084
SWIDTH 600 0
DWIDTH 19 0
BBX 15 17 2 0
BITMAP
F01E
F01E
F83E
F83E
FC3E
EC6E
EE6E
E6CE
E6CE
E3CE
E38E
E38E
E10E
E10E
E00E
E00E
E00E
ENDCHAR
STARTCHAR uni043D
ENCODING 1085
SWIDTH 600 0
DWIDTH 19 0
BBX 13 17 3 0
BITMAP
E018
E018
E018
E018
E018
E018
E018
FFF8
FFF8
E018
E018
E018
E018
E018
E018
E018
E018
ENDCHAR
STARTCHAR uni043E
ENCODING 1086
SWIDTH 600 0
DWIDTH 19 0
BBX 15 17 2 0
BITMAP
07C0
1FF0
3838
701C
600C
E00E
E00E
E00E
E00E
E00E
E00E
E00E
600C
701C
3838
1FF0
07C0
ENDCHAR
STARTCHAR uni043F
ENCODING 1087
SWIDTH 600 0
DWIDTH 19 0
BBX 13 17 3 0
BITMAP
FFF8
FFF8
E038
E038
E038
E038
E038
E038
E038
E038
E038
E038
E038
E038
E038
E038
E038
ENDCHAR
STARTCHAR uni0440
ENCODING 1088
SWIDTH 600 0
DWIDTH 19 0
BBX 14 23 3 -6
BITMAP
C7C0
CFF0
D078
E038
E01C
C01C
C01C
C01C
C01C
C01C
C01C
C01C
E01C
E038
D078
CFF0
C7C0
C000
C000
C000
C000
C000
C000
ENDCHAR
STARTCHAR uni0441
ENCODING 1089
SWIDTH 600 0
DWIDTH 19 0
BBX 13 17 3 0
BITMAP
0FC0
3FF0
7878
7038
E020
C000
C000
C000
C000
C000
C000
E000
E010
6018
7878
3FF0
0FC0
ENDCHAR
STARTCHAR uni0442
ENCODING 1090
SWIDTH 600 0
DWIDTH 19 0
BBX 15 17 2 0
BITMAP
FFFE
FFFE
0380
0380
0380
0380
0380
0380
0380
0380
0380
0380
0380
0380
0380
0380
0380
ENDCHAR
STARTCHAR uni0443
ENCODING 1091
SWIDTH 600 0
DWIDTH 19 0
BBX 15 23 2 -6
BITMAP
C006
E00E
600C
701C
701C
3018
3838
1830
1C70
1C70
0C60
0EE0
06C0
07C0
03C0
0380
0380
0300
0700
0700
0600
7E00
7800
ENDCHAR
STARTCHAR uni0444
ENCODING 1092
SWIDTH 600 0
DWIDTH 19 0
BBX 17 28 1 -6
BITMAP
01C000
01C000
01C000
01C000
01C000
3DDE00
7FFF00
71C700
61C300
61C300
E1C380
E1C380
E1C380
E1C380
E1C380
E1C380
E1C380
61C300
61C300
71C700
7FFF00
3DDE00
01C000
01C000
01C000
01C000
01C000
01C000
ENDCHAR
STARTCHAR uni0445
ENCODING 1093
SWIDTH 600 0
DWIDTH 19 0
BBX 15 17 2 0
BITMAP
E00E
701C
3838
1C38
1C70
0EE0
07C0
07C0
0380
07C0
0EE0
0EE0
1C70
3838
3038
701C
E00E
ENDCHAR
STARTCHAR uni0446
ENCODING 1094
SWIDTH 600 0
DWIDTH 19 0
BBX 15 21 3 -4
BITMAP
C030
C030
C030
C030
C030
C030
C030
C030
C030
C030
C030
C030
C030
C030
C030
FFFE
FFFE
0006
0006
0006
0006
ENDCHAR
STARTCHAR uni0447
ENCODING 1095
SWIDTH 600 0
DWIDTH 19 0
BBX 14 17 2 0
BITMAP
E01C
E01C
E01C
E01C
E01C
E01C
E01C
601C
703C
3FFC
1F9C
001C
001C
001C
001C
001C
001C
ENDCHAR
STARTCHAR uni0448
ENCODING 1096
SWIDTH 600 0
DWIDTH 19 0
BBX 15 17 2 0
BITMAP
C386
C386
C386
C386
C386
C386
C386
C386
C386
C386
C386
C386
C386
C386
C386
FFFE
FFFE
ENDCHAR
STARTCHAR uni0449
ENCODING 1097
SWIDTH 600 0
DWIDTH 19 0
BBX 17 21 2 -4
BITMAP
C38600
C38600
C38600
C38600
C38600
C38600
C38600
C38600
C38600
C38600
C38600
C38600
C38600
C38600
C38600
FFFF80
FFFF80
000180
000180
000180
000180
ENDCHAR
STARTCHAR uni044A
ENCODING 1098
SWIDTH 600 0
DWIDTH 19 0
BBX 18 17 0 0
BITMAP
FF0000
FF0000
070000
070000
070000
070000
07FE00
07FF00
070380
070180
0701C0
0701C0
0701C0
0701C0
070380
07FF00
07FE00
ENDCHAR
STARTCHAR uni044B
ENCODING 1099
SWIDTH 600 0
DWIDTH 19 0
BBX 15 17 2 0
BITMAP
C006
C006
C006
C006
C006
C006
FF06
FF86
C1C6
C1C6
C0C6
C0C6
C0C6
C1C6
C1C6
FF86
FF06
ENDCHAR
STARTCHAR uni044C
ENCODING 1100
SWIDTH 600 0
DWIDTH 19 0
BBX 14 17 3 0
BITMAP
E000
E000
E000
E000
E000
E000
FFE0
FFF0
E038
E018
E01C
E01C
E018
E018
E038
FFF0
FFE0
ENDCHAR
STARTCHAR uni044D
ENCODING 1101
SWIDTH 600 0
DWIDTH 19 0
BBX 13 17 3 0
BITMAP
1F80
7FE0
E0F0
C030
4038
0018
0018
1FF8
1FF8
0018
0018
0038
4038
C070
F0F0
7FE0
1F80
ENDCHAR
STARTCHAR uni044E
ENCODING 1102
SWIDTH 600 0
DWIDTH 19 0
BBX 16 17 2 0
BITMAP
C0F8
C1FC
C38E
C306
C706
C706
C707
FF07
FF07
C707
C707
C706
C706
C306
C38E
C1FC
C0F8
ENDCHAR
STARTCHAR uni044F
ENCODING 1103
SWIDTH 600 0
DWIDTH 19 0
BBX 14 17 2 0
BITMAP
1FFC
3FFC
701C
701C
601C
601C
701C
701C
3FFC
0FFC
0E1C
0C1C
1C1C
181C
381C
F01C
E01C
ENDCHAR
STARTCHAR uni0450
ENCODING 1104
SWIDTH 600 0
DWIDTH 19 0
BBX 15 25 2 0
BITMAP
0600
0E00
0700
0300
0380
0100
0000
0000
07C0
1FF0
3838
701C
600C
E00E
E00E
FFFE
FFFE
E000
E000
E000
6008
701C
383C
1FF8
07E0
ENDCHAR
STARTCHAR uni0451
ENCODING 1105
SWIDTH 600 0
DWIDTH 19 0
BBX 15 23 2 0
BITMAP
1C70
1C70
1C70
0000
0000
0000
07C0
1FF0
3838
701C
600C
E00E
E00E
FFFE
FFFE
E000
E000
E000
6008
701C
383C
1FF8
07E0
ENDCHAR
STARTCHAR uni0452
ENCODING 1106
SWIDTH 600 0
DWIDTH 19 0
BBX 15 30 1 -6
BITMAP
3800
3800
FF80
FF80
3800
3800
3800
39F0
3BF8
3C1C
380E
380E
3806
3806
3806
3806
3806
3806
3806
3806
3806
3806
3806
3806
0006
0006
0006
0006
07FE
07FC
ENDCHAR
STARTCHAR uni0453
ENCODING 1107
SWIDTH 600 0
DWIDTH 19 0
BBX 12 25 4 0
BITMAP
0180
01C0
0380
0300
0700
0200
0000
0000
FFF0
FFF0
E000
E000
E000
E000
E000
E000
E000
E000
E000
E000
E000
E000
E000
E000
E000
ENDCHAR
STARTCHAR uni0454
ENCODING 1108
SWIDTH 600 0
DWIDTH 19 0
BBX 13 17 3 0
BITMAP
0FC0
3FF0
7878
6038
E020
C000
C000
FFC0
FFC0
C000
C000
E000
E010
7018
7878
3FF0
0FC0
ENDCHAR
STARTCHAR uni0455
ENCODING 1109
SWIDTH 600 0
DWIDTH 19 0
BBX 15 17 2 0
BITMAP
0FE0
3FF8
383C
7008
7000
7000
7000
3F80
1FF8
00FC
001C
000E
400E
E00C
781C
3FF8
0FE0
ENDCHAR
STARTCHAR uni0456
ENCODING 1110
SWIDTH 600 0
DWIDTH 19 0
BBX 14 24 3 0
BITMAP
0380
03C0
03C0
0380
0000
0000
0000
FF80
FF80
0380
0380
0380
0380
0380
0380
0380
0380
0380
0380
0380
0380
0380
FFFC
FFFC
ENDCHAR
STARTCHAR uni0457
ENCODING 1111
SWIDTH 600 0
DWIDTH 19 0
BBX 14 23 3 0
BITMAP
1C70
1C70
1C70
0000
0000
0000
FF80
FF80
0380
0380
0380
0380
0380
0380
0380
0380
0380
0380
0380
0380
0380
FFFC
FFFC
ENDCHAR
STARTCHAR uni0458
ENCODING 1112
SWIDTH 600 0
DWIDTH 19 0
BBX 11 30 3 -6
BITMAP
00E0
01E0
01E0
00E0
0000
0000
0000
FFE0
FFE0
00E0
00E0
00E0
00E0
00E0
00E0
00E0
00E0
00E0
00E0
00E0
00E0
00E0
00E0
00E0
00E0
00E0
00E0
00E0
FFC0
FF80
ENDCHAR
STARTCHAR uni0459
ENCODING 1113
SWIDTH 600 0
DWIDTH 19 0
BBX 19 17 0 0
BITMAP
1FF000
1FF000
1C7000
1C7000
1C7000
1C7000
1C7F00
1C7F80
1C71C0
1870C0
1870E0
1870E0
1870E0
3870C0
3071C0
F07F80
E07F00
ENDCHAR
STARTCHAR uni045A
ENCODING 1114
SWIDTH 600 0
DWIDTH 19 0
BBX 17 17 2 0
BITMAP
C1C000
C1C000
C1C000
C1C000
C1C000
C1C000
C1FC00
FFFE00
FFC700
C1C300
C1C380
C1C380
C1C380
C1C300
C1C700
C1FE00
C1FC00
ENDCHAR
STARTCHAR uni045B
ENCODING 1115
SWIDTH 600 0
DWIDTH 19 0
BBX 15 24 1 0
BITMAP
3800
3800
FF80
FF80
3800
3800
3800
39F0
3BF8
3C1C
380E
380E
3806
3806
3806
3806
3806
3806
3806
3806
3806
3806
3806
3806
ENDCHAR
STARTCHAR uni045C
ENCODING 1116
SWIDTH 600 0
DWIDTH 19 0
BBX 14 25 3 0
BITMAP
0180
01C0
0380
0300
0700
0200
0000
0000
E01C
E038
E070
E060
E0E0
E1C0
E180
FF00
FF80
E180
E1C0
E0C0
E0E0
E060
E070
E03C
E01C
ENDCHAR
STARTCHAR uni045D
ENCODING 1117
SWIDTH 600 0
DWIDTH 19 0
BBX 13 25 3 0
BITMAP
0C00
1C00
0E00
0600
0700
0200
0000
0000
C038
C038
C078
C0F8
C0D8
C1D8
C198
C338
C738
C638
CC38
DC38
D838
F838
F038
E038
E038
ENDCHAR
STARTCHAR uni045E
ENCODING 1118
SWIDTH 600 0
DWIDTH 19 0
BBX 15 31 2 -6
BITMAP
0820
3838
1830
1C70
0FE0
07C0
0000
0000
C006
E00E
600C
701C
701C
3018
3838
1830
1C70
1C70
0C60
0EE0
06C0
07C0
03C0
0380
0380
0300
0700
0700
0600
7E00
7800
ENDCHAR
STARTCHAR uni045F
ENCODING 1119
SWIDTH 600 0
DWIDTH 19 0
BBX 13 21 3 -4
BITMAP
E038
E038
E038
E038
E038
E038
E038
E038
E038
E038
E038
E038
E038
E038
E038
FFF8
FFF8
0700
0700
0700
0700
ENDCHAR
STARTCHAR uni0472
ENCODING 1138
SWIDTH 600 0
DWIDTH 19 0
BBX 15 22 2 0
BITMAP
07C0
1FF0
3838
701C
600C
E00E
E00E
E00E
E00E
E00E
FFFE
FFFE
E00E
E00E
E00E
E00E
E00E
600C
701C
3838
1FF0
07E0
ENDCHAR
STARTCHAR uni0473
ENCODING 1139
SWIDTH 600 0
DWIDTH 19 0
BBX 15 17 2 0
BITMAP
07C0
1FF0
3838
701C
600C
E00E
E00E
FFFE
FFFE
E00E
E00E
E00E
600C
701C
3838
1FF0
07C0
ENDCHAR
STARTCHAR uni0490
ENCODING 1168
SWIDTH 600 0
DWIDTH 19 0
BBX 13 27 4 0
BITMAP
0038
0038
0038
0038
0038
FFF8
FFF8
E000
E000
E000
E000
E000
E000
E000
E000
E000
E000
E000
E000
E000
E000
E000
E000
E000
E000
E000
E000
ENDCHAR
STARTCHAR uni0491
ENCODING 1169
SWIDTH 600 0
DWIDTH 19 0
BBX 12 21 4 0
BITMAP
0030
0030
0030
0030
FFF0
FFF0
E000
E000
E000
E000
E000
E000
E000
E000
E000
E000
E000
E000
E000
E000
E000
ENDCHAR
STARTCHAR uni0492
ENCODING 1170
SWIDTH 600 0
DWIDTH 19 0
BBX 15 22 2 0
BITMAP
1FFE
1FFE
1800
1800
1800
1800
1800
1800
1800
FFF0
FFF0
1800
1800
1800
1800
1800
1800
1800
1800
1800
1800
1800
ENDCHAR
STARTCHAR uni0493
ENCODING 1171
SWIDTH 600 0
DWIDTH 19 0
BBX 16 17 1 0
BITMAP
0FFF
0FFF
0C00
0C00
0C00
0C00
0C00
FFF8
FFF8
0C00
0C00
0C00
0C00
0C00
0C00
0C00
0C00
ENDCHAR
STARTCHAR uni0494
ENCODING 1172
SWIDTH 600 0
DWIDTH 19 0
BBX 14 27 3 -5
BITMAP
FFF0
FFF0
C000
C000
C000
C000
C000
C000
C000
DFC0
FFF0
E078
C01C
C01C
C01C
C01C
C01C
C01C
C01C
C01C
C01C
C01C
001C
001C
0038
07F8
07E0
ENDCHAR
STARTCHAR uni0495
ENCODING 1173
SWIDTH 600 0
DWIDTH 19 0
BBX 14 23 3 -6
BITMAP
FFE0
FFE0
E000
E000
E000
E000
E000
E7E0
FFF0
F038
E038
E018
E01C
E01C
E01C
E01C
E01C
001C
0018
0018
0038
01F0
01E0
ENDCHAR
STARTCHAR uni0496
ENCODING 1174
SWIDTH 600 0
DWIDTH 19 0
BBX 20 27 0 -5
BITMAP
E0C1C0
60C1C0
60C180
70C380
70C380
30C300
38C300
38C700
18C700
1CC600
0FFC00
0FFE00
1CC600
38C700
38C700
38C300
70C380
70C380
70C180
E0C1C0
E0C1F0
E0C0F0
000030
000030
000030
000030
000030
ENDCHAR
STARTCHAR uni0497
ENCODING 1175
SWIDTH 600 0
DWIDTH 19 0
BBX 18 21 1 -4
BITMAP
C18380
E18300
618300
618700
718600
718600
318E00
3FFC00
3FFC00
318E00
718600
718600
618700
618700
E18300
E183C0
C183C0
0000C0
0000C0
0000C0
0000C0
ENDCHAR
STARTCHAR uni0498
ENCODING 1176
SWIDTH 600 0
DWIDTH 19 0
BBX 16 26 1 -4
BITMAP
07E0
1FF8
383C
700E
200E
000E
000E
000E
000C
003C
07F0
07F8
001C
000E
0006
0007
0007
6006
F00E
781C
3FF8
0FE0
0180
0180
0180
0180
ENDCHAR
STARTCHAR uni0499
ENCODING 1177
SWIDTH 600 0
DWIDTH 19 0
BBX 14 21 2 -4
BITMAP
0FE0
3FF0
7038
E018
001C
0018
0038
0FE0
0FF0
0038
001C
001C
401C
E01C
F038
7FF0
1FC0
0300
0300
0300
0300
ENDCHAR
STARTCHAR uni049A
ENCODING 1178
SWIDTH 600 0
DWIDTH 19 0
BBX 16 27 2 -5
BITMAP
E01C
E01C
E038
E038
E070
E070
E0E0
E0E0
E0C0
E1C0
FF80
FF80
E1C0
E1C0
E0E0
E0E0
E070
E070
E038
E038
E01F
E00F
0007
0007
0007
0007
0007
ENDCHAR
STARTCHAR uni049B
ENCODING 1179
SWIDTH 600 0
DWIDTH 19 0
BBX 14 21 3 -4
BITMAP
E038
E030
E070
E0E0
E0C0
E1C0
E380
FF00
FF00
E380
E1C0
E1C0
E0E0
E060
E070
E03C
E03C
000C
000C
000C
000C
ENDCHAR
STARTCHAR uni049C
ENCODING 1180
SWIDTH 600 0
DWIDTH 19 0
BBX 16 22 2 0
BITMAP
E00E
E00E
E01C
E01C
E038
EC38
EC70
EC70
EC60
ECE0
FFC0
FFC0
ECE0
EC60
EC70
EC70
EC38
E038
E018
E01C
E00F
E007
ENDCHAR
STARTCHAR uni049D
ENCODING 1181
SWIDTH 600 0
DWIDTH 19 0
BBX 15 17 3 0
BITMAP
C01C
C018
C038
CC70
CC60
CCE0
CCC0
FF80
FF80
CDC0
CCE0
CCE0
CC70
C070
C038
C01E
C01E
ENDCHAR
STARTCHAR uni04A0
ENCODING 1184
SWIDTH 600 0
DWIDTH 19 0
BBX 19 22 0 0
BITMAP
FF01C0
FF01C0
070380
070380
070700
070700
070E00
070E00
070C00
071C00
07F800
07F800
071C00
070C00
070E00
070E00
070700
070700
070300
070380
0701E0
0701E0
ENDCHAR
STARTCHAR uni04A1
ENCODING 1185
SWIDTH 600 0
DWIDTH 19 0
BBX 18 17 0 0
BITMAP
FF0380
FF0380
070700
070600
070E00
070C00
071C00
07F800
07F800
071C00
071C00
070E00
070E00
070600
070700
0703C0
0701C0
ENDCHAR
STARTCHAR uni04A2
ENCODING 1186
SWIDTH 600 0
DWIDTH 19 0
BBX 16 27 2 -5
BITMAP
E01C
E01C
E01C
E01C
E01C
E01C
E01C
E01C
E01C
E01C
FFFC
FFFC
E01C
E01C
E01C
E01C
E01C
E01C
E01C
E01C
E01F
E01F
0003
0003
0003
0003
0003
ENDCHAR
STARTCHAR uni04A3
ENCODING 1187
SWIDTH 600 0
DWIDTH 19 0
BBX 15 21 3 -4
BITMAP
C030
C030
C030
C030
C030
C030
C030
FFF0
FFF0
C030
C030
C030
C030
C030
C030
C03E
C03E
0006
0006
0006
0006
ENDCHAR
STARTCHAR uni04A4
ENCODING 1188
SWIDTH 600 0
DWIDTH 19 0
BBX 18 22 1 0
BITMAP
E07FC0
E07FC0
E07000
E07000
E07000
E07000
E07000
E07000
E07000
E07000
FFF000
FFF000
E07000
E07000
E07000
E07000
E07000
E07000
E07000
E07000
E07000
E07000
ENDCHAR
STARTCHAR uni04A5
ENCODING 1189
SWIDTH 600 0
DWIDTH 19 0
BBX 16 17 2 0
BITMAP
C0FF
C0FF
C0E0
C0E0
C0E0
C0E0
C0E0
FFE0
FFE0
C0E0
C0E0
C0E0
C0E0
C0E0
C0E0
C0E0
C0E0
ENDCHAR
STARTCHAR uni04AA
ENCODING 1194
SWIDTH 600 0
DWIDTH 19 0
BBX 15 27 2 -5
BITMAP
07E0
1FF8
3C3C
380E
700E
7008
6000
E000
E000
E000
E000
E000
E000
E000
E000
6000
7008
700E
380E
3C3C
1FF8
07E0
0180
0180
0180
0180
0180
ENDCHAR
STARTCHAR uni04AB
ENCODING 1195
SWIDTH 600 0
DWIDTH 19 0
BBX 13 21 3 -4
BITMAP
0FC0
3FF0
7878
7038
E020
C000
C000
C000
C000
C000
C000
E000
E010
6018
7878
3FF0
0FC0
0300
0300
0300
0300
ENDCHAR
STARTCHAR uni04AE
ENCODING 1198
SWIDTH 600 0
DWIDTH 19 0
BBX 19 22 0 0
BITMAP
F001E0
7001C0
380380
380380
1C0700
0E0600
0E0E00
071C00
071C00
03B800
03B800
01F000
01F000
00E000
00E000
00E000
00E000
00E000
00E000
00E000
00E000
00E000
ENDCHAR
STARTCHAR uni04AF
ENCODING 1199
SWIDTH 600 0
DWIDTH 19 0
BBX 15 23 2 -6
BITMAP
E00E
600E
600C
701C
3018
3818
3838
1830
1C30
1C70
0C60
0EE0
06C0
06C0
07C0
0380
0380
0380
0380
0380
0380
0380
0380
ENDCHAR
STARTCHAR uni04B0
ENCODING 1200
SWIDTH 600 0
DWIDTH 19 0
BBX 19 22 0 0
BITMAP
F001E0
7001C0
380380
1C0300
1C0700
0E0E00
0E0E00
071C00
071C00
03B800
01F000
01F000
00E000
1FFF00
1FFF00
00E000
00E000
00E000
00E000
00E000
00E000
00E000
ENDCHAR
STARTCHAR uni04B1
ENCODING 1201
SWIDTH 600 0
DWIDTH 19 0
BBX 15 23 2 -6
BITMAP
E00E
600E
600C
701C
3018
3818
3838
1830
1C30
1C70
0C60
0EE0
06C0
06C0
07C0
0380
0380
3FF8
3FF8
0380
0380
0380
0380
ENDCHAR
STARTCHAR uni04B2
ENCODING 1202
SWIDTH 600 0
DWIDTH 19 0
BBX 18 27 1 -5
BITMAP
E00380
700700
380E00
380E00
1C1C00
1C3800
0E3800
077000
076000
03E000
01C000
03C000
03E000
077000
0E7000
0E3800
1C1C00
381C00
380E00
700600
6007C0
E003C0
0000C0
0000C0
0000C0
0000C0
0000C0
ENDCHAR
STARTCHAR uni04B3
ENCODING 1203
SWIDTH 600 0
DWIDTH 19 0
BBX 16 21 2 -4
BITMAP
E00E
701C
3838
1C38
1C70
0EE0
07C0
07C0
0380
07C0
0EC0
0EE0
1C70
3838
3038
701F
E00F
0003
0003
0003
0003
ENDCHAR
STARTCHAR uni04B6
ENCODING 1206
SWIDTH 600 0
DWIDTH 19 0
BBX 16 27 2 -5
BITMAP
C01C
C01C
C01C
C01C
C01C
C01C
C01C
C01C
C01C
E01C
E01C
703C
3FFC
1FFC
001C
001C
001C
001C
001C
001C
001F
001F
0003
0003
0003
0003
0003
ENDCHAR
STARTCHAR uni04B7
ENCODING 1207
SWIDTH 600 0
DWIDTH 19 0
BBX 16 21 2 -4
BITMAP
E018
E018
E018
E018
E018
E018
E018
E018
7038
7FD8
1F98
0018
0018
0018
0018
001F
001F
0003
0003
0003
0003
ENDCHAR
STARTCHAR uni04B8
ENCODING 1208
SWIDTH 600 0
DWIDTH 19 0
BBX 14 22 2 0
BITMAP
E00C
E00C
E00C
E00C
E00C
E00C
E00C
E30C
E30C
E30C
E30C
731C
3FFC
1FEC
030C
030C
030C
030C
000C
000C
000C
000C
ENDCHAR
STARTCHAR uni04B9
ENCODING 1209
SWIDTH 600 0
DWIDTH 19 0
BBX 14 17 2 0
BITMAP
E01C
E01C
E01C
E01C
E31C
E31C
E31C
631C
733C
3FFC
1F9C
031C
031C
031C
001C
001C
001C
ENDCHAR
STARTCHAR uni04BA
ENCODING 1210
SWIDTH 600 0
DWIDTH 19 0
BBX 14 22 3 0
BITMAP
C000
C000
C000
C000
C000
C000
C000
C000
DFC0
FFF0
E078
C01C
C01C
C01C
C01C
C01C
C01C
C01C
C01C
C01C
C01C
C01C
ENDCHAR
STARTCHAR uni04BB
ENCODING 1211
SWIDTH 600 0
DWIDTH 19 0
BBX 13 24 3 0
BITMAP
E000
E000
E000
E000
E000
E000
E000
E7C0
EFE0
F070
E038
E038
E018
E018
E018
E018
E018
E018
E018
E018
E018
E018
E018
E018
ENDCHAR
STARTCHAR uni04C0
ENCODING 1216
SWIDTH 600 0
DWIDTH 19 0
BBX 13 22 3 0
BITMAP
FFF8
FFF8
0700
0700
0700
0700
0700
0700
0700
0700
0700
0700
0700
0700
0700
0700
0700
0700
0700
0700
FFF8
FFF8
ENDCHAR
STARTCHAR uni04C1
ENCODING 1217
SWIDTH 600 0
DWIDTH 19 0
BBX 19 30 0 0
BITMAP
060800
0E0E00
060C00
071C00
03F800
01F000
000000
000000
E0E0E0
70E0C0
70E1C0
70E1C0
30E180
38E380
38E380
18E300
1CE700
1CE700
0FFE00
0FFE00
1CE700
1CE300
38E380
38E380
38E380
70E1C0
70E1C0
70E1C0
E0E0E0
E0E0E0
ENDCHAR
STARTCHAR uni04C2
ENCODING 1218
SWIDTH 600 0
DWIDTH 19 0
BBX 17 25 1 0
BITMAP
041000
1C1C00
0C1800
0E3800
07F000
03E000
000000
000000
E1C380
E1C380
61C300
61C300
71C700
31C600
31C600
1FFE00
1FFC00
31C600
31C600
71C700
71C700
61C300
61C300
E1C380
E1C380
ENDCHAR
STARTCHAR uni04CF
ENCODING 1231
SWIDTH 600 0
DWIDTH 19 0
BBX 15 24 2 0
BITMAP
FFFE
FFFE
0380
0380
0380
0380
0380
0380
0380
0380
0380
0380
0380
0380
0380
0380
0380
0380
0380
0380
0380
0380
FFFE
FFFE
ENDCHAR
STARTCHAR uni04D0
ENCODING 1232
SWIDTH 600 0
DWIDTH 19 0
BBX 17 30 1 0
BITMAP
0C1000
1C1C00
0C1800
0E3800
07F000
03E000
000000
000000
01C000
03E000
03E000
036000
077000
077000
063000
0E3800
0E3800
0C1800
1C1C00
1C1C00
180C00
1FFC00
3FFE00
300600
300600
700700
700700
600300
E00380
E00380
ENDCHAR
STARTCHAR uni04D1
ENCODING 1233
SWIDTH 600 0
DWIDTH 19 0
BBX 16 25 2 0
BITMAP
1040
7070
3060
38E0
1FC0
0F80
0000
0000
0FC0
3FE0
7070
6038
0018
0018
0018
1FF8
7FF8
7018
E018
E018
E018
E038
7058
7FDF
1F0F
ENDCHAR
STARTCHAR uni04D2
ENCODING 1234
SWIDTH 600 0
DWIDTH 19 0
BBX 17 29 1 0
BITMAP
0E3800
0E3800
0E3800
0E3800
000000
000000
000000
01C000
03E000
03E000
036000
077000
077000
063000
0E3800
0E3800
0C1800
1C1C00
1C1C00
180C00
1FFC00
3FFE00
300600
300600
700700
700700
600300
E00380
E00380
ENDCHAR
STARTCHAR uni04D3
ENCODING 1235
SWIDTH 600 0
DWIDTH 19 0
BBX 16 23 2 0
BITMAP
38E0
38E0
38E0
0000
0000
0000
0FC0
3FE0
7070
6038
0018
0018
0018
1FF8
7FF8
7018
E018
E018
E018
E038
7058
7FDF
1F0F
ENDCHAR
STARTCHAR uni04D4
ENCODING 1236
SWIDTH 600 0
DWIDTH 19 0
BBX 17 22 1 0
BITMAP
03FF80
03FF80
076000
066000
066000
0E6000
0C6000
0C6000
0C6000
1C6000
187F00
187F00
386000
3FE000
3FE000
706000
706000
606000
606000
E06000
E07F80
C07F80
ENDCHAR
STARTCHAR uni04D5
ENCODING 1237
SWIDTH 600 0
DWIDTH 19 0
BBX 19 17 0 0
BITMAP
1F1F00
3FBF80
71B1C0
60E0C0
40C0C0
00C0C0
00C0E0
1FFFE0
7FFFE0
70C000
E0C000
E0C000
E0E080
E160C0
6171C0
7F3F80
3C1E00
ENDCHAR
STARTCHAR uni04D6
ENCODING 1238
SWIDTH 600 0
DWIDTH 19 0
BBX 14 30 3 0
BITMAP
3040
7070
3060
38E0
1FC0
0F80
0000
0000
FFFC
FFFC
E000
E000
E000
E000
E000
E000
E000
E000
FFF8
FFF8
E000
E000
E000
E000
E000
E000
E000
E000
FFFC
FFFC
ENDCHAR
STARTCHAR uni04D7
ENCODING 1239
SWIDTH 600 0
DWIDTH 19 0
BBX 15 25 2 0
BITMAP
0820
3838
1830
1C70
0FE0
07C0
0000
0000
07C0
1FF0
3838
701C
600C
E00E
E00E
FFFE
FFFE
E000
E000
E000
6008
701C
383C
1FF8
07E0
ENDCHAR
STARTCHAR uni04D8
ENCODING 1240
SWIDTH 600 0
DWIDTH 19 0
BBX 15 22 2 0
BITMAP
0FC0
3FF0
7838
701C
E00C
C00E
000E
000E
000E
000E
FFFE
FFFE
C00E
E00E
E00E
E00E
E00E
601C
701C
3838
1FF0
07C0
ENDCHAR
STARTCHAR uni04D9
ENCODING 1241
SWIDTH 600 0
DWIDTH 19 0
BBX 15 17 2 0
BITMAP
0FC0
3FF0
7838
701C
200C
000E
000E
000E
FFFE
FFFE
E00E
E00E
600C
701C
3838
1FF0
07C0
ENDCHAR
STARTCHAR uni04DC
ENCODING 1244
SWIDTH 600 0
DWIDTH 19 0
BBX 19 29 0 0
BITMAP
071C00
071C00
071C00
071C00
000000
000000
000000
E0E0E0
70E0C0
70E1C0
70E1C0
30E180
38E380
38E380
18E300
1CE700
1CE700
0FFE00
0FFE00
1CE700
1CE300
38E380
38E380
38E380
70E1C0
70E1C0
70E1C0
E0E0E0
E0E0E0
ENDCHAR
STARTCHAR uni04DD
ENCODING 1245
SWIDTH 600 0
DWIDTH 19 0
BBX 17 23 1 0
BITMAP
0E3800
0E3800
0E3800
000000
000000
000000
E1C380
E1C380
61C300
61C300
71C700
31C600
31C600
1FFE00
1FFC00
31C600
31C600
71C700
71C700
61C300
61C300
E1C380
E1C380
ENDCHAR
STARTCHAR uni04DE
ENCODING 1246
SWIDTH 600 0
DWIDTH 19 0
BBX 16 29 1 0
BITMAP
0E38
0E38
0E38
0E38
0000
0000
0000
07E0
1FF8
383C
700E
200E
000E
000E
000E
000C
003C
07F0
07F8
001C
000E
0006
0007
0007
6006
F00E
781C
3FF8
0FE0
ENDCHAR
STARTCHAR uni04DF
ENCODING 1247
SWIDTH 600 0
DWIDTH 19 0
BBX 14 23 2 0
BITMAP
1C70
1C70
1C70
0000
0000
0000
0FE0
3FF0
7038
E018
001C
0018
0038
0FE0
0FF0
0038
001C
001C
401C
E01C
F038
7FF0
1FC0
ENDCHAR
STARTCHAR uni04E2
ENCODING 1250
SWIDTH 600 0
DWIDTH 19 0
BBX 15 28 2 0
BITMAP
1FF0
1FF0
0000
0000
0000
0000
E00E
E01E
E01E
E03E
E03E
E07E
E06E
E0EE
E1CE
E1CE
E38E
E30E
E70E
E60E
EE0E
EC0E
FC0E
F80E
F80E
F00E
F00E
E00E
ENDCHAR
STARTCHAR uni04E3
ENCODING 1251
SWIDTH 600 0
DWIDTH 19 0
BBX 13 21 3 0
BITMAP
3FE0
3FE0
0000
0000
C038
C038
C078
C0F8
C0D8
C1D8
C198
C338
C738
C638
CC38
DC38
D838
F838
F038
E038
E038
ENDCHAR
STARTCHAR uni04E4
ENCODING 1252
SWIDTH 600 0
DWIDTH 19 0
BBX 15 29 2 0
BITMAP
1C70
1C70
1C70
1C70
0000
0000
0000
E00E
E01E
E01E
E03E
E03E
E07E
E06E
E0EE
E1CE
E1CE
E38E
E30E
E70E
E60E
EE0E
EC0E
FC0E
F80E
F80E
F00E
F00E
E00E
ENDCHAR
STARTCHAR uni04E5
ENCODING 1253
SWIDTH 600 0
DWIDTH 19 0
BBX 13 23 3 0
BITMAP
38E0
38E0
38E0
0000
0000
0000
C038
C038
C078
C0F8
C0D8
C1D8
C198
C338
C738
C638
CC38
DC38
D838
F838
F038
E038
E038
ENDCHAR
STARTCHAR uni04E6
ENCODING 1254
SWIDTH 600 0
DWIDTH 19 0
BBX 15 29 2 0
BITMAP
1C70
1C70
1C70
1C70
0000
0000
0000
07C0
1FF0
3838
701C
600C
E00E
E00E
E00E
E00E
E00E
E00E
E00E
E00E
E00E
E00E
E00E
E00E
600C
701C
3838
1FF0
07E0
ENDCHAR
STARTCHAR uni04E7
ENCODING 1255
SWIDTH 600 0
DWIDTH 19 0
BBX 15 23 2 0
BITMAP
1C70
1C70
1C70
0000
0000
0000
07C0
1FF0
3838
701C
600C
E00E
E00E
E00E
E00E
E00E
E00E
E00E
600C
701C
3838
1FF0
07C0
ENDCHAR
STARTCHAR uni04E8
ENCODING 1256
SWIDTH 600 0
DWIDTH 19 0
BBX 15 22 2 0
BITMAP
07C0
1FF0
3838
701C
600C
E00E
E00E
E00E
E00E
E00E
FFFE
FFFE
E00E
E00E
E00E
E00E
E00E
600C
701C
3838
1FF0
07E0
ENDCHAR
STARTCHAR uni04E9
ENCODING 1257
SWIDTH 600 0
DWIDTH 19 0
BBX 15 17 2 0
BITMAP
07C0
1FF0
3838
701C
600C
E00E
E00E
FFFE
FFFE
E00E
E00E
E00E
600C
701C
3838
1FF0
07C0
ENDCHAR
STARTCHAR uni04EE
ENCODING 1262
SWIDTH 600 0
DWIDTH 19 0
BBX 17 28 1 0
BITMAP
0FF800
0FF800
000000
000000
000000
000000
E00380
700300
700700
380700
380E00
1C0E00
1C0C00
0C1C00
0E1C00
0E1800
073800
073000
037000
03F000
01E000
01E000
00E000
00C000
01C000
018000
1F8000
1F0000
ENDCHAR
STARTCHAR uni04EF
ENCODING 1263
SWIDTH 600 0
DWIDTH 19 0
BBX 15 27 2 -6
BITMAP
1FF0
1FF0
0000
0000
C006
E00E
600C
701C
701C
3018
3838
1830
1C70
1C70
0C60
0EE0
06C0
07C0
03C0
0380
0380
0300
0700
0700
0600
7E00
7800
ENDCHAR
STARTCHAR uni04F0
ENCODING 1264
SWIDTH 600 0
DWIDTH 19 0
BBX 17 29 1 0
BITMAP
0E3800
0E3800
0E3800
0E3800
000000
000000
000000
E00380
700300
700700
380700
380E00
1C0E00
1C0C00
0C1C00
0E1C00
0E1800
073800
073000
037000
03F000
01E000
01E000
00E000
00C000
01C000
018000
1F8000
1F0000
ENDCHAR
STARTCHAR uni04F1
ENCODING 1265
SWIDTH 600 0
DWIDTH 19 0
BBX 15 29 2 -6
BITMAP
1C70
1C70
1C70
0000
0000
0000
C006
E00E
600C
701C
701C
3018
3838
1830
1C70
1C70
0C60
0EE0
06C0
07C0
03C0
0380
0380
0300
0700
0700
0600
7E00
7800
ENDCHAR
STARTCHAR uni04F2
ENCODING 1266
SWIDTH 600 0
DWIDTH 19 0
BBX 17 30 1 0
BITMAP
018C00
01CE00
039C00
031800
063000
063000
000000
000000
E00380
700300
700700
380700
380E00
1C0E00
1C0C00
0C1C00
0E1C00
0E1800
073800
073000
037000
03F000
01E000
01E000
00E000
00C000
01C000
018000
1F8000
1F0000
ENDCHAR
STARTCHAR uni04F3
ENCODING 1267
SWIDTH 600 0
DWIDTH 19 0
BBX 15 31 2 -6
BITMAP
0318
039C
0738
0630
0C60
0C60
0000
0000
C006
E00E
600C
701C
701C
3018
3838
1830
1C70
1C70
0C60
0EE0
06C0
07C0
03C0
0380
0380
0300
0700
0700
0600
7E00
7800
ENDCHAR
STARTCHAR uni04F4
ENCODING 1268
SWIDTH 600 0
DWIDTH 19 0
BBX 14 29 2 0
BITMAP
1C70
1C70
1C70
1C70
0000
0000
0000
E00C
E00C
E00C
E00C
E00C
E00C
E00C
E00C
E00C
E00C
E00C
701C
3FFC
1FEC
000C
000C
000C
000C
000C
000C
000C
000C
ENDCHAR
STARTCHAR uni04F5
ENCODING 1269
SWIDTH 600 0
DWIDTH 19 0
BBX 14 23 2 0
BITMAP
1C70
1C70
1C70
0000
0000
0000
E01C
E01C
E01C
E01C
E01C
E01C
E01C
601C
703C
3FFC
1F9C
001C
001C
001C
001C
001C
001C
ENDCHAR
STARTCHAR uni04F8
ENCODING 1272
SWIDTH 600 0
DWIDTH 19 0
BBX 17 29 1 0
BITMAP
0E3800
0E3800
0E3800
0E3800
000000
000000
000000
E00380
E00380
E00380
E00380
E00380
E00380
E00380
E00380
E00380
FF0380
FFC380
E1E380
E0E380
E06380
E06380
E07380
E06380
E06380
E0E380
E1E380
FFC380
FF0380
ENDCHAR
STARTCHAR uni04F9
ENCODING 1273
SWIDTH 600 0
DWIDTH 19 0
BBX 15 23 2 0
BITMAP
1C70
1C70
1C70
0000
0000
0000
C006
C006
C006
C006
C006
C006
FF06
FF86
C1C6
C1C6
C0C6
C0C6
C0C6
C1C6
C1C6
FF86
FF06
ENDCHAR
STARTCHAR uni0E3F
ENCODING 3647
SWIDTH 600 0
DWIDTH 19 0
BBX 14 30 3 -4
BITMAP
0600
0600
0600
0600
FFC0
FFF0
C638
C618
C61C
C61C
C61C
C61C
C618
C630
FFE0
FFE0
C638
C61C
C61C
C61C
C61C
C61C
C61C
C638
FFF0
FFE0
0600
0600
0600
0600
ENDCHAR
STARTCHAR Wgrave
ENCODING 7808
SWIDTH 600 0
DWIDTH 19 0
BBX 17 30 1 0
BITMAP
030000
070000
038000
018000
01C000
008000
000000
000000
C00180
E00180
E00380
E00380
E00380
E00380
61C300
61C300
63E300
636300
636300
636300
636300
663300
663300
763700
763700
7E3F00
3C1F00
3C1E00
3C1E00
3C1E00
ENDCHAR
STARTCHAR wgrave
ENCODING 7809
SWIDTH 600 0
DWIDTH 19 0
BBX 17 25 1 0
BITMAP
030000
070000
038000
018000
01C000
008000
000000
000000
C1C180
C1C180
C1C180
E36380
636300
636300
636300
632300
623300
663300
663300
363600
363600
341600
3C1E00
3C1E00
3C1E00
ENDCHAR
STARTCHAR Wacute
ENCODING 7810
SWIDTH 600 0
DWIDTH 19 0
BBX 17 30 1 0
BITMAP
006000
007000
00E000
00C000
01C000
008000
000000
000000
C00180
E00180
E00380
E00380
E00380
E00380
61C300
61C300
63E300
636300
636300
636300
636300
663300
663300
763700
763700
7E3F00
3C1F00
3C1E00
3C1E00
3C1E00
ENDCHAR
STARTCHAR wacute
ENCODING 7811
SWIDTH 600 0
DWIDTH 19 0
BBX 17 25 1 0
BITMAP
006000
007000
00E000
00C000
01C000
008000
000000
000000
C1C180
C1C180
C1C180
E36380
636300
636300
636300
632300
623300
663300
663300
363600
363600
341600
3C1E00
3C1E00
3C1E00
ENDCHAR
STARTCHAR Wdieresis
ENCODING 7812
SWIDTH 600 0
DWIDTH 19 0
BBX 17 29 1 0
BITMAP
0E3800
0E3800
0E3800
0E3800
000000
000000
000000
C00180
E00180
E00380
E00380
E00380
E00380
61C300
61C300
63E300
636300
636300
636300
636300
663300
663300
763700
763700
7E3F00
3C1F00
3C1E00
3C1E00
3C1E00
ENDCHAR
STARTCHAR wdieresis
ENCODING 7813
SWIDTH 600 0
DWIDTH 19 0
BBX 17 23 1 0
BITMAP
0E3800
0E3800
0E3800
000000
000000
000000
C1C180
C1C180
C1C180
E36380
636300
636300
636300
632300
623300
663300
663300
363600
363600
341600
3C1E00
3C1E00
3C1E00
ENDCHAR
STARTCHAR uni1E9E
ENCODING 7838
SWIDTH 600 0
DWIDTH 19 0
BBX 16 22 2 0
BITMAP
FFFE
FFFE
E00E
E01C
E038
E038
E070
E0E0
E1C0
E1F0
E1FC
E00E
E007
E007
E003
E003
E003
E007
E407
EF0E
E7FC
E1F8
ENDCHAR
STARTCHAR uni1EA0
ENCODING 7840
SWIDTH 600 0
DWIDTH 19 0
BBX 17 28 1 -6
BITMAP
01C000
03E000
03E000
036000
077000
077000
063000
0E3800
0E3800
0C1800
1C1C00
1C1C00
180C00
1FFC00
3FFE00
300600
300600
700700
700700
600300
E00380
E00380
000000
000000
00C000
01E000
01E000
00C000
ENDCHAR
STARTCHAR uni1EA1
ENCODING 7841
SWIDTH 600 0
DWIDTH 19 0
BBX 16 23 2 -6
BITMAP
0FC0
3FE0
7070
6038
0018
0018
0018
1FF8
7FF8
7018
E018
E018
E018
E038
7058
7FDF
1F0F
0000
0000
0300
0780
0780
0300
ENDCHAR
STARTCHAR uni1EA2
ENCODING 7842
SWIDTH 600 0
DWIDTH 19 0
BBX 17 30 1 0
BITMAP
03F000
03F000
003000
006000
006000
00C000
000000
000000
01C000
03E000
03E000
036000
077000
077000
063000
0E3800
0E3800
0C1800
1C1C00
1C1C00
180C00
1FFC00
3FFE00
300600
300600
700700
700700
600300
E00380
E00380
ENDCHAR
STARTCHAR uni1EA3
ENCODING 7843
SWIDTH 600 0
DWIDTH 19 0
BBX 16 25 2 0
BITMAP
0FC0
0FC0
00C0
0180
0180
0300
0000
0000
0FC0
3FE0
7070
6038
0018
0018
0018
1FF8
7FF8
7018
E018
E018
E018
E038
7058
7FDF
1F0F
ENDCHAR
STARTCHAR uni1EA4
ENCODING 7844
SWIDTH 600 0
DWIDTH 19 0
BBX 17 34 1 0
BITMAP
000180
000380
000300
000700
01E600
03FC00
033000
073800
0E1C00
040800
000000
000000
01C000
03E000
03E000
036000
077000
077000
063000
0E3800
0E3800
0C1800
1C1C00
1C1C00
180C00
1FFC00
3FFE00
300600
300600
700700
700700
600300
E00380
E00380
ENDCHAR
STARTCHAR uni1EA5
ENCODING 7845
SWIDTH 600 0
DWIDTH 19 0
BBX 16 29 2 0
BITMAP
0006
000E
000C
001C
0798
0FF0
0CC0
1CE0
3870
1020
0000
0000
0FC0
3FE0
7070
6038
0018
0018
0018
1FF8
7FF8
7018
E018
E018
E018
E038
7058
7FDF
1F0F
ENDCHAR
STARTCHAR uni1EA6
ENCODING 7846
SWIDTH 600 0
DWIDTH 19 0
BBX 17 34 1 0
BITMAP
200000
700000
300000
380000
19E000
0FF000
033000
073800
0E1C00
040800
000000
000000
01C000
03E000
03E000
036000
077000
077000
063000
0E3800
0E3800
0C1800
1C1C00
1C1C00
180C00
1FFC00
3FFE00
300600
300600
700700
700700
600300
E00380
E00380
ENDCHAR
STARTCHAR uni1EA7
ENCODING 7847
SWIDTH 600 0
DWIDTH 19 0
BBX 17 29 1 0
BITMAP
400000
E00000
600000
700000
33C000
1FE000
066000
0E7000
1C3800
081000
000000
000000
07E000
1FF000
383800
301C00
000C00
000C00
000C00
0FFC00
3FFC00
380C00
700C00
700C00
700C00
701C00
382C00
3FEF80
0F8780
ENDCHAR
STARTCHAR uni1EA8
ENCODING 7848
SWIDTH 600 0
DWIDTH 19 0
BBX 17 34 1 0
BITMAP
001F00
001F00
000300
000300
01E600
03F400
033000
073800
0E1C00
040800
000000
000000
01C000
03E000
03E000
036000
077000
077000
063000
0E3800
0E3800
0C1800
1C1C00
1C1C00
180C00
1FFC00
3FFE00
300600
300600
700700
700700
600300
E00380
E00380
ENDCHAR
STARTCHAR uni1EA9
ENCODING 7849
SWIDTH 600 0
DWIDTH 19 0
BBX 16 30 2 0
BITMAP
007C
007C
000C
000C
0018
0798
0FC0
0CC0
1CE0
3870
1020
0000
0000
0FC0
3FE0
7070
6038
0018
0018
0018
1FF8
7FF8
7018
E018
E018
E018
E038
7058
7FDF
1F0F
ENDCHAR
STARTCHAR uni1EAA
ENCODING 7850
SWIDTH 600 0
DWIDTH 19 0
BBX 17 34 1 0
BITMAP
070400
0FCC00
0CFC00
083800
000000
01E000
03F000
073800
0E1C00
0C0800
000000
000000
01C000
03E000
03E000
036000
077000
077000
063000
0E3800
0E3800
0C1800
1C1C00
1C1C00
180C00
1FFC00
3FFE00
300600
300600
700700
700700
600300
E00380
E00380
ENDCHAR
STARTCHAR uni1EAB
ENCODING 7851
SWIDTH 600 0
DWIDTH 19 0
BBX 16 29 2 0
BITMAP
1C10
3F30
33F0
20E0
0000
0780
0FC0
1CE0
3870
3020
0000
0000
0FC0
3FE0
7070
6038
0018
0018
0018
1FF8
7FF8
7018
E018
E018
E018
E038
7058
7FDF
1F0F
ENDCHAR
STARTCHAR uni1EAC
ENCODING 7852
SWIDTH 600 0
DWIDTH 19 0
BBX 17 36 1 -6
BITMAP
01C000
03E000
077000
0E3800
0C1800
180C00
000000
000000
01C000
03E000
03E000
036000
077000
077000
063000
0E3800
0E3800
0C1800
1C1C00
1C1C00
180C00
1FFC00
3FFE00
300600
300600
700700
700700
600300
E00380
E00380
000000
000000
00C000
01E000
01E000
00C000
ENDCHAR
STARTCHAR uni1EAD
ENCODING 7853
SWIDTH 600 0
DWIDTH 19 0
BBX 16 31 2 -6
BITMAP
0700
0F80
1DC0
38E0
3060
6030
0000
0000
0FC0
3FE0
7070
6038
0018
0018
0018
1FF8
7FF8
7018
E018
E018
E018
E038
7058
7FDF
1F0F
0000
0000
0300
0780
0780
0300
ENDCHAR
STARTCHAR uni1EAE
ENCODING 7854
SWIDTH 600 0
DWIDTH 19 0
BBX 17 34 1 0
BITMAP
003000
003800
007000
006000
00C000
0CCC00
0C0C00
0E1800
07F800
01E000
000000
000000
01C000
03E000
03E000
036000
077000
077000
063000
0E3800
0E3800
0C1800
1C1C00
1C1C00
180C00
1FFC00
3FFE00
300600
300600
700700
700700
600300
E00380
E00380
ENDCHAR
STARTCHAR uni1EAF
ENCODING 7855
SWIDTH 600 0
DWIDTH 19 0
BBX 16 29 2 0
BITMAP
00C0
00E0
01C0
0180
0300
3330
3030
3860
1FE0
0780
0000
0000
0FC0
3FE0
7070
6038
0018
0018
0018
1FF8
7FF8
7018
E018
E018
E018
E038
7058
7FDF
1F0F
ENDCHAR
STARTCHAR uni1EB0
ENCODING 7856
SWIDTH 600 0
DWIDTH 19 0
BBX 17 34 1 0
BITMAP
030000
070000
038000
018000
00C000
0CCC00
0C0C00
0E1800
07F800
01E000
000000
000000
01C000
03E000
03E000
036000
077000
077000
063000
0E3800
0E3800
0C1800
1C1C00
1C1C00
180C00
1FFC00
3FFE00
300600
300600
700700
700700
600300
E00380
E00380
ENDCHAR
STARTCHAR uni1EB1
ENCODING 7857
SWIDTH 600 0
DWIDTH 19 0
BBX 16 29 2 0
BITMAP
0C00
1C00
0E00
0600
0300
3330
3030
3860
1FE0
0780
0000
0000
0FC0
3FE0
7070
6038
0018
0018
0018
1FF8
7FF8
7018
E018
E018
E018
E038
7058
7FDF
1F0F
ENDCHAR
STARTCHAR uni1EB2
ENCODING 7858
SWIDTH 600 0
DWIDTH 19 0
BBX 17 34 1 0
BITMAP
03E000
03F000
006000
006000
00C000
0CCC00
0C0C00
0E1800
07F800
01E000
000000
000000
01C000
03E000
03E000
036000
077000
077000
063000
0E3800
0E3800
0C1800
1C1C00
1C1C00
180C00
1FFC00
3FFE00
300600
300600
700700
700700
600300
E00380
E00380
ENDCHAR
STARTCHAR uni1EB3
ENCODING 7859
SWIDTH 600 0
DWIDTH 19 0
BBX 16 29 2 0
BITMAP
0F80
0FC0
0180
0180
0300
3330
3030
3860
1FE0
0780
0000
0000
0FC0
3FE0
7070
6038
0018
0018
0018
1FF8
7FF8
7018
E018
E018
E018
E038
7058
7FDF
1F0F
ENDCHAR
STARTCHAR uni1EB4
ENCODING 7860
SWIDTH 600 0
DWIDTH 19 0
BBX 17 34 1 0
BITMAP
070400
0FCC00
0CFC00
083800
000000
0C0C00
0C0C00
0E1C00
07F800
01E000
000000
000000
01C000
03E000
03E000
036000
077000
077000
063000
0E3800
0E3800
0C1800
1C1C00
1C1C00
180C00
1FFC00
3FFE00
300600
300600
700700
700700
600300
E00380
E00380
ENDCHAR
STARTCHAR uni1EB5
ENCODING 7861
SWIDTH 600 0
DWIDTH 19 0
BBX 16 29 2 0
BITMAP
1C10
3F30
33F0
20E0
0000
3030
3030
3870
1FE0
0780
0000
0000
0FC0
3FE0
7070
6038
0018
0018
0018
1FF8
7FF8
7018
E018
E018
E018
E038
7058
7FDF
1F0F
ENDCHAR
STARTCHAR uni1EB6
ENCODING 7862
SWIDTH 600 0
DWIDTH 19 0
BBX 17 35 1 -6
BITMAP
1C1C00
0C1800
0E3800
07F000
03E000
000000
000000
01C000
03E000
03E000
036000
077000
077000
063000
0E3800
0E3800
0C1800
1C1C00
1C1C00
180C00
1FFC00
3FFE00
300600
300600
700700
700700
600300
E00380
E00380
000000
000000
00C000
01E000
01E000
00C000
ENDCHAR
STARTCHAR uni1EB7
ENCODING 7863
SWIDTH 600 0
DWIDTH 19 0
BBX 16 30 2 -6
BITMAP
7070
3060
38E0
1FC0
0F80
0000
0000
0FC0
3FE0
7070
6038
0018
0018
0018
1FF8
7FF8
7018
E018
E018
E018
E038
7058
7FDF
1F0F
0000
0000
0300
0780
0780
0300
ENDCHAR
STARTCHAR uni1EB8
ENCODING 7864
SWIDTH 600 0
DWIDTH 19 0
BBX 14 28 3 -6
BITMAP
FFFC
FFFC
E000
E000
E000
E000
E000
E000
E000
E000
FFF8
FFF8
E000
E000
E000
E000
E000
E000
E000
E000
FFFC
FFFC
0000
0000
0300
0780
0780
0300
ENDCHAR
STARTCHAR uni1EB9
ENCODING 7865
SWIDTH 600 0
DWIDTH 19 0
BBX 15 23 2 -6
BITMAP
07C0
1FF0
3838
701C
600C
E00E
E00E
FFFE
FFFE
E000
E000
E000
6008
701C
383C
1FF8
07E0
0000
0000
0180
03C0
03C0
0180
ENDCHAR
STARTCHAR uni1EBA
ENCODING 7866
SWIDTH 600 0
DWIDTH 19 0
BBX 14 30 3 0
BITMAP
0FC0
0FC0
00C0
0180
0180
0300
0000
0000
FFFC
FFFC
E000
E000
E000
E000
E000
E000
E000
E000
FFF8
FFF8
E000
E000
E000
E000
E000
E000
E000
E000
FFFC
FFFC
ENDCHAR
STARTCHAR uni1EBB
ENCODING 7867
SWIDTH 600 0
DWIDTH 19 0
BBX 15 25 2 0
BITMAP
07E0
07E0
0060
00C0
00C0
0180
0000
0000
07C0
1FF0
3838
701C
600C
E00E
E00E
FFFE
FFFE
E000
E000
E000
6008
701C
383C
1FF8
07E0
ENDCHAR
STARTCHAR uni1EBC
ENCODING 7868
SWIDTH 600 0
DWIDTH 19 0
BBX 14 29 3 0
BITMAP
1C20
3E30
63E0
41C0
0000
0000
0000
FFFC
FFFC
E000
E000
E000
E000
E000
E000
E000
E000
FFF8
FFF8
E000
E000
E000
E000
E000
E000
E000
E000
FFFC
FFFC
ENDCHAR
STARTCHAR uni1EBD
ENCODING 7869
SWIDTH 600 0
DWIDTH 19 0
BBX 15 23 2 0
BITMAP
0E10
1F18
31F0
20E0
0000
0000
07C0
1FF0
3838
701C
600C
E00E
E00E
FFFE
FFFE
E000
E000
E000
6008
701C
383C
1FF8
07E0
ENDCHAR
STARTCHAR uni1EBE
ENCODING 7870
SWIDTH 600 0
DWIDTH 19 0
BBX 15 34 3 0
BITMAP
0006
000E
000C
001C
0798
0FF0
0CC0
1CE0
3870
1020
0000
0000
FFFC
FFFC
E000
E000
E000
E000
E000
E000
E000
E000
FFF8
FFF8
E000
E000
E000
E000
E000
E000
E000
E000
FFFC
FFFC
ENDCHAR
STARTCHAR uni1EBF
ENCODING 7871
SWIDTH 600 0
DWIDTH 19 0
BBX 16 29 2 0
BITMAP
0003
0007
0006
000E
03CC
07F8
0660
0E70
1C38
0810
0000
0000
07C0
1FF0
3838
701C
600C
E00E
E00E
FFFE
FFFE
E000
E000
E000
6008
701C
383C
1FF8
07E0
ENDCHAR
STARTCHAR uni1EC0
ENCODING 7872
SWIDTH 600 0
DWIDTH 19 0
BBX 15 34 2 0
BITMAP
4000
E000
6000
7000
33C0
1FE0
0660
0E70
1C38
0810
0000
0000
7FFE
7FFE
7000
7000
7000
7000
7000
7000
7000
7000
7FFC
7FFC
7000
7000
7000
7000
7000
7000
7000
7000
7FFE
7FFE
ENDCHAR
STARTCHAR uni1EC1
ENCODING 7873
SWIDTH 600 0
DWIDTH 19 0
BBX 15 29 2 0
BITMAP
4000
E000
6000
7000
33C0
1FE0
0660
0E70
1C38
0810
0000
0000
07C0
1FF0
3838
701C
600C
E00E
E00E
FFFE
FFFE
E000
E000
E000
6008
701C
383C
1FF8
07E0
ENDCHAR
STARTCHAR uni1EC2
ENCODING 7874
SWIDTH 600 0
DWIDTH 19 0
BBX 14 34 3 0
BITMAP
007C
007C
000C
000C
0798
0FD0
0CC0
1CE0
3870
1020
0000
0000
FFFC
FFFC
E000
E000
E000
E000
E000
E000
E000
E000
FFF8
FFF8
E000
E000
E000
E000
E000
E000
E000
E000
FFFC
FFFC
ENDCHAR
STARTCHAR uni1EC3
ENCODING 7875
SWIDTH 600 0
DWIDTH 19 0
BBX 15 30 2 0
BITMAP
003E
003E
0006
0006
000C
03CC
07E0
0660
0E70
1C38
0810
0000
0000
07C0
1FF0
3838
701C
600C
E00E
E00E
FFFE
FFFE
E000
E000
E000
6008
701C
383C
1FF8
07E0
ENDCHAR
STARTCHAR uni1EC4
ENCODING 7876
SWIDTH 600 0
DWIDTH 19 0
BBX 14 34 3 0
BITMAP
1C10
3F30
33F0
20E0
0000
0780
0FC0
1CE0
3870
3020
0000
0000
FFFC
FFFC
E000
E000
E000
E000
E000
E000
E000
E000
FFF8
FFF8
E000
E000
E000
E000
E000
E000
E000
E000
FFFC
FFFC
ENDCHAR
STARTCHAR uni1EC5
ENCODING 7877
SWIDTH 600 0
DWIDTH 19 0
BBX 15 29 2 0
BITMAP
0E08
1F98
19F8
1070
0000
03C0
07E0
0E70
1C38
1810
0000
0000
07C0
1FF0
3838
701C
600C
E00E
E00E
FFFE
FFFE
E000
E000
E000
6008
701C
383C
1FF8
07E0
ENDCHAR
STARTCHAR uni1EC6
ENCODING 7878
SWIDTH 600 0
DWIDTH 19 0
BBX 14 36 3 -6
BITMAP
0700
0F80
1DC0
38E0
3060
6030
0000
0000
FFFC
FFFC
E000
E000
E000
E000
E000
E000
E000
E000
FFF8
FFF8
E000
E000
E000
E000
E000
E000
E000
E000
FFFC
FFFC
0000
0000
0300
0780
0780
0300
ENDCHAR
STARTCHAR uni1EC7
ENCODING 7879
SWIDTH 600 0
DWIDTH 19 0
BBX 15 31 2 -6
BITMAP
0380
07C0
0EE0
1C70
1830
3018
0000
0000
07C0
1FF0
3838
701C
600C
E00E
E00E
FFFE
FFFE
E000
E000
E000
6008
701C
383C
1FF8
07E0
0000
0000
0180
03C0
03C0
0180
ENDCHAR
STARTCHAR uni1EC8
ENCODING 7880
SWIDTH 600 0
DWIDTH 19 0
BBX 13 30 3 0
BITMAP
0FC0
0FC0
00C0
0180
0180
0300
0000
0000
FFF8
FFF8
0700
0700
0700
0700
0700
0700
0700
0700
0700
0700
0700
0700
0700
0700
0700
0700
0700
0700
FFF8
FFF8
ENDCHAR
STARTCHAR uni1EC9
ENCODING 7881
SWIDTH 600 0
DWIDTH 19 0
BBX 14 25 3 0
BITMAP
07E0
07E0
0060
00C0
00C0
0180
0000
0000
FF80
FF80
0380
0380
0380
0380
0380
0380
0380
0380
0380
0380
0380
0380
0380
FFFC
FFFC
ENDCHAR
STARTCHAR uni1ECA
ENCODING 7882
SWIDTH 600 0
DWIDTH 19 0
BBX 13 28 3 -6
BITMAP
FFF8
FFF8
0700
0700
0700
0700
0700
0700
0700
0700
0700
0700
0700
0700
0700
0700
0700
0700
0700
0700
FFF8
FFF8
0000
0000
0300
0780
0780
0300
ENDCHAR
STARTCHAR uni1ECB
ENCODING 7883
SWIDTH 600 0
DWIDTH 19 0
BBX 14 30 3 -6
BITMAP
0380
03C0
03C0
0380
0000
0000
0000
FF80
FF80
0380
0380
0380
0380
0380
0380
0380
0380
0380
0380
0380
0380
0380
FFFC
FFFC
0000
0000
0180
03C0
03C0
0180
ENDCHAR
STARTCHAR uni1ECC
ENCODING 7884
SWIDTH 600 0
DWIDTH 19 0
BBX 15 28 2 -6
BITMAP
07C0
1FF0
3838
701C
600C
E00E
E00E
E00E
E00E
E00E
E00E
E00E
E00E
E00E
E00E
E00E
E00E
600C
701C
3838
1FF0
07E0
0000
0000
0180
03C0
03C0
0180
ENDCHAR
STARTCHAR uni1ECD
ENCODING 7885
SWIDTH 600 0
DWIDTH 19 0
BBX 15 23 2 -6
BITMAP
07C0
1FF0
3838
701C
600C
E00E
E00E
E00E
E00E
E00E
E00E
E00E
600C
701C
3838
1FF0
07C0
0000
0000
0180
03C0
03C0
0180
ENDCHAR
STARTCHAR uni1ECE
ENCODING 7886
SWIDTH 600 0
DWIDTH 19 0
BBX 15 30 2 0
BITMAP
07E0
07E0
0060
00C0
00C0
0180
0000
0000
07C0
1FF0
3838
701C
600C
E00E
E00E
E00E
E00E
E00E
E00E
E00E
E00E
E00E
E00E
E00E
E00E
600C
701C
3838
1FF0
07E0
ENDCHAR
STARTCHAR uni1ECF
ENCODING 7887
SWIDTH 600 0
DWIDTH 19 0
BBX 15 25 2 0
BITMAP
07E0
07E0
0060
00C0
00C0
0180
0000
0000
07C0
1FF0
3838
701C
600C
E00E
E00E
E00E
E00E
E00E
E00E
E00E
600C
701C
3838
1FF0
07C0
ENDCHAR
STARTCHAR uni1ED0
ENCODING 7888
SWIDTH 600 0
DWIDTH 19 0
BBX 16 34 2 0
BITMAP
0003
0007
0006
000E
03CC
07F8
0660
0E70
1C38
0810
0000
0000
07C0
1FF0
3838
701C
600C
E00E
E00E
E00E
E00E
E00E
E00E
E00E
E00E
E00E
E00E
E00E
E00E
600C
701C
3838
1FF0
07E0
ENDCHAR
STARTCHAR uni1ED1
ENCODING 7889
SWIDTH 600 0
DWIDTH 19 0
BBX 16 29 2 0
BITMAP
0003
0007
0006
000E
03CC
07F8
0660
0E70
1C38
0810
0000
0000
07C0
1FF0
3838
701C
600C
E00E
E00E
E00E
E00E
E00E
E00E
E00E
600C
701C
3838
1FF0
07C0
ENDCHAR
STARTCHAR uni1ED2
ENCODING 7890
SWIDTH 600 0
DWIDTH 19 0
BBX 15 34 2 0
BITMAP
4000
E000
6000
7000
33C0
1FE0
0660
0E70
1C38
0810
0000
0000
07C0
1FF0
3838
701C
600C
E00E
E00E
E00E
E00E
E00E
E00E
E00E
E00E
E00E
E00E
E00E
E00E
600C
701C
3838
1FF0
07E0
ENDCHAR
STARTCHAR uni1ED3
ENCODING 7891
SWIDTH 600 0
DWIDTH 19 0
BBX 15 29 2 0
BITMAP
4000
E000
6000
7000
33C0
1FE0
0660
0E70
1C38
0810
0000
0000
07C0
1FF0
3838
701C
600C
E00E
E00E
E00E
E00E
E00E
E00E
E00E
600C
701C
3838
1FF0
07C0
ENDCHAR
STARTCHAR uni1ED4
ENCODING 7892
SWIDTH 600 0
DWIDTH 19 0
BBX 15 34 2 0
BITMAP
003E
003E
0006
0006
03CC
07E8
0660
0E70
1C38
0810
0000
0000
07C0
1FF0
3838
701C
600C
E00E
E00E
E00E
E00E
E00E
E00E
E00E
E00E
E00E
E00E
E00E
E00E
600C
701C
3838
1FF0
07E0
ENDCHAR
STARTCHAR uni1ED5
ENCODING 7893
SWIDTH 600 0
DWIDTH 19 0
BBX 15 30 2 0
BITMAP
003E
003E
0006
0006
000C
03CC
07E0
0660
0E70
1C38
0810
0000
0000
07C0
1FF0
3838
701C
600C
E00E
E00E
E00E
E00E
E00E
E00E
E00E
600C
701C
3838
1FF0
07C0
ENDCHAR
STARTCHAR uni1ED6
ENCODING 7894
SWIDTH 600 0
DWIDTH 19 0
BBX 15 34 2 0
BITMAP
0E08
1F98
19F8
1070
0000
03C0
07E0
0E70
1C38
1810
0000
0000
07C0
1FF0
3838
701C
600C
E00E
E00E
E00E
E00E
E00E
E00E
E00E
E00E
E00E
E00E
E00E
E00E
600C
701C
3838
1FF0
07E0
ENDCHAR
STARTCHAR uni1ED7
ENCODING 7895
SWIDTH 600 0
DWIDTH 19 0
BBX 15 29 2 0
BITMAP
0E08
1F98
19F8
1070
0000
03C0
07E0
0E70
1C38
1810
0000
0000
07C0
1FF0
3838
701C
600C
E00E
E00E
E00E
E00E
E00E
E00E
E00E
600C
701C
3838
1FF0
07C0
ENDCHAR
STARTCHAR uni1ED8
ENCODING 7896
SWIDTH 600 0
DWIDTH 19 0
BBX 15 36 2 -6
BITMAP
0380
07C0
0EE0
1C70
1830
3018
0000
0000
07C0
1FF0
3838
701C
600C
E00E
E00E
E00E
E00E
E00E
E00E
E00E
E00E
E00E
E00E
E00E
E00E
600C
701C
3838
1FF0
07E0
0000
0000
0180
03C0
03C0
0180
ENDCHAR
STARTCHAR uni1ED9
ENCODING 7897
SWIDTH 600 0
DWIDTH 19 0
BBX 15 31 2 -6
BITMAP
0380
07C0
0EE0
1C70
1830
3018
0000
0000
07C0
1FF0
3838
701C
600C
E00E
E00E
E00E
E00E
E00E
E00E
E00E
600C
701C
3838
1FF0
07C0
0000
0000
0180
03C0
03C0
0180
ENDCHAR
STARTCHAR uni1EDA
ENCODING 7898
SWIDTH 600 0
DWIDTH 19 0
BBX 15 30 2 0
BITMAP
00C0
00E0
01C0
0180
0380
0106
0006
0006
07FE
1FFE
3838
701C
600C
E00E
E00E
E00E
E00E
E00E
E00E
E00E
E00E
E00E
E00E
E00E
E00E
600C
701C
3838
1FF0
07C0
ENDCHAR
STARTCHAR uni1EDB
ENCODING 7899
SWIDTH 600 0
DWIDTH 19 0
BBX 15 25 2 0
BITMAP
00C0
00E0
01C0
0180
0380
0106
0006
0006
07FE
1FFE
3838
701C
600C
E00E
E00E
E00E
E00E
E00E
E00E
E00E
600C
701C
3838
1FF0
07C0
ENDCHAR
STARTCHAR uni1EDC
ENCODING 7900
SWIDTH 600 0
DWIDTH 19 0
BBX 15 30 2 0
BITMAP
0600
0E00
0700
0300
0380
0106
0006
0006
07FE
1FFE
3838
701C
600C
E00E
E00E
E00E
E00E
E00E
E00E
E00E
E00E
E00E
E00E
E00E
E00E
600C
701C
3838
1FF0
07C0
ENDCHAR
STARTCHAR uni1EDD
ENCODING 7901
SWIDTH 600 0
DWIDTH 19 0
BBX 15 25 2 0
BITMAP
0600
0E00
0700
0300
0380
0106
0006
0006
07FE
1FFE
3838
701C
600C
E00E
E00E
E00E
E00E
E00E
E00E
E00E
600C
701C
3838
1FF0
07C0
ENDCHAR
STARTCHAR uni1EDE
ENCODING 7902
SWIDTH 600 0
DWIDTH 19 0
BBX 15 30 2 0
BITMAP
07E0
07E0
0060
00C0
00C0
0186
0006
0006
07FE
1FFE
3838
701C
600C
E00E
E00E
E00E
E00E
E00E
E00E
E00E
E00E
E00E
E00E
E00E
E00E
600C
701C
3838
1FF0
07C0
ENDCHAR
STARTCHAR uni1EDF
ENCODING 7903
SWIDTH 600 0
DWIDTH 19 0
BBX 15 25 2 0
BITMAP
07E0
07E0
0060
00C0
00C0
0186
0006
0006
07FE
1FFE
3838
701C
600C
E00E
E00E
E00E
E00E
E00E
E00E
E00E
600C
701C
3838
1FF0
07C0
ENDCHAR
STARTCHAR uni1EE0
ENCODING 7904
SWIDTH 600 0
DWIDTH 19 0
BBX 15 28 2 0
BITMAP
0F10
1FF0
11E0
0006
0006
0006
07FE
1FFE
3838
701C
600C
E00E
E00E
E00E
E00E
E00E
E00E
E00E
E00E
E00E
E00E
E00E
E00E
600C
701C
3838
1FF0
07C0
ENDCHAR
STARTCHAR uni1EE1
ENCODING 7905
SWIDTH 600 0
DWIDTH 19 0
BBX 15 22 2 0
BITMAP
0F10
1FF0
11E6
0006
0006
07FE
1FFE
3838
701C
600C
E00E
E00E
E00E
E00E
E00E
E00E
E00E
600C
701C
3838
1FF0
07C0
ENDCHAR
STARTCHAR uni1EE2
ENCODING 7906
SWIDTH 600 0
DWIDTH 19 0
BBX 15 31 2 -6
BITMAP
0006
0006
0006
07FE
1FFE
3838
701C
600C
E00E
E00E
E00E
E00E
E00E
E00E
E00E
E00E
E00E
E00E
E00E
E00E
600C
701C
3838
1FF0
07C0
0000
0000
0180
03C0
03C0
0180
ENDCHAR
STARTCHAR uni1EE3
ENCODING 7907
SWIDTH 600 0
DWIDTH 19 0
BBX 15 26 2 -6
BITMAP
0006
0006
0006
07FE
1FFE
3838
701C
600C
E00E
E00E
E00E
E00E
E00E
E00E
E00E
600C
701C
3838
1FF0
07C0
0000
0000
0180
03C0
03C0
0180
ENDCHAR
STARTCHAR uni1EE4
ENCODING 7908
SWIDTH 600 0
DWIDTH 19 0
BBX 15 28 2 -6
BITMAP
E00E
E00E
E00E
E00E
E00E
E00E
E00E
E00E
E00E
E00E
E00E
E00E
E00E
E00E
E00C
600C
600C
701C
701C
3838
3FF8
0FE0
0000
0000
0180
03C0
03C0
0180
ENDCHAR
STARTCHAR uni1EE5
ENCODING 7909
SWIDTH 600 0
DWIDTH 19 0
BBX 13 23 3 -6
BITMAP
C038
C038
C038
C038
C038
C038
C038
C038
C038
C038
C038
C038
E038
E038
7078
3FB8
1F38
0000
0000
0300
0780
0780
0300
ENDCHAR
STARTCHAR uni1EE6
ENCODING 7910
SWIDTH 600 0
DWIDTH 19 0
BBX 15 30 2 0
BITMAP
07E0
07E0
0060
00C0
00C0
0180
0000
0000
E00E
E00E
E00E
E00E
E00E
E00E
E00E
E00E
E00E
E00E
E00E
E00E
E00E
E00E
E00C
600C
600C
701C
701C
3838
3FF8
0FE0
ENDCHAR
STARTCHAR uni1EE7
ENCODING 7911
SWIDTH 600 0
DWIDTH 19 0
BBX 13 25 3 0
BITMAP
0FC0
0FC0
00C0
0180
0180
0300
0000
0000
C038
C038
C038
C038
C038
C038
C038
C038
C038
C038
C038
C038
E038
E038
7078
3FB8
1F38
ENDCHAR
STARTCHAR uni1EE8
ENCODING 7912
SWIDTH 600 0
DWIDTH 19 0
BBX 17 30 2 0
BITMAP
00C000
00E000
01C000
018000
038180
010180
000180
000180
E00F80
E00F80
E00E00
E00E00
E00E00
E00E00
E00E00
E00E00
E00E00
E00E00
E00E00
E00E00
E00E00
E00E00
E00C00
600C00
600C00
701C00
701C00
383800
3FF800
0FE000
ENDCHAR
STARTCHAR uni1EE9
ENCODING 7913
SWIDTH 600 0
DWIDTH 19 0
BBX 16 25 3 0
BITMAP
0180
01C0
0380
0300
0707
0207
0007
0007
C03F
C03E
C038
C038
C038
C038
C038
C038
C038
C038
C038
C038
E038
E038
7078
3FB8
1F38
ENDCHAR
STARTCHAR uni1EEA
ENCODING 7914
SWIDTH 600 0
DWIDTH 19 0
BBX 17 30 2 0
BITMAP
060000
0E0000
070000
030000
038180
010180
000180
000180
E00F80
E00F80
E00E00
E00E00
E00E00
E00E00
E00E00
E00E00
E00E00
E00E00
E00E00
E00E00
E00E00
E00E00
E00C00
600C00
600C00
701C00
701C00
383800
3FF800
0FE000
ENDCHAR
STARTCHAR uni1EEB
ENCODING 7915
SWIDTH 600 0
DWIDTH 19 0
BBX 16 25 3 0
BITMAP
0C00
1C00
0E00
0600
0707
0207
0007
0007
C03F
C03E
C038
C038
C038
C038
C038
C038
C038
C038
C038
C038
E038
E038
7078
3FB8
1F38
ENDCHAR
STARTCHAR uni1EEC
ENCODING 7916
SWIDTH 600 0
DWIDTH 19 0
BBX 17 30 2 0
BITMAP
07E000
07E000
006000
00C000
00C180
018180
000180
000180
E00F80
E00F80
E00E00
E00E00
E00E00
E00E00
E00E00
E00E00
E00E00
E00E00
E00E00
E00E00
E00E00
E00E00
E00C00
600C00
600C00
701C00
701C00
383800
3FF800
0FE000
ENDCHAR
STARTCHAR uni1EED
ENCODING 7917
SWIDTH 600 0
DWIDTH 19 0
BBX 16 25 3 0
BITMAP
0FC0
0FC0
00C0
0180
0187
0307
0007
0007
C03F
C03E
C038
C038
C038
C038
C038
C038
C038
C038
C038
C038
E038
E038
7078
3FB8
1F38
ENDCHAR
STARTCHAR uni1EEE
ENCODING 7918
SWIDTH 600 0
DWIDTH 19 0
BBX 17 28 2 0
BITMAP
0F1000
1FF000
11E180
000180
000180
000180
E00F80
E00F80
E00E00
E00E00
E00E00
E00E00
E00E00
E00E00
E00E00
E00E00
E00E00
E00E00
E00E00
E00E00
E00C00
600C00
600C00
701C00
701C00
383800
3FF800
0FE000
ENDCHAR
STARTCHAR uni1EEF
ENCODING 7919
SWIDTH 600 0
DWIDTH 19 0
BBX 16 22 3 0
BITMAP
1E20
3FE7
23C7
0007
0007
C03F
C03E
C038
C038
C038
C038
C038
C038
C038
C038
C038
C038
E038
E038
7078
3FB8
1F38
ENDCHAR
STARTCHAR uni1EF0
ENCODING 7920
SWIDTH 600 0
DWIDTH 19 0
BBX 17 32 2 -6
BITMAP
000180
000180
000180
000180
E00F80
E00F80
E00E00
E00E00
E00E00
E00E00
E00E00
E00E00
E00E00
E00E00
E00E00
E00E00
E00E00
E00E00
E00C00
600C00
600C00
701C00
701C00
383800
3FF800
0FE000
000000
000000
018000
03C000
03C000
018000
ENDCHAR
STARTCHAR uni1EF1
ENCODING 7921
SWIDTH 600 0
DWIDTH 19 0
BBX 16 27 3 -6
BITMAP
0007
0007
0007
0007
C03F
C03E
C038
C038
C038
C038
C038
C038
C038
C038
C038
C038
E038
E038
7078
3FB8
1F38
0000
0000
0300
0780
0780
0300
ENDCHAR
STARTCHAR Ygrave
ENCODING 7922
SWIDTH 600 0
DWIDTH 19 0
BBX 19 30 0 0
BITMAP
018000
038000
01C000
00C000
00E000
004000
000000
000000
F001E0
7001C0
380380
380380
1C0700
0E0600
0E0E00
071C00
071C00
03B800
03B800
01F000
01F000
00E000
00E000
00E000
00E000
00E000
00E000
00E000
00E000
00E000
ENDCHAR
STARTCHAR ygrave
ENCODING 7923
SWIDTH 600 0
DWIDTH 19 0
BBX 15 31 2 -6
BITMAP
0600
0E00
0700
0300
0380
0100
0000
0000
C006
E00E
600C
701C
701C
3018
3838
1830
1C70
1C70
0C60
0EE0
06C0
07C0
03C0
0380
0380
0300
0700
0700
0600
7E00
7800
ENDCHAR
STARTCHAR uni1EF4
ENCODING 7924
SWIDTH 600 0
DWIDTH 19 0
BBX 19 28 0 -6
BITMAP
F001E0
7001C0
380380
380380
1C0700
0E0600
0E0E00
071C00
071C00
03B800
03B800
01F000
01F000
00E000
00E000
00E000
00E000
00E000
00E000
00E000
00E000
00E000
000000
000000
006000
00F000
00F000
006000
ENDCHAR
STARTCHAR uni1EF5
ENCODING 7925
SWIDTH 600 0
DWIDTH 19 0
BBX 15 23 2 -6
BITMAP
C006
E00E
600C
701C
701C
3018
3838
1830
1C70
1C70
0C60
0EE0
06C0
07C0
03C0
0380
0380
0300
0700
070C
061E
7E1E
780C
ENDCHAR
STARTCHAR uni1EF6
ENCODING 7926
SWIDTH 600 0
DWIDTH 19 0
BBX 19 30 0 0
BITMAP
01F800
01F800
001800
003000
003000
006000
000000
000000
F001E0
7001C0
380380
380380
1C0700
0E0600
0E0E00
071C00
071C00
03B800
03B800
01F000
01F000
00E000
00E000
00E000
00E000
00E000
00E000
00E000
00E000
00E000
ENDCHAR
STARTCHAR uni1EF7
ENCODING 7927
SWIDTH 600 0
DWIDTH 19 0
BBX 15 31 2 -6
BITMAP
07E0
07E0
0060
00C0
00C0
0180
0000
0000
C006
E00E
600C
701C
701C
3018
3838
1830
1C70
1C70
0C60
0EE0
06C0
07C0
03C0
0380
0380
0300
0700
0700
0600
7E00
7800
ENDCHAR
STARTCHAR uni1EF8
ENCODING 7928
SWIDTH 600 0
DWIDTH 19 0
BBX 19 29 0 0
BITMAP
038400
07C600
0C7C00
083800
000000
000000
000000
F001E0
7001C0
380380
380380
1C0700
0E0600
0E0E00
071C00
071C00
03B800
03B800
01F000
01F000
00E000
00E000
00E000
00E000
00E000
00E000
00E000
00E000
00E000
ENDCHAR
STARTCHAR uni1EF9
ENCODING 7929
SWIDTH 600 0
DWIDTH 19 0
BBX 15 29 2 -6
BITMAP
0E10
1F18
31F0
20E0
0000
0000
C006
E00E
600C
701C
701C
3018
3838
1830
1C70
1C70
0C60
0EE0
06C0
07C0
03C0
0380
0380
0300
0700
0700
0600
7E00
7800
ENDCHAR
STARTCHAR endash
ENCODING 8211
SWIDTH 600 0
DWIDTH 19 0
BBX 15 2 2 9
BITMAP
FFFE
FFFE
ENDCHAR
STARTCHAR emdash
ENCODING 8212
SWIDTH 600 0
DWIDTH 19 0
BBX 19 2 0 9
BITMAP
FFFFE0
FFFFE0
ENDCHAR
STARTCHAR quoteleft
ENCODING 8216
SWIDTH 600 0
DWIDTH 19 0
BBX 6 9 6 15
BITMAP
0C
1C
18
38
38
38
78
78
F0
ENDCHAR
STARTCHAR quoteright
ENCODING 8217
SWIDTH 600 0
DWIDTH 19 0
BBX 6 9 7 15
BITMAP
3C
78
78
70
70
70
E0
E0
C0
ENDCHAR
STARTCHAR quotesinglbase
ENCODING 8218
SWIDTH 600 0
DWIDTH 19 0
BBX 6 9 6 -5
BITMAP
3C
3C
38
78
70
70
70
60
E0
ENDCHAR
STARTCHAR quotedblleft
ENCODING 8220
SWIDTH 600 0
DWIDTH 19 0
BBX 14 9 2 15
BITMAP
0C0C
1C1C
1818
3838
3838
3838
7878
7878
F0F0
ENDCHAR
STARTCHAR quotedblright
ENCODING 8221
SWIDTH 600 0
DWIDTH 19 0
BBX 14 9 3 15
BITMAP
3C3C
7878
7878
7070
7070
7070
E0E0
E0E0
C0C0
ENDCHAR
STARTCHAR quotedblbase
ENCODING 8222
SWIDTH 600 0
DWIDTH 19 0
BBX 14 9 3 -5
BITMAP
3C3C
3C3C
3838
7878
7070
7070
7070
6060
E0E0
ENDCHAR
STARTCHAR dagger
ENCODING 8224
SWIDTH 600 0
DWIDTH 19 0
BBX 15 30 2 -6
BITMAP
0380
0380
0380
0380
0380
0380
0380
FFFE
FFFE
0380
0380
0380
0380
0380
0380
0380
0380
0380
0380
0380
0380
0380
0380
0380
0380
0380
0380
0380
0380
0380
ENDCHAR
STARTCHAR daggerdbl
ENCODING 8225
SWIDTH 600 0
DWIDTH 19 0
BBX 15 30 2 -6
BITMAP
0380
0380
0380
0380
0380
0380
0380
FFFE
FFFE
0380
0380
0380
0380
0380
0380
0380
0380
0380
0380
0380
0380
FFFE
FFFE
0380
0380
0380
0380
0380
0380
0380
ENDCHAR
STARTCHAR bullet
ENCODING 8226
SWIDTH 600 0
DWIDTH 19 0
BBX 7 8 6 6
BITMAP
7C
FE
FE
FE
FE
FE
FE
7C
ENDCHAR
STARTCHAR ellipsis
ENCODING 8230
SWIDTH 600 0
DWIDTH 19 0
BBX 17 4 1 0
BITMAP
71C700
F3E780
F3E780
71C700
ENDCHAR
STARTCHAR perthousand
ENCODING 8240
SWIDTH 600 0
DWIDTH 19 0
BBX 19 22 0 0
BITMAP
3E0000
7F0000
E38000
C18000
C18000
C18000
E30100
7F0780
3E3E00
00F800
07C000
1E0000
380000
03C780
0FEFC0
0C38E0
0C3060
1C3060
0C3060
0C38E0
0FEFC0
07C780
ENDCHAR
STARTCHAR uni2032
ENCODING 8242
SWIDTH 600 0
DWIDTH 19 0
BBX 4 10 8 12
BITMAP
70
60
60
60
60
E0
E0
C0
C0
C0
ENDCHAR
STARTCHAR uni2033
ENCODING 8243
SWIDTH 600 0
DWIDTH 19 0
BBX 10 10 5 12
BITMAP
71C0
6180
6180
6180
6180
E380
E380
C300
C300
C300
ENDCHAR
STARTCHAR guilsinglleft
ENCODING 8249
SWIDTH 600 0
DWIDTH 19 0
BBX 8 13 5 2
BITMAP
02
07
0E
1C
78
F0
E0
F0
78
1C
0E
07
02
ENDCHAR
STARTCHAR guilsinglright
ENCODING 8250
SWIDTH 600 0
DWIDTH 19 0
BBX 8 13 6 2
BITMAP
40
E0
70
38
1E
0F
07
0F
1E
38
70
E0
40
ENDCHAR
STARTCHAR fraction
ENCODING 8260
SWIDTH 600 0
DWIDTH 19 0
BBX 19 22 0 0
BITMAP
0000E0
0001C0
000180
000380
000300
000600
000600
000C00
001C00
000000
000000
000000
000000
070000
060000
0E0000
0C0000
180000
380000
300000
700000
E00000
ENDCHAR
STARTCHAR uni2070
ENCODING 8304
SWIDTH 600 0
DWIDTH 19 0
BBX 9 12 5 10
BITMAP
3E00
7F00
E380
C180
C180
C980
C980
C180
C180
E380
7F00
3E00
ENDCHAR
STARTCHAR uni2074
ENCODING 8308
SWIDTH 600 0
DWIDTH 19 0
BBX 9 12 5 10
BITMAP
0F00
0F00
1B00
3300
3300
6300
C300
C300
FF80
FF80
0300
0300
ENDCHAR
STARTCHAR uni2075
ENCODING 8309
SWIDTH 600 0
DWIDTH 19 0
BBX 9 12 5 10
BITMAP
7F00
7F00
4000
4000
5E00
7F00
E380
0180
4180
C380
7F00
3E00
ENDCHAR
STARTCHAR uni2076
ENCODING 8310
SWIDTH 600 0
DWIDTH 19 0
BBX 9 12 5 10
BITMAP
0E00
1800
3000
6000
6E00
DF00
E380
C180
C180
E380
7F00
3E00
ENDCHAR
STARTCHAR uni2077
ENCODING 8311
SWIDTH 600 0
DWIDTH 19 0
BBX 9 12 5 10
BITMAP
FF80
FF80
C180
C300
0300
0600
0600
0C00
0C00
1800
1800
3000
ENDCHAR
STARTCHAR uni2078
ENCODING 8312
SWIDTH 600 0
DWIDTH 19 0
BBX 9 12 5 10
BITMAP
3E00
7F00
E380
C180
6300
3E00
7F00
E380
C180
E380
FF00
3E00
ENDCHAR
STARTCHAR uni2079
ENCODING 8313
SWIDTH 600 0
DWIDTH 19 0
BBX 9 12 5 10
BITMAP
3E00
7F00
E380
C180
C180
E380
7D80
3B00
0300
0600
0C00
3800
ENDCHAR
STARTCHAR uni2080
ENCODING 8320
SWIDTH 600 0
DWIDTH 19 0
BBX 9 12 5 0
BITMAP
3E00
7F00
E380
C180
C180
C980
C980
C180
C180
E380
7F00
3E00
ENDCHAR
STARTCHAR uni2081
ENCODING 8321
SWIDTH 600 0
DWIDTH 19 0
BBX 9 12 5 0
BITMAP
1C00
FC00
EC00
8C00
0C00
0C00
0C00
0C00
0C00
0C00
7F80
7F80
ENDCHAR
STARTCHAR uni2082
ENCODING 8322
SWIDTH 600 0
DWIDTH 19 0
BBX 9 12 5 0
BITMAP
3E00
7F00
E300
4380
0300
0300
0E00
1C00
3800
6000
FF80
FF80
ENDCHAR
STARTCHAR uni2083
ENCODING 8323
SWIDTH 600 0
DWIDTH 19 0
BBX 9 12 5 0
BITMAP
3E00
7F00
E300
0300
0300
1E00
1F00
0300
8180
C380
7F00
3E00
ENDCHAR
STARTCHAR uni2084
ENCODING 8324
SWIDTH 600 0
DWIDTH 19 0
BBX 9 12 5 0
BITMAP
0F00
0F00
1B00
3300
3300
6300
C300
C300
FF80
FF80
0300
0300
ENDCHAR
STARTCHAR uni2085
ENCODING 8325
SWIDTH 600 0
DWIDTH 19 0
BBX 9 12 5 0
BITMAP
7F00
7F00
4000
4000
5E00
7F00
E380
0180
4180
C380
7F00
3E00
ENDCHAR
STARTCHAR uni2086
ENCODING 8326
SWIDTH 600 0
DWIDTH 19 0
BBX 9 12 5 0
BITMAP
0E00
1800
3000
6000
6E00
DF00
E380
C180
C180
E380
7F00
3E00
ENDCHAR
STARTCHAR uni2087
ENCODING 8327
SWIDTH 600 0
DWIDTH 19 0
BBX 9 12 5 0
BITMAP
FF80
FF80
C180
C300
0300
0600
0600
0C00
0C00
1800
1800
3000
ENDCHAR
STARTCHAR uni2088
ENCODING 8328
SWIDTH 600 0
DWIDTH 19 0
BBX 9 12 5 0
BITMAP
3E00
7F00
E380
C180
6300
3E00
7F00
E380
C180
E380
FF00
3E00
ENDCHAR
STARTCHAR uni2089
ENCODING 8329
SWIDTH 600 0
DWIDTH 19 0
BBX 9 12 5 0
BITMAP
3E00
7F00
E380
C180
C180
E380
7D80
3B00
0300
0600
0C00
3800
ENDCHAR
STARTCHAR uni20A1
ENCODING 8353
SWIDTH 600 0
DWIDTH 19 0
BBX 15 28 2 -3
BITMAP
0330
0330
0330
07F0
1FF8
3F3C
3A6E
766E
6668
6660
E660
E660
E660
E660
E640
E6C0
E4C0
ECC0
6CC0
6CC8
7CCE
3CCE
3CDC
1FF8
0FE0
1980
1980
1980
ENDCHAR
STARTCHAR uni20A4
ENCODING 8356
SWIDTH 600 0
DWIDTH 19 0
BBX 15 22 2 0
BITMAP
07F0
1FFC
3C1E
300E
7004
7000
7000
7000
FFE0
FFE0
3800
3800
1800
FFE0
FFE0
1800
3800
3800
F000
E000
FFFE
FFFE
ENDCHAR
STARTCHAR uni20A6
ENCODING 8358
SWIDTH 600 0
DWIDTH 19 0
BBX 17 22 1 0
BITMAP
3C0600
3C0600
3E0600
360600
370600
370600
330600
F3FF80
F3FF80
318600
31C600
30C600
FFC780
FFE780
306600
306600
307600
303600
303600
303E00
301E00
301E00
ENDCHAR
STARTCHAR uni20A8
ENCODING 8360
SWIDTH 600 0
DWIDTH 19 0
BBX 18 22 1 0
BITMAP
FE0000
FF8000
E38000
E1C000
E1C000
E1C000
E1C000
E1CF80
E1DFC0
E39880
FF9800
FE1800
E61C00
E70E00
E30700
E38380
E381C0
E1C1C0
E1C1C0
E0E180
E0FF80
E03E00
ENDCHAR
STARTCHAR uni20A9
ENCODING 8361
SWIDTH 600 0
DWIDTH 19 0
BBX 17 22 1 0
BITMAP
700700
700700
700700
700700
700700
700700
300700
FFFF80
FFFF80
336600
336600
336600
F36780
F37780
363600
363600
363600
363600
363600
363600
3C1E00
3C1E00
ENDCHAR
STARTCHAR uni20AA
ENCODING 8362
SWIDTH 600 0
DWIDTH 19 0
BBX 15 22 2 0
BITMAP
FF06
FF86
C1C6
C0E6
C0E6
CE66
CE66
CE66
CE66
CE66
CE66
CE66
CE66
CE66
CE66
CE66
CE66
CE06
CE0E
CE1C
CFFC
CFF0
ENDCHAR
STARTCHAR uni20AB
ENCODING 8363
SWIDTH 600 0
DWIDTH 19 0
BBX 15 24 3 0
BITMAP
0030
0030
07FE
07FE
0030
0030
1F30
7FB0
70F0
E030
C030
C030
C030
C030
C030
C030
E030
70F0
7FB0
1F30
0000
0000
FFF8
FFF8
ENDCHAR
STARTCHAR Euro
ENCODING 8364
SWIDTH 600 0
DWIDTH 19 0
BBX 15 22 2 0
BITMAP
07E0
1FF8
3C3C
380E
700E
7008
6000
E000
FFC0
FFC0
E000
E000
E000
FFC0
FFC0
6000
6008
700E
380E
3C3C
1FF8
07E0
ENDCHAR
STARTCHAR uni20AD
ENCODING 8365
SWIDTH 600 0
DWIDTH 19 0
BBX 17 22 1 0
BITMAP
380700
380E00
380E00
381C00
383800
383800
387000
38E000
38E000
39C000
FFFF00
FFFF00
39C000
38E000
38E000
387000
383800
383C00
381C00
380E00
380700
380780
ENDCHAR
STARTCHAR uni20AE
ENCODING 8366
SWIDTH 600 0
DWIDTH 19 0
BBX 17 22 1 0
BITMAP
FFFF80
FFFF80
01C000
01C000
01C000
01C000
01C400
01DC00
01F800
03E000
0FC000
1DC400
11DC00
01F800
03E000
0FC000
1DC000
11C000
01C000
01C000
01C000
01C000
ENDCHAR
STARTCHAR uni20B1
ENCODING 8369
SWIDTH 600 0
DWIDTH 19 0
BBX 17 22 1 0
BITMAP
3FF000
3FF800
301C00
300E00
300600
FFFF80
FFFF80
300600
300600
FFFF80
FFFF80
300600
300E00
301C00
3FF800
3FF000
300000
300000
300000
300000
300000
300000
ENDCHAR
STARTCHAR uni20B2
ENCODING 8370
SWIDTH 600 0
DWIDTH 19 0
BBX 15 28 2 -3
BITMAP
0060
0060
0060
07E0
1FF0
38F8
70DC
60CE
E0C8
E180
C180
C180
C180
C180
C3FE
C3FE
C30E
C30E
E30E
E30C
660C
761C
3E38
1FF0
07E0
0C00
0C00
0C00
ENDCHAR
STARTCHAR uni20B4
ENCODING 8372
SWIDTH 600 0
DWIDTH 19 0
BBX 17 22 1 0
BITMAP
07E000
1FF800
3C3C00
100C00
000E00
000E00
000C00
FFFF80
FFFF80
00F000
01C000
078000
FFFF80
FFFF80
180000
380000
380000
380000
180600
1E1F00
0FFC00
03F000
ENDCHAR
STARTCHAR uni20B5
ENCODING 8373
SWIDTH 600 0
DWIDTH 19 0
BBX 15 28 2 -3
BITMAP
0060
0060
0060
07E0
1FF8
3CDC
38CE
70CE
60C8
60C0
E180
E180
E180
E180
E180
E300
E300
E300
6300
6308
730E
3E0E
3E3C
1FF8
07E0
0600
0C00
0C00
ENDCHAR
STARTCHAR uni20B8
ENCODING 8376
SWIDTH 600 0
DWIDTH 19 0
BBX 17 22 1 0
BITMAP
FFFF80
FFFF80
000000
000000
000000
FFFF80
FFFF80
01C000
01C000
01C000
01C000
01C000
01C000
01C000
01C000
01C000
01C000
01C000
01C000
01C000
01C000
01C000
ENDCHAR
STARTCHAR uni20B9
ENCODING 8377
SWIDTH 600 0
DWIDTH 19 0
BBX 16 22 2 0
BITMAP
FFFF
FFFF
01C0
0060
0060
FFFF
FFFF
0070
0070
00E0
01E0
FFC0
FF00
0E00
0700
0380
03C0
01E0
00E0
0070
0038
003C
ENDCHAR
STARTCHAR uni20BA
ENCODING 8378
SWIDTH 600 0
DWIDTH 19 0
BBX 16 22 2 0
BITMAP
1C00
1C00
1C00
1C20
1CE0
1FC0
1F00
7C00
FC20
9CE0
1FC0
1F00
7C00
FC07
9C07
1C06
1C0E
1C0E
1C1C
1C38
1FF0
1FC0
ENDCHAR
STARTCHAR uni20BD
ENCODING 8381
SWIDTH 600 0
DWIDTH 19 0
BBX 17 22 1 0
BITMAP
1FF800
1FFE00
1C0F00
1C0700
1C0300
1C0380
1C0380
1C0380
1C0300
1C0700
1C0F00
FFFE00
FFF800
1C0000
1C0000
1C0000
FFF800
FFF800
1C0000
1C0000
1C0000
1C0000
ENDCHAR
STARTCHAR uni20BF
ENCODING 8383
SWIDTH 600 0
DWIDTH 19 0
BBX 14 30 3 -4
BITMAP
1980
1980
1980
1980
FFE0
FFF0
C078
C038
C018
C018
C018
C018
C038
C070
FFE0
FFF0
C038
C01C
C01C
C01C
C01C
C01C
C01C
C038
FFF8
FFE0
1980
1980
1980
1980
ENDCHAR
STARTCHAR uni2113
ENCODING 8467
SWIDTH 600 0
DWIDTH 19 0
BBX 14 24 2 0
BITMAP
07C0
0FE0
0C70
1C30
1C30
1C30
1C30
1C30
1C70
1C60
1CE0
1CC0
1D80
1F80
1F00
1E00
7C00
FC00
5C00
1C0C
1C1C
0E38
0FF0
03E0
ENDCHAR
STARTCHAR uni2116
ENCODING 8470
SWIDTH 600 0
DWIDTH 19 0
BBX 18 22 1 0
BITMAP
F1CF00
F9CF80
F9D980
D9D8C0
D9D8C0
D9D8C0
D9D8C0
D9D8C0
DDD980
CDCF80
CDCF00
CDC000
CDDFC0
CDDFC0
CFC000
C7C000
C7C000
C7C000
C7C000
C7C000
C7C000
C7C000
ENDCHAR
STARTCHAR trademark
ENCODING 8482
SWIDTH 600 0
DWIDTH 19 0
BBX 17 9 0 13
BITMAP
FF6180
187180
185280
185A80
184C80
184C80
184880
184080
184080
ENDCHAR
STARTCHAR Omega
ENCODING 8486
SWIDTH 600 0
DWIDTH 19 0
BBX 15 22 2 0
BITMAP
0FE0
1FF0
3838
701C
600C
E00E
E00E
E00E
E00E
E00E
E00E
E00E
E00E
E00E
E00E
701C
701C
3838
3C70
0C60
FC7E
FC7E
ENDCHAR
STARTCHAR uni212E
ENCODING 8494
SWIDTH 600 0
DWIDTH 19 0
BBX 17 22 1 0
BITMAP
03E000
0C1800
100400
300600
700700
700700
F00780
F00780
F00780
F00780
FFFF80
F00000
F00000
F00000
F00000
F00000
700000
700100
300200
100600
0C1800
03E000
ENDCHAR
STARTCHAR uni2150
ENCODING 8528
SWIDTH 600 0
DWIDTH 19 0
BBX 19 22 0 0
BITMAP
1C00E0
FC01C0
6C0180
0C0380
0C0300
0C0600
0C0600
0C0C00
0C1C00
7F8000
7F8000
001FC0
001FC0
0710C0
0610C0
0E0180
0C0180
180300
380300
300700
700600
E00E00
ENDCHAR
STARTCHAR uni2151
ENCODING 8529
SWIDTH 600 0
DWIDTH 19 0
BBX 19 22 0 0
BITMAP
1C00E0
FC01C0
6C0180
0C0380
0C0300
0C0600
0C0600
0C0C00
0C1C00
7F8000
7F8000
000F80
001FC0
0718C0
063060
0E38E0
0C1F40
180EC0
3800C0
300180
700300
E00E00
ENDCHAR
STARTCHAR uni2153
ENCODING 8531
SWIDTH 600 0
DWIDTH 19 0
BBX 19 22 0 0
BITMAP
1C00E0
FC01C0
6C0180
0C0380
0C0300
0C0600
0C0600
0C0C00
0C1C00
7F8000
7F8000
000F80
001FC0
0718C0
0600C0
0E0780
0C0780
1800C0
3810C0
3038C0
701FC0
E00F80
ENDCHAR
STARTCHAR uni2154
ENCODING 8532
SWIDTH 600 0
DWIDTH 19 0
BBX 19 22 0 0
BITMAP
3E00E0
7F01C0
630180
C30380
030300
060600
0C0600
380C00
701C00
7F8000
7F8000
000F80
001FC0
0718C0
0600C0
0E0780
0C0780
1800C0
3810C0
3038C0
701FC0
E00F80
ENDCHAR
STARTCHAR uni2155
ENCODING 8533
SWIDTH 600 0
DWIDTH 19 0
BBX 19 22 0 0
BITMAP
1C00E0
FC01C0
6C0180
0C0380
0C0300
0C0600
0C0600
0C0C00
0C1C00
7F8000
7F8000
001FC0
001FC0
071800
061800
0E1B80
0C1FC0
1818E0
381060
3018C0
701FC0
E00F80
ENDCHAR
STARTCHAR uni2156
ENCODING 8534
SWIDTH 600 0
DWIDTH 19 0
BBX 19 22 0 0
BITMAP
3E00E0
7F01C0
630180
C30380
030300
060600
0C0600
380C00
701C00
7F8000
7F8000
001FC0
001FC0
071800
061800
0E1B80
0C1FC0
1818E0
381060
3018C0
701FC0
E00F80
ENDCHAR
STARTCHAR uni2157
ENCODING 8535
SWIDTH 600 0
DWIDTH 19 0
BBX 19 22 0 0
BITMAP
3E00E0
7F01C0
630180
030380
1E0300
1E0600
030600
430C00
E31C00
7F0000
3E0000
001FC0
001FC0
071800
061800
0E1B80
0C1FC0
1818E0
381060
3018C0
701FC0
E00F80
ENDCHAR
STARTCHAR uni2158
ENCODING 8536
SWIDTH 600 0
DWIDTH 19 0
BBX 19 22 0 0
BITMAP
0E00E0
0E01C0
1E0180
360380
260300
660600
C60600
FF8C00
FF9C00
060000
060000
001FC0
001FC0
071800
061800
0E1B80
0C1FC0
1818E0
381060
3018C0
701FC0
E00F80
ENDCHAR
STARTCHAR uni2159
ENCODING 8537
SWIDTH 600 0
DWIDTH 19 0
BBX 19 22 0 0
BITMAP
1C00E0
FC01C0
6C0180
0C0380
0C0300
0C0600
0C0600
0C0C00
0C1C00
7F8000
7F8000
000380
000600
070C00
061C00
0E1B80
0C1FC0
1838E0
383060
3018C0
701FC0
E00F80
ENDCHAR
STARTCHAR uni215A
ENCODING 8538
SWIDTH 600 0
DWIDTH 19 0
BBX 19 22 0 0
BITMAP
7F00E0
7F01C0
600180
600380
6E0300
7F0600
638600
418C00
631C00
7F0000
3E0000
000380
000600
070C00
061C00
0E1B80
0C1FC0
1838E0
383060
3018C0
701FC0
E00F80
ENDCHAR
STARTCHAR uni215B
ENCODING 8539
SWIDTH 600 0
DWIDTH 19 0
BBX 19 22 0 0
BITMAP
1C00E0
FC01C0
6C0180
0C0380
0C0300
0C0600
0C0600
0C0C00
0C1C00
7F8000
7F8000
000F80
001FC0
0718C0
0618C0
0E0F80
0C0FC0
1818C0
383060
3018C0
701FC0
E00F80
ENDCHAR
STARTCHAR uni215C
ENCODING 8540
SWIDTH 600 0
DWIDTH 19 0
BBX 19 22 0 0
BITMAP
3E00E0
7F01C0
630180
030380
1E0300
1E0600
030600
430C00
E31C00
7F0000
3E0000
000F80
001FC0
0718C0
0618C0
0E0F80
0C0FC0
1818C0
383060
3018C0
701FC0
E00F80
ENDCHAR
STARTCHAR uni215D
ENCODING 8541
SWIDTH 600 0
DWIDTH 19 0
BBX 19 22 0 0
BITMAP
7F00E0
7F01C0
600180
600380
6E0300
7F0600
638600
418C00
631C00
7F0000
3E0000
000F80
001FC0
0718C0
0618C0
0E0F80
0C0FC0
1818C0
383060
3018C0
701FC0
E00F80
ENDCHAR
STARTCHAR uni215E
ENCODING 8542
SWIDTH 600 0
DWIDTH 19 0
BBX 19 22 0 0
BITMAP
7F00E0
7F01C0
430180
430380
060300
060600
0C0600
0C0C00
1C1C00
180000
180000
200F80
001FC0
0718C0
0618C0
0E0F80
0C0FC0
1818C0
383060
3018C0
701FC0
E00F80
ENDCHAR
STARTCHAR uni2190
ENCODING 8592
SWIDTH 600 0
DWIDTH 19 0
BBX 17 14 1 4
BITMAP
040000
060000
0F0000
1C0000
380000
700000
FFFF80
FFFF80
700000
380000
1C0000
0E0000
070000
040000
ENDCHAR
STARTCHAR uni2191
ENCODING 8593
SWIDTH 600 0
DWIDTH 19 0
BBX 13 22 3 0
BITMAP
0200
0700
0F80
1FC0
3AE0
7770
E738
4710
0700
0700
0700
0700
0700
0700
0700
0700
0700
0700
0700
0700
0700
0700
ENDCHAR
STARTCHAR uni2192
ENCODING 8594
SWIDTH 600 0
DWIDTH 19 0
BBX 17 14 1 4
BITMAP
002000
003000
007800
001C00
000E00
000700
FFFF80
FFFF80
000700
000E00
001C00
003800
007000
002000
ENDCHAR
STARTCHAR uni2193
ENCODING 8595
SWIDTH 600 0
DWIDTH 19 0
BBX 13 22 3 0
BITMAP
0700
0700
0700
0700
0700
0700
0700
0700
0700
0700
0700
0700
0700
0700
4710
E738
7770
3AE0
1FC0
0F80
0700
0200
ENDCHAR
STARTCHAR uni2194
ENCODING 8596
SWIDTH 600 0
DWIDTH 19 0
BBX 19 14 0 4
BITMAP
020800
071C00
0F1E00
1E0F00
3C0780
7001C0
FFFFE0
FFFFE0
7001C0
3C0780
1E0F00
0F1E00
071C00
020800
ENDCHAR
STARTCHAR uni2195
ENCODING 8597
SWIDTH 600 0
DWIDTH 19 0
BBX 13 22 3 0
BITMAP
0200
0700
0F80
1FC0
3AE0
7770
E738
4710
0700
0700
0700
0700
0700
0700
4710
E738
7770
3AE0
1FC0
0F80
0700
0200
ENDCHAR
STARTCHAR uni2196
ENCODING 8598
SWIDTH 600 0
DWIDTH 19 0
BBX 16 16 2 4
BITMAP
FF80
FF80
F000
F800
DC00
CE00
C700
C380
C1C0
00E0
0070
0038
001C
000E
0007
0002
ENDCHAR
STARTCHAR uni2197
ENCODING 8599
SWIDTH 600 0
DWIDTH 19 0
BBX 16 16 1 4
BITMAP
01FF
01FF
000F
001F
003B
0073
00E3
01C3
0383
0700
0E00
1C00
3800
7000
E000
4000
ENDCHAR
STARTCHAR uni2198
ENCODING 8600
SWIDTH 600 0
DWIDTH 19 0
BBX 16 16 1 3
BITMAP
4000
E000
7000
3800
1C00
0E00
0700
0383
01C3
00E3
0073
003B
001F
000F
01FF
01FF
ENDCHAR
STARTCHAR uni2199
ENCODING 8601
SWIDTH 600 0
DWIDTH 19 0
BBX 16 16 2 3
BITMAP
0002
0007
000E
001C
0038
0070
00E0
C1C0
C380
C700
CE00
DC00
F800
F000
FF80
FF80
ENDCHAR
STARTCHAR uni21A9
ENCODING 8617
SWIDTH 600 0
DWIDTH 19 0
BBX 17 18 1 2
BITMAP
001800
001E00
000F00
000380
040180
060180
0F0180
1C0180
380380
700780
FFFF00
FFFC00
700000
380000
1C0000
0E0000
070000
040000
ENDCHAR
STARTCHAR uni21AA
ENCODING 8618
SWIDTH 600 0
DWIDTH 19 0
BBX 17 18 1 2
BITMAP
0C0000
3C0000
780000
E00000
C02000
C03000
C07800
C01C00
E00E00
F00700
7FFF80
1FFF80
000700
000E00
001C00
003800
007000
002000
ENDCHAR
STARTCHAR uni21B0
ENCODING 8624
SWIDTH 600 0
DWIDTH 19 0
BBX 15 23 1 0
BITMAP
0200
0300
0700
0E00
1C00
3800
7FFE
FFFE
3806
1C06
0E06
0706
0306
0206
0006
0006
0006
0006
0006
0006
0006
0006
0006
ENDCHAR
STARTCHAR uni21B1
ENCODING 8625
SWIDTH 600 0
DWIDTH 19 0
BBX 15 23 3 0
BITMAP
0100
0180
01C0
00E0
0070
0038
FFFC
FFFE
C038
C070
C0E0
C1C0
C180
C100
C000
C000
C000
C000
C000
C000
C000
C000
C000
ENDCHAR
STARTCHAR uni21B2
ENCODING 8626
SWIDTH 600 0
DWIDTH 19 0
BBX 15 22 1 0
BITMAP
0006
0006
0006
0006
0006
0006
0006
0006
0206
0306
0706
0E06
1C06
3806
7FFE
FFFE
3800
1C00
0E00
0700
0300
0200
ENDCHAR
STARTCHAR uni21B3
ENCODING 8627
SWIDTH 600 0
DWIDTH 19 0
BBX 15 22 3 0
BITMAP
C000
C000
C000
C000
C000
C000
C000
C000
C100
C180
C1C0
C0E0
C070
C038
FFFC
FFFE
0038
0070
00E0
01C0
0180
0100
ENDCHAR
STARTCHAR uni21B6
ENCODING 8630
SWIDTH 600 0
DWIDTH 19 0
BBX 19 20 0 1
BITMAP
007E00
00FF80
01C380
0381C0
0300C0
0300E0
0300E0
030000
030000
030000
030000
431000
E31800
733800
3B7000
1FE000
0FC000
078000
030000
020000
ENDCHAR
STARTCHAR uni21B7
ENCODING 8631
SWIDTH 600 0
DWIDTH 19 0
BBX 19 20 0 1
BITMAP
0FC000
3FE000
387000
703800
601800
E01800
E01800
001800
001800
001800
001800
021840
0318E0
0399C0
01DB80
00FB00
007E00
003C00
001800
001000
ENDCHAR
STARTCHAR uni21BA
ENCODING 8634
SWIDTH 600 0
DWIDTH 19 0
BBX 17 22 1 0
BITMAP
00FF80
00FF80
00F000
0CF800
1CDC00
38CE00
70C700
60C300
E0C380
C00180
C00180
C00180
C00180
C00180
C00180
C00180
E00380
600300
300600
3C1E00
0FFC00
07F000
ENDCHAR
STARTCHAR uni21BB
ENCODING 8635
SWIDTH 600 0
DWIDTH 19 0
BBX 17 22 1 0
BITMAP
FF8000
FF8000
078000
0F9800
1D9C00
398E00
718700
618300
E18380
C00180
C00180
C00180
C00180
C00180
C00180
C00180
E00300
600300
700600
3C1E00
1FF800
07E000
ENDCHAR
STARTCHAR uni21C4
ENCODING 8644
SWIDTH 600 0
DWIDTH 19 0
BBX 17 24 1 -1
BITMAP
002000
003000
007800
001C00
000E00
000700
FFFF80
FFFF80
000700
000E00
041C00
063800
0F7000
1C2000
380000
700000
FFFF80
FFFF80
700000
380000
1C0000
0E0000
070000
040000
ENDCHAR
STARTCHAR uni21C6
ENCODING 8646
SWIDTH 600 0
DWIDTH 19 0
BBX 17 24 1 -1
BITMAP
040000
060000
0F0000
1C0000
380000
700000
FFFF80
FFFF80
700000
380000
1C2000
0E3000
077800
041C00
000E00
000700
FFFF80
FFFF80
000700
000E00
001C00
003800
007000
002000
ENDCHAR
STARTCHAR partialdiff
ENCODING 8706
SWIDTH 600 0
DWIDTH 19 0
BBX 15 22 2 0
BITMAP
3E00
0780
01C0
00E0
0070
0038
0F98
1FEC
383C
701E
600E
E00E
E00E
E00E
E00E
E00E
E00E
600C
701C
3838
1FF0
07E0
ENDCHAR
STARTCHAR Delta
ENCODING 8710
SWIDTH 600 0
DWIDTH 19 0
BBX 17 22 1 0
BITMAP
01C000
03E000
03E000
036000
077000
077000
063000
0E3800
0E3800
0C1800
1C1C00
1C1C00
180C00
380E00
380E00
300E00
700700
700700
700700
E00380
FFFF80
FFFF80
ENDCHAR
STARTCHAR product
ENCODING 8719
SWIDTH 600 0
DWIDTH 19 0
BBX 15 22 2 0
BITMAP
FFFE
FFFE
E00E
E00E
E00E
E00E
E00E
E00E
E00E
E00E
E00E
E00E
E00E
E00E
E00E
E00E
E00E
E00E
E00E
E00E
E00E
E00E
ENDCHAR
STARTCHAR summation
ENCODING 8721
SWIDTH 600 0
DWIDTH 19 0
BBX 15 28 2 -6
BITMAP
FFFE
FFFE
E000
7000
3800
3800
1C00
0E00
0F00
0700
0380
01C0
01C0
00E0
00E0
01C0
01C0
0380
0700
0F00
0E00
1C00
3800
3800
7000
E000
FFFE
FFFE
ENDCHAR
STARTCHAR minus
ENCODING 8722
SWIDTH 600 0
DWIDTH 19 0
BBX 15 2 2 9
BITMAP
FFFE
FFFE
ENDCHAR
STARTCHAR uni2215
ENCODING 8725
SWIDTH 600 0
DWIDTH 19 0
BBX 19 22 0 0
BITMAP
0000E0
0001C0
000180
000380
000300
000600
000600
000C00
001C00
000000
000000
000000
000000
070000
060000
0E0000
0C0000
180000
380000
300000
700000
E00000
ENDCHAR
STARTCHAR radical
ENCODING 8730
SWIDTH 600 0
DWIDTH 19 0
BBX 17 22 1 0
BITMAP
000180
000380
000300
000300
000700
F80700
F80600
1C0600
1C0E00
0C0C00
0C0C00
0E1C00
0E1800
061800
061800
073800
073000
033000
037000
03E000
01E000
01E000
ENDCHAR
STARTCHAR infinity
ENCODING 8734
SWIDTH 600 0
DWIDTH 19 0
BBX 19 11 0 4
BITMAP
1E0F00
3F1FC0
7191C0
E0E0E0
E0E0E0
E0E0E0
E0E0E0
E0E0C0
7131C0
7F1FC0
1E0F00
ENDCHAR
STARTCHAR integral
ENCODING 8747
SWIDTH 600 0
DWIDTH 19 0
BBX 16 30 1 -6
BITMAP
00FF
01FF
0180
0180
0180
0180
0180
0180
0180
0180
0180
0180
0180
0180
0180
0180
0180
0180
0180
0180
0180
0180
0180
0180
0180
0180
0180
0180
FF80
FF00
ENDCHAR
STARTCHAR approxequal
ENCODING 8776
SWIDTH 600 0
DWIDTH 19 0
BBX 15 10 2 5
BITMAP
3E06
7F8E
E3FE
C0F8
0000
0000
3E06
7F8E
E3FE
C0F8
ENDCHAR
STARTCHAR notequal
ENCODING 8800
SWIDTH 600 0
DWIDTH 19 0
BBX 15 14 2 3
BITMAP
0038
0030
0060
FFFE
FFFE
01C0
0180
0300
0300
FFFE
FFFE
0C00
1800
3800
ENDCHAR
STARTCHAR lessequal
ENCODING 8804
SWIDTH 600 0
DWIDTH 19 0
BBX 13 19 3 0
BITMAP
0008
0038
00F8
03E0
1F80
7E00
F000
C000
F000
7C00
1F80
07E0
01F8
0038
0008
0000
0000
FFF8
FFF8
ENDCHAR
STARTCHAR greaterequal
ENCODING 8805
SWIDTH 600 0
DWIDTH 19 0
BBX 13 19 3 0
BITMAP
8000
E000
F800
3E00
0FC0
03F0
0078
0018
0078
01F0
0FC0
3F00
F800
E000
8000
0000
0000
FFF8
FFF8
ENDCHAR
STARTCHAR uni2500
ENCODING 9472
SWIDTH 600 0
DWIDTH 19 0
BBX 21 2 -1 9
BITMAP
FFFFF8
FFFFF8
ENDCHAR
STARTCHAR uni2501
ENCODING 9473
SWIDTH 600 0
DWIDTH 19 0
BBX 21 4 -1 8
BITMAP
FFFFF8
FFFFF8
FFFFF8
FFFFF8
ENDCHAR
STARTCHAR uni2502
ENCODING 9474
SWIDTH 600 0
DWIDTH 19 0
BBX 3 42 8 -11
BITMAP
E0
E0
E0
E0
E0
E0
E0
E0
E0
E0
E0
E0
E0
E0
E0
E0
E0
E0
E0
E0
E0
E0
E0
E0
E0
E0
E0
E0
E0
E0
E0
E0
E0
E0
E0
E0
E0
E0
E0
E0
E0
E0
ENDCHAR
STARTCHAR uni2503
ENCODING 9475
SWIDTH 600 0
DWIDTH 19 0
BBX 5 42 7 -11
BITMAP
F8
F8
F8
F8
F8
F8
F8
F8
F8
F8
F8
F8
F8
F8
F8
F8
F8
F8
F8
F8
F8
F8
F8
F8
F8
F8
F8
F8
F8
F8
F8
F8
F8
F8
F8
F8
F8
F8
F8
F8
F8
F8
ENDCHAR
STARTCHAR uni2504
ENCODING 9476
SWIDTH 600 0
DWIDTH 19 0
BBX 17 2 1 9
BITMAP
F3E780
F3E780
ENDCHAR
STARTCHAR uni2505
ENCODING 9477
SWIDTH 600 0
DWIDTH 19 0
BBX 17 4 1 8
BITMAP
F3E780
F3E780
F3E780
F3E780
ENDCHAR
STARTCHAR uni2506
ENCODING 9478
SWIDTH 600 0
DWIDTH 19 0
BBX 3 37 8 -9
BITMAP
E0
E0
E0
E0
E0
E0
E0
00
00
00
E0
E0
E0
E0
E0
E0
E0
00
00
00
E0
E0
E0
E0
E0
E0
E0
00
00
00
E0
E0
E0
E0
E0
E0
E0
ENDCHAR
STARTCHAR uni2507
ENCODING 9479
SWIDTH 600 0
DWIDTH 19 0
BBX 5 37 7 -9
BITMAP
F8
F8
F8
F8
F8
F8
F8
00
00
00
F8
F8
F8
F8
F8
F8
F8
00
00
00
F8
F8
F8
F8
F8
F8
F8
00
00
00
F8
F8
F8
F8
F8
F8
F8
ENDCHAR
STARTCHAR uni2508
ENCODING 9480
SWIDTH 600 0
DWIDTH 19 0
BBX 17 2 1 9
BITMAP
EF7B80
EF7B80
ENDCHAR
STARTCHAR uni2509
ENCODING 9481
SWIDTH 600 0
DWIDTH 19 0
BBX 17 4 1 8
BITMAP
EF7B80
EF7B80
EF7B80
EF7B80
ENDCHAR
STARTCHAR uni250A
ENCODING 9482
SWIDTH 600 0
DWIDTH 19 0
BBX 3 38 8 -9
BITMAP
E0
E0
E0
E0
E0
E0
00
00
E0
E0
E0
E0
E0
E0
00
00
E0
E0
E0
E0
E0
E0
00
00
E0
E0
E0
E0
E0
E0
00
00
E0
E0
E0
E0
E0
E0
ENDCHAR
STARTCHAR uni250B
ENCODING 9483
SWIDTH 600 0
DWIDTH 19 0
BBX 5 38 7 -9
BITMAP
F8
F8
F8
F8
F8
F8
00
00
F8
F8
F8
F8
F8
F8
00
00
F8
F8
F8
F8
F8
F8
00
00
F8
F8
F8
F8
F8
F8
00
00
F8
F8
F8
F8
F8
F8
ENDCHAR
STARTCHAR uni250C
ENCODING 9484
SWIDTH 600 0
DWIDTH 19 0
BBX 12 22 8 -11
BITMAP
FFF0
FFF0
E000
E000
E000
E000
E000
E000
E000
E000
E000
E000
E000
E000
E000
E000
E000
E000
E000
E000
E000
E000
ENDCHAR
STARTCHAR uni250D
ENCODING 9485
SWIDTH 600 0
DWIDTH 19 0
BBX 12 23 8 -11
BITMAP
FFF0
FFF0
FFF0
FFF0
E000
E000
E000
E000
E000
E000
E000
E000
E000
E000
E000
E000
E000
E000
E000
E000
E000
E000
E000
ENDCHAR
STARTCHAR uni250E
ENCODING 9486
SWIDTH 600 0
DWIDTH 19 0
BBX 13 22 7 -11
BITMAP
FFF8
FFF8
F800
F800
F800
F800
F800
F800
F800
F800
F800
F800
F800
F800
F800
F800
F800
F800
F800
F800
F800
F800
ENDCHAR
STARTCHAR uni250F
ENCODING 9487
SWIDTH 600 0
DWIDTH 19 0
BBX 13 23 7 -11
BITMAP
FFF8
FFF8
FFF8
FFF8
F800
F800
F800
F800
F800
F800
F800
F800
F800
F800
F800
F800
F800
F800
F800
F800
F800
F800
F800
ENDCHAR
STARTCHAR uni2510
ENCODING 9488
SWIDTH 600 0
DWIDTH 19 0
BBX 12 22 -1 -11
BITMAP
FFF0
FFF0
0070
0070
0070
0070
0070
0070
0070
0070
0070
0070
0070
0070
0070
0070
0070
0070
0070
0070
0070
0070
ENDCHAR
STARTCHAR uni2511
ENCODING 9489
SWIDTH 600 0
DWIDTH 19 0
BBX 12 23 -1 -11
BITMAP
FFF0
FFF0
FFF0
FFF0
0070
0070
0070
0070
0070
0070
0070
0070
0070
0070
0070
0070
0070
0070
0070
0070
0070
0070
0070
ENDCHAR
STARTCHAR uni2512
ENCODING 9490
SWIDTH 600 0
DWIDTH 19 0
BBX 13 22 -1 -11
BITMAP
FFF8
FFF8
00F8
00F8
00F8
00F8
00F8
00F8
00F8
00F8
00F8
00F8
00F8
00F8
00F8
00F8
00F8
00F8
00F8
00F8
00F8
00F8
ENDCHAR
STARTCHAR uni2513
ENCODING 9491
SWIDTH 600 0
DWIDTH 19 0
BBX 13 23 -1 -11
BITMAP
FFF8
FFF8
FFF8
FFF8
00F8
00F8
00F8
00F8
00F8
00F8
00F8
00F8
00F8
00F8
00F8
00F8
00F8
00F8
00F8
00F8
00F8
00F8
00F8
ENDCHAR
STARTCHAR uni2514
ENCODING 9492
SWIDTH 600 0
DWIDTH 19 0
BBX 12 21 8 9
BITMAP
E000
E000
E000
E000
E000
E000
E000
E000
E000
E000
E000
E000
E000
E000
E000
E000
E000
E000
E000
FFF0
FFF0
ENDCHAR
STARTCHAR uni2515
ENCODING 9493
SWIDTH 600 0
DWIDTH 19 0
BBX 12 22 8 8
BITMAP
E000
E000
E000
E000
E000
E000
E000
E000
E000
E000
E000
E000
E000
E000
E000
E000
E000
E000
FFF0
FFF0
FFF0
FFF0
ENDCHAR
STARTCHAR uni2516
ENCODING 9494
SWIDTH 600 0
DWIDTH 19 0
BBX 13 21 7 9
BITMAP
F800
F800
F800
F800
F800
F800
F800
F800
F800
F800
F800
F800
F800
F800
F800
F800
F800
F800
F800
FFF8
FFF8
ENDCHAR
STARTCHAR uni2517
ENCODING 9495
SWIDTH 600 0
DWIDTH 19 0
BBX 13 22 7 8
BITMAP
F800
F800
F800
F800
F800
F800
F800
F800
F800
F800
F800
F800
F800
F800
F800
F800
F800
F800
FFF8
FFF8
FFF8
FFF8
ENDCHAR
STARTCHAR uni2518
ENCODING 9496
SWIDTH 600 0
DWIDTH 19 0
BBX 12 21 -1 9
BITMAP
0070
0070
0070
0070
0070
0070
0070
0070
0070
0070
0070
0070
0070
0070
0070
0070
0070
0070
0070
FFF0
FFF0
ENDCHAR
STARTCHAR uni2519
ENCODING 9497
SWIDTH 600 0
DWIDTH 19 0
BBX 12 22 -1 8
BITMAP
0070
0070
0070
0070
0070
0070
0070
0070
0070
0070
0070
0070
0070
0070
0070
0070
0070
0070
FFF0
FFF0
FFF0
FFF0
ENDCHAR
STARTCHAR uni251A
ENCODING 9498
SWIDTH 600 0
DWIDTH 19 0
BBX 13 21 -1 9
BITMAP
00F8
00F8
00F8
00F8
00F8
00F8
00F8
00F8
00F8
00F8
00F8
00F8
00F8
00F8
00F8
00F8
00F8
00F8
00F8
FFF8
FFF8
ENDCHAR
STARTCHAR uni251B
ENCODING 9499
SWIDTH 600 0
DWIDTH 19 0
BBX 13 22 -1 8
BITMAP
00F8
00F8
00F8
00F8
00F8
00F8
00F8
00F8
00F8
00F8
00F8
00F8
00F8
00F8
00F8
00F8
00F8
00F8
FFF8
FFF8
FFF8
FFF8
ENDCHAR
STARTCHAR uni251C
ENCODING 9500
SWIDTH 600 0
DWIDTH 19 0
BBX 12 41 8 -11
BITMAP
E000
E000
E000
E000
E000
E000
E000
E000
E000
E000
E000
E000
E000
E000
E000
E000
E000
E000
E000
FFF0
FFF0
E000
E000
E000
E000
E000
E000
E000
E000
E000
E000
E000
E000
E000
E000
E000
E000
E000
E000
E000
E000
ENDCHAR
STARTCHAR uni251D
ENCODING 9501
SWIDTH 600 0
DWIDTH 19 0
BBX 12 41 8 -11
BITMAP
E000
E000
E000
E000
E000
E000
E000
E000
E000
E000
E000
E000
E000
E000
E000
E000
E000
E000
FFF0
FFF0
FFF0
FFF0
E000
E000
E000
E000
E000
E000
E000
E000
E000
E000
E000
E000
E000
E000
E000
E000
E000
E000
E000
ENDCHAR
STARTCHAR uni251E
ENCODING 9502
SWIDTH 600 0
DWIDTH 19 0
BBX 13 41 7 -11
BITMAP
F800
F800
F800
F800
F800
F800
F800
F800
F800
F800
F800
F800
F800
F800
F800
F800
F800
F800
F800
FFF8
FFF8
7000
7000
7000
7000
7000
7000
7000
7000
7000
7000
7000
7000
7000
7000
7000
7000
7000
7000
7000
7000
ENDCHAR
STARTCHAR uni251F
ENCODING 9503
SWIDTH 600 0
DWIDTH 19 0
BBX 13 41 7 -11
BITMAP
7000
7000
7000
7000
7000
7000
7000
7000
7000
7000
7000
7000
7000
7000
7000
7000
7000
7000
7000
FFF8
FFF8
F800
F800
F800
F800
F800
F800
F800
F800
F800
F800
F800
F800
F800
F800
F800
F800
F800
F800
F800
F800
ENDCHAR
STARTCHAR uni2520
ENCODING 9504
SWIDTH 600 0
DWIDTH 19 0
BBX 13 41 7 -11
BITMAP
F800
F800
F800
F800
F800
F800
F800
F800
F800
F800
F800
F800
F800
F800
F800
F800
F800
F800
F800
FFF8
FFF8
F800
F800
F800
F800
F800
F800
F800
F800
F800
F800
F800
F800
F800
F800
F800
F800
F800
F800
F800
F800
ENDCHAR
STARTCHAR uni2521
ENCODING 9505
SWIDTH 600 0
DWIDTH 19 0
BBX 13 41 7 -11
BITMAP
F800
F800
F800
F800
F800
F800
F800
F800
F800
F800
F800
F800
F800
F800
F800
F800
F800
F800
FFF8
FFF8
FFF8
FFF8
7000
7000
7000
7000
7000
7000
7000
7000
7000
7000
7000
7000
7000
7000
7000
7000
7000
7000
7000
ENDCHAR
STARTCHAR uni2522
ENCODING 9506
SWIDTH 600 0
DWIDTH 19 0
BBX 13 41 7 -11
BITMAP
7000
7000
7000
7000
7000
7000
7000
7000
7000
7000
7000
7000
7000
7000
7000
7000
7000
7000
FFF8
FFF8
FFF8
FFF8
F800
F800
F800
F800
F800
F800
F800
F800
F800
F800
F800
F800
F800
F800
F800
F800
F800
F800
F800
ENDCHAR
STARTCHAR uni2523
ENCODING 9507
SWIDTH 600 0
DWIDTH 19 0
BBX 13 41 7 -11
BITMAP
F800
F800
F800
F800
F800
F800
F800
F800
F800
F800
F800
F800
F800
F800
F800
F800
F800
F800
FFF8
FFF8
FFF8
FFF8
F800
F800
F800
F800
F800
F800
F800
F800
F800
F800
F800
F800
F800
F800
F800
F800
F800
F800
F800
ENDCHAR
STARTCHAR uni2524
ENCODING 9508
SWIDTH 600 0
DWIDTH 19 0
BBX 12 41 -1 -11
BITMAP
0070
0070
0070
0070
0070
0070
0070
0070
0070
0070
0070
0070
0070
0070
0070
0070
0070
0070
0070
FFF0
FFF0
0070
0070
0070
0070
0070
0070
0070
0070
0070
0070
0070
0070
0070
0070
0070
0070
0070
0070
0070
0070
ENDCHAR
STARTCHAR uni2525
ENCODING 9509
SWIDTH 600 0
DWIDTH 19 0
BBX 12 41 -1 -11
BITMAP
0070
0070
0070
0070
0070
0070
0070
0070
0070
0070
0070
0070
0070
0070
0070
0070
0070
0070
FFF0
FFF0
FFF0
FFF0
0070
0070
0070
0070
0070
0070
0070
0070
0070
0070
0070
0070
0070
0070
0070
0070
0070
0070
0070
ENDCHAR
STARTCHAR uni2526
ENCODING 9510
SWIDTH 600 0
DWIDTH 19 0
BBX 13 41 -1 -11
BITMAP
00F8
00F8
00F8
00F8
00F8
00F8
00F8
00F8
00F8
00F8
00F8
00F8
00F8
00F8
00F8
00F8
00F8
00F8
00F8
FFF8
FFF8
0070
0070
0070
0070
0070
0070
0070
0070
0070
0070
0070
0070
0070
0070
0070
0070
0070
0070
0070
0070
ENDCHAR
STARTCHAR uni2527
ENCODING 9511
SWIDTH 600 0
DWIDTH 19 0
BBX 13 41 -1 -11
BITMAP
0070
0070
0070
0070
0070
0070
0070
0070
0070
0070
0070
0070
0070
0070
0070
0070
0070
0070
0070
FFF8
FFF8
00F8
00F8
00F8
00F8
00F8
00F8
00F8
00F8
00F8
00F8
00F8
00F8
00F8
00F8
00F8
00F8
00F8
00F8
00F8
00F8
ENDCHAR
STARTCHAR uni2528
ENCODING 9512
SWIDTH 600 0
DWIDTH 19 0
BBX 13 41 -1 -11
BITMAP
00F8
00F8
00F8
00F8
00F8
00F8
00F8
00F8
00F8
00F8
00F8
00F8
00F8
00F8
00F8
00F8
00F8
00F8
00F8
FFF8
FFF8
00F8
00F8
00F8
00F8
00F8
00F8
00F8
00F8
00F8
00F8
00F8
00F8
00F8
00F8
00F8
00F8
00F8
00F8
00F8
00F8
ENDCHAR
STARTCHAR uni2529
ENCODING 9513
SWIDTH 600 0
DWIDTH 19 0
BBX 13 42 -1 -11
BITMAP
00F8
00F8
00F8
00F8
00F8
00F8
00F8
00F8
00F8
00F8
00F8
00F8
00F8
00F8
00F8
00F8
00F8
00F8
00F8
FFF8
FFF8
FFF8
FFF8
0070
0070
0070
0070
0070
0070
0070
0070
0070
0070
0070
0070
0070
0070
0070
0070
0070
0070
0070
ENDCHAR
STARTCHAR uni252A
ENCODING 9514
SWIDTH 600 0
DWIDTH 19 0
BBX 13 42 -1 -11
BITMAP
0070
0070
0070
0070
0070
0070
0070
0070
0070
0070
0070
0070
0070
0070
0070
0070
0070
0070
0070
FFF8
FFF8
FFF8
FFF8
00F8
00F8
00F8
00F8
00F8
00F8
00F8
00F8
00F8
00F8
00F8
00F8
00F8
00F8
00F8
00F8
00F8
00F8
00F8
ENDCHAR
STARTCHAR uni252B
ENCODING 9515
SWIDTH 600 0
DWIDTH 19 0
BBX 13 42 -1 -11
BITMAP
00F8
00F8
00F8
00F8
00F8
00F8
00F8
00F8
00F8
00F8
00F8
00F8
00F8
00F8
00F8
00F8
00F8
00F8
00F8
FFF8
FFF8
FFF8
FFF8
00F8
00F8
00F8
00F8
00F8
00F8
00F8
00F8
00F8
00F8
00F8
00F8
00F8
00F8
00F8
00F8
00F8
00F8
00F8
ENDCHAR
STARTCHAR uni252C
ENCODING 9516
SWIDTH 600 0
DWIDTH 19 0
BBX 21 22 -1 -11
BITMAP
FFFFF8
FFFFF8
007000
007000
007000
007000
007000
007000
007000
007000
007000
007000
007000
007000
007000
007000
007000
007000
007000
007000
007000
007000
ENDCHAR
STARTCHAR uni252D
ENCODING 9517
SWIDTH 600 0
DWIDTH 19 0
BBX 21 23 -1 -11
BITMAP
FFF000
FFFFF8
FFFFF8
FFF000
007000
007000
007000
007000
007000
007000
007000
007000
007000
007000
007000
007000
007000
007000
007000
007000
007000
007000
007000
ENDCHAR
STARTCHAR uni252E
ENCODING 9518
SWIDTH 600 0
DWIDTH 19 0
BBX 21 23 -1 -11
BITMAP
007FF8
FFFFF8
FFFFF8
007FF8
007000
007000
007000
007000
007000
007000
007000
007000
007000
007000
007000
007000
007000
007000
007000
007000
007000
007000
007000
ENDCHAR
STARTCHAR uni252F
ENCODING 9519
SWIDTH 600 0
DWIDTH 19 0
BBX 21 23 -1 -11
BITMAP
FFFFF8
FFFFF8
FFFFF8
FFFFF8
007000
007000
007000
007000
007000
007000
007000
007000
007000
007000
007000
007000
007000
007000
007000
007000
007000
007000
007000
ENDCHAR
STARTCHAR uni2530
ENCODING 9520
SWIDTH 600 0
DWIDTH 19 0
BBX 21 22 -1 -11
BITMAP
FFFFF8
FFFFF8
00F800
00F800
00F800
00F800
00F800
00F800
00F800
00F800
00F800
00F800
00F800
00F800
00F800
00F800
00F800
00F800
00F800
00F800
00F800
00F800
ENDCHAR
STARTCHAR uni2531
ENCODING 9521
SWIDTH 600 0
DWIDTH 19 0
BBX 21 23 -1 -11
BITMAP
FFF800
FFFFF8
FFFFF8
FFF800
00F800
00F800
00F800
00F800
00F800
00F800
00F800
00F800
00F800
00F800
00F800
00F800
00F800
00F800
00F800
00F800
00F800
00F800
00F800
ENDCHAR
STARTCHAR uni2532
ENCODING 9522
SWIDTH 600 0
DWIDTH 19 0
BBX 21 23 -1 -11
BITMAP
00FFF8
FFFFF8
FFFFF8
00FFF8
00F800
00F800
00F800
00F800
00F800
00F800
00F800
00F800
00F800
00F800
00F800
00F800
00F800
00F800
00F800
00F800
00F800
00F800
00F800
ENDCHAR
STARTCHAR uni2533
ENCODING 9523
SWIDTH 600 0
DWIDTH 19 0
BBX 21 23 -1 -11
BITMAP
FFFFF8
FFFFF8
FFFFF8
FFFFF8
00F800
00F800
00F800
00F800
00F800
00F800
00F800
00F800
00F800
00F800
00F800
00F800
00F800
00F800
00F800
00F800
00F800
00F800
00F800
ENDCHAR
STARTCHAR uni2534
ENCODING 9524
SWIDTH 600 0
DWIDTH 19 0
BBX 21 22 -1 9
BITMAP
007000
007000
007000
007000
007000
007000
007000
007000
007000
007000
007000
007000
007000
007000
007000
007000
007000
007000
007000
007000
FFFFF8
FFFFF8
ENDCHAR
STARTCHAR uni2535
ENCODING 9525
SWIDTH 600 0
DWIDTH 19 0
BBX 21 23 -1 8
BITMAP
007000
007000
007000
007000
007000
007000
007000
007000
007000
007000
007000
007000
007000
007000
007000
007000
007000
007000
007000
FFF000
FFFFF8
FFFFF8
FFF000
ENDCHAR
STARTCHAR uni2536
ENCODING 9526
SWIDTH 600 0
DWIDTH 19 0
BBX 21 23 -1 8
BITMAP
007000
007000
007000
007000
007000
007000
007000
007000
007000
007000
007000
007000
007000
007000
007000
007000
007000
007000
007000
007FF8
FFFFF8
FFFFF8
007FF8
ENDCHAR
STARTCHAR uni2537
ENCODING 9527
SWIDTH 600 0
DWIDTH 19 0
BBX 21 23 -1 8
BITMAP
007000
007000
007000
007000
007000
007000
007000
007000
007000
007000
007000
007000
007000
007000
007000
007000
007000
007000
007000
FFFFF8
FFFFF8
FFFFF8
FFFFF8
ENDCHAR
STARTCHAR uni2538
ENCODING 9528
SWIDTH 600 0
DWIDTH 19 0
BBX 21 22 -1 9
BITMAP
00F800
00F800
00F800
00F800
00F800
00F800
00F800
00F800
00F800
00F800
00F800
00F800
00F800
00F800
00F800
00F800
00F800
00F800
00F800
00F800
FFFFF8
FFFFF8
ENDCHAR
STARTCHAR uni2539
ENCODING 9529
SWIDTH 600 0
DWIDTH 19 0
BBX 21 23 -1 8
BITMAP
00F800
00F800
00F800
00F800
00F800
00F800
00F800
00F800
00F800
00F800
00F800
00F800
00F800
00F800
00F800
00F800
00F800
00F800
00F800
FFF800
FFFFF8
FFFFF8
FFF800
ENDCHAR
STARTCHAR uni253A
ENCODING 9530
SWIDTH 600 0
DWIDTH 19 0
BBX 21 23 -1 8
BITMAP
00F800
00F800
00F800
00F800
00F800
00F800
00F800
00F800
00F800
00F800
00F800
00F800
00F800
00F800
00F800
00F800
00F800
00F800
00F800
00FFF8
FFFFF8
FFFFF8
00FFF8
ENDCHAR
STARTCHAR uni253B
ENCODING 9531
SWIDTH 600 0
DWIDTH 19 0
BBX 21 23 -1 8
BITMAP
00F800
00F800
00F800
00F800
00F800
00F800
00F800
00F800
00F800
00F800
00F800
00F800
00F800
00F800
00F800
00F800
00F800
00F800
00F800
FFFFF8
FFFFF8
FFFFF8
FFFFF8
ENDCHAR
STARTCHAR uni253C
ENCODING 9532
SWIDTH 600 0
DWIDTH 19 0
BBX 21 42 -1 -11
BITMAP
007000
007000
007000
007000
007000
007000
007000
007000
007000
007000
007000
007000
007000
007000
007000
007000
007000
007000
007000
007000
FFFFF8
FFFFF8
007000
007000
007000
007000
007000
007000
007000
007000
007000
007000
007000
007000
007000
007000
007000
007000
007000
007000
007000
007000
ENDCHAR
STARTCHAR uni253D
ENCODING 9533
SWIDTH 600 0
DWIDTH 19 0
BBX 21 42 -1 -11
BITMAP
007000
007000
007000
007000
007000
007000
007000
007000
007000
007000
007000
007000
007000
007000
007000
007000
007000
007000
007000
FFF000
FFFFF8
FFFFF8
FFF000
007000
007000
007000
007000
007000
007000
007000
007000
007000
007000
007000
007000
007000
007000
007000
007000
007000
007000
007000
ENDCHAR
STARTCHAR uni253E
ENCODING 9534
SWIDTH 600 0
DWIDTH 19 0
BBX 21 42 -1 -11
BITMAP
007000
007000
007000
007000
007000
007000
007000
007000
007000
007000
007000
007000
007000
007000
007000
007000
007000
007000
007000
007FF8
FFFFF8
FFFFF8
007FF8
007000
007000
007000
007000
007000
007000
007000
007000
007000
007000
007000
007000
007000
007000
007000
007000
007000
007000
007000
ENDCHAR
STARTCHAR uni253F
ENCODING 9535
SWIDTH 600 0
DWIDTH 19 0
BBX 21 42 -1 -11
BITMAP
007000
007000
007000
007000
007000
007000
007000
007000
007000
007000
007000
007000
007000
007000
007000
007000
007000
007000
007000
FFFFF8
FFFFF8
FFFFF8
FFFFF8
007000
007000
007000
007000
007000
007000
007000
007000
007000
007000
007000
007000
007000
007000
007000
007000
007000
007000
007000
ENDCHAR
STARTCHAR uni2540
ENCODING 9536
SWIDTH 600 0
DWIDTH 19 0
BBX 21 42 -1 -11
BITMAP
00F800
00F800
00F800
00F800
00F800
00F800
00F800
00F800
00F800
00F800
00F800
00F800
00F800
00F800
00F800
00F800
00F800
00F800
00F800
00F800
FFFFF8
FFFFF8
007000
007000
007000
007000
007000
007000
007000
007000
007000
007000
007000
007000
007000
007000
007000
007000
007000
007000
007000
007000
ENDCHAR
STARTCHAR uni2541
ENCODING 9537
SWIDTH 600 0
DWIDTH 19 0
BBX 21 42 -1 -11
BITMAP
007000
007000
007000
007000
007000
007000
007000
007000
007000
007000
007000
007000
007000
007000
007000
007000
007000
007000
007000
007000
FFFFF8
FFFFF8
00F800
00F800
00F800
00F800
00F800
00F800
00F800
00F800
00F800
00F800
00F800
00F800
00F800
00F800
00F800
00F800
00F800
00F800
00F800
00F800
ENDCHAR
STARTCHAR uni2542
ENCODING 9538
SWIDTH 600 0
DWIDTH 19 0
BBX 21 42 -1 -11
BITMAP
00F800
00F800
00F800
00F800
00F800
00F800
00F800
00F800
00F800
00F800
00F800
00F800
00F800
00F800
00F800
00F800
00F800
00F800
00F800
00F800
FFFFF8
FFFFF8
00F800
00F800
00F800
00F800
00F800
00F800
00F800
00F800
00F800
00F800
00F800
00F800
00F800
00F800
00F800
00F800
00F800
00F800
00F800
00F800
ENDCHAR
STARTCHAR uni2543
ENCODING 9539
SWIDTH 600 0
DWIDTH 19 0
BBX 21 42 -1 -11
BITMAP
00F800
00F800
00F800
00F800
00F800
00F800
00F800
00F800
00F800
00F800
00F800
00F800
00F800
00F800
00F800
00F800
00F800
00F800
00F800
FFF800
FFFFF8
FFFFF8
FFF800
007000
007000
007000
007000
007000
007000
007000
007000
007000
007000
007000
007000
007000
007000
007000
007000
007000
007000
007000
ENDCHAR
STARTCHAR uni2544
ENCODING 9540
SWIDTH 600 0
DWIDTH 19 0
BBX 21 42 -1 -11
BITMAP
00F800
00F800
00F800
00F800
00F800
00F800
00F800
00F800
00F800
00F800
00F800
00F800
00F800
00F800
00F800
00F800
00F800
00F800
00F800
00FFF8
FFFFF8
FFFFF8
00FFF8
007000
007000
007000
007000
007000
007000
007000
007000
007000
007000
007000
007000
007000
007000
007000
007000
007000
007000
007000
ENDCHAR
STARTCHAR uni2545
ENCODING 9541
SWIDTH 600 0
DWIDTH 19 0
BBX 21 42 -1 -11
BITMAP
007000
007000
007000
007000
007000
007000
007000
007000
007000
007000
007000
007000
007000
007000
007000
007000
007000
007000
007000
FFF800
FFFFF8
FFFFF8
FFF800
00F800
00F800
00F800
00F800
00F800
00F800
00F800
00F800
00F800
00F800
00F800
00F800
00F800
00F800
00F800
00F800
00F800
00F800
00F800
ENDCHAR
STARTCHAR uni2546
ENCODING 9542
SWIDTH 600 0
DWIDTH 19 0
BBX 21 42 -1 -11
BITMAP
007000
007000
007000
007000
007000
007000
007000
007000
007000
007000
007000
007000
007000
007000
007000
007000
007000
007000
007000
00FFF8
FFFFF8
FFFFF8
00FFF8
00F800
00F800
00F800
00F800
00F800
00F800
00F800
00F800
00F800
00F800
00F800
00F800
00F800
00F800
00F800
00F800
00F800
00F800
00F800
ENDCHAR
STARTCHAR uni2547
ENCODING 9543
SWIDTH 600 0
DWIDTH 19 0
BBX 21 42 -1 -11
BITMAP
00F800
00F800
00F800
00F800
00F800
00F800
00F800
00F800
00F800
00F800
00F800
00F800
00F800
00F800
00F800
00F800
00F800
00F800
00F800
FFFFF8
FFFFF8
FFFFF8
FFFFF8
007000
007000
007000
007000
007000
007000
007000
007000
007000
007000
007000
007000
007000
007000
007000
007000
007000
007000
007000
ENDCHAR
STARTCHAR uni2548
ENCODING 9544
SWIDTH 600 0
DWIDTH 19 0
BBX 21 42 -1 -11
BITMAP
007000
007000
007000
007000
007000
007000
007000
007000
007000
007000
007000
007000
007000
007000
007000
007000
007000
007000
007000
FFFFF8
FFFFF8
FFFFF8
FFFFF8
00F800
00F800
00F800
00F800
00F800
00F800
00F800
00F800
00F800
00F800
00F800
00F800
00F800
00F800
00F800
00F800
00F800
00F800
00F800
ENDCHAR
STARTCHAR uni2549
ENCODING 9545
SWIDTH 600 0
DWIDTH 19 0
BBX 21 42 -1 -11
BITMAP
00F800
00F800
00F800
00F800
00F800
00F800
00F800
00F800
00F800
00F800
00F800
00F800
00F800
00F800
00F800
00F800
00F800
00F800
00F800
FFF800
FFFFF8
FFFFF8
FFF800
00F800
00F800
00F800
00F800
00F800
00F800
00F800
00F800
00F800
00F800
00F800
00F800
00F800
00F800
00F800
00F800
00F800
00F800
00F800
ENDCHAR
STARTCHAR uni254A
ENCODING 9546
SWIDTH 600 0
DWIDTH 19 0
BBX 21 42 -1 -11
BITMAP
00F800
00F800
00F800
00F800
00F800
00F800
00F800
00F800
00F800
00F800
00F800
00F800
00F800
00F800
00F800
00F800
00F800
00F800
00F800
00FFF8
FFFFF8
FFFFF8
00FFF8
00F800
00F800
00F800
00F800
00F800
00F800
00F800
00F800
00F800
00F800
00F800
00F800
00F800
00F800
00F800
00F800
00F800
00F800
00F800
ENDCHAR
STARTCHAR uni254B
ENCODING 9547
SWIDTH 600 0
DWIDTH 19 0
BBX 21 41 -1 -11
BITMAP
00F800
00F800
00F800
00F800
00F800
00F800
00F800
00F800
00F800
00F800
00F800
00F800
00F800
00F800
00F800
00F800
00F800
00F800
FFFFF8
FFFFF8
FFFFF8
FFFFF8
00F800
00F800
00F800
00F800
00F800
00F800
00F800
00F800
00F800
00F800
00F800
00F800
00F800
00F800
00F800
00F800
00F800
00F800
00F800
ENDCHAR
STARTCHAR uni254C
ENCODING 9548
SWIDTH 600 0
DWIDTH 19 0
BBX 15 2 2 9
BITMAP
F83E
F83E
ENDCHAR
STARTCHAR uni254D
ENCODING 9549
SWIDTH 600 0
DWIDTH 19 0
BBX 15 4 2 8
BITMAP
F83E
F83E
F83E
F83E
ENDCHAR
STARTCHAR uni254E
ENCODING 9550
SWIDTH 600 0
DWIDTH 19 0
BBX 3 27 8 -4
BITMAP
E0
E0
E0
E0
E0
E0
E0
E0
E0
00
00
00
00
00
00
00
00
00
E0
E0
E0
E0
E0
E0
E0
E0
E0
ENDCHAR
STARTCHAR uni254F
ENCODING 9551
SWIDTH 600 0
DWIDTH 19 0
BBX 5 27 7 -4
BITMAP
F8
F8
F8
F8
F8
F8
F8
F8
F8
00
00
00
00
00
00
00
00
00
F8
F8
F8
F8
F8
F8
F8
F8
F8
ENDCHAR
STARTCHAR uni2550
ENCODING 9552
SWIDTH 600 0
DWIDTH 19 0
BBX 21 6 -1 7
BITMAP
FFFFF8
FFFFF8
000000
000000
FFFFF8
FFFFF8
ENDCHAR
STARTCHAR uni2551
ENCODING 9553
SWIDTH 600 0
DWIDTH 19 0
BBX 7 42 6 -11
BITMAP
C6
C6
C6
C6
C6
C6
C6
C6
C6
C6
C6
C6
C6
C6
C6
C6
C6
C6
C6
C6
C6
C6
C6
C6
C6
C6
C6
C6
C6
C6
C6
C6
C6
C6
C6
C6
C6
C6
C6
C6
C6
C6
ENDCHAR
STARTCHAR uni2552
ENCODING 9554
SWIDTH 600 0
DWIDTH 19 0
BBX 12 24 8 -11
BITMAP
FFF0
FFF0
E000
E000
FFF0
FFF0
E000
E000
E000
E000
E000
E000
E000
E000
E000
E000
E000
E000
E000
E000
E000
E000
E000
E000
ENDCHAR
STARTCHAR uni2553
ENCODING 9555
SWIDTH 600 0
DWIDTH 19 0
BBX 14 22 6 -11
BITMAP
FFFC
FFFC
C600
C600
C600
C600
C600
C600
C600
C600
C600
C600
C600
C600
C600
C600
C600
C600
C600
C600
C600
C600
ENDCHAR
STARTCHAR uni2554
ENCODING 9556
SWIDTH 600 0
DWIDTH 19 0
BBX 14 24 6 -11
BITMAP
FFFC
FFFC
C000
C000
C7FC
C7FC
C600
C600
C600
C600
C600
C600
C600
C600
C600
C600
C600
C600
C600
C600
C600
C600
C600
C600
ENDCHAR
STARTCHAR uni2555
ENCODING 9557
SWIDTH 600 0
DWIDTH 19 0
BBX 12 24 -1 -11
BITMAP
FFF0
FFF0
0070
0070
FFF0
FFF0
0070
0070
0070
0070
0070
0070
0070
0070
0070
0070
0070
0070
0070
0070
0070
0070
0070
0070
ENDCHAR
STARTCHAR uni2556
ENCODING 9558
SWIDTH 600 0
DWIDTH 19 0
BBX 14 22 -1 -11
BITMAP
FFFC
FFFC
018C
018C
018C
018C
018C
018C
018C
018C
018C
018C
018C
018C
018C
018C
018C
018C
018C
018C
018C
018C
ENDCHAR
STARTCHAR uni2557
ENCODING 9559
SWIDTH 600 0
DWIDTH 19 0
BBX 14 24 -1 -11
BITMAP
FFFC
FFFC
000C
000C
FF8C
FF8C
018C
018C
018C
018C
018C
018C
018C
018C
018C
018C
018C
018C
018C
018C
018C
018C
018C
018C
ENDCHAR
STARTCHAR uni2558
ENCODING 9560
SWIDTH 600 0
DWIDTH 19 0
BBX 12 23 8 7
BITMAP
E000
E000
E000
E000
E000
E000
E000
E000
E000
E000
E000
E000
E000
E000
E000
E000
E000
FFF0
FFF0
E000
E000
FFF0
FFF0
ENDCHAR
STARTCHAR uni2559
ENCODING 9561
SWIDTH 600 0
DWIDTH 19 0
BBX 14 21 6 9
BITMAP
C600
C600
C600
C600
C600
C600
C600
C600
C600
C600
C600
C600
C600
C600
C600
C600
C600
C600
C600
FFFC
FFFC
ENDCHAR
STARTCHAR uni255A
ENCODING 9562
SWIDTH 600 0
DWIDTH 19 0
BBX 14 23 6 7
BITMAP
C600
C600
C600
C600
C600
C600
C600
C600
C600
C600
C600
C600
C600
C600
C600
C600
C600
C7FC
C7FC
C000
C000
FFFC
FFFC
ENDCHAR
STARTCHAR uni255B
ENCODING 9563
SWIDTH 600 0
DWIDTH 19 0
BBX 12 23 -1 7
BITMAP
0070
0070
0070
0070
0070
0070
0070
0070
0070
0070
0070
0070
0070
0070
0070
0070
0070
FFF0
FFF0
0070
0070
FFF0
FFF0
ENDCHAR
STARTCHAR uni255C
ENCODING 9564
SWIDTH 600 0
DWIDTH 19 0
BBX 14 21 -1 9
BITMAP
018C
018C
018C
018C
018C
018C
018C
018C
018C
018C
018C
018C
018C
018C
018C
018C
018C
018C
018C
FFFC
FFFC
ENDCHAR
STARTCHAR uni255D
ENCODING 9565
SWIDTH 600 0
DWIDTH 19 0
BBX 14 23 -1 7
BITMAP
018C
018C
018C
018C
018C
018C
018C
018C
018C
018C
018C
018C
018C
018C
018C
018C
018C
FF8C
FF8C
000C
000C
FFFC
FFFC
ENDCHAR
STARTCHAR uni255E
ENCODING 9566
SWIDTH 600 0
DWIDTH 19 0
BBX 12 41 8 -11
BITMAP
E000
E000
E000
E000
E000
E000
E000
E000
E000
E000
E000
E000
E000
E000
E000
E000
E000
FFF0
FFF0
E000
E000
FFF0
FFF0
E000
E000
E000
E000
E000
E000
E000
E000
E000
E000
E000
E000
E000
E000
E000
E000
E000
E000
ENDCHAR
STARTCHAR uni255F
ENCODING 9567
SWIDTH 600 0
DWIDTH 19 0
BBX 14 41 6 -11
BITMAP
C600
C600
C600
C600
C600
C600
C600
C600
C600
C600
C600
C600
C600
C600
C600
C600
C600
C600
C600
C7FC
C7FC
C600
C600
C600
C600
C600
C600
C600
C600
C600
C600
C600
C600
C600
C600
C600
C600
C600
C600
C600
C600
ENDCHAR
STARTCHAR uni2560
ENCODING 9568
SWIDTH 600 0
DWIDTH 19 0
BBX 14 41 6 -11
BITMAP
C600
C600
C600
C600
C600
C600
C600
C600
C600
C600
C600
C600
C600
C600
C600
C600
C600
C7FC
C7FC
C000
C000
C7FC
C7FC
C600
C600
C600
C600
C600
C600
C600
C600
C600
C600
C600
C600
C600
C600
C600
C600
C600
C600
ENDCHAR
STARTCHAR uni2561
ENCODING 9569
SWIDTH 600 0
DWIDTH 19 0
BBX 12 41 -1 -11
BITMAP
0070
0070
0070
0070
0070
0070
0070
0070
0070
0070
0070
0070
0070
0070
0070
0070
0070
FFF0
FFF0
0070
0070
FFF0
FFF0
0070
0070
0070
0070
0070
0070
0070
0070
0070
0070
0070
0070
0070
0070
0070
0070
0070
0070
ENDCHAR
STARTCHAR uni2562
ENCODING 9570
SWIDTH 600 0
DWIDTH 19 0
BBX 14 41 -1 -11
BITMAP
018C
018C
018C
018C
018C
018C
018C
018C
018C
018C
018C
018C
018C
018C
018C
018C
018C
018C
018C
FF8C
FF8C
018C
018C
018C
018C
018C
018C
018C
018C
018C
018C
018C
018C
018C
018C
018C
018C
018C
018C
018C
018C
ENDCHAR
STARTCHAR uni2563
ENCODING 9571
SWIDTH 600 0
DWIDTH 19 0
BBX 14 41 -1 -11
BITMAP
018C
018C
018C
018C
018C
018C
018C
018C
018C
018C
018C
018C
018C
018C
018C
018C
018C
FF8C
FF8C
000C
000C
FF8C
FF8C
018C
018C
018C
018C
018C
018C
018C
018C
018C
018C
018C
018C
018C
018C
018C
018C
018C
018C
ENDCHAR
STARTCHAR uni2564
ENCODING 9572
SWIDTH 600 0
DWIDTH 19 0
BBX 21 24 -1 -11
BITMAP
FFFFF8
FFFFF8
000000
000000
FFFFF8
FFFFF8
007000
007000
007000
007000
007000
007000
007000
007000
007000
007000
007000
007000
007000
007000
007000
007000
007000
007000
ENDCHAR
STARTCHAR uni2565
ENCODING 9573
SWIDTH 600 0
DWIDTH 19 0
BBX 21 22 -1 -11
BITMAP
FFFFF8
FFFFF8
018C00
018C00
018C00
018C00
018C00
018C00
018C00
018C00
018C00
018C00
018C00
018C00
018C00
018C00
018C00
018C00
018C00
018C00
018C00
018C00
ENDCHAR
STARTCHAR uni2566
ENCODING 9574
SWIDTH 600 0
DWIDTH 19 0
BBX 21 24 -1 -11
BITMAP
FFFFF8
FFFFF8
000000
000000
FF8FF8
FF8FF8
018C00
018C00
018C00
018C00
018C00
018C00
018C00
018C00
018C00
018C00
018C00
018C00
018C00
018C00
018C00
018C00
018C00
018C00
ENDCHAR
STARTCHAR uni2567
ENCODING 9575
SWIDTH 600 0
DWIDTH 19 0
BBX 21 23 -1 7
BITMAP
007000
007000
007000
007000
007000
007000
007000
007000
007000
007000
007000
007000
007000
007000
007000
007000
007000
FFFFF8
FFFFF8
000000
000000
FFFFF8
FFFFF8
ENDCHAR
STARTCHAR uni2568
ENCODING 9576
SWIDTH 600 0
DWIDTH 19 0
BBX 21 21 -1 9
BITMAP
018C00
018C00
018C00
018C00
018C00
018C00
018C00
018C00
018C00
018C00
018C00
018C00
018C00
018C00
018C00
018C00
018C00
018C00
018C00
FFFFF8
FFFFF8
ENDCHAR
STARTCHAR uni2569
ENCODING 9577
SWIDTH 600 0
DWIDTH 19 0
BBX 21 23 -1 7
BITMAP
018C00
018C00
018C00
018C00
018C00
018C00
018C00
018C00
018C00
018C00
018C00
018C00
018C00
018C00
018C00
018C00
018C00
FF8FF8
FF8FF8
000000
000000
FFFFF8
FFFFF8
ENDCHAR
STARTCHAR uni256A
ENCODING 9578
SWIDTH 600 0
DWIDTH 19 0
BBX 21 41 -1 -11
BITMAP
007000
007000
007000
007000
007000
007000
007000
007000
007000
007000
007000
007000
007000
007000
007000
007000
007000
FFFFF8
FFFFF8
007000
007000
FFFFF8
FFFFF8
007000
007000
007000
007000
007000
007000
007000
007000
007000
007000
007000
007000
007000
007000
007000
007000
007000
007000
ENDCHAR
STARTCHAR uni256B
ENCODING 9579
SWIDTH 600 0
DWIDTH 19 0
BBX 21 41 -1 -11
BITMAP
018C00
018C00
018C00
018C00
018C00
018C00
018C00
018C00
018C00
018C00
018C00
018C00
018C00
018C00
018C00
018C00
018C00
018C00
018C00
FFFFF8
FFFFF8
018C00
018C00
018C00
018C00
018C00
018C00
018C00
018C00
018C00
018C00
018C00
018C00
018C00
018C00
018C00
018C00
018C00
018C00
018C00
018C00
ENDCHAR
STARTCHAR uni256C
ENCODING 9580
SWIDTH 600 0
DWIDTH 19 0
BBX 21 41 -1 -11
BITMAP
018C00
018C00
018C00
018C00
018C00
018C00
018C00
018C00
018C00
018C00
018C00
018C00
018C00
018C00
018C00
018C00
018C00
FF8FF8
FF8FF8
000000
000000
FF8FF8
FF8FF8
018C00
018C00
018C00
018C00
018C00
018C00
018C00
018C00
018C00
018C00
018C00
018C00
018C00
018C00
018C00
018C00
018C00
018C00
ENDCHAR
STARTCHAR uni256D
ENCODING 9581
SWIDTH 600 0
DWIDTH 19 0
BBX 12 22 8 -11
BITMAP
00F0
07F0
0F00
1C00
3800
3000
6000
6000
6000
E000
E000
E000
E000
E000
E000
E000
E000
E000
E000
E000
E000
E000
ENDCHAR
STARTCHAR uni256E
ENCODING 9582
SWIDTH 600 0
DWIDTH 19 0
BBX 12 22 -1 -11
BITMAP
F000
FE00
0F00
0380
01C0
00C0
0060
0060
0060
0070
0070
0070
0070
0070
0070
0070
0070
0070
0070
0070
0070
0070
ENDCHAR
STARTCHAR uni256F
ENCODING 9583
SWIDTH 600 0
DWIDTH 19 0
BBX 12 21 -1 9
BITMAP
0070
0070
0070
0070
0070
0070
0070
0070
0070
0070
0070
0070
0060
0060
0060
00E0
01C0
0380
0F00
FE00
F800
ENDCHAR
STARTCHAR uni2570
ENCODING 9584
SWIDTH 600 0
DWIDTH 19 0
BBX 12 21 8 9
BITMAP
E000
E000
E000
E000
E000
E000
E000
E000
E000
E000
E000
E000
6000
6000
6000
7000
3800
1C00
0F00
07F0
01F0
ENDCHAR
STARTCHAR uni2571
ENCODING 9585
SWIDTH 600 0
DWIDTH 19 0
BBX 19 35 0 -8
BITMAP
000020
000060
000060
0000E0
0001C0
000180
000380
000300
000700
000600
000E00
000C00
001C00
001800
003000
007000
006000
00E000
00C000
01C000
018000
038000
030000
070000
0E0000
0C0000
1C0000
180000
380000
300000
700000
600000
E00000
C00000
C00000
ENDCHAR
STARTCHAR uni2572
ENCODING 9586
SWIDTH 600 0
DWIDTH 19 0
BBX 19 35 0 -8
BITMAP
800000
C00000
C00000
E00000
700000
300000
380000
180000
1C0000
0C0000
0E0000
060000
070000
030000
018000
01C000
00C000
00E000
006000
007000
003000
003800
001800
001C00
000E00
000600
000700
000300
000380
000180
0001C0
0000C0
0000E0
000060
000060
ENDCHAR
STARTCHAR uni2573
ENCODING 9587
SWIDTH 600 0
DWIDTH 19 0
BBX 19 35 0 -8
BITMAP
800020
C00060
E000E0
6000C0
7001C0
300180
380380
180300
1C0700
0C0600
0E0E00
060C00
031C00
03B800
01B000
01F000
00E000
00E000
00E000
01F000
01B000
03B800
031C00
060C00
0E0E00
0C0600
1C0700
180300
380380
300180
7001C0
6000C0
E000E0
C00060
800020
ENDCHAR
STARTCHAR uni2574
ENCODING 9588
SWIDTH 600 0
DWIDTH 19 0
BBX 12 2 -1 9
BITMAP
FFF0
FFF0
ENDCHAR
STARTCHAR uni2575
ENCODING 9589
SWIDTH 600 0
DWIDTH 19 0
BBX 3 22 8 8
BITMAP
E0
E0
E0
E0
E0
E0
E0
E0
E0
E0
E0
E0
E0
E0
E0
E0
E0
E0
E0
E0
E0
E0
ENDCHAR
STARTCHAR uni2576
ENCODING 9590
SWIDTH 600 0
DWIDTH 19 0
BBX 12 2 8 9
BITMAP
FFF0
FFF0
ENDCHAR
STARTCHAR uni2577
ENCODING 9591
SWIDTH 600 0
DWIDTH 19 0
BBX 3 22 8 -11
BITMAP
E0
E0
E0
E0
E0
E0
E0
E0
E0
E0
E0
E0
E0
E0
E0
E0
E0
E0
E0
E0
E0
E0
ENDCHAR
STARTCHAR uni2578
ENCODING 9592
SWIDTH 600 0
DWIDTH 19 0
BBX 12 4 -1 8
BITMAP
FFF0
FFF0
FFF0
FFF0
ENDCHAR
STARTCHAR uni2579
ENCODING 9593
SWIDTH 600 0
DWIDTH 19 0
BBX 5 22 7 8
BITMAP
F8
F8
F8
F8
F8
F8
F8
F8
F8
F8
F8
F8
F8
F8
F8
F8
F8
F8
F8
F8
F8
F8
ENDCHAR
STARTCHAR uni257A
ENCODING 9594
SWIDTH 600 0
DWIDTH 19 0
BBX 12 4 8 8
BITMAP
FFF0
FFF0
FFF0
FFF0
ENDCHAR
STARTCHAR uni257B
ENCODING 9595
SWIDTH 600 0
DWIDTH 19 0
BBX 5 22 7 -11
BITMAP
F8
F8
F8
F8
F8
F8
F8
F8
F8
F8
F8
F8
F8
F8
F8
F8
F8
F8
F8
F8
F8
F8
ENDCHAR
STARTCHAR uni257C
ENCODING 9596
SWIDTH 600 0
DWIDTH 19 0
BBX 21 4 -1 8
BITMAP
007FF8
FFFFF8
FFFFF8
007FF8
ENDCHAR
STARTCHAR uni257D
ENCODING 9597
SWIDTH 600 0
DWIDTH 19 0
BBX 5 42 7 -11
BITMAP
70
70
70
70
70
70
70
70
70
70
70
70
70
70
70
70
70
70
70
70
F8
F8
F8
F8
F8
F8
F8
F8
F8
F8
F8
F8
F8
F8
F8
F8
F8
F8
F8
F8
F8
F8
ENDCHAR
STARTCHAR uni257E
ENCODING 9598
SWIDTH 600 0
DWIDTH 19 0
BBX 21 4 -1 8
BITMAP
FFF000
FFFFF8
FFFFF8
FFF000
ENDCHAR
STARTCHAR uni257F
ENCODING 9599
SWIDTH 600 0
DWIDTH 19 0
BBX 5 42 7 -11
BITMAP
F8
F8
F8
F8
F8
F8
F8
F8
F8
F8
F8
F8
F8
F8
F8
F8
F8
F8
F8
F8
F8
F8
70
70
70
70
70
70
70
70
70
70
70
70
70
70
70
70
70
70
70
70
ENDCHAR
STARTCHAR uni2580
ENCODING 9600
SWIDTH 600 0
DWIDTH 19 0
BBX 19 21 0 10
BITMAP
FFFFE0
FFFFE0
FFFFE0
FFFFE0
FFFFE0
FFFFE0
FFFFE0
FFFFE0
FFFFE0
FFFFE0
FFFFE0
FFFFE0
FFFFE0
FFFFE0
FFFFE0
FFFFE0
FFFFE0
FFFFE0
FFFFE0
FFFFE0
FFFFE0
ENDCHAR
STARTCHAR uni2581
ENCODING 9601
SWIDTH 600 0
DWIDTH 19 0
BBX 19 5 0 -11
BITMAP
FFFFE0
FFFFE0
FFFFE0
FFFFE0
FFFFE0
ENDCHAR
STARTCHAR uni2582
ENCODING 9602
SWIDTH 600 0
DWIDTH 19 0
BBX 19 10 0 -11
BITMAP
FFFFE0
FFFFE0
FFFFE0
FFFFE0
FFFFE0
FFFFE0
FFFFE0
FFFFE0
FFFFE0
FFFFE0
ENDCHAR
STARTCHAR uni2583
ENCODING 9603
SWIDTH 600 0
DWIDTH 19 0
BBX 19 16 0 -11
BITMAP
FFFFE0
FFFFE0
FFFFE0
FFFFE0
FFFFE0
FFFFE0
FFFFE0
FFFFE0
FFFFE0
FFFFE0
FFFFE0
FFFFE0
FFFFE0
FFFFE0
FFFFE0
FFFFE0
ENDCHAR
STARTCHAR uni2584
ENCODING 9604
SWIDTH 600 0
DWIDTH 19 0
BBX 19 21 0 -11
BITMAP
FFFFE0
FFFFE0
FFFFE0
FFFFE0
FFFFE0
FFFFE0
FFFFE0
FFFFE0
FFFFE0
FFFFE0
FFFFE0
FFFFE0
FFFFE0
FFFFE0
FFFFE0
FFFFE0
FFFFE0
FFFFE0
FFFFE0
FFFFE0
FFFFE0
ENDCHAR
STARTCHAR uni2585
ENCODING 9605
SWIDTH 600 0
DWIDTH 19 0
BBX 19 26 0 -11
BITMAP
FFFFE0
FFFFE0
FFFFE0
FFFFE0
FFFFE0
FFFFE0
FFFFE0
FFFFE0
FFFFE0
FFFFE0
FFFFE0
FFFFE0
FFFFE0
FFFFE0
FFFFE0
FFFFE0
FFFFE0
FFFFE0
FFFFE0
FFFFE0
FFFFE0
FFFFE0
FFFFE0
FFFFE0
FFFFE0
FFFFE0
ENDCHAR
STARTCHAR uni2586
ENCODING 9606
SWIDTH 600 0
DWIDTH 19 0
BBX 19 31 0 -11
BITMAP
FFFFE0
FFFFE0
FFFFE0
FFFFE0
FFFFE0
FFFFE0
FFFFE0
FFFFE0
FFFFE0
FFFFE0
FFFFE0
FFFFE0
FFFFE0
FFFFE0
FFFFE0
FFFFE0
FFFFE0
FFFFE0
FFFFE0
FFFFE0
FFFFE0
FFFFE0
FFFFE0
FFFFE0
FFFFE0
FFFFE0
FFFFE0
FFFFE0
FFFFE0
FFFFE0
FFFFE0
ENDCHAR
STARTCHAR uni2587
ENCODING 9607
SWIDTH 600 0
DWIDTH 19 0
BBX 19 36 0 -11
BITMAP
FFFFE0
FFFFE0
FFFFE0
FFFFE0
FFFFE0
FFFFE0
FFFFE0
FFFFE0
FFFFE0
FFFFE0
FFFFE0
FFFFE0
FFFFE0
FFFFE0
FFFFE0
FFFFE0
FFFFE0
FFFFE0
FFFFE0
FFFFE0
FFFFE0
FFFFE0
FFFFE0
FFFFE0
FFFFE0
FFFFE0
FFFFE0
FFFFE0
FFFFE0
FFFFE0
FFFFE0
FFFFE0
FFFFE0
FFFFE0
FFFFE0
FFFFE0
ENDCHAR
STARTCHAR uni2588
ENCODING 9608
SWIDTH 600 0
DWIDTH 19 0
BBX 19 42 0 -11
BITMAP
FFFFE0
FFFFE0
FFFFE0
FFFFE0
FFFFE0
FFFFE0
FFFFE0
FFFFE0
FFFFE0
FFFFE0
FFFFE0
FFFFE0
FFFFE0
FFFFE0
FFFFE0
FFFFE0
FFFFE0
FFFFE0
FFFFE0
FFFFE0
FFFFE0
FFFFE0
FFFFE0
FFFFE0
FFFFE0
FFFFE0
FFFFE0
FFFFE0
FFFFE0
FFFFE0
FFFFE0
FFFFE0
FFFFE0
FFFFE0
FFFFE0
FFFFE0
FFFFE0
FFFFE0
FFFFE0
FFFFE0
FFFFE0
FFFFE0
ENDCHAR
STARTCHAR uni2589
ENCODING 9609
SWIDTH 600 0
DWIDTH 19 0
BBX 17 42 0 -11
BITMAP
FFFF80
FFFF80
FFFF80
FFFF80
FFFF80
FFFF80
FFFF80
FFFF80
FFFF80
FFFF80
FFFF80
FFFF80
FFFF80
FFFF80
FFFF80
FFFF80
FFFF80
FFFF80
FFFF80
FFFF80
FFFF80
FFFF80
FFFF80
FFFF80
FFFF80
FFFF80
FFFF80
FFFF80
FFFF80
FFFF80
FFFF80
FFFF80
FFFF80
FFFF80
FFFF80
FFFF80
FFFF80
FFFF80
FFFF80
FFFF80
FFFF80
FFFF80
ENDCHAR
STARTCHAR uni258A
ENCODING 9610
SWIDTH 600 0
DWIDTH 19 0
BBX 14 42 0 -11
BITMAP
FFFC
FFFC
FFFC
FFFC
FFFC
FFFC
FFFC
FFFC
FFFC
FFFC
FFFC
FFFC
FFFC
FFFC
FFFC
FFFC
FFFC
FFFC
FFFC
FFFC
FFFC
FFFC
FFFC
FFFC
FFFC
FFFC
FFFC
FFFC
FFFC
FFFC
FFFC
FFFC
FFFC
FFFC
FFFC
FFFC
FFFC
FFFC
FFFC
FFFC
FFFC
FFFC
ENDCHAR
STARTCHAR uni258B
ENCODING 9611
SWIDTH 600 0
DWIDTH 19 0
BBX 12 42 0 -11
BITMAP
FFF0
FFF0
FFF0
FFF0
FFF0
FFF0
FFF0
FFF0
FFF0
FFF0
FFF0
FFF0
FFF0
FFF0
FFF0
FFF0
FFF0
FFF0
FFF0
FFF0
FFF0
FFF0
FFF0
FFF0
FFF0
FFF0
FFF0
FFF0
FFF0
FFF0
FFF0
FFF0
FFF0
FFF0
FFF0
FFF0
FFF0
FFF0
FFF0
FFF0
FFF0
FFF0
ENDCHAR
STARTCHAR uni258C
ENCODING 9612
SWIDTH 600 0
DWIDTH 19 0
BBX 10 42 0 -11
BITMAP
FFC0
FFC0
FFC0
FFC0
FFC0
FFC0
FFC0
FFC0
FFC0
FFC0
FFC0
FFC0
FFC0
FFC0
FFC0
FFC0
FFC0
FFC0
FFC0
FFC0
FFC0
FFC0
FFC0
FFC0
FFC0
FFC0
FFC0
FFC0
FFC0
FFC0
FFC0
FFC0
FFC0
FFC0
FFC0
FFC0
FFC0
FFC0
FFC0
FFC0
FFC0
FFC0
ENDCHAR
STARTCHAR uni258D
ENCODING 9613
SWIDTH 600 0
DWIDTH 19 0
BBX 7 42 0 -11
BITMAP
FE
FE
FE
FE
FE
FE
FE
FE
FE
FE
FE
FE
FE
FE
FE
FE
FE
FE
FE
FE
FE
FE
FE
FE
FE
FE
FE
FE
FE
FE
FE
FE
FE
FE
FE
FE
FE
FE
FE
FE
FE
FE
ENDCHAR
STARTCHAR uni258E
ENCODING 9614
SWIDTH 600 0
DWIDTH 19 0
BBX 5 42 0 -11
BITMAP
F8
F8
F8
F8
F8
F8
F8
F8
F8
F8
F8
F8
F8
F8
F8
F8
F8
F8
F8
F8
F8
F8
F8
F8
F8
F8
F8
F8
F8
F8
F8
F8
F8
F8
F8
F8
F8
F8
F8
F8
F8
F8
ENDCHAR
STARTCHAR uni258F
ENCODING 9615
SWIDTH 600 0
DWIDTH 19 0
BBX 2 42 0 -11
BITMAP
C0
C0
C0
C0
C0
C0
C0
C0
C0
C0
C0
C0
C0
C0
C0
C0
C0
C0
C0
C0
C0
C0
C0
C0
C0
C0
C0
C0
C0
C0
C0
C0
C0
C0
C0
C0
C0
C0
C0
C0
C0
C0
ENDCHAR
STARTCHAR uni2590
ENCODING 9616
SWIDTH 600 0
DWIDTH 19 0
BBX 10 42 9 -11
BITMAP
FFC0
FFC0
FFC0
FFC0
FFC0
FFC0
FFC0
FFC0
FFC0
FFC0
FFC0
FFC0
FFC0
FFC0
FFC0
FFC0
FFC0
FFC0
FFC0
FFC0
FFC0
FFC0
FFC0
FFC0
FFC0
FFC0
FFC0
FFC0
FFC0
FFC0
FFC0
FFC0
FFC0
FFC0
FFC0
FFC0
FFC0
FFC0
FFC0
FFC0
FFC0
FFC0
ENDCHAR
STARTCHAR uni2591
ENCODING 9617
SWIDTH 600 0
DWIDTH 19 0
BBX 18 40 -1 -9
BITMAP
1820C0
1870C0
000000
C10400
C10400
000000
1820C0
1870C0
000000
C10400
C10400
000000
1820C0
1870C0
C10400
C10400
000000
000000
1820C0
1870C0
C10400
C10400
000000
1820C0
1870C0
000000
C10400
C10400
000000
1820C0
1870C0
000000
C10400
C10400
000000
1820C0
1870C0
000000
C10400
830400
ENDCHAR
STARTCHAR uni2592
ENCODING 9618
SWIDTH 600 0
DWIDTH 19 0
BBX 19 41 -1 -9
BITMAP
1870C0
3C71E0
1871E0
000000
C30600
C38600
1870C0
3C71E0
1870C0
000000
C30600
C38600
1870C0
3C71E0
1870C0
C30600
C38600
000000
1870C0
3C71E0
1870C0
C30600
C38600
000000
1870C0
3C71E0
1870C0
C30600
C38600
000000
1870C0
3C71E0
1870C0
C30600
C38600
000000
1870C0
3C71E0
1870C0
C30600
C38600
ENDCHAR
STARTCHAR uni2593
ENCODING 9619
SWIDTH 600 0
DWIDTH 19 0
BBX 21 43 -2 -10
BITMAP
0E38E0
1E7CF0
3F7DF8
1E7CF0
7FFFF0
F1C700
6FFFE0
1E7CF0
3F7DF8
1E7CF0
7FFFF0
F1C700
6FFFE0
1E7CF0
3F7DF8
1E7CF0
7FFFF0
F1C700
6FFFE0
1E7CF0
3F7DF8
1E7CF0
7FFFF0
F1C700
6FFFE0
1E7CF0
3F7DF8
1E7CF0
7FFFF0
F1C700
6FFFE0
1E7CF0
3F7DF8
1E7CF0
7FFFF0
F1C700
6FFFE0
1E7CF0
3F7DF8
1E7CF0
7FFFF0
F1C700
61C700
ENDCHAR
STARTCHAR uni2594
ENCODING 9620
SWIDTH 600 0
DWIDTH 19 0
BBX 19 5 0 25
BITMAP
FFFFE0
FFFFE0
FFFFE0
FFFFE0
FFFFE0
ENDCHAR
STARTCHAR uni2595
ENCODING 9621
SWIDTH 600 0
DWIDTH 19 0
BBX 2 42 17 -11
BITMAP
C0
C0
C0
C0
C0
C0
C0
C0
C0
C0
C0
C0
C0
C0
C0
C0
C0
C0
C0
C0
C0
C0
C0
C0
C0
C0
C0
C0
C0
C0
C0
C0
C0
C0
C0
C0
C0
C0
C0
C0
C0
C0
ENDCHAR
STARTCHAR uni2596
ENCODING 9622
SWIDTH 600 0
DWIDTH 19 0
BBX 10 21 0 -11
BITMAP
FFC0
FFC0
FFC0
FFC0
FFC0
FFC0
FFC0
FFC0
FFC0
FFC0
FFC0
FFC0
FFC0
FFC0
FFC0
FFC0
FFC0
FFC0
FFC0
FFC0
FFC0
ENDCHAR
STARTCHAR uni2597
ENCODING 9623
SWIDTH 600 0
DWIDTH 19 0
BBX 10 21 9 -11
BITMAP
FFC0
FFC0
FFC0
FFC0
FFC0
FFC0
FFC0
FFC0
FFC0
FFC0
FFC0
FFC0
FFC0
FFC0
FFC0
FFC0
FFC0
FFC0
FFC0
FFC0
FFC0
ENDCHAR
STARTCHAR uni2598
ENCODING 9624
SWIDTH 600 0
DWIDTH 19 0
BBX 10 21 0 10
BITMAP
FFC0
FFC0
FFC0
FFC0
FFC0
FFC0
FFC0
FFC0
FFC0
FFC0
FFC0
FFC0
FFC0
FFC0
FFC0
FFC0
FFC0
FFC0
FFC0
FFC0
FFC0
ENDCHAR
STARTCHAR uni2599
ENCODING 9625
SWIDTH 600 0
DWIDTH 19 0
BBX 19 42 0 -11
BITMAP
FFC000
FFC000
FFC000
FFC000
FFC000
FFC000
FFC000
FFC000
FFC000
FFC000
FFC000
FFC000
FFC000
FFC000
FFC000
FFC000
FFC000
FFC000
FFC000
FFC000
FFC000
FFFFE0
FFFFE0
FFFFE0
FFFFE0
FFFFE0
FFFFE0
FFFFE0
FFFFE0
FFFFE0
FFFFE0
FFFFE0
FFFFE0
FFFFE0
FFFFE0
FFFFE0
FFFFE0
FFFFE0
FFFFE0
FFFFE0
FFFFE0
FFFFE0
ENDCHAR
STARTCHAR uni259A
ENCODING 9626
SWIDTH 600 0
DWIDTH 19 0
BBX 19 42 0 -11
BITMAP
FFC000
FFC000
FFC000
FFC000
FFC000
FFC000
FFC000
FFC000
FFC000
FFC000
FFC000
FFC000
FFC000
FFC000
FFC000
FFC000
FFC000
FFC000
FFC000
FFC000
FFC000
007FE0
007FE0
007FE0
007FE0
007FE0
007FE0
007FE0
007FE0
007FE0
007FE0
007FE0
007FE0
007FE0
007FE0
007FE0
007FE0
007FE0
007FE0
007FE0
007FE0
007FE0
ENDCHAR
STARTCHAR uni259B
ENCODING 9627
SWIDTH 600 0
DWIDTH 19 0
BBX 19 42 0 -11
BITMAP
FFFFE0
FFFFE0
FFFFE0
FFFFE0
FFFFE0
FFFFE0
FFFFE0
FFFFE0
FFFFE0
FFFFE0
FFFFE0
FFFFE0
FFFFE0
FFFFE0
FFFFE0
FFFFE0
FFFFE0
FFFFE0
FFFFE0
FFFFE0
FFFFE0
FFC000
FFC000
FFC000
FFC000
FFC000
FFC000
FFC000
FFC000
FFC000
FFC000
FFC000
FFC000
FFC000
FFC000
FFC000
FFC000
FFC000
FFC000
FFC000
FFC000
FFC000
ENDCHAR
STARTCHAR uni259C
ENCODING 9628
SWIDTH 600 0
DWIDTH 19 0
BBX 19 42 0 -11
BITMAP
FFFFE0
FFFFE0
FFFFE0
FFFFE0
FFFFE0
FFFFE0
FFFFE0
FFFFE0
FFFFE0
FFFFE0
FFFFE0
FFFFE0
FFFFE0
FFFFE0
FFFFE0
FFFFE0
FFFFE0
FFFFE0
FFFFE0
FFFFE0
FFFFE0
007FE0
007FE0
007FE0
007FE0
007FE0
007FE0
007FE0
007FE0
007FE0
007FE0
007FE0
007FE0
007FE0
007FE0
007FE0
007FE0
007FE0
007FE0
007FE0
007FE0
007FE0
ENDCHAR
STARTCHAR uni259D
ENCODING 9629
SWIDTH 600 0
DWIDTH 19 0
BBX 10 21 9 10
BITMAP
FFC0
FFC0
FFC0
FFC0
FFC0
FFC0
FFC0
FFC0
FFC0
FFC0
FFC0
FFC0
FFC0
FFC0
FFC0
FFC0
FFC0
FFC0
FFC0
FFC0
FFC0
ENDCHAR
STARTCHAR uni259E
ENCODING 9630
SWIDTH 600 0
DWIDTH 19 0
BBX 19 42 0 -11
BITMAP
003FE0
003FE0
003FE0
003FE0
003FE0
003FE0
003FE0
003FE0
003FE0
003FE0
003FE0
003FE0
003FE0
003FE0
003FE0
003FE0
003FE0
003FE0
003FE0
003FE0
003FE0
FFC000
FFC000
FFC000
FFC000
FFC000
FFC000
FFC000
FFC000
FFC000
FFC000
FFC000
FFC000
FFC000
FFC000
FFC000
FFC000
FFC000
FFC000
FFC000
FFC000
FFC000
ENDCHAR
STARTCHAR uni259F
ENCODING 9631
SWIDTH 600 0
DWIDTH 19 0
BBX 19 42 0 -11
BITMAP
007FE0
007FE0
007FE0
007FE0
007FE0
007FE0
007FE0
007FE0
007FE0
007FE0
007FE0
007FE0
007FE0
007FE0
007FE0
007FE0
007FE0
007FE0
007FE0
007FE0
007FE0
FFFFE0
FFFFE0
FFFFE0
FFFFE0
FFFFE0
FFFFE0
FFFFE0
FFFFE0
FFFFE0
FFFFE0
FFFFE0
FFFFE0
FFFFE0
FFFFE0
FFFFE0
FFFFE0
FFFFE0
FFFFE0
FFFFE0
FFFFE0
FFFFE0
ENDCHAR
STARTCHAR lozenge
ENCODING 9674
SWIDTH 600 0
DWIDTH 19 0
BBX 17 22 1 0
BITMAP
01C000
03E000
036000
077000
0E3800
0C1800
1C1C00
380E00
380600
700700
600300
E00380
700700
380600
380E00
1C1C00
0C1800
0E3800
077000
036000
03E000
01C000
ENDCHAR
STARTCHAR uni2713
ENCODING 10003
SWIDTH 600 0
DWIDTH 19 0
BBX 18 23 1 0
BITMAP
000180
0001C0
000180
000380
000300
000700
000700
600600
E00E00
700C00
701C00
301C00
381800
183800
1C3000
1C7000
0C7000
0E6000
0EE000
06C000
07C000
03C000
038000
ENDCHAR
STARTCHAR uni274C
ENCODING 10060
SWIDTH 600 0
DWIDTH 19 0
BBX 17 22 1 0
BITMAP
200200
E00380
700700
380E00
1C1C00
1C1C00
0E3800
077000
077000
03E000
01C000
01C000
03E000
077000
0E3800
0E3800
1C1C00
380E00
380E00
700700
E00380
200200
ENDCHAR
STARTCHAR uni2B0E
ENCODING 11022
SWIDTH 600 0
DWIDTH 19 0
BBX 17 16 1 3
BITMAP
FFF000
FFF000
007000
007000
007000
007000
007000
007000
047180
0E3380
073700
03AE00
01FC00
00F800
007000
002000
ENDCHAR
STARTCHAR uni2B0F
ENCODING 11023
SWIDTH 600 0
DWIDTH 19 0
BBX 17 16 1 4
BITMAP
002000
007000
00F800
01FC00
03AE00
073700
0E7380
047180
007000
007000
007000
007000
007000
007000
FFF000
FFF000
ENDCHAR
STARTCHAR uni2B10
ENCODING 11024
SWIDTH 600 0
DWIDTH 19 0
BBX 17 16 1 3
BITMAP
07FF80
07FF80
070000
070000
070000
070000
070000
070000
C71000
E73800
767000
3AE000
1FC000
0F8000
070000
020000
ENDCHAR
STARTCHAR uni2B11
ENCODING 11025
SWIDTH 600 0
DWIDTH 19 0
BBX 17 16 1 4
BITMAP
020000
070000
0F8000
1FC000
3AE000
767000
E63800
C71000
070000
070000
070000
070000
070000
070000
07FF80
07FF80
ENDCHAR
STARTCHAR dieresisacute
ENCODING 63191
SWIDTH 0 0
DWIDTH 19 0
BBX 10 10 -5 19
BITMAP
0380
0300
0700
0600
0C00
0400
E1C0
F3C0
F3C0
E1C0
ENDCHAR
STARTCHAR dieresisgrave
ENCODING 63192
SWIDTH 0 0
DWIDTH 19 0
BBX 10 10 -5 19
BITMAP
7000
3000
3800
1800
0C00
0800
E1C0
F3C0
F3C0
E1C0
ENDCHAR
STARTCHAR fi
ENCODING 64257
SWIDTH 600 0
DWIDTH 19 0
BBX 16 24 1 0
BITMAP
0FCE
1FCF
380F
380E
3800
3800
3800
FFFE
FFFE
380E
380E
380E
380E
380E
380E
380E
380E
380E
380E
380E
380E
380E
380E
380E
ENDCHAR
STARTCHAR fl
ENCODING 64258
SWIDTH 600 0
DWIDTH 19 0
BBX 15 24 1 0
BITMAP
0FCE
1FCE
380E
380E
380E
380E
380E
FFCE
FFCE
380E
380E
380E
380E
380E
380E
380E
380E
380E
380E
380E
380E
380E
380E
380E
ENDCHAR
STARTCHAR .notdef
ENCODING -1
SWIDTH 600 0
DWIDTH 19 0
BBX 17 25 1 0
BITMAP
FFFF80
FFFF80
C00180
C00180
C00180
C00180
C00180
C00180
C00180
C00180
C00180
C00180
C00180
C00180
C00180
C00180
C00180
C00180
C00180
C00180
C00180
C00180
C00180
FFFF80
FFFF80
ENDCHAR
STARTCHAR a.alt01
ENCODING -1
SWIDTH 600 0
DWIDTH 19 0
BBX 14 17 2 0
BITMAP
0F9C
3FDC
783C
701C
E01C
E01C
E01C
E01C
E01C
E01C
E01C
E01C
E01C
701C
783C
3FDC
0F9C
ENDCHAR
STARTCHAR g.alt01
ENCODING -1
SWIDTH 600 0
DWIDTH 19 0
BBX 14 23 2 -6
BITMAP
0F9C
3FDC
783C
701C
E01C
E01C
E01C
E01C
E01C
E01C
E01C
E01C
E01C
701C
783C
3FDC
0F9C
001C
001C
2018
7078
7FF0
1FC0
ENDCHAR
STARTCHAR g.alt02
ENCODING -1
SWIDTH 600 0
DWIDTH 19 0
BBX 16 23 2 -6
BITMAP
07FF
1FFF
3838
701C
701C
701C
701C
7018
3838
1FF0
0FC0
3000
7000
7000
3FF8
1FFE
600F
E007
C007
E007
F00E
7FFC
1FF0
ENDCHAR
STARTCHAR zero.alt01
ENCODING -1
SWIDTH 600 0
DWIDTH 19 0
BBX 15 22 2 0
BITMAP
07C0
1FF0
3838
701C
600C
E00E
E01E
E03E
C06E
C0C6
C186
C306
C606
EC06
F80E
F00E
F00E
600C
701C
3838
1FF0
07E0
ENDCHAR
STARTCHAR zero.alt02
ENCODING -1
SWIDTH 600 0
DWIDTH 19 0
BBX 15 22 2 0
BITMAP
07C0
1FF0
3838
701C
600C
E00E
E00E
E00E
E00E
E00E
E00E
E00E
E00E
E00E
E00E
E00E
E00E
600C
701C
3838
1FF0
07E0
ENDCHAR
STARTCHAR aacute.alt01
ENCODING -1
SWIDTH 600 0
DWIDTH 19 0
BBX 14 25 2 0
BITMAP
00C0
00E0
01C0
0180
0380
0100
0000
0000
0F9C
3FDC
783C
701C
E01C
E01C
E01C
E01C
E01C
E01C
E01C
E01C
E01C
701C
783C
3FDC
0F9C
ENDCHAR
STARTCHAR abreve.alt01
ENCODING -1
SWIDTH 600 0
DWIDTH 19 0
BBX 14 24 2 0
BITMAP
3838
1830
1C70
0FE0
07C0
0000
0000
0F9C
3FDC
783C
701C
E01C
E01C
E01C
E01C
E01C
E01C
E01C
E01C
E01C
701C
783C
3FDC
0F9C
ENDCHAR
STARTCHAR acircumflex.alt01
ENCODING -1
SWIDTH 600 0
DWIDTH 19 0
BBX 14 25 2 0
BITMAP
0380
07C0
0EE0
1C70
1830
3018
0000
0000
0F9C
3FDC
783C
701C
E01C
E01C
E01C
E01C
E01C
E01C
E01C
E01C
E01C
701C
783C
3FDC
0F9C
ENDCHAR
STARTCHAR adieresis.alt01
ENCODING -1
SWIDTH 600 0
DWIDTH 19 0
BBX 14 23 2 0
BITMAP
1C70
1C70
1C70
0000
0000
0000
0F9C
3FDC
783C
701C
E01C
E01C
E01C
E01C
E01C
E01C
E01C
E01C
E01C
701C
783C
3FDC
0F9C
ENDCHAR
STARTCHAR uni1EA1.alt01
ENCODING -1
SWIDTH 600 0
DWIDTH 19 0
BBX 14 23 2 -6
BITMAP
0F9C
3FDC
783C
701C
E01C
E01C
E01C
E01C
E01C
E01C
E01C
E01C
E01C
701C
783C
3FDC
0F9C
0000
0000
0300
0780
0780
0300
ENDCHAR
STARTCHAR agrave.alt01
ENCODING -1
SWIDTH 600 0
DWIDTH 19 0
BBX 14 25 2 0
BITMAP
0600
0E00
0700
0300
0380
0100
0000
0000
0F9C
3FDC
783C
701C
E01C
E01C
E01C
E01C
E01C
E01C
E01C
E01C
E01C
701C
783C
3FDC
0F9C
ENDCHAR
STARTCHAR uni1EA3.alt01
ENCODING -1
SWIDTH 600 0
DWIDTH 19 0
BBX 14 25 2 0
BITMAP
0FC0
0FC0
00C0
0180
0180
0300
0000
0000
0F9C
3FDC
783C
701C
E01C
E01C
E01C
E01C
E01C
E01C
E01C
E01C
E01C
701C
783C
3FDC
0F9C
ENDCHAR
STARTCHAR amacron.alt01
ENCODING -1
SWIDTH 600 0
DWIDTH 19 0
BBX 14 21 2 0
BITMAP
1FF0
1FF0
0000
0000
0F9C
3FDC
783C
701C
E01C
E01C
E01C
E01C
E01C
E01C
E01C
E01C
E01C
701C
783C
3FDC
0F9C
ENDCHAR
STARTCHAR aogonek.alt01
ENCODING -1
SWIDTH 600 0
DWIDTH 19 0
BBX 15 23 2 -6
BITMAP
0F9C
3FDC
783C
701C
E01C
E01C
E01C
E01C
E01C
E01C
E01C
E01C
E01C
701C
783C
3FDC
0F9C
0018
0070
00E0
00E4
00FE
007C
ENDCHAR
STARTCHAR aring.alt01
ENCODING -1
SWIDTH 600 0
DWIDTH 19 0
BBX 14 26 2 0
BITMAP
0380
07C0
0C60
0C60
0C60
0C60
07C0
0380
0000
0F9C
3FDC
783C
701C
E01C
E01C
E01C
E01C
E01C
E01C
E01C
E01C
E01C
701C
783C
3FDC
0F9C
ENDCHAR
STARTCHAR aringacute.alt01
ENCODING -1
SWIDTH 600 0
DWIDTH 19 0
BBX 14 32 2 0
BITMAP
0080
00E0
00C0
0180
0100
0000
0380
07C0
0C60
0C60
0C60
0C60
07C0
0380
0000
0F9C
3FDC
783C
701C
E01C
E01C
E01C
E01C
E01C
E01C
E01C
E01C
E01C
701C
783C
3FDC
0F9C
ENDCHAR
STARTCHAR atilde.alt01
ENCODING -1
SWIDTH 600 0
DWIDTH 19 0
BBX 14 23 2 0
BITMAP
0E10
1F18
31F0
20E0
0000
0000
0F9C
3FDC
783C
701C
E01C
E01C
E01C
E01C
E01C
E01C
E01C
E01C
E01C
701C
783C
3FDC
0F9C
ENDCHAR
STARTCHAR uni1EAF.alt01
ENCODING -1
SWIDTH 600 0
DWIDTH 19 0
BBX 14 29 2 0
BITMAP
00C0
00E0
01C0
0180
0300
3330
3030
3860
1FE0
0780
0000
0000
0F9C
3FDC
783C
701C
E01C
E01C
E01C
E01C
E01C
E01C
E01C
E01C
E01C
701C
783C
3FDC
0F9C
ENDCHAR
STARTCHAR uni1EB7.alt01
ENCODING -1
SWIDTH 600 0
DWIDTH 19 0
BBX 14 30 2 -6
BITMAP
3838
1830
1C70
0FE0
07C0
0000
0000
0F9C
3FDC
783C
701C
E01C
E01C
E01C
E01C
E01C
E01C
E01C
E01C
E01C
701C
783C
3FDC
0F9C
0000
0000
0300
0780
0780
0300
ENDCHAR
STARTCHAR uni1EB1.alt01
ENCODING -1
SWIDTH 600 0
DWIDTH 19 0
BBX 14 29 2 0
BITMAP
0C00
1C00
0E00
0600
0300
3330
3030
3860
1FE0
0780
0000
0000
0F9C
3FDC
783C
701C
E01C
E01C
E01C
E01C
E01C
E01C
E01C
E01C
E01C
701C
783C
3FDC
0F9C
ENDCHAR
STARTCHAR uni1EB3.alt01
ENCODING -1
SWIDTH 600 0
DWIDTH 19 0
BBX 14 29 2 0
BITMAP
0F80
0FC0
0180
0180
0300
3330
3030
3860
1FE0
0780
0000
0000
0F9C
3FDC
783C
701C
E01C
E01C
E01C
E01C
E01C
E01C
E01C
E01C
E01C
701C
783C
3FDC
0F9C
ENDCHAR
STARTCHAR uni1EB5.alt01
ENCODING -1
SWIDTH 600 0
DWIDTH 19 0
BBX 14 29 2 0
BITMAP
1C10
3F30
33F0
20E0
0000
3030
3030
3870
1FE0
0780
0000
0000
0F9C
3FDC
783C
701C
E01C
E01C
E01C
E01C
E01C
E01C
E01C
E01C
E01C
701C
783C
3FDC
0F9C
ENDCHAR
STARTCHAR uni1EA5.alt01
ENCODING -1
SWIDTH 600 0
DWIDTH 19 0
BBX 15 29 2 0
BITMAP
0006
000E
000C
001C
0798
0FF0
0CC0
1CE0
3870
1020
0000
0000
0F9C
3FDC
783C
701C
E01C
E01C
E01C
E01C
E01C
E01C
E01C
E01C
E01C
701C
783C
3FDC
0F9C
ENDCHAR
STARTCHAR uni1EAD.alt01
ENCODING -1
SWIDTH 600 0
DWIDTH 19 0
BBX 14 31 2 -6
BITMAP
0380
07C0
0EE0
1C70
1830
3018
0000
0000
0F9C
3FDC
783C
701C
E01C
E01C
E01C
E01C
E01C
E01C
E01C
E01C
E01C
701C
783C
3FDC
0F9C
0000
0000
0300
0780
0780
0300
ENDCHAR
STARTCHAR uni1EA7.alt01
ENCODING -1
SWIDTH 600 0
DWIDTH 19 0
BBX 15 29 1 0
BITMAP
4000
E000
6000
7000
33C0
1FE0
0660
0E70
1C38
0810
0000
0000
07CE
1FEE
3C1E
380E
700E
700E
700E
700E
700E
700E
700E
700E
700E
380E
3C1E
1FEE
07CE
ENDCHAR
STARTCHAR uni1EA9.alt01
ENCODING -1
SWIDTH 600 0
DWIDTH 19 0
BBX 14 30 2 0
BITMAP
007C
007C
000C
000C
0018
0798
0FC0
0CC0
1CE0
3870
1020
0000
0000
0F9C
3FDC
783C
701C
E01C
E01C
E01C
E01C
E01C
E01C
E01C
E01C
E01C
701C
783C
3FDC
0F9C
ENDCHAR
STARTCHAR uni1EAB.alt01
ENCODING -1
SWIDTH 600 0
DWIDTH 19 0
BBX 14 29 2 0
BITMAP
1C10
3F30
33F0
20E0
0000
0780
0FC0
1CE0
3870
3020
0000
0000
0F9C
3FDC
783C
701C
E01C
E01C
E01C
E01C
E01C
E01C
E01C
E01C
E01C
701C
783C
3FDC
0F9C
ENDCHAR
STARTCHAR gbreve.alt01
ENCODING -1
SWIDTH 600 0
DWIDTH 19 0
BBX 14 30 2 -6
BITMAP
3838
1830
1C70
0FE0
07C0
0000
0000
0F9C
3FDC
783C
701C
E01C
E01C
E01C
E01C
E01C
E01C
E01C
E01C
E01C
701C
783C
3FDC
0F9C
001C
001C
2018
7078
7FF0
1FC0
ENDCHAR
STARTCHAR gcircumflex.alt01
ENCODING -1
SWIDTH 600 0
DWIDTH 19 0
BBX 14 31 2 -6
BITMAP
0380
07C0
0EE0
1C70
1830
3018
0000
0000
0F9C
3FDC
783C
701C
E01C
E01C
E01C
E01C
E01C
E01C
E01C
E01C
E01C
701C
783C
3FDC
0F9C
001C
001C
2018
7078
7FF0
1FC0
ENDCHAR
STARTCHAR gcommaaccent.alt01
ENCODING -1
SWIDTH 600 0
DWIDTH 19 0
BBX 14 31 2 -6
BITMAP
00C0
01C0
01C0
01C0
0380
0380
0000
0000
0F9C
3FDC
783C
701C
E01C
E01C
E01C
E01C
E01C
E01C
E01C
E01C
E01C
701C
783C
3FDC
0F9C
001C
001C
2018
7078
7FF0
1FC0
ENDCHAR
STARTCHAR gdotaccent.alt01
ENCODING -1
SWIDTH 600 0
DWIDTH 19 0
BBX 14 29 2 -6
BITMAP
0380
07C0
0780
0380
0000
0000
0F9C
3FDC
783C
701C
E01C
E01C
E01C
E01C
E01C
E01C
E01C
E01C
E01C
701C
783C
3FDC
0F9C
001C
001C
2018
7078
7FF0
1FC0
ENDCHAR
STARTCHAR germandbls.alt01
ENCODING -1
SWIDTH 600 0
DWIDTH 19 0
BBX 17 24 1 0
BITMAP
03E000
0FF800
1E1C00
180C00
380E00
380E00
380E00
F83E00
F8FE00
38E000
39C000
39C000
39C000
39E000
38F800
387E00
380F00
380380
380180
380180
390180
3BC380
39FF00
387E00
ENDCHAR
STARTCHAR uni0430.alt01
ENCODING -1
SWIDTH 600 0
DWIDTH 19 0
BBX 14 17 2 0
BITMAP
0F9C
3FDC
783C
701C
E01C
E01C
E01C
E01C
E01C
E01C
E01C
E01C
E01C
701C
783C
3FDC
0F9C
ENDCHAR
STARTCHAR uni04D3.alt01
ENCODING -1
SWIDTH 600 0
DWIDTH 19 0
BBX 14 23 2 0
BITMAP
1C70
1C70
1C70
0000
0000
0000
0F9C
3FDC
783C
701C
E01C
E01C
E01C
E01C
E01C
E01C
E01C
E01C
E01C
701C
783C
3FDC
0F9C
ENDCHAR
STARTCHAR uni04D1.alt01
ENCODING -1
SWIDTH 600 0
DWIDTH 19 0
BBX 14 25 2 0
BITMAP
0820
3838
1830
1C70
0FE0
07C0
0000
0000
0F9C
3FDC
783C
701C
E01C
E01C
E01C
E01C
E01C
E01C
E01C
E01C
E01C
701C
783C
3FDC
0F9C
ENDCHAR
STARTCHAR zero.numr
ENCODING -1
SWIDTH 600 0
DWIDTH 19 0
BBX 9 11 5 11
BITMAP
3E00
7F00
6300
C180
C980
C980
C180
C180
6300
7F00
3E00
ENDCHAR
STARTCHAR one.numr
ENCODING -1
SWIDTH 600 0
DWIDTH 19 0
BBX 9 11 5 11
BITMAP
1C00
FC00
6C00
0C00
0C00
0C00
0C00
0C00
0C00
7F80
7F80
ENDCHAR
STARTCHAR two.numr
ENCODING -1
SWIDTH 600 0
DWIDTH 19 0
BBX 9 11 5 11
BITMAP
3E00
7F00
6300
C300
0300
0600
0C00
3800
7000
7F80
7F80
ENDCHAR
STARTCHAR three.numr
ENCODING -1
SWIDTH 600 0
DWIDTH 19 0
BBX 8 11 5 11
BITMAP
3E
7F
63
03
1E
1E
03
43
E3
7F
3E
ENDCHAR
STARTCHAR four.numr
ENCODING -1
SWIDTH 600 0
DWIDTH 19 0
BBX 9 11 5 11
BITMAP
0E00
0E00
1E00
3600
2600
6600
C600
FF80
FF80
0600
0600
ENDCHAR
STARTCHAR five.numr
ENCODING -1
SWIDTH 600 0
DWIDTH 19 0
BBX 8 11 6 11
BITMAP
FE
FE
C0
C0
DC
FE
C7
83
C6
FE
7C
ENDCHAR
STARTCHAR six.numr
ENCODING -1
SWIDTH 600 0
DWIDTH 19 0
BBX 9 11 5 11
BITMAP
0E00
1800
3000
7000
6E00
7F00
E380
C180
6300
7F00
3E00
ENDCHAR
STARTCHAR seven.numr
ENCODING -1
SWIDTH 600 0
DWIDTH 19 0
BBX 7 11 6 11
BITMAP
FE
FE
86
86
0C
0C
18
18
38
30
70
ENDCHAR
STARTCHAR eight.numr
ENCODING -1
SWIDTH 600 0
DWIDTH 19 0
BBX 9 11 5 11
BITMAP
3E00
7F00
6300
6300
3E00
3F00
6300
C180
6300
7F00
3E00
ENDCHAR
STARTCHAR nine.numr
ENCODING -1
SWIDTH 600 0
DWIDTH 19 0
BBX 9 11 5 11
BITMAP
3E00
7F00
6300
C180
E380
7D00
3B00
0300
0600
0C00
3800
ENDCHAR
STARTCHAR zero.dnom
ENCODING -1
SWIDTH 600 0
DWIDTH 19 0
BBX 9 11 5 0
BITMAP
3E00
7F00
6300
C180
C180
C980
C980
C180
6300
7F00
3E00
ENDCHAR
STARTCHAR one.dnom
ENCODING -1
SWIDTH 600 0
DWIDTH 19 0
BBX 9 11 5 0
BITMAP
1C00
FC00
6C00
0C00
0C00
0C00
0C00
0C00
0C00
7F80
7F80
ENDCHAR
STARTCHAR two.dnom
ENCODING -1
SWIDTH 600 0
DWIDTH 19 0
BBX 9 11 5 0
BITMAP
3E00
7F00
6300
C300
0300
0600
0C00
3800
7000
7F80
7F80
ENDCHAR
STARTCHAR three.dnom
ENCODING -1
SWIDTH 600 0
DWIDTH 19 0
BBX 8 11 5 0
BITMAP
3E
7F
63
03
1E
1E
03
43
E3
7F
3E
ENDCHAR
STARTCHAR four.dnom
ENCODING -1
SWIDTH 600 0
DWIDTH 19 0
BBX 9 11 5 0
BITMAP
0E00
0E00
1E00
3600
2600
6600
C600
FF80
FF80
0600
0600
ENDCHAR
STARTCHAR five.dnom
ENCODING -1
SWIDTH 600 0
DWIDTH 19 0
BBX 8 11 6 0
BITMAP
FE
FE
C0
C0
DC
FE
C7
83
C6
FE
7C
ENDCHAR
STARTCHAR six.dnom
ENCODING -1
SWIDTH 600 0
DWIDTH 19 0
BBX 9 11 5 0
BITMAP
0E00
1800
3000
7000
6E00
7F00
E380
C180
6300
7F00
3E00
ENDCHAR
STARTCHAR seven.dnom
ENCODING -1
SWIDTH 600 0
DWIDTH 19 0
BBX 7 11 6 0
BITMAP
FE
FE
86
86
0C
0C
18
18
38
30
70
ENDCHAR
STARTCHAR eight.dnom
ENCODING -1
SWIDTH 600 0
DWIDTH 19 0
BBX 9 11 5 0
BITMAP
3E00
7F00
6300
6300
3E00
3F00
6300
C180
6300
7F00
3E00
ENDCHAR
STARTCHAR nine.dnom
ENCODING -1
SWIDTH 600 0
DWIDTH 19 0
BBX 9 11 5 0
BITMAP
3E00
7F00
6300
C180
E380
7D00
3B00
0300
0600
0C00
3800
ENDCHAR
STARTCHAR tilde.alt01
ENCODING -1
SWIDTH 600 0
DWIDTH 19 0
BBX 9 3 5 19
BITMAP
7880
FF80
8F00
ENDCHAR
STARTCHAR breve.cyrl
ENCODING -1
SWIDTH 600 0
DWIDTH 19 0
BBX 11 6 4 19
BITMAP
2080
E0E0
60C0
71C0
3F80
1F00
ENDCHAR
STARTCHAR ringacute
ENCODING -1
SWIDTH 600 0
DWIDTH 19 0
BBX 7 14 6 18
BITMAP
08
0E
0C
18
10
00
38
7C
C6
C6
C6
C6
7C
38
ENDCHAR
STARTCHAR breveacute
ENCODING -1
SWIDTH 0 0
DWIDTH 19 0
BBX 10 10 -5 19
BITMAP
0300
0380
0700
0600
0C00
CCC0
C0C0
E180
7F80
1E00
ENDCHAR
STARTCHAR brevegrave
ENCODING -1
SWIDTH 0 0
DWIDTH 19 0
BBX 10 10 -5 19
BITMAP
3000
7000
3800
1800
0C00
CCC0
C0C0
E180
7F80
1E00
ENDCHAR
STARTCHAR brevehook
ENCODING -1
SWIDTH 0 0
DWIDTH 19 0
BBX 10 10 -5 19
BITMAP
3E00
3F00
0600
0600
0C00
CCC0
C0C0
E180
7F80
1E00
ENDCHAR
STARTCHAR brevetilde
ENCODING -1
SWIDTH 0 0
DWIDTH 19 0
BBX 10 10 -5 19
BITMAP
7040
FCC0
CFC0
8380
0000
C0C0
C0C0
E1C0
7F80
1E00
ENDCHAR
STARTCHAR dieresiscaron
ENCODING -1
SWIDTH 0 0
DWIDTH 19 0
BBX 10 11 -5 19
BITMAP
8080
C0C0
6180
3300
3F00
1E00
0000
E1C0
F3C0
F3C0
E1C0
ENDCHAR
STARTCHAR circumflexacute
ENCODING -1
SWIDTH 0 0
DWIDTH 19 0
BBX 13 10 -5 19
BITMAP
0018
0038
0030
0070
1E60
3FC0
3300
7380
E1C0
4080
ENDCHAR
STARTCHAR circumflexbreve
ENCODING -1
SWIDTH 0 0
DWIDTH 19 0
BBX 10 9 -5 19
BITMAP
C0C0
E1C0
7F80
1E00
0000
1E00
3F00
6180
C0C0
ENDCHAR
STARTCHAR circumflexgrave
ENCODING -1
SWIDTH 0 0
DWIDTH 19 0
BBX 13 10 -8 19
BITMAP
4000
E000
6000
7000
33C0
1FE0
0660
0E70
1C38
0810
ENDCHAR
STARTCHAR circumflexhook
ENCODING -1
SWIDTH 0 0
DWIDTH 19 0
BBX 12 11 -5 19
BITMAP
01F0
01F0
0030
0030
0060
1E60
3F00
3300
7380
E1C0
4080
ENDCHAR
STARTCHAR dieresismacron
ENCODING -1
SWIDTH 0 0
DWIDTH 19 0
BBX 10 8 -5 19
BITMAP
7F80
7F80
0000
0000
E1C0
F3C0
F3C0
E1C0
ENDCHAR
STARTCHAR circumflextilde
ENCODING -1
SWIDTH 0 0
DWIDTH 19 0
BBX 10 10 -5 19
BITMAP
7040
FCC0
CFC0
8380
0000
1E00
3F00
7380
E1C0
C080
ENDCHAR
STARTCHAR tilde.case
ENCODING -1
SWIDTH 600 0
DWIDTH 19 0
BBX 11 4 4 25
BITMAP
3840
7C60
C7C0
8380
ENDCHAR
STARTCHAR tilde.alt01.case
ENCODING -1
SWIDTH 600 0
DWIDTH 19 0
BBX 9 3 5 25
BITMAP
7880
FF80
8F00
ENDCHAR
STARTCHAR macron.case
ENCODING -1
SWIDTH 600 0
DWIDTH 19 0
BBX 9 2 5 26
BITMAP
FF80
FF80
ENDCHAR
STARTCHAR dotaccent.case
ENCODING -1
SWIDTH 600 0
DWIDTH 19 0
BBX 5 4 7 25
BITMAP
70
F8
F0
70
ENDCHAR
STARTCHAR dieresis.case
ENCODING -1
SWIDTH 600 0
DWIDTH 19 0
BBX 9 4 5 25
BITMAP
E380
E380
E380
E380
ENDCHAR
STARTCHAR hungarumlaut.case
ENCODING -1
SWIDTH 600 0
DWIDTH 19 0
BBX 10 6 6 24
BITMAP
3180
39C0
7380
6300
C600
C600
ENDCHAR
STARTCHAR acute.case
ENCODING -1
SWIDTH 600 0
DWIDTH 19 0
BBX 5 6 8 24
BITMAP
30
38
70
60
E0
40
ENDCHAR
STARTCHAR grave.case
ENCODING -1
SWIDTH 600 0
DWIDTH 19 0
BBX 5 6 6 24
BITMAP
60
E0
70
30
38
10
ENDCHAR
STARTCHAR circumflex.case
ENCODING -1
SWIDTH 600 0
DWIDTH 19 0
BBX 11 6 4 24
BITMAP
0E00
1F00
3B80
71C0
60C0
C060
ENDCHAR
STARTCHAR caron.case
ENCODING -1
SWIDTH 600 0
DWIDTH 19 0
BBX 11 6 4 25
BITMAP
4040
E0E0
71C0
3B80
1F00
0E00
ENDCHAR
STARTCHAR breve.case
ENCODING -1
SWIDTH 600 0
DWIDTH 19 0
BBX 11 5 4 24
BITMAP
E0E0
60C0
71C0
3F80
1F00
ENDCHAR
STARTCHAR breve.cyrl_case
ENCODING -1
SWIDTH 600 0
DWIDTH 19 0
BBX 11 6 4 24
BITMAP
6080
E0E0
60C0
71C0
3F80
1F00
ENDCHAR
STARTCHAR ring.case
ENCODING -1
SWIDTH 600 0
DWIDTH 19 0
BBX 7 8 6 24
BITMAP
38
7C
C6
C6
C6
C6
7C
38
ENDCHAR
STARTCHAR ringacute.case
ENCODING -1
SWIDTH 600 0
DWIDTH 19 0
BBX 7 13 6 24
BITMAP
0E
0C
18
30
00
38
7C
C6
C6
C6
C6
7C
38
ENDCHAR
STARTCHAR uni0309.case
ENCODING -1
SWIDTH 0 0
DWIDTH 19 0
BBX 6 6 -3 24
BITMAP
FC
FC
0C
18
18
30
ENDCHAR
STARTCHAR breveacute.case
ENCODING -1
SWIDTH 0 0
DWIDTH 19 0
BBX 10 10 -5 24
BITMAP
0300
0380
0700
0600
0C00
CCC0
C0C0
E180
7F80
1E00
ENDCHAR
STARTCHAR brevegrave.case
ENCODING -1
SWIDTH 0 0
DWIDTH 19 0
BBX 10 10 -5 24
BITMAP
3000
7000
3800
1800
0C00
CCC0
C0C0
E180
7F80
1E00
ENDCHAR
STARTCHAR brevehook.case
ENCODING -1
SWIDTH 0 0
DWIDTH 19 0
BBX 10 10 -5 24
BITMAP
3E00
3F00
0600
0600
0C00
CCC0
C0C0
E180
7F80
1E00
ENDCHAR
STARTCHAR brevetilde.case
ENCODING -1
SWIDTH 0 0
DWIDTH 19 0
BBX 10 10 -5 24
BITMAP
7040
FCC0
CFC0
8380
0000
C0C0
C0C0
E1C0
7F80
1E00
ENDCHAR
STARTCHAR dieresisacute.case
ENCODING -1
SWIDTH 0 0
DWIDTH 19 0
BBX 10 10 -5 25
BITMAP
0380
0300
0700
0600
0C00
0400
E1C0
F3C0
F3C0
E1C0
ENDCHAR
STARTCHAR dieresiscaron.case
ENCODING -1
SWIDTH 0 0
DWIDTH 19 0
BBX 10 11 -5 25
BITMAP
8080
C0C0
6180
3300
3F00
1E00
0000
E1C0
F3C0
F3C0
E1C0
ENDCHAR
STARTCHAR dieresisgrave.case
ENCODING -1
SWIDTH 0 0
DWIDTH 19 0
BBX 10 10 -5 25
BITMAP
7000
3000
3800
1800
0C00
0800
E1C0
F3C0
F3C0
E1C0
ENDCHAR
STARTCHAR circumflexacute.case
ENCODING -1
SWIDTH 0 0
DWIDTH 19 0
BBX 13 10 -5 24
BITMAP
0018
0038
0030
0070
1E60
3FC0
3300
7380
E1C0
4080
ENDCHAR
STARTCHAR circumflexbreve.case
ENCODING -1
SWIDTH 0 0
DWIDTH 19 0
BBX 10 9 -5 24
BITMAP
C0C0
E1C0
7F80
1E00
0000
1E00
3F00
6180
C0C0
ENDCHAR
STARTCHAR circumflexgrave.case
ENCODING -1
SWIDTH 0 0
DWIDTH 19 0
BBX 13 10 -8 24
BITMAP
4000
E000
6000
7000
33C0
1FE0
0660
0E70
1C38
0810
ENDCHAR
STARTCHAR circumflexhook.case
ENCODING -1
SWIDTH 0 0
DWIDTH 19 0
BBX 12 10 -5 24
BITMAP
01F0
01F0
0030
0030
1E60
3F40
3300
7380
E1C0
4080
ENDCHAR
STARTCHAR dieresismacron.case
ENCODING -1
SWIDTH 0 0
DWIDTH 19 0
BBX 10 8 -5 25
BITMAP
7F80
7F80
0000
0000
E1C0
F3C0
F3C0
E1C0
ENDCHAR
STARTCHAR circumflextilde.case
ENCODING -1
SWIDTH 0 0
DWIDTH 19 0
BBX 10 10 -5 24
BITMAP
7040
FCC0
CFC0
8380
0000
1E00
3F00
7380
E1C0
C080
ENDCHAR
ENDFONT
