STARTFONT 2.1
FONT -FontForge-Lexend-Book-R-Normal--64-610-75-75-P-340-ISO10646-1
SIZE 61 75 75
FONTBOUNDINGBOX 102 85 -13 -16
COMMENT "Generated by fontforge, http://fontforge.sourceforge.net"
COMMENT "Copyright 2019 The Lexend Project Authors (https://github.com/googlefonts/lexend)"
STARTPROPERTIES 39
FOUNDRY "FontForge"
FAMILY_NAME "Lexend"
WEIGHT_NAME "Book"
SLANT "R"
SETWIDTH_NAME "Normal"
ADD_STYLE_NAME ""
PIXEL_SIZE 64
POINT_SIZE 610
RESOLUTION_X 75
RESOLUTION_Y 75
SPACING "P"
AVERAGE_WIDTH 340
CHARSET_REGISTRY "ISO10646"
CHARSET_ENCODING "1"
FONTNAME_REGISTRY ""
CHARSET_COLLECTIONS "ISO8859-2 ISO8859-9 ISO8859-4 ISO10646-1"
FONT_NAME "Lexend-Regular"
FACE_NAME "Lexend Regular"
COPYRIGHT "Copyright 2019 The Lexend Project Authors (https://github.com/googlefonts/lexend)"
FONT_VERSION "1.007"
FONT_ASCENT 51
FONT_DESCENT 13
UNDERLINE_POSITION -8
UNDERLINE_THICKNESS 4
X_HEIGHT 33
CAP_HEIGHT 44
RAW_ASCENT 800
RAW_DESCENT 200
NORM_SPACE 18
RELATIVE_WEIGHT 40
RELATIVE_SETWIDTH 50
SUPERSCRIPT_X 0
SUPERSCRIPT_Y 22
SUPERSCRIPT_SIZE 38
SUBSCRIPT_X 0
SUBSCRIPT_Y 4
SUBSCRIPT_SIZE 38
AVG_LOWERCASE_WIDTH 357
AVG_UPPERCASE_WIDTH 454
ENDPROPERTIES
CHARS 845
STARTCHAR CR
ENCODING 13
SWIDTH 277 0
DWIDTH 18 0
BBX 1 1 0 0
BITMAP
00
ENDCHAR
STARTCHAR space
ENCODING 32
SWIDTH 280 0
DWIDTH 18 0
BBX 1 1 0 0
BITMAP
00
ENDCHAR
STARTCHAR exclam
ENCODING 33
SWIDTH 236 0
DWIDTH 15 0
BBX 9 46 3 -1
BITMAP
7F00
7F00
7F00
7F00
7F00
7F00
7F00
7F00
7F00
7F00
7F00
7F00
7F00
7F00
7F00
7F00
7F00
7E00
3E00
3E00
3E00
3E00
3E00
3E00
3E00
3E00
3E00
3E00
3E00
1C00
0000
0000
0000
0000
0000
0000
3C00
7F00
FF00
FF80
FF80
FF80
FF00
FF00
7E00
1C00
ENDCHAR
STARTCHAR quotedbl
ENCODING 34
SWIDTH 412 0
DWIDTH 26 0
BBX 23 17 2 28
BITMAP
3F81FE
3F81FC
3F81FC
3F01FC
7F01F8
7F01F8
7E01F8
7E01F0
7E03F0
7C03F0
7C03E0
7C03E0
7C03E0
7803E0
7803C0
F803C0
F003C0
ENDCHAR
STARTCHAR numbersign
ENCODING 35
SWIDTH 678 0
DWIDTH 43 0
BBX 39 45 2 0
BITMAP
000FC007E0
000FC007E0
000FC007E0
000F8007C0
001F800FC0
001F800FC0
001F800FC0
001F800FC0
001F000FC0
001F000F80
003F001F80
3FFFFFFFFE
3FFFFFFFFE
3FFFFFFFFE
3FFFFFFFFE
3FFFFFFFFE
007E003F00
007E003F00
007E003F00
007E003F00
007C003E00
00FC003E00
00FC007E00
00FC007E00
00FC007E00
00FC007E00
00F8007C00
01F800FC00
01F800FC00
FFFFFFFFF8
FFFFFFFFF8
FFFFFFFFF8
FFFFFFFFF8
FFFFFFFFF8
03F001F800
03F001F800
03F001F800
03F001F800
03E001F000
07E003F000
07E003F000
07E003F000
07E003F000
07C003F000
0FC007E000
ENDCHAR
STARTCHAR dollar
ENCODING 36
SWIDTH 624 0
DWIDTH 40 0
BBX 33 56 3 -6
BITMAP
0000FC0000
0000FC0000
0000FC0000
0000FC0000
0000FC0000
000FFF0000
007FFFE000
00FFFFF000
03FFFFFC00
07FFFFFE00
07FFFFFF00
0FF8FFFF00
1FF0FCFF80
1FE0FC7F00
1FC0FC3E00
1FC0FC1C00
3F80FC0800
3F80FC0000
3FC0FC0000
1FC0FC0000
1FE0FC0000
1FF0FC0000
1FF8FC0000
0FFFFC0000
07FFFC0000
07FFFF0000
03FFFFC000
00FFFFF000
007FFFF800
000FFFFC00
0007FFFE00
0007FFFF00
0007E3FF00
0007E0FF80
0007E07F80
0007E03F80
0807E03F80
0C07E03F80
1C07E03F80
3E07E03F80
7F07E03F80
FF87E07F80
7FE7E0FF00
7FFFE1FF00
3FFFFFFE00
1FFFFFFC00
0FFFFFF800
03FFFFF000
01FFFFE000
003FFF0000
0007F00000
0007E00000
0007E00000
0007E00000
0007E00000
0007E00000
ENDCHAR
STARTCHAR percent
ENCODING 37
SWIDTH 839 0
DWIDTH 54 0
BBX 48 46 3 -1
BITMAP
07F800001F80
0FFE00003F80
1FFF00007F00
3FFF80007E00
7FBF8000FE00
7E0FC001FC00
FC07C001F800
FC07E003F800
F807E007F000
F803E007E000
F803E00FE000
F803E01FC000
F803E01F8000
F803E03F8000
F803E07F0000
F807E07E0000
FC07C0FE0000
7C0FC1FC0000
7E1FC1F80000
3FFF83F80000
3FFF07F00000
1FFE07E00F00
0FFC0FE07FC0
03F01FC0FFF0
00001F81FFF8
00003F83FFF8
00007F07F1FC
00007E07E0FC
0000FE07C07E
0001FC0FC03E
0001F80F803E
0003F80F803E
0003F00F803E
0007E00F803F
000FE00F803E
000FC00F803E
001F800F803E
003F800FC03E
003F0007C07E
007E0007E0FC
00FE0003F1FC
00FC0003FFF8
01F80001FFF0
03F80000FFE0
07F000007FC0
000000000E00
ENDCHAR
STARTCHAR ampersand
ENCODING 38
SWIDTH 739 0
DWIDTH 47 0
BBX 42 46 3 -1
BITMAP
0001FFC00000
0007FFF00000
000FFFFC0000
001FFFFE0000
003FFFFF0000
007FFFFF0000
007F807F8000
00FF003F8000
00FE001F0000
00FE000E0000
00FE00080000
00FE00000000
00FE00000000
00FF00000000
00FF00000000
007F80000000
007F80000000
003FC0000000
00FFE0000000
03FFE0000000
07FFF0000000
0FFFF8000000
1FFFFC000000
3FE3FE000000
3FC1FF00FC00
7F80FF80FC00
7F007FC0FC00
7F003FC0FC00
FE001FE1F800
FE000FF1F800
FE0007F9F800
FE0007FFF000
FE0003FFF000
FF0001FFF000
7F0000FFE000
7F80007FC000
7F80003FE000
3FE0007FF000
3FF001FFF000
1FFF9FFFF800
0FFFFFFFFC00
07FFFFFBFE00
03FFFFF1FF00
00FFFFC0FF80
003FFF007FC0
0003E0000000
ENDCHAR
STARTCHAR quotesingle
ENCODING 39
SWIDTH 205 0
DWIDTH 13 0
BBX 9 17 2 28
BITMAP
3F80
3F80
3F80
3F00
7F00
7F00
7E00
7E00
7E00
7C00
7C00
7C00
7C00
7800
7800
F800
F000
ENDCHAR
STARTCHAR parenleft
ENCODING 40
SWIDTH 366 0
DWIDTH 23 0
BBX 19 57 3 -12
BITMAP
000100
000780
000FC0
001FE0
003FC0
007F80
00FF00
01FE00
03FC00
07F800
07F000
0FE000
0FE000
1FC000
1F8000
3F8000
3F0000
7F0000
7F0000
7E0000
FE0000
FE0000
FC0000
FC0000
FC0000
FC0000
FC0000
FC0000
FC0000
FC0000
FC0000
FC0000
FC0000
FC0000
FC0000
FE0000
FE0000
7E0000
7F0000
7F0000
3F0000
3F8000
3F8000
1FC000
1FE000
0FE000
07F000
07F800
03FC00
01FE00
00FF00
007F80
003FE0
001FE0
000FC0
000780
000100
ENDCHAR
STARTCHAR parenright
ENCODING 41
SWIDTH 366 0
DWIDTH 23 0
BBX 20 57 1 -12
BITMAP
180000
1C0000
3E0000
7F8000
FFC000
3FE000
1FF000
0FF800
07F800
03FC00
01FE00
00FE00
007F00
007F00
003F80
001F80
001FC0
001FC0
000FC0
000FE0
0007E0
0007E0
0007E0
0007F0
0007F0
0007F0
0003F0
0003F0
0003F0
0003F0
0003F0
0007F0
0007F0
0007E0
0007E0
0007E0
0007E0
000FE0
000FC0
001FC0
001FC0
001F80
003F80
007F00
007F00
00FE00
01FE00
03FC00
03F800
07F000
1FF000
3FE000
FFC000
7F0000
3E0000
1C0000
100000
ENDCHAR
STARTCHAR asterisk
ENCODING 42
SWIDTH 387 0
DWIDTH 25 0
BBX 21 21 2 24
BITMAP
00F800
00F800
00F800
20F820
30F860
7C79F0
FE7BF0
FFFFF8
3FFFE0
0FFF80
01FE00
07FF00
1FFFC0
7FFFF0
FF7FF8
7C79F0
38F8E0
20F820
00F800
00F800
00F800
ENDCHAR
STARTCHAR plus
ENCODING 43
SWIDTH 591 0
DWIDTH 38 0
BBX 32 31 3 3
BITMAP
000FE000
000FE000
000FE000
000FE000
000FE000
000FE000
000FE000
000FE000
000FE000
000FE000
000FE000
000FE000
000FE000
FFFFFFFF
FFFFFFFF
FFFFFFFF
FFFFFFFF
FFFFFFFF
FFFFFFFF
000FE000
000FE000
000FE000
000FE000
000FE000
000FE000
000FE000
000FE000
000FE000
000FE000
000FE000
000FE000
ENDCHAR
STARTCHAR comma
ENCODING 44
SWIDTH 267 0
DWIDTH 17 0
BBX 11 18 3 -11
BITMAP
1F00
3F80
3FC0
3FE0
3FE0
3FE0
1FE0
0FE0
07E0
07E0
07C0
07C0
0FC0
1F80
3F00
FE00
7C00
3800
ENDCHAR
STARTCHAR hyphen
ENCODING 45
SWIDTH 394 0
DWIDTH 25 0
BBX 19 7 3 15
BITMAP
FFFFE0
FFFFE0
FFFFE0
FFFFE0
FFFFE0
FFFFE0
FFFFE0
ENDCHAR
STARTCHAR period
ENCODING 46
SWIDTH 228 0
DWIDTH 15 0
BBX 9 10 3 -1
BITMAP
3C00
7F00
FF00
FF80
FF80
FF80
FF00
FF00
7E00
1C00
ENDCHAR
STARTCHAR slash
ENCODING 47
SWIDTH 557 0
DWIDTH 36 0
BBX 33 53 1 -8
BITMAP
0000003F80
0000003F00
0000007F00
0000007E00
000000FE00
000000FC00
000001FC00
000001F800
000003F800
000003F000
000007F000
000007E000
00000FE000
00000FC000
00001FC000
00001F8000
00003F8000
00003F0000
00007F0000
00007E0000
0000FE0000
0000FC0000
0001FC0000
0001F80000
0003F80000
0003F00000
0007F00000
0007E00000
000FE00000
000FC00000
000FC00000
001F800000
001F800000
003F000000
003F000000
007E000000
007E000000
00FC000000
00FC000000
01F8000000
01F8000000
03F0000000
03F0000000
07E0000000
07E0000000
0FC0000000
0FC0000000
1FC0000000
1F80000000
3F80000000
3F00000000
7F00000000
FE00000000
ENDCHAR
STARTCHAR zero
ENCODING 48
SWIDTH 607 0
DWIDTH 39 0
BBX 33 46 3 -1
BITMAP
001FFC0000
007FFF0000
01FFFF8000
03FFFFE000
07FFFFF000
07FFFFF000
0FF80FF800
1FE007FC00
1FC003FC00
3FC001FE00
3F8000FE00
3F0000FE00
7F00007F00
7F00007F00
7E00007F00
7E00003F00
FE00003F00
FE00003F80
FE00003F80
FE00003F80
FE00003F80
FE00003F80
FE00003F80
FE00003F80
FE00003F80
FE00003F80
FE00003F80
FE00003F80
FE00003F80
FE00003F00
7E00007F00
7F00007F00
7F00007F00
7F0000FE00
3F8000FE00
3F8001FE00
1FC001FC00
1FE003FC00
0FF80FF800
0FFFFFF000
07FFFFF000
03FFFFE000
01FFFFC000
007FFF0000
003FFC0000
0003C00000
ENDCHAR
STARTCHAR one
ENCODING 49
SWIDTH 500 0
DWIDTH 32 0
BBX 22 45 6 0
BITMAP
003E00
00FE00
03FE00
0FFE00
3FFE00
FFFE00
FFFE00
FFFE00
FFFE00
7CFE00
70FE00
40FE00
00FE00
00FE00
00FE00
00FE00
00FE00
00FE00
00FE00
00FE00
00FE00
00FE00
00FE00
00FE00
00FE00
00FE00
00FE00
00FE00
00FE00
00FE00
00FE00
00FE00
00FE00
00FE00
00FE00
00FE00
00FE00
00FE00
7FFFFC
7FFFFC
7FFFFC
7FFFFC
7FFFFC
7FFFFC
7FFFFC
ENDCHAR
STARTCHAR two
ENCODING 50
SWIDTH 548 0
DWIDTH 35 0
BBX 30 45 3 0
BITMAP
003FF800
00FFFE00
03FFFF00
07FFFF80
0FFFFFC0
1FFFFFE0
3FF03FE0
3FE01FF0
7F800FF0
7F0007F0
7F0007F8
FE0007F8
3C0003F8
0C0007F0
040007F0
000007F0
00000FF0
00000FE0
00001FE0
00003FE0
00003FC0
00007F80
0000FF80
0001FF00
0003FE00
0007FE00
0007FC00
000FF800
001FF000
003FE000
007FC000
00FF8000
01FF0000
03FF0000
07FE0000
07FC0000
0FF80000
1FF00000
3FFFFFFC
7FFFFFFC
7FFFFFFC
3FFFFFFC
3FFFFFFC
3FFFFFFC
1FFFFFFC
ENDCHAR
STARTCHAR three
ENCODING 51
SWIDTH 529 0
DWIDTH 34 0
BBX 31 46 1 -1
BITMAP
1FFFFFF8
1FFFFFF8
1FFFFFFC
1FFFFFF8
1FFFFFF0
1FFFFFE0
1FFFFFC0
00003F80
00007F80
0000FF00
0001FE00
0003FC00
0007F800
000FF000
000FE000
001FC000
003F8000
007FFC00
00FFFF00
01FFFF80
01FFFFE0
01FFFFE0
00FFFFF0
00F81FF8
00C007F8
000003FC
000001FC
000001FC
000000FC
000000FE
000000FE
000000FE
000000FC
040000FC
1E0001FC
7F0001FC
FF8003F8
7FC007F8
3FE00FF0
1FFE7FF0
1FFFFFE0
0FFFFFC0
07FFFF80
01FFFE00
007FF800
0007C000
ENDCHAR
STARTCHAR four
ENCODING 52
SWIDTH 620 0
DWIDTH 40 0
BBX 35 45 2 0
BITMAP
000003E000
000007E000
00000FE000
00001FE000
00003FE000
00003FE000
00007FE000
0000FFE000
0001FFE000
0003FFE000
0007FFE000
0007F7E000
000FF7E000
001FE7E000
003FC7E000
007F87E000
007F07E000
00FE07E000
01FE07E000
03FC07E000
07F807E000
0FF007E000
0FE007E000
1FE007E000
3FC007E000
7F8007E000
FFFFFFFFE0
FFFFFFFFE0
7FFFFFFFE0
7FFFFFFFE0
3FFFFFFFE0
3FFFFFFFE0
1FFFFFFFE0
000007E000
000007E000
000007E000
000007E000
000007E000
000007E000
000007E000
000007E000
000007E000
000007E000
000007E000
000007E000
ENDCHAR
STARTCHAR five
ENCODING 53
SWIDTH 568 0
DWIDTH 36 0
BBX 31 45 2 0
BITMAP
07FFFFF8
07FFFFF8
07FFFFF8
07FFFFF8
0FFFFFF8
0FFFFFF8
0FFFFFF8
0FC00000
0FC00000
0FC00000
0FC00000
1FC00000
1FC00000
1F800000
1F800000
1F8FF000
1FFFFE00
1FFFFF00
3FFFFFC0
1FFFFFE0
1FFFFFF0
0FF8FFF0
07C01FF8
020007F8
000003FC
000003FC
000001FC
000001FC
000000FC
000000FE
000000FC
000000FC
000000FC
080001FC
180001FC
3C0003F8
3F0007F8
FF800FF8
7FE03FF0
3FFFFFE0
1FFFFFC0
0FFFFF80
07FFFF00
01FFFC00
007FF000
ENDCHAR
STARTCHAR six
ENCODING 54
SWIDTH 557 0
DWIDTH 36 0
BBX 30 46 3 0
BITMAP
0007F000
000FF000
000FE000
001FE000
001FC000
003F8000
007F8000
007F0000
00FF0000
00FE0000
01FC0000
03FC0000
03F80000
07F80000
07F00000
0FEFF800
0FFFFE00
1FFFFF80
1FFFFFC0
3FFFFFE0
3FFFFFF0
3FF03FF0
7FC00FF8
7F8007F8
7F0003FC
FE0003FC
FE0001FC
FE0001FC
FC0000FC
FC0000FC
FC0000FC
FC0000FC
FC0000FC
FE0001FC
FE0001FC
FF0003F8
7F0003F8
7F8007F8
3FE01FF0
3FFCFFE0
1FFFFFE0
0FFFFFC0
07FFFF80
03FFFF00
00FFFC00
001FE000
ENDCHAR
STARTCHAR seven
ENCODING 55
SWIDTH 542 0
DWIDTH 35 0
BBX 28 45 4 0
BITMAP
FFFFFFF0
FFFFFFF0
FFFFFFF0
FFFFFFF0
FFFFFFF0
FFFFFFF0
FFFFFFF0
00000FE0
00000FE0
00001FC0
00001FC0
00001F80
00003F80
00003F80
00007F00
00007F00
0000FE00
0000FE00
0001FC00
0001FC00
0003F800
0003F800
0007F800
0007F000
0007F000
000FE000
000FE000
001FC000
001FC000
003F8000
003F8000
007F8000
007F0000
00FF0000
00FE0000
00FE0000
01FC0000
01FC0000
03F80000
03F80000
07F80000
07F00000
0FF00000
0FE00000
1FE00000
ENDCHAR
STARTCHAR eight
ENCODING 56
SWIDTH 579 0
DWIDTH 37 0
BBX 31 45 3 0
BITMAP
000FE000
007FFC00
01FFFF00
03FFFF80
07FFFFC0
0FFFFFE0
1FFFFFF0
1FF01FF0
3FC007F8
3F8003F8
3F8003F8
3F0001F8
7F0001FC
3F0001F8
3F8003F8
3F8003F8
3FC007F8
1FE00FF0
0FFFFFE0
07FFFFC0
03FFFF80
01FFFF00
07FFFF80
0FFFFFE0
1FFFFFF0
3FE01FF0
3FC007F8
7F8003FC
7F0001FC
7F0001FC
FE0000FE
FE0000FE
FE0000FE
FE0000FE
7F0001FC
7F0001FC
7F8003FC
3FE00FF8
3FF83FF8
1FFFFFF0
0FFFFFE0
07FFFFC0
03FFFF80
00FFFE00
003FF000
ENDCHAR
STARTCHAR nine
ENCODING 57
SWIDTH 551 0
DWIDTH 35 0
BBX 31 46 2 0
BITMAP
00038000
003FF800
00FFFE00
03FFFF80
07FFFFC0
0FFFFFE0
1FFFFFF0
3FF03FF8
3FC00FF8
7F8007FC
7F0003FC
7F0001FE
FE0001FE
FE0001FE
FE0000FE
FE0000FE
FE0000FE
FE0001FE
FF0001FE
FF0001FE
FF8003FC
7F8007FC
7FC00FFC
3FF03FF8
3FFFFFF8
1FFFFFF8
0FFFFFF0
07FFFFF0
01FFFFF0
00FFCFE0
00001FE0
00001FC0
00003FC0
00003F80
00007F80
00007F00
0000FF00
0000FE00
0000FE00
0001FC00
0001FC00
0003FC00
0003F800
0007F800
0007F000
000FF000
ENDCHAR
STARTCHAR colon
ENCODING 58
SWIDTH 228 0
DWIDTH 15 0
BBX 9 35 3 -1
BITMAP
3C00
7F00
FF00
FF80
FF80
FF80
FF00
FF00
7E00
1C00
0000
0000
0000
0000
0000
0000
0000
0000
0000
0000
0000
0000
0000
0000
0000
3C00
7F00
FF00
FF80
FF80
FF80
FF00
FF00
7E00
1C00
ENDCHAR
STARTCHAR semicolon
ENCODING 59
SWIDTH 262 0
DWIDTH 17 0
BBX 11 45 3 -11
BITMAP
1E00
3F80
7F80
7FC0
7FC0
7FC0
7F80
7F80
3F00
0E00
0000
0000
0000
0000
0000
0000
0000
0000
0000
0000
0000
0000
0000
0000
0000
0000
0000
1F00
3F80
3FC0
3FE0
3FE0
3FE0
1FE0
0FE0
07E0
07E0
07C0
07C0
0FC0
1F80
3F00
FE00
7C00
3800
ENDCHAR
STARTCHAR less
ENCODING 60
SWIDTH 524 0
DWIDTH 34 0
BBX 26 32 3 0
BITMAP
00000100
00000700
00001F80
00007FC0
0000FFC0
0003FF80
000FFF00
003FFC00
007FF000
01FFC000
07FF8000
1FFE0000
3FF80000
FFE00000
FFC00000
FF000000
FF000000
FFC00000
FFF00000
3FF80000
0FFE0000
07FF8000
01FFE000
007FF000
001FFC00
000FFF00
0003FFC0
0000FFC0
00003F80
00001F80
00000700
00000100
ENDCHAR
STARTCHAR equal
ENCODING 61
SWIDTH 566 0
DWIDTH 36 0
BBX 30 18 3 9
BITMAP
FFFFFFFC
FFFFFFFC
FFFFFFFC
FFFFFFFC
FFFFFFFC
FFFFFFFC
00000000
00000000
00000000
00000000
00000000
00000000
FFFFFFFC
FFFFFFFC
FFFFFFFC
FFFFFFFC
FFFFFFFC
FFFFFFFC
ENDCHAR
STARTCHAR greater
ENCODING 62
SWIDTH 524 0
DWIDTH 34 0
BBX 26 32 4 0
BITMAP
10000000
3C000000
3F000000
7F800000
FFE00000
7FF80000
1FFC0000
07FF0000
03FFC000
00FFF000
003FF800
000FFE00
0007FF80
0001FFC0
00007FC0
00001FC0
00003FC0
00007FC0
0001FFC0
0007FF80
001FFE00
003FF800
00FFE000
03FFC000
0FFF0000
1FFC0000
7FF00000
FFE00000
7F800000
3E000000
38000000
10000000
ENDCHAR
STARTCHAR question
ENCODING 63
SWIDTH 511 0
DWIDTH 33 0
BBX 29 46 1 -1
BITMAP
003FF000
00FFFE00
03FFFF00
07FFFF80
0FFFFFC0
1FFFFFE0
3FE03FF0
7F801FF0
FF0007F8
3E0007F8
1C0003F8
0C0003F8
040003F8
000003F8
000003F8
000007F8
000007F0
00000FF0
00001FE0
00007FC0
0001FFC0
0007FF80
003FFE00
003FFC00
003FF000
003FC000
003F8000
001F8000
001F8000
001F8000
001F0000
001F0000
00000000
00000000
00000000
00000000
000F0000
003F8000
003FC000
007FC000
007FC000
007FC000
007FC000
003F8000
003F8000
000E0000
ENDCHAR
STARTCHAR at
ENCODING 64
SWIDTH 965 0
DWIDTH 62 0
BBX 56 55 3 -10
BITMAP
0000007FFF8000
000007FFFFF000
00001FFFFFFC00
0000FFFFFFFF00
0001FFFFFFFF80
0007FF8000FFE0
000FFC00001FE0
003FE0000007F0
007F80000003F8
00FF00000001FC
01FC00000000FC
03F8000000007E
03F0003C00007E
07E001FF0FC03E
0FC007FF8FC03F
0FC00FFFDFC03F
1F801FFFFFC01F
1F003FFFFFC01F
3F007FC0FF801F
3E00FF007F801F
7E00FE007F801F
7C01FC003F801F
7C01FC003F801F
FC03F8003F801F
FC03F8003F001F
F803F0003F003F
F807F0003F003E
F807F0007F003E
F807F0007F007E
F807F0007F007C
F807F000FE007C
F807F001FE00FC
F807F001FE00F8
F807F003FE01F0
F803F80FFE03F0
F803FC1FFF07E0
F801FFFFFFFFC0
FC01FFFE7FFF80
FC00FFFC7FFF00
7C007FF83FFE00
7E003FE01FF800
7E000000000000
3F000000000000
3F000000000000
1F800000000000
1FC00000000000
0FE00000040000
07F800001C0000
03FC00007E0000
01FF8003FE0000
00FFFFFFFF0000
007FFFFFFC0000
001FFFFFF00000
0007FFFFC00000
0000FFFE000000
ENDCHAR
STARTCHAR A
ENCODING 65
SWIDTH 700 0
DWIDTH 45 0
BBX 41 45 2 0
BITMAP
00007F000000
0000FF000000
0000FF800000
0000FF800000
0001FFC00000
0001FFC00000
0003FFC00000
0003FFE00000
0003FFE00000
0007F7F00000
0007E7F00000
0007E7F00000
000FE3F80000
000FE3F80000
001FC3F80000
001FC1FC0000
001F81FC0000
003F81FE0000
003F80FE0000
007F00FE0000
007F007F0000
007F007F0000
00FE007F8000
00FE003F8000
00FC003F8000
01FC003FC000
01FC001FC000
03FFFFFFC000
03FFFFFFE000
03FFFFFFE000
07FFFFFFF000
07FFFFFFF000
0FFFFFFFF000
0FFFFFFFF800
0FE00003F800
1FC00003FC00
1FC00001FC00
3FC00001FC00
3F800001FE00
3F800000FE00
7F000000FE00
7F0000007F00
7F0000007F00
FE0000007F80
FE0000003F80
ENDCHAR
STARTCHAR B
ENCODING 66
SWIDTH 681 0
DWIDTH 44 0
BBX 35 45 6 0
BITMAP
FFFFFE0000
FFFFFFC000
FFFFFFF000
FFFFFFF800
FFFFFFFC00
FFFFFFFE00
FFFFFFFE00
FE0003FF00
FE0001FF00
FE0000FF00
FE00007F00
FE00007F00
FE00007F00
FE00007F00
FE00007F00
FE00007E00
FE0000FE00
FE0001FC00
FE0007F800
FFFFFFF000
FFFFFFE000
FFFFFFF800
FFFFFFFC00
FFFFFFFE00
FFFFFFFF00
FE000FFF80
FE0000FF80
FE00003FC0
FE00001FC0
FE00001FC0
FE00001FC0
FE00001FE0
FE00001FE0
FE00001FC0
FE00001FC0
FE00003FC0
FE00007FC0
FE0000FFC0
FFFFFFFF80
FFFFFFFF00
FFFFFFFF00
FFFFFFFE00
FFFFFFF800
FFFFFFF000
FFFFFF0000
ENDCHAR
STARTCHAR C
ENCODING 67
SWIDTH 679 0
DWIDTH 43 0
BBX 38 46 3 -1
BITMAP
0000FFE000
0003FFFC00
001FFFFF00
003FFFFFC0
007FFFFFE0
01FFFFFFF0
03FFFFFFF8
07FF803FFC
07FE000FF8
0FF80003F0
1FF00001E0
1FE0000040
3FC0000000
3FC0000000
7F80000000
7F80000000
7F00000000
7F00000000
FF00000000
FE00000000
FE00000000
FE00000000
FE00000000
FE00000000
FE00000000
FE00000000
FE00000000
FF00000000
7F00000000
7F00000000
7F80000000
7F80000000
3FC0000000
3FE0000000
1FF0000040
1FF80000E0
0FFC0003E0
07FF000FF0
07FFF07FF8
03FFFFFFF8
01FFFFFFF0
007FFFFFE0
003FFFFFC0
000FFFFF00
0003FFF800
00001F0000
ENDCHAR
STARTCHAR D
ENCODING 68
SWIDTH 748 0
DWIDTH 48 0
BBX 39 45 6 0
BITMAP
FFFFFC0000
FFFFFFC000
FFFFFFF000
FFFFFFFC00
FFFFFFFE00
FFFFFFFF00
FFFFFFFF80
FE0003FFC0
FE00007FE0
FE00003FE0
FE00001FF0
FE00000FF8
FE000007F8
FE000003F8
FE000003FC
FE000001FC
FE000001FC
FE000001FC
FE000001FE
FE000000FE
FE000000FE
FE000000FE
FE000000FE
FE000000FE
FE000000FE
FE000000FE
FE000001FE
FE000001FC
FE000001FC
FE000001FC
FE000003FC
FE000003F8
FE000007F8
FE000007F8
FE00000FF0
FE00001FF0
FE00007FE0
FE0001FFC0
FFFFFFFF80
FFFFFFFF00
FFFFFFFE00
FFFFFFFC00
FFFFFFF000
FFFFFFC000
FFFFFE0000
ENDCHAR
STARTCHAR E
ENCODING 69
SWIDTH 614 0
DWIDTH 39 0
BBX 29 45 6 0
BITMAP
FFFFFFF8
FFFFFFF8
FFFFFFF8
FFFFFFF8
FFFFFFF8
FFFFFFF8
FFFFFFF8
FE000000
FE000000
FE000000
FE000000
FE000000
FE000000
FE000000
FE000000
FE000000
FE000000
FE000000
FE000000
FFFFFF80
FFFFFF80
FFFFFF80
FFFFFF80
FFFFFF80
FFFFFF80
FE000000
FE000000
FE000000
FE000000
FE000000
FE000000
FE000000
FE000000
FE000000
FE000000
FE000000
FE000000
FE000000
FFFFFFF8
FFFFFFF8
FFFFFFF8
FFFFFFF8
FFFFFFF8
FFFFFFF8
FFFFFFF8
ENDCHAR
STARTCHAR F
ENCODING 70
SWIDTH 602 0
DWIDTH 39 0
BBX 29 45 6 0
BITMAP
FFFFFFF8
FFFFFFF8
FFFFFFF8
FFFFFFF8
FFFFFFF8
FFFFFFF8
FFFFFFF8
FE000000
FE000000
FE000000
FE000000
FE000000
FE000000
FE000000
FE000000
FE000000
FE000000
FE000000
FE000000
FFFFFFC0
FFFFFFC0
FFFFFFC0
FFFFFFC0
FFFFFFC0
FFFFFFC0
FFFFFFC0
FE000000
FE000000
FE000000
FE000000
FE000000
FE000000
FE000000
FE000000
FE000000
FE000000
FE000000
FE000000
FE000000
FE000000
FE000000
FE000000
FE000000
FE000000
FE000000
ENDCHAR
STARTCHAR G
ENCODING 71
SWIDTH 766 0
DWIDTH 49 0
BBX 43 46 3 -1
BITMAP
00007FF80000
0003FFFF0000
000FFFFFC000
003FFFFFF000
007FFFFFF800
00FFFFFFFC00
01FFFFFFFE00
03FF800FFF00
07FE0001FE00
0FFC0000FC00
1FF000003800
1FE000001000
3FE000000000
3FC000000000
7F8000000000
7F8000000000
7F0000000000
7F0000000000
FF0000000000
FE0000000000
FE0000000000
FE0000000000
FE0001FFFFE0
FE0001FFFFE0
FE0001FFFFE0
FE0001FFFFE0
FF0001FFFFE0
7F0001FFFFE0
7F0001FFFFE0
7F8000000FE0
7F8000000FE0
3FC000001FE0
3FE000001FC0
1FE000001FC0
1FF000003F80
0FFC00007F80
07FE0000FF00
07FF8003FF00
03FFF01FFE00
01FFFFFFFC00
00FFFFFFF800
003FFFFFF000
001FFFFFC000
0007FFFF8000
0000FFFC0000
00000FC00000
ENDCHAR
STARTCHAR H
ENCODING 72
SWIDTH 761 0
DWIDTH 49 0
BBX 36 45 6 0
BITMAP
FE000003F0
FE000003F0
FE000003F0
FE000003F0
FE000003F0
FE000003F0
FE000003F0
FE000003F0
FE000003F0
FE000003F0
FE000003F0
FE000003F0
FE000003F0
FE000003F0
FE000003F0
FE000003F0
FE000003F0
FE000003F0
FE000003F0
FFFFFFFFF0
FFFFFFFFF0
FFFFFFFFF0
FFFFFFFFF0
FFFFFFFFF0
FFFFFFFFF0
FFFFFFFFF0
FE000003F0
FE000003F0
FE000003F0
FE000003F0
FE000003F0
FE000003F0
FE000003F0
FE000003F0
FE000003F0
FE000003F0
FE000003F0
FE000003F0
FE000003F0
FE000003F0
FE000003F0
FE000003F0
FE000003F0
FE000003F0
FE000003F0
ENDCHAR
STARTCHAR I
ENCODING 73
SWIDTH 478 0
DWIDTH 31 0
BBX 21 45 5 0
BITMAP
FFFFF8
FFFFF8
FFFFF8
FFFFF8
FFFFF8
FFFFF8
FFFFF8
01FC00
01FC00
01FC00
01FC00
01FC00
01FC00
01FC00
01FC00
01FC00
01FC00
01FC00
01FC00
01FC00
01FC00
01FC00
01FC00
01FC00
01FC00
01FC00
01FC00
01FC00
01FC00
01FC00
01FC00
01FC00
01FC00
01FC00
01FC00
01FC00
01FC00
01FC00
01FC00
FFFFF8
FFFFF8
FFFFF8
FFFFF8
FFFFF8
FFFFF8
ENDCHAR
STARTCHAR J
ENCODING 74
SWIDTH 642 0
DWIDTH 41 0
BBX 35 46 3 -1
BITMAP
0007FFFFE0
0007FFFFE0
0007FFFFE0
0007FFFFE0
0007FFFFE0
0007FFFFE0
0007FFFFE0
000007F000
000007F000
000007F000
000007F000
000007F000
000007F000
000007F000
000007F000
000007F000
000007F000
000007F000
000007F000
000007F000
000007F000
000007F000
000007F000
000007F000
000007F000
000007F000
000007F000
000007F000
000007F000
000007F000
000007F000
000007F000
000007F000
080007F000
1C000FF000
3E000FE000
7E001FE000
FF803FE000
7FE0FFC000
7FFFFFC000
3FFFFF8000
1FFFFF0000
0FFFFE0000
03FFF80000
00FFF00000
001E000000
ENDCHAR
STARTCHAR K
ENCODING 75
SWIDTH 732 0
DWIDTH 47 0
BBX 39 45 6 0
BITMAP
FE000007FC
FE00000FF8
FE00001FF0
FE00003FE0
FE00007FC0
FE0000FF80
FE0001FF00
FE0003FE00
FE0007FC00
FE000FF800
FE001FF000
FE003FE000
FE007FC000
FE00FF8000
FE01FF0000
FE03FC0000
FE07F80000
FE0FF00000
FE1FE00000
FE3FE00000
FE7FF00000
FEFFF80000
FFFFFC0000
FFFFFC0000
FFF9FE0000
FFF1FF0000
FFE0FF8000
FFC07F8000
FF803FC000
FF003FE000
FE001FF000
FE000FF000
FE0007F800
FE0007FC00
FE0003FE00
FE0001FE00
FE0000FF00
FE0000FF80
FE00007FC0
FE00003FC0
FE00001FE0
FE00001FF0
FE00000FF8
FE000007F8
FE000003FE
ENDCHAR
STARTCHAR L
ENCODING 76
SWIDTH 599 0
DWIDTH 38 0
BBX 28 45 6 0
BITMAP
FE000000
FE000000
FE000000
FE000000
FE000000
FE000000
FE000000
FE000000
FE000000
FE000000
FE000000
FE000000
FE000000
FE000000
FE000000
FE000000
FE000000
FE000000
FE000000
FE000000
FE000000
FE000000
FE000000
FE000000
FE000000
FE000000
FE000000
FE000000
FE000000
FE000000
FE000000
FE000000
FE000000
FE000000
FE000000
FE000000
FE000000
FE000000
FFFFFFF0
FFFFFFF0
FFFFFFF0
FFFFFFF0
FFFFFFF0
FFFFFFF0
FFFFFFF0
ENDCHAR
STARTCHAR M
ENCODING 77
SWIDTH 864 0
DWIDTH 55 0
BBX 43 45 6 0
BITMAP
FE0000000FE0
FF0000000FE0
FF0000001FE0
FF8000001FE0
FFC000003FE0
FFC000007FE0
FFE000007FE0
FFF00000FFE0
FFF00001FFE0
FFF80001FFE0
FFF80003FFE0
FFFC0003FFE0
FFFE0007F7E0
FEFE000FF7E0
FEFF000FE7E0
FE7F001FCFE0
FE7F803FCFE0
FE3FC03F8FE0
FE1FC07F0FE0
FE1FE07F0FE0
FE0FF0FE0FE0
FE07F1FE0FE0
FE07F9FC0FE0
FE03FBF80FE0
FE01FFF80FE0
FE01FFF00FE0
FE00FFE00FE0
FE00FFE00FE0
FE007FC00FE0
FE003F800FE0
FE003F800FE0
FE001F000FE0
FE0000000FE0
FE0000000FE0
FE0000000FE0
FE0000000FE0
FE0000000FE0
FE0000000FE0
FE0000000FE0
FE0000000FE0
FE0000000FE0
FE0000000FE0
FE0000000FE0
FE0000000FE0
FE0000000FE0
ENDCHAR
STARTCHAR N
ENCODING 78
SWIDTH 793 0
DWIDTH 51 0
BBX 38 45 6 0
BITMAP
FE000000FC
FE000000FC
FF000000FC
FF800000FC
FFC00000FC
FFC00000FC
FFE00000FC
FFF00000FC
FFF80000FC
FFF80000FC
FFFC0000FC
FDFE0000FC
FDFF0000FC
FCFF0000FC
FC7F8000FC
FC3FC000FC
FE3FE000FC
FE1FE000FC
FE0FF000FC
FE07F800FC
FE07FC00FC
FE03FC00FC
FE01FE00FC
FE00FF00FC
FE00FF80FC
FE007F80FC
FE003FC0FC
FE001FE0FC
FE000FF0FC
FE000FF0FC
FE0007F8FC
FE0003FCFC
FE0001FEFC
FE0001FEFC
FE0000FFFC
FE00007FFC
FE00003FFC
FE00003FFC
FE00001FFC
FE00000FFC
FE000007FC
FE000007FC
FE000003FC
FE000001FC
FE000000FC
ENDCHAR
STARTCHAR O
ENCODING 79
SWIDTH 782 0
DWIDTH 50 0
BBX 44 46 3 -1
BITMAP
0001FFF80000
0007FFFE0000
001FFFFF8000
007FFFFFE000
00FFFFFFF000
01FFFFFFF800
03FFF07FFC00
07FF000FFE00
0FFC0003FF00
0FF80001FF00
1FF00000FF80
1FE000007F80
3FC000003FC0
3F8000001FC0
7F8000001FE0
7F0000000FE0
7F0000000FE0
7F0000000FF0
FE0000000FF0
FE00000007F0
FE00000007F0
FE00000007F0
FE00000007F0
FE00000007F0
FE00000007F0
FE00000007F0
FE00000007F0
FF0000000FF0
7F0000000FE0
7F0000000FE0
7F8000001FE0
3F8000001FC0
3FC000003FC0
3FE000007FC0
1FE00000FF80
0FF80001FF80
0FFC0003FF00
07FF000FFE00
03FFC03FFC00
01FFFFFFF800
00FFFFFFF000
007FFFFFE000
001FFFFF8000
000FFFFF0000
0001FFF80000
00001F800000
ENDCHAR
STARTCHAR P
ENCODING 80
SWIDTH 634 0
DWIDTH 41 0
BBX 32 45 6 0
BITMAP
FFFFF800
FFFFFF00
FFFFFFC0
FFFFFFE0
FFFFFFF0
FFFFFFF8
FFFFFFFC
FE0007FC
FE0003FE
FE0001FE
FE0000FE
FE0000FE
FE00007F
FE00007F
FE00007F
FE00007F
FE0000FE
FE0000FE
FE0001FE
FE0003FE
FE0007FC
FFFFFFFC
FFFFFFF8
FFFFFFF0
FFFFFFE0
FFFFFFC0
FFFFFF00
FFFFF800
FE000000
FE000000
FE000000
FE000000
FE000000
FE000000
FE000000
FE000000
FE000000
FE000000
FE000000
FE000000
FE000000
FE000000
FE000000
FE000000
FE000000
ENDCHAR
STARTCHAR Q
ENCODING 81
SWIDTH 782 0
DWIDTH 50 0
BBX 44 52 3 -7
BITMAP
0001FFF80000
0007FFFE0000
001FFFFF8000
007FFFFFE000
00FFFFFFF000
01FFFFFFF800
03FFF07FFC00
07FF000FFE00
0FFC0003FF00
0FF80001FF00
1FF00000FF80
1FE000007F80
3FC000003FC0
3F8000001FC0
7F8000001FE0
7F0000000FE0
7F0000000FE0
7F0000000FF0
FE0000000FF0
FE00000007F0
FE00000007F0
FE00000007F0
FE00000007F0
FE00000007F0
FE00000007F0
FE00000007F0
FE00008007F0
FF0001C00FF0
7F0007E00FE0
7F001FF00FE0
7F800FF01FE0
3F8007F81FC0
3FC007FC3FC0
3FE003FE7FC0
1FE001FEFF80
0FF800FFFF80
0FFC00FFFF00
07FF007FFE00
03FFC03FFC00
01FFFFFFF800
00FFFFFFF000
007FFFFFF800
001FFFFFF800
000FFFFFFC00
0001FFFBFE00
00001F81FF00
00000000FF80
000000007F80
000000003FC0
000000003F00
000000001C00
000000000800
ENDCHAR
STARTCHAR R
ENCODING 82
SWIDTH 695 0
DWIDTH 44 0
BBX 35 45 6 0
BITMAP
FFFFFC0000
FFFFFF8000
FFFFFFE000
FFFFFFF000
FFFFFFFC00
FFFFFFFC00
FFFFFFFE00
FE0003FF00
FE0000FF00
FE00007F80
FE00007F80
FE00003F80
FE00003F80
FE00003F80
FE00003F80
FE00003F80
FE00003F80
FE00003F80
FE00007F80
FE00007F00
FE0001FF00
FE000FFE00
FFFFFFFE00
FFFFFFFC00
FFFFFFF800
FFFFFFF000
FFFFFFC000
FFFFFF8000
FE003FC000
FE003FC000
FE001FE000
FE001FE000
FE000FF000
FE000FF800
FE0007F800
FE0003FC00
FE0003FC00
FE0001FE00
FE0001FE00
FE0000FF00
FE0000FF80
FE00007F80
FE00007FC0
FE00003FC0
FE00001FE0
ENDCHAR
STARTCHAR S
ENCODING 83
SWIDTH 624 0
DWIDTH 40 0
BBX 33 46 3 -1
BITMAP
000FFF0000
007FFFE000
00FFFFF000
03FFFFFC00
07FFFFFE00
07FFFFFF00
0FF803FF00
1FF000FF80
1FE0007F00
1FC0003E00
1FC0001C00
3F80000800
3F80000000
3FC0000000
1FC0000000
1FE0000000
1FF0000000
1FF8000000
0FFF000000
07FFF00000
07FFFF0000
03FFFFC000
00FFFFF000
007FFFF800
000FFFFC00
0001FFFE00
00001FFF00
000003FF00
000000FF80
0000007F80
0000003F80
0800003F80
0C00003F80
1C00003F80
3E00003F80
7F00003F80
FF80007F80
7FE000FF00
7FF801FF00
3FFFFFFE00
1FFFFFFC00
0FFFFFF800
03FFFFF000
01FFFFE000
003FFF0000
0003F00000
ENDCHAR
STARTCHAR T
ENCODING 84
SWIDTH 576 0
DWIDTH 37 0
BBX 33 45 2 0
BITMAP
FFFFFFFF80
FFFFFFFF80
FFFFFFFF80
FFFFFFFF80
FFFFFFFF80
FFFFFFFF80
FFFFFFFF80
0007F00000
0007F00000
0007F00000
0007F00000
0007F00000
0007F00000
0007F00000
0007F00000
0007F00000
0007F00000
0007F00000
0007F00000
0007F00000
0007F00000
0007F00000
0007F00000
0007F00000
0007F00000
0007F00000
0007F00000
0007F00000
0007F00000
0007F00000
0007F00000
0007F00000
0007F00000
0007F00000
0007F00000
0007F00000
0007F00000
0007F00000
0007F00000
0007F00000
0007F00000
0007F00000
0007F00000
0007F00000
0007F00000
ENDCHAR
STARTCHAR U
ENCODING 85
SWIDTH 740 0
DWIDTH 47 0
BBX 36 45 6 0
BITMAP
FE000007F0
FE000007F0
FE000007F0
FE000007F0
FE000007F0
FE000007F0
FE000007F0
FE000007F0
FE000007F0
FE000007F0
FE000007F0
FE000007F0
FE000007F0
FE000007F0
FE000007F0
FE000007F0
FE000007F0
FE000007F0
FE000007F0
FE000007F0
FE000007F0
FE000007F0
FE000007F0
FE000007F0
FE000007F0
FE000007F0
FE000007F0
FE000007F0
FE000007F0
FE000007F0
FE000007F0
FE00000FE0
FF00000FE0
FF00001FE0
7F80001FC0
7FC0003FC0
3FE0007FC0
3FF801FF80
1FFE0FFF00
0FFFFFFE00
07FFFFFE00
03FFFFF800
01FFFFF000
007FFFC000
000FFF0000
ENDCHAR
STARTCHAR V
ENCODING 86
SWIDTH 715 0
DWIDTH 46 0
BBX 42 45 2 0
BITMAP
FF0000003FC0
FF0000003FC0
FF0000007F80
7F8000007F80
7F8000007F80
3F800000FF00
3FC00000FF00
3FC00001FE00
1FE00001FE00
1FE00001FC00
0FE00003FC00
0FF00003FC00
0FF00003F800
07F80007F800
07F80007F000
03F80007F000
03FC000FF000
03FC000FE000
01FE001FE000
01FE001FC000
00FE001FC000
00FF003FC000
00FF003F8000
007F803F8000
007F807F0000
003F807F0000
003FC07F0000
003FC0FE0000
001FE0FE0000
001FE1FC0000
000FE1FC0000
000FF1FC0000
000FF3F80000
0007F3F80000
0007FBF00000
0003FFF00000
0003FFF00000
0003FFE00000
0001FFE00000
0001FFC00000
0000FFC00000
0000FFC00000
0000FF800000
00007F800000
00007F000000
ENDCHAR
STARTCHAR W
ENCODING 87
SWIDTH 996 0
DWIDTH 64 0
BBX 60 45 2 0
BITMAP
FE000000000007F0
FE00000000000FF0
FF00000000000FE0
7F00000000000FE0
7F00000000001FE0
7F80000000001FE0
3F80000000001FC0
3F80000000001FC0
3F80001F80003FC0
3FC0003FC0003F80
1FC0003FC0003F80
1FC0007FC0007F80
1FE0007FE0007F00
0FE0007FE0007F00
0FE000FFF000FF00
0FF000FFF000FE00
07F001FFF000FE00
07F001FFF801FE00
07F801FBF801FC00
03F803FBFC01FC00
03F803F9FC01FC00
03F807F1FC03F800
01FC07F0FE03F800
01FC07E0FE03F800
01FC0FE0FE07F000
00FE0FC07F07F000
00FE1FC07F07F000
00FE1FC03F8FF000
007F1F803F8FE000
007F3F801F8FE000
007F3F001FCFE000
003F3F001FDFC000
003FFF000FDFC000
003FFE000FFFC000
003FFE0007FF8000
001FFC0007FF8000
001FFC0003FF8000
001FFC0003FF0000
000FF80003FF0000
000FF80001FF0000
000FF00001FE0000
0007F00000FE0000
0007F00000FE0000
0007E000007C0000
0003E000007C0000
ENDCHAR
STARTCHAR X
ENCODING 88
SWIDTH 685 0
DWIDTH 44 0
BBX 40 45 2 0
BITMAP
FF800001FF
7FC00001FE
3FC00003FC
3FE00007F8
1FF00007F8
0FF0000FF0
0FF8001FE0
07FC001FE0
03FC003FC0
01FE007F80
01FF007F80
00FF00FF00
007F81FE00
007FC1FE00
003FC3FC00
001FE7F800
000FF7F800
000FFFF000
0007FFE000
0003FFC000
0003FFC000
0001FF8000
0001FF0000
0001FF8000
0003FF8000
0007FFC000
000FFFE000
000FFFF000
001FEFF000
003FC7F800
003FC7FC00
007F83FE00
00FF01FE00
00FF00FF00
01FE00FF80
03FC007F80
07F8003FC0
07F8003FE0
0FF0001FF0
1FE0000FF0
1FE0000FF8
3FC00007FC
7F800003FC
7F800003FE
FF000001FF
ENDCHAR
STARTCHAR Y
ENCODING 89
SWIDTH 660 0
DWIDTH 42 0
BBX 41 45 1 0
BITMAP
FF000000FF80
7F800000FF00
7FC00001FE00
3FC00001FC00
1FE00003FC00
1FF00007F800
0FF00007F000
07F8000FF000
03FC001FE000
03FC001FC000
01FE003FC000
00FF007F8000
00FF807F0000
007F80FF0000
003FC0FE0000
003FE1FE0000
001FE3FC0000
000FF3F80000
0007FFF80000
0007FFF00000
0003FFE00000
0001FFE00000
0001FFC00000
0000FF800000
00007F800000
00007F000000
00007F000000
00007F000000
00007F000000
00007F000000
00007F000000
00007F000000
00007F000000
00007F000000
00007F000000
00007F000000
00007F000000
00007F000000
00007F000000
00007F000000
00007F000000
00007F000000
00007F000000
00007F000000
00007F000000
ENDCHAR
STARTCHAR Z
ENCODING 90
SWIDTH 659 0
DWIDTH 42 0
BBX 35 45 4 0
BITMAP
7FFFFFFFC0
7FFFFFFFC0
7FFFFFFFC0
7FFFFFFFC0
7FFFFFFFC0
7FFFFFFFC0
7FFFFFFF80
000000FF00
000001FF00
000001FE00
000003FC00
000007F800
00000FF800
00000FF000
00001FE000
00003FC000
00007FC000
00007F8000
0000FF0000
0001FE0000
0003FE0000
0003FC0000
0007F80000
000FF00000
001FF00000
001FE00000
003FC00000
007F800000
00FF800000
00FF000000
01FE000000
03FC000000
07FC000000
07F8000000
0FF0000000
1FE0000000
3FE0000000
3FC0000000
7FFFFFFFE0
FFFFFFFFE0
FFFFFFFFE0
FFFFFFFFE0
FFFFFFFFE0
FFFFFFFFE0
FFFFFFFFE0
ENDCHAR
STARTCHAR bracketleft
ENCODING 91
SWIDTH 403 0
DWIDTH 26 0
BBX 17 57 5 -12
BITMAP
FFFF80
FFFF80
FFFF80
FFFF80
FFFF80
FC0000
FC0000
FC0000
FC0000
FC0000
FC0000
FC0000
FC0000
FC0000
FC0000
FC0000
FC0000
FC0000
FC0000
FC0000
FC0000
FC0000
FC0000
FC0000
FC0000
FC0000
FC0000
FC0000
FC0000
FC0000
FC0000
FC0000
FC0000
FC0000
FC0000
FC0000
FC0000
FC0000
FC0000
FC0000
FC0000
FC0000
FC0000
FC0000
FC0000
FC0000
FC0000
FC0000
FC0000
FC0000
FC0000
FC0000
FFFF80
FFFF80
FFFF80
FFFF80
FFFF80
ENDCHAR
STARTCHAR backslash
ENCODING 92
SWIDTH 557 0
DWIDTH 36 0
BBX 32 52 3 -7
BITMAP
FE000000
7E000000
7F000000
3F000000
3F800000
1F800000
1FC00000
0FC00000
0FE00000
07E00000
07F00000
03F00000
03F80000
01F80000
01FC0000
00FC0000
00FC0000
007E0000
007E0000
003F0000
003F0000
001F8000
001F8000
000FC000
000FC000
0007E000
0007E000
0003F000
0003F000
0001F800
0001F800
0000FC00
0000FC00
0000FE00
00007E00
00007F00
00003F00
00003F80
00001F80
00001FC0
00000FC0
00000FE0
000007E0
000007F0
000003F0
000003F8
000001F8
000001FC
000000FC
000000FE
0000007E
0000007F
ENDCHAR
STARTCHAR bracketright
ENCODING 93
SWIDTH 403 0
DWIDTH 26 0
BBX 17 57 4 -12
BITMAP
FFFF80
FFFF80
FFFF80
FFFF80
FFFF80
001F80
001F80
001F80
001F80
001F80
001F80
001F80
001F80
001F80
001F80
001F80
001F80
001F80
001F80
001F80
001F80
001F80
001F80
001F80
001F80
001F80
001F80
001F80
001F80
001F80
001F80
001F80
001F80
001F80
001F80
001F80
001F80
001F80
001F80
001F80
001F80
001F80
001F80
001F80
001F80
001F80
001F80
001F80
001F80
001F80
001F80
001F80
FFFF80
FFFF80
FFFF80
FFFF80
FFFF80
ENDCHAR
STARTCHAR asciicircum
ENCODING 94
SWIDTH 579 0
DWIDTH 37 0
BBX 33 23 2 24
BITMAP
0007F00000
0007F00000
000FF80000
000FFC0000
001FFC0000
003FFE0000
003FFE0000
007FFF0000
007F7F0000
00FE3F8000
01FE3FC000
01FC1FC000
03FC1FE000
03F80FE000
07F007F000
07F007F800
0FE003F800
1FE003FC00
1FC001FC00
3F8000FE00
3F8000FF00
7F00007F00
FF00007F80
ENDCHAR
STARTCHAR underscore
ENCODING 95
SWIDTH 690 0
DWIDTH 44 0
BBX 38 5 3 -10
BITMAP
FFFFFFFFFC
FFFFFFFFFC
FFFFFFFFFC
FFFFFFFFFC
FFFFFFFFFC
ENDCHAR
STARTCHAR grave
ENCODING 96
SWIDTH 500 0
DWIDTH 32 0
BBX 14 11 9 39
BITMAP
0800
1C00
3E00
3F80
7FC0
FFE0
1FF0
07F8
03FC
00F8
0030
ENDCHAR
STARTCHAR a
ENCODING 97
SWIDTH 633 0
DWIDTH 41 0
BBX 34 35 2 -1
BITMAP
001FF81FC0
007FFE1FC0
01FFFF9FC0
03FFFFDFC0
07FFFFFFC0
0FFFFFFFC0
1FF807FFC0
1FF001FFC0
3FC000FFC0
3FC0007FC0
7F80003FC0
7F00003FC0
7F00001FC0
7F00001FC0
7E00001FC0
FE00001FC0
FE00001FC0
FE00001FC0
FE00001FC0
7E00001FC0
7F00001FC0
7F00001FC0
7F00003FC0
7F80003FC0
3F80007FC0
3FC000FFC0
1FE001FFC0
1FF803FFC0
0FFF3FFFC0
07FFFFFFC0
03FFFFDFC0
01FFFF9FC0
00FFFE1FC0
003FF81FC0
0007800000
ENDCHAR
STARTCHAR b
ENCODING 98
SWIDTH 630 0
DWIDTH 40 0
BBX 33 48 5 -1
BITMAP
FC00000000
FC00000000
FC00000000
FC00000000
FC00000000
FC00000000
FC00000000
FC00000000
FC00000000
FC00000000
FC00000000
FC00000000
FC00000000
FC07FC0000
FC3FFF0000
FC7FFFC000
FCFFFFE000
FDFFFFF000
FFFFFFF800
FFF00FFC00
FFC003FC00
FF8001FE00
FF0000FE00
FF00007F00
FE00007F00
FE00003F00
FC00003F00
FC00003F80
FC00003F80
FC00003F80
FC00003F80
FC00003F80
FC00003F80
FC00003F00
FE00003F00
FE00007F00
FE00007F00
FF0000FE00
FF8001FE00
FFC003FE00
FFF007FC00
FFFE3FF800
FFFFFFF000
FDFFFFF000
FCFFFFC000
FC3FFF8000
FC0FFE0000
0001F00000
ENDCHAR
STARTCHAR c
ENCODING 99
SWIDTH 535 0
DWIDTH 34 0
BBX 30 35 3 -1
BITMAP
001FF800
00FFFF00
01FFFFC0
07FFFFE0
0FFFFFF0
0FFFFFF8
1FF00FFC
3FE003F8
3F8000F0
7F000060
7F000040
FE000000
FE000000
FC000000
FC000000
FC000000
FC000000
FC000000
FC000000
FC000000
FC000000
FE000000
FE000000
7F000000
7F000060
7F8000F0
3FC001F0
1FF007F8
1FFE3FFC
0FFFFFF0
07FFFFE0
03FFFFC0
00FFFF00
003FFC00
0003C000
ENDCHAR
STARTCHAR d
ENCODING 100
SWIDTH 634 0
DWIDTH 41 0
BBX 33 48 3 -1
BITMAP
0000003F80
0000003F80
0000003F80
0000003F80
0000003F80
0000003F80
0000003F80
0000003F80
0000003F80
0000003F80
0000003F80
0000003F80
0000003F80
003FF03F80
00FFFE3F80
03FFFF3F80
07FFFFBF80
0FFFFFFF80
1FFE3FFF80
1FF007FF80
3FC001FF80
7F8000FF80
7F8000FF80
7F00007F80
FE00003F80
FE00003F80
FE00003F80
FC00001F80
FC00001F80
FC00001F80
FC00001F80
FC00001F80
FC00001F80
FE00003F80
FE00003F80
FE00003F80
FF00007F80
7F00007F80
7F8000FF80
3FC001FF80
3FE003FF80
1FFC0FFF80
0FFFFFFF80
07FFFFFF80
03FFFF3F80
00FFFE3F80
003FF83F80
0007800000
ENDCHAR
STARTCHAR e
ENCODING 101
SWIDTH 586 0
DWIDTH 38 0
BBX 32 35 3 -1
BITMAP
001FFC00
007FFF00
01FFFFC0
03FFFFE0
07FFFFF0
0FFFFFF8
1FF00FF8
3FC003FC
3F8001FE
7F0000FE
7E0000FE
FE00007F
FE00007F
FC00007F
FFFFFFFF
FFFFFFFF
FFFFFFFF
FFFFFFFF
FFFFFFFF
FC000000
FC000000
FE000000
FE000000
FF000000
7F000000
7F800030
3FE00070
3FF001F8
1FFF0FFC
0FFFFFFE
07FFFFF8
01FFFFF0
00FFFFC0
003FFF00
0001E000
ENDCHAR
STARTCHAR f
ENCODING 102
SWIDTH 393 0
DWIDTH 25 0
BBX 22 47 3 0
BITMAP
001FE0
007FF8
00FFFC
01FFFC
01FFF8
03FFF8
03F830
07F010
07F000
07F000
07F000
07F000
07F000
07F000
FFFFF0
FFFFF0
FFFFF0
FFFFF0
FFFFF0
FFFFF0
07F000
07F000
07F000
07F000
07F000
07F000
07F000
07F000
07F000
07F000
07F000
07F000
07F000
07F000
07F000
07F000
07F000
07F000
07F000
07F000
07F000
07F000
07F000
07F000
07F000
07F000
07F000
ENDCHAR
STARTCHAR g
ENCODING 103
SWIDTH 649 0
DWIDTH 42 0
BBX 34 49 3 -15
BITMAP
001FF81FC0
00FFFE1FC0
01FFFF9FC0
07FFFFDFC0
0FFFFFFFC0
1FFFFFFFC0
1FF807FFC0
3FE001FFC0
3FC000FFC0
7F80007FC0
7F00003FC0
FF00003FC0
FE00001FC0
FE00001FC0
FE00001FC0
FC00001FC0
FC00000FC0
FC00000FC0
FC00000FC0
FC00001FC0
FE00001FC0
FE00001FC0
FE00001FC0
7F00003FC0
7F80007FC0
7F8000FFC0
3FE001FFC0
1FF003FFC0
1FFF3FFFC0
0FFFFFFFC0
07FFFFDFC0
03FFFF9FC0
00FFFE1FC0
003FFC1FC0
0003C01FC0
0000001FC0
0000001F80
0000003F80
0000003F80
0000007F80
030000FF00
07C001FF00
07F80FFE00
0FFFFFFC00
0FFFFFF800
07FFFFF000
01FFFFC000
007FFF0000
0007F00000
ENDCHAR
STARTCHAR h
ENCODING 104
SWIDTH 595 0
DWIDTH 38 0
BBX 29 47 5 0
BITMAP
FC000000
FC000000
FC000000
FC000000
FC000000
FC000000
FC000000
FC000000
FC000000
FC000000
FC000000
FC000000
FC000000
FC07FC00
FC1FFF00
FC7FFF80
FCFFFFC0
FDFFFFE0
FFFFFFE0
FFE01FF0
FF800FF0
FF0007F0
FE0007F0
FE0003F8
FC0003F8
FC0003F8
FC0003F8
FC0003F8
FC0003F8
FC0003F8
FC0003F8
FC0003F8
FC0003F8
FC0003F8
FC0003F8
FC0003F8
FC0003F8
FC0003F8
FC0003F8
FC0003F8
FC0003F8
FC0003F8
FC0003F8
FC0003F8
FC0003F8
FC0003F8
FC0003F8
ENDCHAR
STARTCHAR i
ENCODING 105
SWIDTH 278 0
DWIDTH 18 0
BBX 9 49 4 0
BITMAP
3F00
7F80
7F80
FF80
7F80
7F80
7F00
3E00
0000
0000
0000
0000
0000
0000
0000
3F00
3F00
3F00
3F00
3F00
3F00
3F00
3F00
3F00
3F00
3F00
3F00
3F00
3F00
3F00
3F00
3F00
3F00
3F00
3F00
3F00
3F00
3F00
3F00
3F00
3F00
3F00
3F00
3F00
3F00
3F00
3F00
3F00
3F00
ENDCHAR
STARTCHAR j
ENCODING 106
SWIDTH 265 0
DWIDTH 17 0
BBX 15 62 -2 -13
BITMAP
00FC
01FE
01FE
01FE
01FE
01FE
01FC
0078
0000
0000
0000
0000
0000
0000
0000
01FC
01FC
01FC
01FC
01FC
01FC
01FC
01FC
01FC
01FC
01FC
01FC
01FC
01FC
01FC
01FC
01FC
01FC
01FC
01FC
01FC
01FC
01FC
01FC
01FC
01FC
01FC
01FC
01FC
01FC
01FC
01FC
01FC
01FC
01FC
01FC
01FC
01FC
03FC
03F8
07F8
FFF8
7FF0
7FE0
3FC0
3F00
1000
ENDCHAR
STARTCHAR k
ENCODING 107
SWIDTH 568 0
DWIDTH 36 0
BBX 31 47 5 0
BITMAP
FC000000
FC000000
FC000000
FC000000
FC000000
FC000000
FC000000
FC000000
FC000000
FC000000
FC000000
FC000000
FC000000
FC0007FC
FC000FF8
FC001FF0
FC003FE0
FC007FC0
FC00FF80
FC01FF00
FC03FE00
FC07FC00
FC0FF800
FC1FF000
FC3FC000
FC7F8000
FCFF0000
FDFE0000
FFFE0000
FFFF0000
FFFF8000
FFFF8000
FFFFC000
FF9FE000
FF0FF000
FE0FF800
FC07FC00
FC03FE00
FC01FE00
FC00FF00
FC007F80
FC003FC0
FC003FE0
FC001FF0
FC000FF8
FC0007F8
FC0003FE
ENDCHAR
STARTCHAR l
ENCODING 108
SWIDTH 251 0
DWIDTH 16 0
BBX 6 47 5 0
BITMAP
FC
FC
FC
FC
FC
FC
FC
FC
FC
FC
FC
FC
FC
FC
FC
FC
FC
FC
FC
FC
FC
FC
FC
FC
FC
FC
FC
FC
FC
FC
FC
FC
FC
FC
FC
FC
FC
FC
FC
FC
FC
FC
FC
FC
FC
FC
FC
ENDCHAR
STARTCHAR m
ENCODING 109
SWIDTH 921 0
DWIDTH 59 0
BBX 51 34 4 0
BITMAP
FE03FC000FF000
FE0FFF007FFC00
FE3FFF80FFFE00
FE7FFFC1FFFF00
FEFFFFE3FFFF80
FFFFFFE7FFFF80
FFF03FFFC0FFC0
FFC00FFF003FC0
FF8007FE001FC0
FF0007FC001FC0
FF0003FC000FE0
FE0003F8000FE0
FE0003F8000FE0
FE0003F8000FE0
FE0003F8000FE0
FE0003F8000FE0
FE0003F8000FE0
FE0003F8000FE0
FE0003F8000FE0
FE0003F8000FE0
FE0003F8000FE0
FE0003F8000FE0
FE0003F8000FE0
FE0003F8000FE0
FE0003F8000FE0
FE0003F8000FE0
FE0003F8000FE0
FE0003F8000FE0
FE0003F8000FE0
FE0003F8000FE0
FE0003F8000FE0
FE0003F8000FE0
FE0003F8000FE0
FE0003F8000FE0
ENDCHAR
STARTCHAR n
ENCODING 110
SWIDTH 595 0
DWIDTH 38 0
BBX 29 34 5 0
BITMAP
FC07FC00
FC1FFF00
FC7FFF80
FCFFFFC0
FDFFFFE0
FFFFFFE0
FFE01FF0
FF800FF0
FF0007F0
FE0007F0
FE0003F8
FC0003F8
FC0003F8
FC0003F8
FC0003F8
FC0003F8
FC0003F8
FC0003F8
FC0003F8
FC0003F8
FC0003F8
FC0003F8
FC0003F8
FC0003F8
FC0003F8
FC0003F8
FC0003F8
FC0003F8
FC0003F8
FC0003F8
FC0003F8
FC0003F8
FC0003F8
FC0003F8
ENDCHAR
STARTCHAR o
ENCODING 111
SWIDTH 615 0
DWIDTH 39 0
BBX 34 35 3 -1
BITMAP
001FFC0000
007FFF8000
01FFFFC000
03FFFFF000
07FFFFF800
0FFFFFFC00
1FF807FC00
3FE001FE00
3FC000FF00
7F80007F00
7F00007F80
FE00003F80
FE00003F80
FE00001F80
FC00001FC0
FC00001FC0
FC00001FC0
FC00001FC0
FC00001FC0
FC00001FC0
FE00001FC0
FE00003F80
FE00003F80
7F00003F80
7F00007F00
7F8000FF00
3FC001FE00
1FF007FE00
1FFE3FFC00
0FFFFFF800
07FFFFF000
01FFFFE000
00FFFF8000
003FFE0000
0003E00000
ENDCHAR
STARTCHAR p
ENCODING 112
SWIDTH 631 0
DWIDTH 40 0
BBX 33 48 5 -14
BITMAP
FC07FC0000
FC1FFF0000
FC7FFFC000
FCFFFFE000
FDFFFFF000
FFFFFFF800
FFF80FFC00
FFE003FC00
FF8001FE00
FF0000FE00
FF00007F00
FE00007F00
FE00003F00
FC00003F80
FC00003F80
FC00003F80
FC00003F80
FC00003F80
FC00003F80
FC00003F80
FC00003F80
FE00003F00
FE00007F00
FF00007F00
FF0000FF00
FF8001FE00
FFC003FE00
FFF007FC00
FFFFFFF800
FFFFFFF000
FDFFFFF000
FCFFFFC000
FC3FFF8000
FC0FFE0000
FC00E00000
FC00000000
FC00000000
FC00000000
FC00000000
FC00000000
FC00000000
FC00000000
FC00000000
FC00000000
FC00000000
FC00000000
FC00000000
FC00000000
ENDCHAR
STARTCHAR q
ENCODING 113
SWIDTH 630 0
DWIDTH 40 0
BBX 33 48 3 -14
BITMAP
003FF03F80
00FFFC3F80
03FFFF3F80
07FFFFBF80
0FFFFFFF80
1FFFFFFF80
1FF00FFF80
3FC003FF80
7F8001FF80
7F0000FF80
7F00007F80
FE00007F80
FE00003F80
FC00003F80
FC00003F80
FC00003F80
FC00003F80
FC00003F80
FC00003F80
FC00003F80
FC00003F80
FE00003F80
FE00007F80
FE00007F80
7F0000FF80
7F8001FF80
3FC003FF80
3FF007FF80
1FFE7FFF80
0FFFFFFF80
07FFFFBF80
03FFFF3F80
01FFFE3F80
007FF83F80
0007803F80
0000003F80
0000003F80
0000003F80
0000003F80
0000003F80
0000003F80
0000003F80
0000003F80
0000003F80
0000003F80
0000003F80
0000003F80
0000003F80
ENDCHAR
STARTCHAR r
ENCODING 114
SWIDTH 403 0
DWIDTH 26 0
BBX 20 34 5 0
BITMAP
FC07F0
FC1FF0
FC7FF0
FCFFE0
FCFFE0
FDFFE0
FFFFE0
FFE020
FFC000
FF8000
FF0000
FE0000
FE0000
FC0000
FC0000
FC0000
FC0000
FC0000
FC0000
FC0000
FC0000
FC0000
FC0000
FC0000
FC0000
FC0000
FC0000
FC0000
FC0000
FC0000
FC0000
FC0000
FC0000
FC0000
ENDCHAR
STARTCHAR s
ENCODING 115
SWIDTH 479 0
DWIDTH 31 0
BBX 25 35 3 -1
BITMAP
01FFC000
07FFF000
0FFFFC00
1FFFFE00
3FFFFF00
7FC1FF80
7F007F00
7E001E00
FE000C00
FE000000
FE000000
7F000000
7F800000
7FF00000
3FFE0000
3FFFC000
0FFFF000
07FFFC00
01FFFE00
003FFF00
0007FF00
0000FF80
00003F80
00003F80
00001F80
18001F80
3C003F80
7E003F00
FF807F00
FFFFFF00
7FFFFE00
3FFFFC00
0FFFF000
03FFE000
003E0000
ENDCHAR
STARTCHAR t
ENCODING 116
SWIDTH 384 0
DWIDTH 25 0
BBX 21 42 2 0
BITMAP
01F800
01F800
01F800
01F800
01F800
01F800
01F800
01F800
FFFFF8
FFFFF8
FFFFF8
FFFFF8
FFFFF8
FFFFF8
FFFFF8
01F800
01F800
01F800
01F800
01F800
01F800
01F800
01F800
01F800
01F800
01F800
01F800
01F800
01F800
01F800
01F800
01F800
01F800
01F800
01F800
01F800
01F800
01F800
01F800
01F800
01F800
01F800
ENDCHAR
STARTCHAR u
ENCODING 117
SWIDTH 605 0
DWIDTH 39 0
BBX 29 35 5 -1
BITMAP
FC0001F8
FC0001F8
FC0001F8
FC0001F8
FC0001F8
FC0001F8
FC0001F8
FC0001F8
FC0001F8
FC0001F8
FC0001F8
FC0001F8
FC0001F8
FC0001F8
FC0001F8
FC0001F8
FC0001F8
FC0001F8
FC0001F8
FC0001F8
FC0001F8
FC0003F8
FE0003F8
FE0003F8
FE0003F8
FF0007F8
FF000FF8
7F801FF8
7FF07FF8
3FFFFDF8
3FFFF9F8
1FFFF1F8
0FFFE1F8
03FF81F8
007C0000
ENDCHAR
STARTCHAR v
ENCODING 118
SWIDTH 573 0
DWIDTH 37 0
BBX 34 34 1 0
BITMAP
FF00001FC0
7F00001FC0
7F00001F80
3F80003F80
3F80003F00
1FC0007F00
1FC0007F00
1FC000FE00
0FE000FE00
0FE000FC00
07F001FC00
07F001F800
03F003F800
03F803F000
03F807F000
01FC07F000
01FC07E000
00FC0FE000
00FE0FC000
00FE1FC000
007F1F8000
007F3F8000
003FBF0000
003FBF0000
001FFF0000
001FFE0000
001FFE0000
000FFC0000
000FFC0000
0007F80000
0007F80000
0003F00000
0003F00000
0003F00000
ENDCHAR
STARTCHAR w
ENCODING 119
SWIDTH 800 0
DWIDTH 51 0
BBX 49 34 1 0
BITMAP
FE000000003F80
7E000000003F00
7F000000007F00
7F000000007F00
3F000000007E00
3F80000000FE00
3F8003E000FE00
1F8003E000FC00
1FC007F001FC00
0FC007F001FC00
0FC007F801F800
0FE00FF803F800
07E00FFC03F800
07E01FFC03F000
07F01FFE07F000
03F03F7E07F000
03F03F7F07E000
03F87E3F07E000
01F87E3F0FE000
01F8FC1F8FC000
01FCFC1F8FC000
00FCF81FDFC000
00FDF80FDF8000
00FFF80FFF8000
007FF007FF8000
007FF007FF0000
007FE003FF0000
003FE003FF0000
003FE001FE0000
003FC001FE0000
001FC001FE0000
001F8000FC0000
001F8000FC0000
000F80007C0000
ENDCHAR
STARTCHAR x
ENCODING 120
SWIDTH 562 0
DWIDTH 36 0
BBX 34 34 1 0
BITMAP
FF00007F80
7F8000FF00
3FC000FE00
3FE001FE00
1FE003FC00
0FF003F800
07F807F800
07FC0FF000
03FC0FE000
01FE1FC000
00FF3FC000
007FBF8000
007FFF0000
003FFE0000
001FFE0000
000FFC0000
000FF80000
0007F80000
000FFC0000
001FFE0000
003FFF0000
003FFF0000
007F7F8000
00FF3FC000
01FE1FE000
01FC1FF000
03F80FF000
07F807F800
0FF003FC00
1FE003FE00
1FC001FE00
3FC000FF00
7F80007F80
FF00003FC0
ENDCHAR
STARTCHAR y
ENCODING 121
SWIDTH 581 0
DWIDTH 37 0
BBX 37 49 0 -15
BITMAP
FF000007F8
7F000007F0
7F80000FF0
3F80000FF0
3FC0000FE0
1FC0001FE0
1FE0001FC0
1FE0003FC0
0FE0003FC0
0FF0003F80
07F0007F80
07F8007F00
03F8007F00
03FC00FE00
01FC00FE00
01FC00FE00
01FE01FC00
00FE01FC00
00FF03F800
007F03F800
007F83F800
003F87F000
003F87F000
001FC7E000
001FCFE000
001FEFE000
000FEFC000
000FFFC000
0007FF8000
0007FF8000
0003FF8000
0003FF0000
0001FF0000
0001FE0000
0001FE0000
0000FC0000
0000FC0000
0001FC0000
0001F80000
0003F80000
0003F80000
0007F00000
0007F00000
000FE00000
000FE00000
000FE00000
001FC00000
001FC00000
003F800000
ENDCHAR
STARTCHAR z
ENCODING 122
SWIDTH 484 0
DWIDTH 31 0
BBX 25 34 3 0
BITMAP
FFFFFF80
FFFFFF80
FFFFFF80
FFFFFF80
FFFFFF80
FFFFFF80
00007F00
0000FE00
0001FE00
0003FC00
0003F800
0007F000
000FF000
001FE000
001FC000
003F8000
007F8000
00FF0000
00FE0000
01FC0000
03FC0000
07F80000
07F00000
0FE00000
1FE00000
3FC00000
3F800000
7F000000
FFFFFF80
FFFFFF80
FFFFFF80
FFFFFF80
FFFFFF80
FFFFFF80
ENDCHAR
STARTCHAR braceleft
ENCODING 123
SWIDTH 411 0
DWIDTH 26 0
BBX 22 58 3 -13
BITMAP
000018
0000F8
0003F8
0007F8
001FFC
001FE0
003FC0
003F00
007F00
007E00
007E00
007E00
007E00
007E00
007E00
007E00
007E00
007E00
007E00
007E00
007E00
007E00
00FC00
00FC00
01FC00
03F800
0FF000
FFE000
FFC000
FFC000
FFE000
1FF000
03F800
01FC00
00FC00
00FC00
00FE00
007E00
007E00
007E00
007E00
007E00
007E00
007E00
007E00
007E00
007E00
007E00
007E00
007F00
003F00
003FC0
001FF0
001FFC
000FF8
0003F8
0000F8
000018
ENDCHAR
STARTCHAR bar
ENCODING 124
SWIDTH 231 0
DWIDTH 15 0
BBX 7 59 4 -12
BITMAP
FE
FE
FE
FE
FE
FE
FE
FE
FE
FE
FE
FE
FE
FE
FE
FE
FE
FE
FE
FE
FE
FE
FE
FE
FE
FE
FE
FE
FE
FE
FE
FE
FE
FE
FE
FE
FE
FE
FE
FE
FE
FE
FE
FE
FE
FE
FE
FE
FE
FE
FE
FE
FE
FE
FE
FE
FE
FE
FE
ENDCHAR
STARTCHAR braceright
ENCODING 125
SWIDTH 411 0
DWIDTH 26 0
BBX 21 58 2 -13
BITMAP
400000
F80000
FE0000
FF8000
FFC000
3FE000
0FE000
07F000
03F000
03F000
03F000
01F800
01F800
01F800
01F800
01F800
01F800
01F000
01F000
01F000
01F800
01F800
01F800
01FC00
00FC00
00FE00
007FC0
003FF8
000FF8
000FF8
003FF8
007FC0
00FE00
00FC00
01F800
01F800
01F800
01F800
01F000
01F000
01F000
01F000
01F800
01F800
01F800
01F800
01F000
03F000
03F000
03F000
07F000
0FE000
3FE000
FFC000
FF8000
FE0000
F80000
400000
ENDCHAR
STARTCHAR asciitilde
ENCODING 126
SWIDTH 510 0
DWIDTH 33 0
BBX 27 10 3 14
BITMAP
03800000
1FF003E0
3FFE03E0
7FFF83E0
FFFFFFE0
FFFFFFC0
F83FFFC0
F80FFF80
F001FF00
00001800
ENDCHAR
STARTCHAR uni00A0
ENCODING 160
SWIDTH 280 0
DWIDTH 18 0
BBX 1 1 0 0
BITMAP
00
ENDCHAR
STARTCHAR exclamdown
ENCODING 161
SWIDTH 236 0
DWIDTH 15 0
BBX 9 46 3 -11
BITMAP
1C00
7E00
7F00
FF80
FF80
FF80
FF80
FF00
7F00
3C00
0000
0000
0000
0000
0000
0000
3C00
3C00
3C00
3C00
3C00
3E00
3E00
7E00
7E00
7E00
7E00
7E00
7E00
7E00
7E00
7E00
7E00
7E00
7E00
7E00
7E00
7F00
7F00
7F00
7F00
7F00
7F00
7F00
7F00
7F00
ENDCHAR
STARTCHAR cent
ENCODING 162
SWIDTH 535 0
DWIDTH 34 0
BBX 30 45 3 0
BITMAP
000FE000
000FE000
000FE000
000FE000
000FE000
000FF000
007FFE00
01FFFF80
03FFFFE0
07FFFFF0
0FFFFFF8
1FFFDFFC
3FE7C3F8
3FC7C1F0
7F87C0E0
7F07C060
FE07C000
FE07C000
FC07C000
FC07C000
FC07C000
FC07C000
FC07C000
FC07C000
FC07C000
FC07C000
FC07C000
FE07C000
FE07C000
7F07C040
7F87C060
3FC7C1F0
3FE7C3F8
1FFFCFFC
0FFFFFF8
07FFFFF0
03FFFFE0
01FFFF80
007FFE00
000FF000
000FE000
000FE000
000FE000
000FE000
000FE000
ENDCHAR
STARTCHAR sterling
ENCODING 163
SWIDTH 610 0
DWIDTH 39 0
BBX 36 46 2 -1
BITMAP
0003FFC000
000FFFF000
003FFFFC00
007FFFFE00
00FFFFFF00
00FFFFFE00
01FF00FC00
03FC003800
03F8001000
03F8000000
03F0000000
07F0000000
07F0000000
07F0000000
07F0000000
07F0000000
03F0000000
03F0000000
03F0000000
7FFFFFE000
7FFFFFE000
7FFFFFE000
7FFFFFE000
7FFFFFE000
00FC000000
00FE000000
00FE000000
007E000000
007E000000
007F000000
007F000000
007F000000
007E000000
007E000000
007E000000
007E000000
00FC000000
00FC000000
07FF800080
3FFFF00180
FFFFFE1FC0
FFFFFFFFE0
7FFFFFFFF0
7FC7FFFFE0
38007FFF80
000007FE00
ENDCHAR
STARTCHAR currency
ENCODING 164
SWIDTH 550 0
DWIDTH 35 0
BBX 29 29 3 5
BITMAP
00000080
0C0001C0
1E0003E0
3F0FC7F0
7FFFFFF8
FFFFFFF0
3FFFFFE0
1FFFFFC0
0FFFFF80
07F03F80
0FE01F80
0FC01FC0
0FC00FC0
0FC00FC0
1FC00FC0
1FC00FC0
0FC00FC0
0FC00FC0
0FE01FC0
0FF03F80
0FFCFF80
1FFFFFC0
3FFFFFF0
7FFFFFF8
7FFFFFF0
3F1FE7E0
1E0001C0
0C000080
04000000
ENDCHAR
STARTCHAR yen
ENCODING 165
SWIDTH 660 0
DWIDTH 42 0
BBX 41 45 1 0
BITMAP
FF000000FF80
7F800000FF00
7FC00001FE00
3FC00001FC00
1FE00003FC00
1FF00007F800
0FF00007F000
07F8000FF000
03FC001FE000
03FC001FC000
01FE003FC000
00FF007F8000
00FF807F0000
007F80FF0000
003FC0FE0000
003FE1FE0000
001FE3FC0000
000FF3F80000
0007FFF80000
0007FFF00000
0003FFE00000
0001FFE00000
0001FFC00000
0000FF800000
00007F800000
00FFFFFFE000
00FFFFFFE000
00FFFFFFE000
00FFFFFFE000
00FFFFFFE000
00007F000000
00007F000000
00007F000000
00007F000000
00FFFFFFE000
00FFFFFFE000
00FFFFFFE000
00FFFFFFE000
00FFFFFFE000
00007F000000
00007F000000
00007F000000
00007F000000
00007F000000
00007F000000
ENDCHAR
STARTCHAR brokenbar
ENCODING 166
SWIDTH 239 0
DWIDTH 15 0
BBX 6 60 5 -13
BITMAP
FC
FC
FC
FC
FC
FC
FC
FC
FC
FC
FC
FC
FC
FC
FC
FC
FC
FC
FC
FC
FC
FC
FC
FC
FC
00
00
00
00
00
00
00
00
00
FC
FC
FC
FC
FC
FC
FC
FC
FC
FC
FC
FC
FC
FC
FC
FC
FC
FC
FC
FC
FC
FC
FC
FC
FC
FC
ENDCHAR
STARTCHAR section
ENCODING 167
SWIDTH 549 0
DWIDTH 35 0
BBX 30 55 3 -9
BITMAP
00010000
003FFC00
00FFFF00
03FFFF80
03FFFFC0
07FFFFE0
0FFFFFE0
0FF00FC0
1FC00380
1FC00100
1F800000
1F800000
1F800000
1FC00000
1FE00000
0FF00000
0FFE0000
07FFC000
07FFFC00
0FFFFF00
1FFFFFC0
3FFFFFE0
7FDFFFF0
7F03FFF8
FF003FF8
FE0007FC
FE0003FC
FE0001FC
FE0000FC
FF0000FC
FFC001F8
7FF001F8
7FFF07F8
3FFFFFF0
1FFFFFE0
0FFFFFC0
03FFFF80
007FFFC0
0007FFC0
0000FFE0
00003FE0
00000FE0
000007F0
000007F0
180007F0
1C0007E0
3E0007E0
7F800FE0
7FF07FC0
7FFFFFC0
1FFFFF80
0FFFFF00
03FFFE00
00FFF800
00070000
ENDCHAR
STARTCHAR dieresis
ENCODING 168
SWIDTH 500 0
DWIDTH 32 0
BBX 22 8 5 41
BITMAP
3F03F0
7F83F8
FF87FC
FF87FC
FF87FC
FF87F8
7F03F8
3E01E0
ENDCHAR
STARTCHAR copyright
ENCODING 169
SWIDTH 786 0
DWIDTH 50 0
BBX 46 45 2 0
BITMAP
00007FF80000
0003FFFF0000
000FFFFFC000
001FFFFFF000
007FFCFFF800
00FF8007FC00
01FE0000FE00
03F800007F00
07F000001F80
0FE003C00FC0
0FC01FFC07E0
1F807FFF07E0
1F01FFFF83F0
3E03FFFF01F0
3E07FFFE01F8
7C07F00E00F8
7C0FE00400F8
7C0FC0000078
781F8000007C
F81F8000007C
F81F0000007C
F81F0000007C
F81F0000007C
F81F0000007C
F81F0000007C
F81F8000007C
781F8000007C
7C1FC0000078
7C0FC00200F8
7C0FF00600F8
3E07FC3F01F8
3E03FFFF01F0
3F01FFFF83F0
1F80FFFF03E0
0F803FFC07E0
0FC007F00FC0
07E000001F80
03F800007F00
01FC0000FF00
00FF8003FE00
007FF03FF800
003FFFFFF000
000FFFFFC000
0003FFFF0000
0000FFFC0000
ENDCHAR
STARTCHAR ordfeminine
ENCODING 170
SWIDTH 365 0
DWIDTH 23 0
BBX 20 21 1 25
BITMAP
03F3F0
0FFBF0
1FFFF0
3FFFF0
7F8FF0
7E07F0
FE03F0
FC03F0
FC01F0
FC01F0
FC01F0
FC01F0
FC01F0
FC03F0
FE03F0
7E07F0
7F9FF0
3FFFF0
1FFBF0
0FF3F0
07E000
ENDCHAR
STARTCHAR guillemotleft
ENCODING 171
SWIDTH 486 0
DWIDTH 31 0
BBX 28 27 1 3
BITMAP
00600180
007001C0
00FC03F0
01F807E0
03F80FE0
03F00FC0
07E01F80
0FE03F80
1FC07F00
1F807E00
3F00FC00
7F01FC00
FE03F800
FE03F800
FE03F800
7F01FC00
3F80FE00
1F807E00
1FC07F00
0FE03F80
07F01FC0
03F00FC0
01F807E0
01FC07F0
00F803E0
007001C0
00400100
ENDCHAR
STARTCHAR logicalnot
ENCODING 172
SWIDTH 670 0
DWIDTH 43 0
BBX 37 19 3 7
BITMAP
FFFFFFFFF8
FFFFFFFFF8
FFFFFFFFF8
FFFFFFFFF8
FFFFFFFFF8
FFFFFFFFF8
00000003F8
00000003F8
00000003F8
00000003F8
00000003F8
00000003F8
00000003F8
00000003F8
00000003F8
00000003F8
00000003F8
00000003F8
00000003F8
ENDCHAR
STARTCHAR uni00AD
ENCODING 173
SWIDTH 394 0
DWIDTH 25 0
BBX 19 7 3 15
BITMAP
FFFFE0
FFFFE0
FFFFE0
FFFFE0
FFFFE0
FFFFE0
FFFFE0
ENDCHAR
STARTCHAR registered
ENCODING 174
SWIDTH 507 0
DWIDTH 32 0
BBX 29 28 2 17
BITMAP
007FF000
01FFFC00
03FFFE00
0FFFFF80
1FC01FC0
1F0007C0
3E7FC3E0
7C7FE1F0
787FF0F0
7878F8F8
F0787878
F0787878
F078F078
F07FF078
F07FE078
F07FC078
F079E078
F079E078
7878E0F8
7878F0F0
7C78F1F0
3E787BE0
1F0007C0
1FC01FC0
0FFFFF80
03FFFE00
01FFFC00
007FF000
ENDCHAR
STARTCHAR macron
ENCODING 175
SWIDTH 424 0
DWIDTH 27 0
BBX 18 5 7 41
BITMAP
FFFFC0
FFFFC0
FFFFC0
FFFFC0
FFFFC0
ENDCHAR
STARTCHAR degree
ENCODING 176
SWIDTH 532 0
DWIDTH 34 0
BBX 20 19 7 26
BITMAP
03FC00
0FFF00
1FFF80
3FFFC0
7F0FE0
7C03E0
FC03F0
F801F0
F801F0
F801F0
F801F0
F801F0
FC03F0
7C03E0
7F0FE0
3FFFC0
1FFF80
0FFF00
03FE00
ENDCHAR
STARTCHAR plusminus
ENCODING 177
SWIDTH 582 0
DWIDTH 37 0
BBX 31 34 3 0
BITMAP
000FE000
000FE000
000FE000
000FE000
000FE000
000FE000
000FE000
000FE000
000FE000
000FE000
FFFFFFFE
FFFFFFFE
FFFFFFFE
FFFFFFFE
FFFFFFFE
FFFFFFFE
000FE000
000FE000
000FE000
000FE000
000FE000
000FE000
000FE000
000FE000
000FE000
00000000
00000000
00000000
FFFFFFFE
FFFFFFFE
FFFFFFFE
FFFFFFFE
FFFFFFFE
FFFFFFFE
ENDCHAR
STARTCHAR uni00B2
ENCODING 178
SWIDTH 346 0
DWIDTH 22 0
BBX 16 23 3 27
BITMAP
07F0
1FF8
3FFC
7FFE
FFFE
F83F
703F
303F
003E
007E
007C
00FC
01F8
03F0
07E0
0FC0
1F80
3F00
7E00
7FFF
7FFF
7FFF
7FFF
ENDCHAR
STARTCHAR uni00B3
ENCODING 179
SWIDTH 342 0
DWIDTH 22 0
BBX 15 23 4 26
BITMAP
7FF8
7FF8
7FF8
7FF8
01F8
03E0
07C0
0F80
3FE0
3FF8
3FFC
3FFC
107E
003E
003E
003E
003E
607E
7FFC
FFF8
FFF8
7FE0
0700
ENDCHAR
STARTCHAR acute
ENCODING 180
SWIDTH 500 0
DWIDTH 32 0
BBX 14 11 9 39
BITMAP
0040
00E0
01F0
07F0
0FF8
1FFC
3FE0
7F80
FF00
7C00
3000
ENDCHAR
STARTCHAR uni00B5
ENCODING 181
SWIDTH 586 0
DWIDTH 38 0
BBX 28 44 5 -10
BITMAP
FC0003F0
FC0003F0
FC0003F0
FC0003F0
FC0003F0
FC0003F0
FC0003F0
FC0003F0
FC0003F0
FC0003F0
FC0003F0
FC0003F0
FC0003F0
FC0003F0
FC0003F0
FC0003F0
FC0003F0
FC0003F0
FC0003F0
FC0003F0
FC0003F0
FC0003F0
FE0007F0
FE0007F0
FE0007F0
FE000FF0
FF001FF0
FF803FF0
FFE0FFF0
FFFFFBF0
FFFFFBF0
FFFFF3F0
FDFFE3F0
FCFF83F0
FC1C0000
FC000000
FC000000
FC000000
FC000000
FC000000
FC000000
FC000000
FC000000
FC000000
ENDCHAR
STARTCHAR paragraph
ENCODING 182
SWIDTH 712 0
DWIDTH 46 0
BBX 36 45 3 0
BITMAP
001FFFFFF0
00FFFFFFF0
03FFFFFFF0
07FFFFFFF0
1FFFFFFFF0
1FFFFFFFF0
3FFFFFFFF0
7FFFF007F0
7FFFF007F0
7FFFF007F0
FFFFF007F0
FFFFF007F0
FFFFF007F0
FFFFF007F0
FFFFF007F0
FFFFF007F0
FFFFF007F0
FFFFF007F0
7FFFF007F0
7FFFF007F0
3FFFF007F0
3FFFF007F0
1FFFF007F0
0FFFF007F0
07FFF007F0
03FFF007F0
00FFF007F0
0007F007F0
0007F007F0
0007F007F0
0007F007F0
0007F007F0
0007F007F0
0007F007F0
0007F007F0
0007F007F0
0007F007F0
0007F007F0
0007F007F0
0007F007F0
0007F007F0
0007F007F0
0007F007F0
0007F007F0
0007F007F0
ENDCHAR
STARTCHAR periodcentered
ENCODING 183
SWIDTH 228 0
DWIDTH 15 0
BBX 9 10 3 16
BITMAP
3C00
7F00
FF00
FF80
FF80
FF80
FF00
FF00
7E00
1C00
ENDCHAR
STARTCHAR cedilla
ENCODING 184
SWIDTH 500 0
DWIDTH 32 0
BBX 12 18 10 -16
BITMAP
0780
0F00
0E00
1E00
3C00
3F00
7FC0
FFE0
3FF0
03F0
01F0
01F0
03F0
0FE0
FFE0
FF80
FE00
E000
ENDCHAR
STARTCHAR uni00B9
ENCODING 185
SWIDTH 281 0
DWIDTH 18 0
BBX 10 22 3 28
BITMAP
07C0
1FC0
3FC0
FFC0
7FC0
7FC0
37C0
27C0
07C0
07C0
07C0
07C0
07C0
07C0
07C0
07C0
07C0
07C0
07C0
07C0
07C0
07C0
ENDCHAR
STARTCHAR ordmasculine
ENCODING 186
SWIDTH 354 0
DWIDTH 23 0
BBX 20 20 1 25
BITMAP
03FE00
0FFF00
1FFF80
3FFFC0
3F0FE0
7E07E0
7E03F0
FC03F0
FC01F0
FC01F0
FC01F0
FC01F0
7C03F0
7E03F0
7F07E0
3FFFE0
1FFFC0
0FFF80
07FF00
01F800
ENDCHAR
STARTCHAR guillemotright
ENCODING 187
SWIDTH 491 0
DWIDTH 31 0
BBX 28 27 3 3
BITMAP
10004000
7801E000
FC03F000
FC03F000
7E01F800
7F01FC00
3F80FE00
1F807E00
0FC03F00
0FE03F80
07F01FC0
03F80FE0
03F80FE0
01FC07F0
03F80FE0
07F01FC0
07E01F80
0FE03F80
1FC07F00
1F807E00
3F00FC00
7F01FC00
7E01F800
FC03F000
F803E000
3800E000
10004000
ENDCHAR
STARTCHAR onequarter
ENCODING 188
SWIDTH 793 0
DWIDTH 51 0
BBX 45 45 3 0
BITMAP
07C000003F80
1FC000007F00
3FC000007E00
FFC00000FC00
7FC00001FC00
7FC00001F800
37C00003F000
27C00007F000
07C00007E000
07C0000FC000
07C0001FC000
07C0001F8000
07C0003F0000
07C0007F0000
07C0007E0000
07C000FC0000
07C001FC0000
07C001F80000
07C003F00000
07C007F00000
07C007E00000
07C00FC00000
00001FC00F80
00001F800F80
00003F001F80
00007F003F80
00007E007F80
0000FC00FF80
0001FC01FF80
0001F801FF80
0003F003EF80
0007F007EF80
0007E00FCF80
000FC01F8F80
001FC01F0F80
001F803FFFF8
003F003FFFF8
007F003FFFF8
007E001FFFF8
00FC001FFFF8
01FC00000F80
01F800000F80
03F000000F80
07F000000F80
0FE000000F80
ENDCHAR
STARTCHAR onehalf
ENCODING 189
SWIDTH 785 0
DWIDTH 50 0
BBX 45 45 3 0
BITMAP
07C000003F80
1FC000007F00
3FC000007E00
FFC00000FC00
7FC00001FC00
7FC00001F800
37C00003F000
27C00007F000
07C00007E000
07C0000FC000
07C0001FC000
07C0001F8000
07C0003F0000
07C0007F0000
07C0007E0000
07C000FC0000
07C001FC0000
07C001F80000
07C003F00000
07C007F00000
07C007E00000
07C00FC00000
00001FC03F80
00001F80FFC0
00003F01FFE0
00007F03FFF0
00007E07FFF0
0000FC07C1F8
0001FC0381F8
0001F80181F8
0003F00001F0
0007F00003F0
0007E00003E0
000FC00007E0
001FC0000FC0
001F80001F80
003F00003F00
007F00007E00
007E0000FC00
00FC0001F800
01FC0003F000
01F80003FFF8
03F00003FFF8
07F00003FFF8
0FE00003FFF8
ENDCHAR
STARTCHAR threequarters
ENCODING 190
SWIDTH 791 0
DWIDTH 51 0
BBX 46 45 2 0
BITMAP
7FF800001FC0
7FF800003F80
7FF800003F00
7FF800007E00
01F80000FE00
03E00000FC00
07C00001F800
0F800003F800
3FE00003F000
3FF80007E000
3FFC000FE000
3FFC000FC000
107E001F8000
003E003F8000
003E003F0000
003E007E0000
003E00FE0000
607E00FC0000
7FFC01F80000
FFF803F80000
FFF803F00000
7FE007E00000
07000FE007C0
00000FC007C0
00001F800FC0
00003F801FC0
00003F003FC0
00007E007FC0
0000FE00FFC0
0000FC00FFC0
0001F801F7C0
0003F803F7C0
0003F007E7C0
0007E00FC7C0
000FE00F87C0
000FC01FFFFC
001F801FFFFC
003F801FFFFC
003F000FFFFC
007E000FFFFC
00FE000007C0
00FC000007C0
01F8000007C0
03F8000007C0
07F0000007C0
ENDCHAR
STARTCHAR questiondown
ENCODING 191
SWIDTH 511 0
DWIDTH 33 0
BBX 29 46 1 -11
BITMAP
0003C000
0007E000
000FF000
000FF000
000FF000
000FF000
000FF000
000FF000
0007E000
00038000
00000000
00000000
00000000
00000000
0007C000
0007C000
0007E000
0007E000
000FE000
000FE000
001FE000
007FF000
01FFF000
03FFE000
07FF0000
0FFC0000
1FF00000
3FE00000
3FC00000
7F800000
7F000000
7F000000
FF000000
FF000080
FF0000C0
7F0001E0
7F0003F0
7F8007F8
7FC00FF0
3FF03FE0
1FFFFFE0
1FFFFFC0
0FFFFF00
03FFFE00
01FFF800
003FE000
ENDCHAR
STARTCHAR Agrave
ENCODING 192
SWIDTH 700 0
DWIDTH 45 0
BBX 41 59 2 0
BITMAP
000100000000
0001C0000000
0003F0000000
0003F8000000
0007FE000000
0007FF000000
0003FFC00000
00007FE00000
00000FE00000
000003C00000
000000400000
000000000000
000000000000
000000000000
00007F000000
0000FF000000
0000FF800000
0000FF800000
0001FFC00000
0001FFC00000
0003FFC00000
0003FFE00000
0003FFE00000
0007F7F00000
0007E7F00000
0007E7F00000
000FE3F80000
000FE3F80000
001FC3F80000
001FC1FC0000
001F81FC0000
003F81FE0000
003F80FE0000
007F00FE0000
007F007F0000
007F007F0000
00FE007F8000
00FE003F8000
00FC003F8000
01FC003FC000
01FC001FC000
03FFFFFFC000
03FFFFFFE000
03FFFFFFE000
07FFFFFFF000
07FFFFFFF000
0FFFFFFFF000
0FFFFFFFF800
0FE00003F800
1FC00003FC00
1FC00001FC00
3FC00001FC00
3F800001FE00
3F800000FE00
7F000000FE00
7F0000007F00
7F0000007F00
FE0000007F80
FE0000003F80
ENDCHAR
STARTCHAR Aacute
ENCODING 193
SWIDTH 700 0
DWIDTH 45 0
BBX 41 59 2 0
BITMAP
000000200000
000000E00000
000003F00000
000007F00000
00001FF80000
00003FF80000
0000FFF00000
0001FF800000
0001FC000000
0000F0000000
000080000000
000000000000
000000000000
000000000000
00007F000000
0000FF000000
0000FF800000
0000FF800000
0001FFC00000
0001FFC00000
0003FFC00000
0003FFE00000
0003FFE00000
0007F7F00000
0007E7F00000
0007E7F00000
000FE3F80000
000FE3F80000
001FC3F80000
001FC1FC0000
001F81FC0000
003F81FE0000
003F80FE0000
007F00FE0000
007F007F0000
007F007F0000
00FE007F8000
00FE003F8000
00FC003F8000
01FC003FC000
01FC001FC000
03FFFFFFC000
03FFFFFFE000
03FFFFFFE000
07FFFFFFF000
07FFFFFFF000
0FFFFFFFF000
0FFFFFFFF800
0FE00003F800
1FC00003FC00
1FC00001FC00
3FC00001FC00
3F800001FE00
3F800000FE00
7F000000FE00
7F0000007F00
7F0000007F00
FE0000007F80
FE0000003F80
ENDCHAR
STARTCHAR Acircumflex
ENCODING 194
SWIDTH 700 0
DWIDTH 45 0
BBX 41 57 2 0
BITMAP
00007E000000
0000FF000000
0001FF800000
0007FFE00000
000FFFF00000
001FE7F80000
003F81FC0000
001E00780000
000800100000
000000000000
000000000000
000000000000
00007F000000
0000FF000000
0000FF800000
0000FF800000
0001FFC00000
0001FFC00000
0003FFC00000
0003FFE00000
0003FFE00000
0007F7F00000
0007E7F00000
0007E7F00000
000FE3F80000
000FE3F80000
001FC3F80000
001FC1FC0000
001F81FC0000
003F81FE0000
003F80FE0000
007F00FE0000
007F007F0000
007F007F0000
00FE007F8000
00FE003F8000
00FC003F8000
01FC003FC000
01FC001FC000
03FFFFFFC000
03FFFFFFE000
03FFFFFFE000
07FFFFFFF000
07FFFFFFF000
0FFFFFFFF000
0FFFFFFFF800
0FE00003F800
1FC00003FC00
1FC00001FC00
3FC00001FC00
3F800001FE00
3F800000FE00
7F000000FE00
7F0000007F00
7F0000007F00
FE0000007F80
FE0000003F80
ENDCHAR
STARTCHAR Atilde
ENCODING 195
SWIDTH 700 0
DWIDTH 45 0
BBX 41 56 2 0
BITMAP
0007F03E0000
001FFE3E0000
003FFFFE0000
003FFFFC0000
007EFFFC0000
007C1FF80000
007C03E00000
000000000000
000000000000
000000000000
000000000000
00007F000000
0000FF000000
0000FF800000
0000FF800000
0001FFC00000
0001FFC00000
0003FFC00000
0003FFE00000
0003FFE00000
0007F7F00000
0007E7F00000
0007E7F00000
000FE3F80000
000FE3F80000
001FC3F80000
001FC1FC0000
001F81FC0000
003F81FE0000
003F80FE0000
007F00FE0000
007F007F0000
007F007F0000
00FE007F8000
00FE003F8000
00FC003F8000
01FC003FC000
01FC001FC000
03FFFFFFC000
03FFFFFFE000
03FFFFFFE000
07FFFFFFF000
07FFFFFFF000
0FFFFFFFF000
0FFFFFFFF800
0FE00003F800
1FC00003FC00
1FC00001FC00
3FC00001FC00
3F800001FE00
3F800000FE00
7F000000FE00
7F0000007F00
7F0000007F00
FE0000007F80
FE0000003F80
ENDCHAR
STARTCHAR Adieresis
ENCODING 196
SWIDTH 700 0
DWIDTH 45 0
BBX 41 57 2 0
BITMAP
001F00F80000
003F81FC0000
007FC1FE0000
007FC3FE0000
007FC3FE0000
007FC3FE0000
007F81FC0000
003F01FC0000
000000000000
000000000000
000000000000
000000000000
00007F000000
0000FF000000
0000FF800000
0000FF800000
0001FFC00000
0001FFC00000
0003FFC00000
0003FFE00000
0003FFE00000
0007F7F00000
0007E7F00000
0007E7F00000
000FE3F80000
000FE3F80000
001FC3F80000
001FC1FC0000
001F81FC0000
003F81FE0000
003F80FE0000
007F00FE0000
007F007F0000
007F007F0000
00FE007F8000
00FE003F8000
00FC003F8000
01FC003FC000
01FC001FC000
03FFFFFFC000
03FFFFFFE000
03FFFFFFE000
07FFFFFFF000
07FFFFFFF000
0FFFFFFFF000
0FFFFFFFF800
0FE00003F800
1FC00003FC00
1FC00001FC00
3FC00001FC00
3F800001FE00
3F800000FE00
7F000000FE00
7F0000007F00
7F0000007F00
FE0000007F80
FE0000003F80
ENDCHAR
STARTCHAR Aring
ENCODING 197
SWIDTH 700 0
DWIDTH 45 0
BBX 41 57 2 0
BITMAP
00003E000000
0000FF000000
0001FF800000
0003FFC00000
0007C3E00000
000781E00000
000781E00000
000781E00000
000781E00000
0003E7C00000
0003FFC00000
0001FF800000
0000FF000000
0000FF000000
0000FF800000
0000FF800000
0001FFC00000
0001FFC00000
0003FFC00000
0003FFE00000
0003FFE00000
0007F7F00000
0007E7F00000
0007E7F00000
000FE3F80000
000FE3F80000
001FC3F80000
001FC1FC0000
001F81FC0000
003F81FE0000
003F80FE0000
007F00FE0000
007F007F0000
007F007F0000
00FE007F8000
00FE003F8000
00FC003F8000
01FC003FC000
01FC001FC000
03FFFFFFC000
03FFFFFFE000
03FFFFFFE000
07FFFFFFF000
07FFFFFFF000
0FFFFFFFF000
0FFFFFFFF800
0FE00003F800
1FC00003FC00
1FC00001FC00
3FC00001FC00
3F800001FE00
3F800000FE00
7F000000FE00
7F0000007F00
7F0000007F00
FE0000007F80
FE0000003F80
ENDCHAR
STARTCHAR AE
ENCODING 198
SWIDTH 969 0
DWIDTH 62 0
BBX 57 45 0 0
BITMAP
00000001FFFFFF80
00000001FFFFFF80
00000003FFFFFF80
00000007FFFFFF80
00000007FFFFFF80
0000000FFFFFFF80
0000001FF0000000
0000003FF0000000
0000003FF0000000
0000007FF0000000
000000FFF0000000
000000FFF0000000
000001FFF0000000
000003FBF0000000
000003F3F0000000
000007E3F0000000
00000FE3F0000000
00001FC3F0000000
00001F83F0000000
00003F83FFFFFC00
00007F03FFFFFC00
00007E03FFFFFC00
0000FE03FFFFFC00
0001FC03FFFFFC00
0001F803FFFFFC00
0003F803F0000000
0007F003F0000000
000FE003F0000000
000FE003F0000000
001FFFFFF0000000
003FFFFFF0000000
003FFFFFF0000000
007FFFFFF0000000
00FFFFFFF0000000
00FFFFFFF0000000
01FC0003F0000000
03F80003F0000000
03F00003F0000000
07F00003F0000000
0FE00003FFFFFF80
1FC00003FFFFFF80
1FC00003FFFFFF80
3F800003FFFFFF80
7F000003FFFFFF80
FF000003FFFFFF80
ENDCHAR
STARTCHAR Ccedilla
ENCODING 199
SWIDTH 679 0
DWIDTH 43 0
BBX 38 61 3 -16
BITMAP
0000FFE000
0003FFFC00
001FFFFF00
003FFFFFC0
007FFFFFE0
01FFFFFFF0
03FFFFFFF8
07FF803FFC
07FE000FF8
0FF80003F0
1FF00001E0
1FE0000040
3FC0000000
3FC0000000
7F80000000
7F80000000
7F00000000
7F00000000
FF00000000
FE00000000
FE00000000
FE00000000
FE00000000
FE00000000
FE00000000
FE00000000
FE00000000
FF00000000
7F00000000
7F00000000
7F80000000
7F80000000
3FC0000000
3FE0000000
1FF0000040
1FF80000E0
0FFC0003E0
07FF000FF0
07FFF07FF8
03FFFFFFF8
01FFFFFFF0
007FFFFFE0
003FFFFFC0
000FFFFF00
0003FFF800
00001F0000
00003C0000
0000780000
00007E0000
0000FF8000
0001FFC000
00007FE000
000007E000
000003E000
000003E000
000007E000
00003FC000
0001FFC000
0001FF0000
0001FC0000
0001C00000
ENDCHAR
STARTCHAR Egrave
ENCODING 200
SWIDTH 614 0
DWIDTH 39 0
BBX 29 59 6 0
BITMAP
00400000
00700000
00FC0000
00FE0000
01FF8000
01FFC000
00FFF000
001FF800
0003F800
0000F000
00001000
00000000
00000000
00000000
FFFFFFF8
FFFFFFF8
FFFFFFF8
FFFFFFF8
FFFFFFF8
FFFFFFF8
FFFFFFF8
FE000000
FE000000
FE000000
FE000000
FE000000
FE000000
FE000000
FE000000
FE000000
FE000000
FE000000
FE000000
FFFFFF80
FFFFFF80
FFFFFF80
FFFFFF80
FFFFFF80
FFFFFF80
FE000000
FE000000
FE000000
FE000000
FE000000
FE000000
FE000000
FE000000
FE000000
FE000000
FE000000
FE000000
FE000000
FFFFFFF8
FFFFFFF8
FFFFFFF8
FFFFFFF8
FFFFFFF8
FFFFFFF8
FFFFFFF8
ENDCHAR
STARTCHAR Eacute
ENCODING 201
SWIDTH 614 0
DWIDTH 39 0
BBX 29 59 6 0
BITMAP
00000800
00003800
0000FC00
0001FC00
0007FE00
000FFE00
003FFC00
007FE000
007F0000
003C0000
00200000
00000000
00000000
00000000
FFFFFFF8
FFFFFFF8
FFFFFFF8
FFFFFFF8
FFFFFFF8
FFFFFFF8
FFFFFFF8
FE000000
FE000000
FE000000
FE000000
FE000000
FE000000
FE000000
FE000000
FE000000
FE000000
FE000000
FE000000
FFFFFF80
FFFFFF80
FFFFFF80
FFFFFF80
FFFFFF80
FFFFFF80
FE000000
FE000000
FE000000
FE000000
FE000000
FE000000
FE000000
FE000000
FE000000
FE000000
FE000000
FE000000
FE000000
FFFFFFF8
FFFFFFF8
FFFFFFF8
FFFFFFF8
FFFFFFF8
FFFFFFF8
FFFFFFF8
ENDCHAR
STARTCHAR Ecircumflex
ENCODING 202
SWIDTH 614 0
DWIDTH 39 0
BBX 29 57 6 0
BITMAP
000FC000
001FE000
003FF000
00FFFC00
01FFFE00
03FCFF00
07F03F80
03C00F00
01000200
00000000
00000000
00000000
FFFFFFF8
FFFFFFF8
FFFFFFF8
FFFFFFF8
FFFFFFF8
FFFFFFF8
FFFFFFF8
FE000000
FE000000
FE000000
FE000000
FE000000
FE000000
FE000000
FE000000
FE000000
FE000000
FE000000
FE000000
FFFFFF80
FFFFFF80
FFFFFF80
FFFFFF80
FFFFFF80
FFFFFF80
FE000000
FE000000
FE000000
FE000000
FE000000
FE000000
FE000000
FE000000
FE000000
FE000000
FE000000
FE000000
FE000000
FFFFFFF8
FFFFFFF8
FFFFFFF8
FFFFFFF8
FFFFFFF8
FFFFFFF8
FFFFFFF8
ENDCHAR
STARTCHAR Edieresis
ENCODING 203
SWIDTH 614 0
DWIDTH 39 0
BBX 29 57 6 0
BITMAP
03E01F00
07F03F80
0FF83FC0
0FF87FC0
0FF87FC0
0FF87FC0
0FF03F80
07E03F80
00000000
00000000
00000000
00000000
FFFFFFF8
FFFFFFF8
FFFFFFF8
FFFFFFF8
FFFFFFF8
FFFFFFF8
FFFFFFF8
FE000000
FE000000
FE000000
FE000000
FE000000
FE000000
FE000000
FE000000
FE000000
FE000000
FE000000
FE000000
FFFFFF80
FFFFFF80
FFFFFF80
FFFFFF80
FFFFFF80
FFFFFF80
FE000000
FE000000
FE000000
FE000000
FE000000
FE000000
FE000000
FE000000
FE000000
FE000000
FE000000
FE000000
FE000000
FFFFFFF8
FFFFFFF8
FFFFFFF8
FFFFFFF8
FFFFFFF8
FFFFFFF8
FFFFFFF8
ENDCHAR
STARTCHAR Igrave
ENCODING 204
SWIDTH 478 0
DWIDTH 31 0
BBX 21 59 5 0
BITMAP
040000
070000
0FC000
0FE000
1FF800
1FFC00
0FFF00
01FF80
003F80
000F00
000100
000000
000000
000000
FFFFF8
FFFFF8
FFFFF8
FFFFF8
FFFFF8
FFFFF8
FFFFF8
01FC00
01FC00
01FC00
01FC00
01FC00
01FC00
01FC00
01FC00
01FC00
01FC00
01FC00
01FC00
01FC00
01FC00
01FC00
01FC00
01FC00
01FC00
01FC00
01FC00
01FC00
01FC00
01FC00
01FC00
01FC00
01FC00
01FC00
01FC00
01FC00
01FC00
01FC00
01FC00
FFFFF8
FFFFF8
FFFFF8
FFFFF8
FFFFF8
FFFFF8
ENDCHAR
STARTCHAR Iacute
ENCODING 205
SWIDTH 478 0
DWIDTH 31 0
BBX 21 59 5 0
BITMAP
000080
000380
000FC0
001FC0
007FE0
00FFE0
03FFC0
07FE00
07F000
03C000
020000
000000
000000
000000
FFFFF8
FFFFF8
FFFFF8
FFFFF8
FFFFF8
FFFFF8
FFFFF8
01FC00
01FC00
01FC00
01FC00
01FC00
01FC00
01FC00
01FC00
01FC00
01FC00
01FC00
01FC00
01FC00
01FC00
01FC00
01FC00
01FC00
01FC00
01FC00
01FC00
01FC00
01FC00
01FC00
01FC00
01FC00
01FC00
01FC00
01FC00
01FC00
01FC00
01FC00
01FC00
FFFFF8
FFFFF8
FFFFF8
FFFFF8
FFFFF8
FFFFF8
ENDCHAR
STARTCHAR Icircumflex
ENCODING 206
SWIDTH 478 0
DWIDTH 31 0
BBX 21 57 5 0
BITMAP
01F800
03FC00
07FE00
1FFF80
3FFFC0
7F9FE0
FE07F0
7801E0
200040
000000
000000
000000
FFFFF8
FFFFF8
FFFFF8
FFFFF8
FFFFF8
FFFFF8
FFFFF8
01FC00
01FC00
01FC00
01FC00
01FC00
01FC00
01FC00
01FC00
01FC00
01FC00
01FC00
01FC00
01FC00
01FC00
01FC00
01FC00
01FC00
01FC00
01FC00
01FC00
01FC00
01FC00
01FC00
01FC00
01FC00
01FC00
01FC00
01FC00
01FC00
01FC00
01FC00
01FC00
FFFFF8
FFFFF8
FFFFF8
FFFFF8
FFFFF8
FFFFF8
ENDCHAR
STARTCHAR Idieresis
ENCODING 207
SWIDTH 478 0
DWIDTH 31 0
BBX 22 57 4 0
BITMAP
3E01F0
7F03F8
FF83FC
FF87FC
FF87FC
FF87FC
FF03F8
7E03F8
000000
000000
000000
000000
7FFFFC
7FFFFC
7FFFFC
7FFFFC
7FFFFC
7FFFFC
7FFFFC
00FE00
00FE00
00FE00
00FE00
00FE00
00FE00
00FE00
00FE00
00FE00
00FE00
00FE00
00FE00
00FE00
00FE00
00FE00
00FE00
00FE00
00FE00
00FE00
00FE00
00FE00
00FE00
00FE00
00FE00
00FE00
00FE00
00FE00
00FE00
00FE00
00FE00
00FE00
00FE00
7FFFFC
7FFFFC
7FFFFC
7FFFFC
7FFFFC
7FFFFC
ENDCHAR
STARTCHAR Eth
ENCODING 208
SWIDTH 748 0
DWIDTH 48 0
BBX 42 45 3 0
BITMAP
1FFFFF800000
1FFFFFF80000
1FFFFFFE0000
1FFFFFFF8000
1FFFFFFFC000
1FFFFFFFE000
1FFFFFFFF000
1FC0007FF800
1FC0000FFC00
1FC00007FC00
1FC00003FE00
1FC00001FF00
1FC00000FF00
1FC000007F00
1FC000007F80
1FC000003F80
1FC000003F80
1FC000003F80
1FC000003FC0
1FC000001FC0
FFFF80001FC0
FFFF80001FC0
FFFF80001FC0
FFFF80001FC0
FFFF80001FC0
1FC000001FC0
1FC000003FC0
1FC000003F80
1FC000003F80
1FC000003F80
1FC000007F80
1FC000007F00
1FC00000FF00
1FC00000FF00
1FC00001FE00
1FC00003FE00
1FC0000FFC00
1FC0003FF800
1FFFFFFFF000
1FFFFFFFE000
1FFFFFFFC000
1FFFFFFF8000
1FFFFFFE0000
1FFFFFF80000
1FFFFFC00000
ENDCHAR
STARTCHAR Ntilde
ENCODING 209
SWIDTH 793 0
DWIDTH 51 0
BBX 38 56 6 0
BITMAP
000FE07C00
003FFC7C00
007FFFFC00
007FFFF800
00FDFFF800
00F83FF000
00F807C000
0000000000
0000000000
0000000000
0000000000
FE000000FC
FE000000FC
FF000000FC
FF800000FC
FFC00000FC
FFC00000FC
FFE00000FC
FFF00000FC
FFF80000FC
FFF80000FC
FFFC0000FC
FDFE0000FC
FDFF0000FC
FCFF0000FC
FC7F8000FC
FC3FC000FC
FE3FE000FC
FE1FE000FC
FE0FF000FC
FE07F800FC
FE07FC00FC
FE03FC00FC
FE01FE00FC
FE00FF00FC
FE00FF80FC
FE007F80FC
FE003FC0FC
FE001FE0FC
FE000FF0FC
FE000FF0FC
FE0007F8FC
FE0003FCFC
FE0001FEFC
FE0001FEFC
FE0000FFFC
FE00007FFC
FE00003FFC
FE00003FFC
FE00001FFC
FE00000FFC
FE000007FC
FE000007FC
FE000003FC
FE000001FC
FE000000FC
ENDCHAR
STARTCHAR Ograve
ENCODING 210
SWIDTH 782 0
DWIDTH 50 0
BBX 44 60 3 -1
BITMAP
000080000000
0000E0000000
0001F8000000
0001FC000000
0003FF000000
0003FF800000
0001FFE00000
00003FF00000
000007F00000
000001E00000
000000200000
000000000000
000000000000
000000000000
0001FFF80000
0007FFFE0000
001FFFFF8000
007FFFFFE000
00FFFFFFF000
01FFFFFFF800
03FFF07FFC00
07FF000FFE00
0FFC0003FF00
0FF80001FF00
1FF00000FF80
1FE000007F80
3FC000003FC0
3F8000001FC0
7F8000001FE0
7F0000000FE0
7F0000000FE0
7F0000000FF0
FE0000000FF0
FE00000007F0
FE00000007F0
FE00000007F0
FE00000007F0
FE00000007F0
FE00000007F0
FE00000007F0
FE00000007F0
FF0000000FF0
7F0000000FE0
7F0000000FE0
7F8000001FE0
3F8000001FC0
3FC000003FC0
3FE000007FC0
1FE00000FF80
0FF80001FF80
0FFC0003FF00
07FF000FFE00
03FFC03FFC00
01FFFFFFF800
00FFFFFFF000
007FFFFFE000
001FFFFF8000
000FFFFF0000
0001FFF80000
00001F800000
ENDCHAR
STARTCHAR Oacute
ENCODING 211
SWIDTH 782 0
DWIDTH 50 0
BBX 44 60 3 -1
BITMAP
000000100000
000000700000
000001F80000
000003F80000
00000FFC0000
00001FFC0000
00007FF80000
0000FFC00000
0000FE000000
000078000000
000040000000
000000000000
000000000000
000000000000
0001FFF80000
0007FFFE0000
001FFFFF8000
007FFFFFE000
00FFFFFFF000
01FFFFFFF800
03FFF07FFC00
07FF000FFE00
0FFC0003FF00
0FF80001FF00
1FF00000FF80
1FE000007F80
3FC000003FC0
3F8000001FC0
7F8000001FE0
7F0000000FE0
7F0000000FE0
7F0000000FF0
FE0000000FF0
FE00000007F0
FE00000007F0
FE00000007F0
FE00000007F0
FE00000007F0
FE00000007F0
FE00000007F0
FE00000007F0
FF0000000FF0
7F0000000FE0
7F0000000FE0
7F8000001FE0
3F8000001FC0
3FC000003FC0
3FE000007FC0
1FE00000FF80
0FF80001FF80
0FFC0003FF00
07FF000FFE00
03FFC03FFC00
01FFFFFFF800
00FFFFFFF000
007FFFFFE000
001FFFFF8000
000FFFFF0000
0001FFF80000
00001F800000
ENDCHAR
STARTCHAR Ocircumflex
ENCODING 212
SWIDTH 782 0
DWIDTH 50 0
BBX 44 58 3 -1
BITMAP
00001F800000
00003FC00000
00007FE00000
0001FFF80000
0003FFFC0000
0007F9FE0000
000FE07F0000
0007801E0000
000200040000
000000000000
000000000000
000000000000
0001FFF80000
0007FFFE0000
001FFFFF8000
007FFFFFE000
00FFFFFFF000
01FFFFFFF800
03FFF07FFC00
07FF000FFE00
0FFC0003FF00
0FF80001FF00
1FF00000FF80
1FE000007F80
3FC000003FC0
3F8000001FC0
7F8000001FE0
7F0000000FE0
7F0000000FE0
7F0000000FF0
FE0000000FF0
FE00000007F0
FE00000007F0
FE00000007F0
FE00000007F0
FE00000007F0
FE00000007F0
FE00000007F0
FE00000007F0
FF0000000FF0
7F0000000FE0
7F0000000FE0
7F8000001FE0
3F8000001FC0
3FC000003FC0
3FE000007FC0
1FE00000FF80
0FF80001FF80
0FFC0003FF00
07FF000FFE00
03FFC03FFC00
01FFFFFFF800
00FFFFFFF000
007FFFFFE000
001FFFFF8000
000FFFFF0000
0001FFF80000
00001F800000
ENDCHAR
STARTCHAR Otilde
ENCODING 213
SWIDTH 782 0
DWIDTH 50 0
BBX 44 57 3 -1
BITMAP
0001FC0F8000
0007FF8F8000
000FFFFF8000
000FFFFF0000
001FBFFF0000
001F07FE0000
001F00F80000
000000000000
000000000000
000000000000
000000000000
0001FFF80000
0007FFFE0000
001FFFFF8000
007FFFFFE000
00FFFFFFF000
01FFFFFFF800
03FFF07FFC00
07FF000FFE00
0FFC0003FF00
0FF80001FF00
1FF00000FF80
1FE000007F80
3FC000003FC0
3F8000001FC0
7F8000001FE0
7F0000000FE0
7F0000000FE0
7F0000000FF0
FE0000000FF0
FE00000007F0
FE00000007F0
FE00000007F0
FE00000007F0
FE00000007F0
FE00000007F0
FE00000007F0
FE00000007F0
FF0000000FF0
7F0000000FE0
7F0000000FE0
7F8000001FE0
3F8000001FC0
3FC000003FC0
3FE000007FC0
1FE00000FF80
0FF80001FF80
0FFC0003FF00
07FF000FFE00
03FFC03FFC00
01FFFFFFF800
00FFFFFFF000
007FFFFFE000
001FFFFF8000
000FFFFF0000
0001FFF80000
00001F800000
ENDCHAR
STARTCHAR Odieresis
ENCODING 214
SWIDTH 782 0
DWIDTH 50 0
BBX 44 58 3 -1
BITMAP
0007C03E0000
000FE07F0000
001FF07F8000
001FF0FF8000
001FF0FF8000
001FF0FF8000
001FE07F0000
000FC07F0000
000000000000
000000000000
000000000000
000000000000
0001FFF80000
0007FFFE0000
001FFFFF8000
007FFFFFE000
00FFFFFFF000
01FFFFFFF800
03FFF07FFC00
07FF000FFE00
0FFC0003FF00
0FF80001FF00
1FF00000FF80
1FE000007F80
3FC000003FC0
3F8000001FC0
7F8000001FE0
7F0000000FE0
7F0000000FE0
7F0000000FF0
FE0000000FF0
FE00000007F0
FE00000007F0
FE00000007F0
FE00000007F0
FE00000007F0
FE00000007F0
FE00000007F0
FE00000007F0
FF0000000FF0
7F0000000FE0
7F0000000FE0
7F8000001FE0
3F8000001FC0
3FC000003FC0
3FE000007FC0
1FE00000FF80
0FF80001FF80
0FFC0003FF00
07FF000FFE00
03FFC03FFC00
01FFFFFFF800
00FFFFFFF000
007FFFFFE000
001FFFFF8000
000FFFFF0000
0001FFF80000
00001F800000
ENDCHAR
STARTCHAR multiply
ENCODING 215
SWIDTH 484 0
DWIDTH 31 0
BBX 27 26 2 5
BITMAP
08000200
1C000700
3E000F80
FF001FE0
7F803FC0
3FC07F80
1FE0FF00
0FF1FE00
07FBFC00
03FFF800
01FFF000
00FFE000
007FC000
007FC000
00FFE000
01FFF000
03FFF800
07FBFC00
0FF1FE00
1FE0FF00
3FC07F80
7F803FC0
FF001FE0
3E000F80
3C000700
18000200
ENDCHAR
STARTCHAR Oslash
ENCODING 216
SWIDTH 770 0
DWIDTH 49 0
BBX 44 49 3 -2
BITMAP
000000000300
000000000780
0001FFF80FE0
0007FFFE1FC0
001FFFFFBF80
007FFFFFFF80
00FFFFFFFF00
01FFFFFFFE00
03FFF0FFFC00
07FF000FFE00
0FFC0003FF00
0FF80007FF00
1FF0000FFF80
3FE0001FFF80
3FC0003FBFC0
3F80003F3FC0
7F80007F1FE0
7F0000FE1FE0
7F0001FC0FE0
FF0003F80FE0
FE0007F00FF0
FE0007E007F0
FE000FE007F0
FE001FC007F0
FE003F8007F0
FE007F0007F0
FE007E0007F0
FE00FE0007F0
FE01FC000FF0
FF03F8000FE0
7F07F0000FE0
7F0FE0000FE0
7F8FC0001FE0
3F9FC0001FC0
3FFF80003FC0
3FFF00007F80
1FFE0000FF80
1FFC0001FF00
0FFC0003FF00
07FF000FFE00
07FFC03FFC00
0FFFFFFFF800
1FFFFFFFF000
1FFFFFFFE000
3FBFFFFF8000
7F0FFFFF0000
3E01FFF80000
1C001F000000
080000000000
ENDCHAR
STARTCHAR Ugrave
ENCODING 217
SWIDTH 740 0
DWIDTH 47 0
BBX 36 59 6 0
BITMAP
0008000000
000E000000
001F800000
001FC00000
003FF00000
003FF80000
001FFE0000
0003FF0000
00007F0000
00001E0000
0000020000
0000000000
0000000000
0000000000
FE000007F0
FE000007F0
FE000007F0
FE000007F0
FE000007F0
FE000007F0
FE000007F0
FE000007F0
FE000007F0
FE000007F0
FE000007F0
FE000007F0
FE000007F0
FE000007F0
FE000007F0
FE000007F0
FE000007F0
FE000007F0
FE000007F0
FE000007F0
FE000007F0
FE000007F0
FE000007F0
FE000007F0
FE000007F0
FE000007F0
FE000007F0
FE000007F0
FE000007F0
FE000007F0
FE000007F0
FE00000FE0
FF00000FE0
FF00001FE0
7F80001FC0
7FC0003FC0
3FE0007FC0
3FF801FF80
1FFE0FFF00
0FFFFFFE00
07FFFFFE00
03FFFFF800
01FFFFF000
007FFFC000
000FFF0000
ENDCHAR
STARTCHAR Uacute
ENCODING 218
SWIDTH 740 0
DWIDTH 47 0
BBX 36 59 6 0
BITMAP
0000010000
0000070000
00001F8000
00003F8000
0000FFC000
0001FFC000
0007FF8000
000FFC0000
000FE00000
0007800000
0004000000
0000000000
0000000000
0000000000
FE000007F0
FE000007F0
FE000007F0
FE000007F0
FE000007F0
FE000007F0
FE000007F0
FE000007F0
FE000007F0
FE000007F0
FE000007F0
FE000007F0
FE000007F0
FE000007F0
FE000007F0
FE000007F0
FE000007F0
FE000007F0
FE000007F0
FE000007F0
FE000007F0
FE000007F0
FE000007F0
FE000007F0
FE000007F0
FE000007F0
FE000007F0
FE000007F0
FE000007F0
FE000007F0
FE000007F0
FE00000FE0
FF00000FE0
FF00001FE0
7F80001FC0
7FC0003FC0
3FE0007FC0
3FF801FF80
1FFE0FFF00
0FFFFFFE00
07FFFFFE00
03FFFFF800
01FFFFF000
007FFFC000
000FFF0000
ENDCHAR
STARTCHAR Ucircumflex
ENCODING 219
SWIDTH 740 0
DWIDTH 47 0
BBX 36 57 6 0
BITMAP
0001F80000
0003FC0000
0007FE0000
001FFF8000
003FFFC000
007F9FE000
00FE07F000
007801E000
0020004000
0000000000
0000000000
0000000000
FE000007F0
FE000007F0
FE000007F0
FE000007F0
FE000007F0
FE000007F0
FE000007F0
FE000007F0
FE000007F0
FE000007F0
FE000007F0
FE000007F0
FE000007F0
FE000007F0
FE000007F0
FE000007F0
FE000007F0
FE000007F0
FE000007F0
FE000007F0
FE000007F0
FE000007F0
FE000007F0
FE000007F0
FE000007F0
FE000007F0
FE000007F0
FE000007F0
FE000007F0
FE000007F0
FE000007F0
FE00000FE0
FF00000FE0
FF00001FE0
7F80001FC0
7FC0003FC0
3FE0007FC0
3FF801FF80
1FFE0FFF00
0FFFFFFE00
07FFFFFE00
03FFFFF800
01FFFFF000
007FFFC000
000FFF0000
ENDCHAR
STARTCHAR Udieresis
ENCODING 220
SWIDTH 740 0
DWIDTH 47 0
BBX 36 57 6 0
BITMAP
007C03E000
00FE07F000
01FF07F800
01FF0FF800
01FF0FF800
01FF0FF800
01FE07F000
00FC07F000
0000000000
0000000000
0000000000
0000000000
FE000007F0
FE000007F0
FE000007F0
FE000007F0
FE000007F0
FE000007F0
FE000007F0
FE000007F0
FE000007F0
FE000007F0
FE000007F0
FE000007F0
FE000007F0
FE000007F0
FE000007F0
FE000007F0
FE000007F0
FE000007F0
FE000007F0
FE000007F0
FE000007F0
FE000007F0
FE000007F0
FE000007F0
FE000007F0
FE000007F0
FE000007F0
FE000007F0
FE000007F0
FE000007F0
FE000007F0
FE00000FE0
FF00000FE0
FF00001FE0
7F80001FC0
7FC0003FC0
3FE0007FC0
3FF801FF80
1FFE0FFF00
0FFFFFFE00
07FFFFFE00
03FFFFF800
01FFFFF000
007FFFC000
000FFF0000
ENDCHAR
STARTCHAR Yacute
ENCODING 221
SWIDTH 660 0
DWIDTH 42 0
BBX 41 59 1 0
BITMAP
000000400000
000001C00000
000007E00000
00000FE00000
00003FF00000
00007FF00000
0001FFE00000
0003FF000000
0003F8000000
0001E0000000
000100000000
000000000000
000000000000
000000000000
FF000000FF80
7F800000FF00
7FC00001FE00
3FC00001FC00
1FE00003FC00
1FF00007F800
0FF00007F000
07F8000FF000
03FC001FE000
03FC001FC000
01FE003FC000
00FF007F8000
00FF807F0000
007F80FF0000
003FC0FE0000
003FE1FE0000
001FE3FC0000
000FF3F80000
0007FFF80000
0007FFF00000
0003FFE00000
0001FFE00000
0001FFC00000
0000FF800000
00007F800000
00007F000000
00007F000000
00007F000000
00007F000000
00007F000000
00007F000000
00007F000000
00007F000000
00007F000000
00007F000000
00007F000000
00007F000000
00007F000000
00007F000000
00007F000000
00007F000000
00007F000000
00007F000000
00007F000000
00007F000000
ENDCHAR
STARTCHAR Thorn
ENCODING 222
SWIDTH 634 0
DWIDTH 41 0
BBX 32 45 6 0
BITMAP
FE000000
FE000000
FE000000
FE000000
FE000000
FE000000
FE000000
FE000000
FFFFF800
FFFFFF00
FFFFFFC0
FFFFFFE0
FFFFFFF0
FFFFFFF8
FFFFFFFC
FE0007FC
FE0003FE
FE0001FE
FE0000FE
FE0000FE
FE0000FF
FE00007F
FE00007F
FE00007F
FE0000FE
FE0000FE
FE0001FE
FE0003FE
FE0007FC
FFFFFFFC
FFFFFFF8
FFFFFFF0
FFFFFFE0
FFFFFFC0
FFFFFF00
FFFFFC00
FE000000
FE000000
FE000000
FE000000
FE000000
FE000000
FE000000
FE000000
FE000000
ENDCHAR
STARTCHAR germandbls
ENCODING 223
SWIDTH 664 0
DWIDTH 43 0
BBX 37 48 3 -1
BITMAP
0000FF0000
0007FFE000
001FFFF000
003FFFFC00
007FFFFC00
00FFFFFE00
01FF01FF00
01FC007F00
03F8003F00
03F8003F00
03F0003F00
03F0003F00
07F0003F00
07F0007F00
07E0007E00
FFE000FC00
FFE003F800
FFE007F000
FFE01FE000
FFE01FF000
FFE01FFC00
07E01FFE00
07E01FFF00
07E003FF80
07E0007FC0
07E0003FC0
07E0001FE0
07E0000FF0
07E00007F0
07E00003F0
07E00003F0
07E00003F8
07E00003F8
07E00001F8
07E00001F8
07E00001F8
07E00003F8
07E00003F0
07E00003F0
07E00007F0
07E06007E0
07E0F00FE0
07E1FE3FC0
07E1FFFF80
07E0FFFF00
07E07FFE00
07E03FF800
000003C000
ENDCHAR
STARTCHAR agrave
ENCODING 224
SWIDTH 633 0
DWIDTH 41 0
BBX 34 51 2 -1
BITMAP
0002000000
0007000000
000F800000
000FE00000
001FF00000
003FF80000
0007FC0000
0001FE0000
0000FF0000
00003E0000
00000C0000
0000000000
0000000000
0000000000
0000000000
0000000000
001FF81FC0
007FFE1FC0
01FFFF9FC0
03FFFFDFC0
07FFFFFFC0
0FFFFFFFC0
1FF807FFC0
1FF001FFC0
3FC000FFC0
3FC0007FC0
7F80003FC0
7F00003FC0
7F00001FC0
7F00001FC0
7E00001FC0
FE00001FC0
FE00001FC0
FE00001FC0
FE00001FC0
7E00001FC0
7F00001FC0
7F00001FC0
7F00003FC0
7F80003FC0
3F80007FC0
3FC000FFC0
1FE001FFC0
1FF803FFC0
0FFF3FFFC0
07FFFFFFC0
03FFFFDFC0
01FFFF9FC0
00FFFE1FC0
003FF81FC0
0007800000
ENDCHAR
STARTCHAR aacute
ENCODING 225
SWIDTH 633 0
DWIDTH 41 0
BBX 34 51 2 -1
BITMAP
0000080000
00001C0000
00003E0000
0000FE0000
0001FF0000
0003FF8000
0007FC0000
000FF00000
001FE00000
000F800000
0006000000
0000000000
0000000000
0000000000
0000000000
0000000000
001FF81FC0
007FFE1FC0
01FFFF9FC0
03FFFFDFC0
07FFFFFFC0
0FFFFFFFC0
1FF807FFC0
1FF001FFC0
3FC000FFC0
3FC0007FC0
7F80003FC0
7F00003FC0
7F00001FC0
7F00001FC0
7E00001FC0
FE00001FC0
FE00001FC0
FE00001FC0
FE00001FC0
7E00001FC0
7F00001FC0
7F00001FC0
7F00003FC0
7F80003FC0
3F80007FC0
3FC000FFC0
1FE001FFC0
1FF803FFC0
0FFF3FFFC0
07FFFFFFC0
03FFFFDFC0
01FFFF9FC0
00FFFE1FC0
003FF81FC0
0007800000
ENDCHAR
STARTCHAR acircumflex
ENCODING 226
SWIDTH 633 0
DWIDTH 41 0
BBX 34 49 2 -1
BITMAP
0001F80000
0003FC0000
0007FE0000
001FFF8000
003FFFC000
007F9FE000
00FE07F000
00F801F000
003000C000
0000000000
0000000000
0000000000
0000000000
0000000000
001FF81FC0
007FFE1FC0
01FFFF9FC0
03FFFFDFC0
07FFFFFFC0
0FFFFFFFC0
1FF807FFC0
1FF001FFC0
3FC000FFC0
3FC0007FC0
7F80003FC0
7F00003FC0
7F00001FC0
7F00001FC0
7E00001FC0
FE00001FC0
FE00001FC0
FE00001FC0
FE00001FC0
7E00001FC0
7F00001FC0
7F00001FC0
7F00003FC0
7F80003FC0
3F80007FC0
3FC000FFC0
1FE001FFC0
1FF803FFC0
0FFF3FFFC0
07FFFFFFC0
03FFFFDFC0
01FFFF9FC0
00FFFE1FC0
003FF81FC0
0007800000
ENDCHAR
STARTCHAR atilde
ENCODING 227
SWIDTH 633 0
DWIDTH 41 0
BBX 34 49 2 -1
BITMAP
000700C000
001FC0F000
003FE1F000
007FF9F000
00FFFFF000
00F8FFE000
00F87FC000
00F03F8000
00100E0000
0000000000
0000000000
0000000000
0000000000
0000000000
001FF81FC0
007FFE1FC0
01FFFF9FC0
03FFFFDFC0
07FFFFFFC0
0FFFFFFFC0
1FF807FFC0
1FF001FFC0
3FC000FFC0
3FC0007FC0
7F80003FC0
7F00003FC0
7F00001FC0
7F00001FC0
7E00001FC0
FE00001FC0
FE00001FC0
FE00001FC0
FE00001FC0
7E00001FC0
7F00001FC0
7F00001FC0
7F00003FC0
7F80003FC0
3F80007FC0
3FC000FFC0
1FE001FFC0
1FF803FFC0
0FFF3FFFC0
07FFFFFFC0
03FFFFDFC0
01FFFF9FC0
00FFFE1FC0
003FF81FC0
0007800000
ENDCHAR
STARTCHAR adieresis
ENCODING 228
SWIDTH 633 0
DWIDTH 41 0
BBX 34 50 2 -1
BITMAP
007E07E000
00FF07F000
01FF0FF800
01FF0FF800
01FF0FF800
01FF0FF000
00FE07F000
007C03C000
0000000000
0000000000
0000000000
0000000000
0000000000
0000000000
0000000000
001FF81FC0
007FFE1FC0
01FFFF9FC0
03FFFFDFC0
07FFFFFFC0
0FFFFFFFC0
1FF807FFC0
1FF001FFC0
3FC000FFC0
3FC0007FC0
7F80003FC0
7F00003FC0
7F00001FC0
7F00001FC0
7E00001FC0
FE00001FC0
FE00001FC0
FE00001FC0
FE00001FC0
7E00001FC0
7F00001FC0
7F00001FC0
7F00003FC0
7F80003FC0
3F80007FC0
3FC000FFC0
1FE001FFC0
1FF803FFC0
0FFF3FFFC0
07FFFFFFC0
03FFFFDFC0
01FFFF9FC0
00FFFE1FC0
003FF81FC0
0007800000
ENDCHAR
STARTCHAR aring
ENCODING 229
SWIDTH 633 0
DWIDTH 41 0
BBX 34 53 2 -1
BITMAP
0001F80000
0007FE0000
000FFF0000
000FFF0000
001F0F8000
001E078000
001E078000
001E078000
001F0F8000
000F9F0000
000FFF0000
0007FE0000
0001F80000
0000000000
0000000000
0000000000
0000000000
0000000000
001FF81FC0
007FFE1FC0
01FFFF9FC0
03FFFFDFC0
07FFFFFFC0
0FFFFFFFC0
1FF807FFC0
1FF001FFC0
3FC000FFC0
3FC0007FC0
7F80003FC0
7F00003FC0
7F00001FC0
7F00001FC0
7E00001FC0
FE00001FC0
FE00001FC0
FE00001FC0
FE00001FC0
7E00001FC0
7F00001FC0
7F00001FC0
7F00003FC0
7F80003FC0
3F80007FC0
3FC000FFC0
1FE001FFC0
1FF803FFC0
0FFF3FFFC0
07FFFFFFC0
03FFFFDFC0
01FFFF9FC0
00FFFE1FC0
003FF81FC0
0007800000
ENDCHAR
STARTCHAR ae
ENCODING 230
SWIDTH 899 0
DWIDTH 58 0
BBX 53 35 2 -1
BITMAP
003FF8007FE000
01FFFE01FFF800
07FFFF87FFFE00
0FFFFFCFFFFF00
1FFFFFFFFFFF80
3FFFFFFFFFFFC0
7FE03FFF807FC0
1F800FFF001FE0
0E0007FE000FE0
040007FC0007F0
000003F80007F0
000003F80003F0
000003F00003F8
000003F00003F8
00FFFFFFFFFFF8
03FFFFFFFFFFF8
0FFFFFFFFFFFF8
1FFFFFFFFFFFF8
3FFFFFFFFFFFF8
3FC003F0000000
7F0003F0000000
7E0003F8000000
7E0003F8000000
FE0003FC000000
FE0003FC000000
FE0007FE0000C0
7E000FFF8001C0
7F003FFFC007E0
7F80FFFFFC3FF0
3FFFFF3FFFFFF0
3FFFFE1FFFFFE0
1FFFF80FFFFFC0
0FFFF003FFFF00
03FFC000FFFC00
003C0000078000
ENDCHAR
STARTCHAR ccedilla
ENCODING 231
SWIDTH 535 0
DWIDTH 34 0
BBX 30 50 3 -16
BITMAP
001FF800
00FFFF00
01FFFFC0
07FFFFE0
0FFFFFF0
0FFFFFF8
1FF00FFC
3FE003F8
3F8000F0
7F000060
7F000040
FE000000
FE000000
FC000000
FC000000
FC000000
FC000000
FC000000
FC000000
FC000000
FC000000
FE000000
FE000000
7F000000
7F000060
7F8000F0
3FC001F0
1FF007F8
1FFE3FFC
0FFFFFF0
07FFFFE0
03FFFFC0
00FFFF00
003FFC00
0003C000
00078000
000F0000
000FC000
001FF000
003FF800
000FFC00
0000FC00
00007C00
00007C00
0000FC00
0003F800
003FF800
003FE000
003F8000
00380000
ENDCHAR
STARTCHAR egrave
ENCODING 232
SWIDTH 586 0
DWIDTH 38 0
BBX 32 51 3 -1
BITMAP
00080000
001C0000
003E0000
003F8000
007FC000
00FFE000
001FF000
0007F800
0003FC00
0000F800
00003000
00000000
00000000
00000000
00000000
00000000
001FFC00
007FFF00
01FFFFC0
03FFFFE0
07FFFFF0
0FFFFFF8
1FF00FF8
3FC003FC
3F8001FE
7F0000FE
7E0000FE
FE00007F
FE00007F
FC00007F
FFFFFFFF
FFFFFFFF
FFFFFFFF
FFFFFFFF
FFFFFFFF
FC000000
FC000000
FE000000
FE000000
FF000000
7F000000
7F800030
3FE00070
3FF001F8
1FFF0FFC
0FFFFFFE
07FFFFF8
01FFFFF0
00FFFFC0
003FFF00
0001E000
ENDCHAR
STARTCHAR eacute
ENCODING 233
SWIDTH 586 0
DWIDTH 38 0
BBX 32 51 3 -1
BITMAP
00001000
00003800
00007C00
0001FC00
0003FE00
0007FF00
000FF800
001FE000
003FC000
001F0000
000C0000
00000000
00000000
00000000
00000000
00000000
001FFC00
007FFF00
01FFFFC0
03FFFFE0
07FFFFF0
0FFFFFF8
1FF00FF8
3FC003FC
3F8001FE
7F0000FE
7E0000FE
FE00007F
FE00007F
FC00007F
FFFFFFFF
FFFFFFFF
FFFFFFFF
FFFFFFFF
FFFFFFFF
FC000000
FC000000
FE000000
FE000000
FF000000
7F000000
7F800030
3FE00070
3FF001F8
1FFF0FFC
0FFFFFFE
07FFFFF8
01FFFFF0
00FFFFC0
003FFF00
0001E000
ENDCHAR
STARTCHAR ecircumflex
ENCODING 234
SWIDTH 586 0
DWIDTH 38 0
BBX 32 49 3 -1
BITMAP
0003F000
0007F800
000FFC00
003FFF00
007FFF80
00FF3FC0
01FC0FE0
01F003E0
00600180
00000000
00000000
00000000
00000000
00000000
001FFC00
007FFF00
01FFFFC0
03FFFFE0
07FFFFF0
0FFFFFF8
1FF00FF8
3FC003FC
3F8001FE
7F0000FE
7E0000FE
FE00007F
FE00007F
FC00007F
FFFFFFFF
FFFFFFFF
FFFFFFFF
FFFFFFFF
FFFFFFFF
FC000000
FC000000
FE000000
FE000000
FF000000
7F000000
7F800030
3FE00070
3FF001F8
1FFF0FFC
0FFFFFFE
07FFFFF8
01FFFFF0
00FFFFC0
003FFF00
0001E000
ENDCHAR
STARTCHAR edieresis
ENCODING 235
SWIDTH 586 0
DWIDTH 38 0
BBX 32 50 3 -1
BITMAP
00FC0FC0
01FE0FE0
03FE1FF0
03FE1FF0
03FE1FF0
03FE1FE0
01FC0FE0
00F80780
00000000
00000000
00000000
00000000
00000000
00000000
00000000
001FFC00
007FFF00
01FFFFC0
03FFFFE0
07FFFFF0
0FFFFFF8
1FF00FF8
3FC003FC
3F8001FE
7F0000FE
7E0000FE
FE00007F
FE00007F
FC00007F
FFFFFFFF
FFFFFFFF
FFFFFFFF
FFFFFFFF
FFFFFFFF
FC000000
FC000000
FE000000
FE000000
FF000000
7F000000
7F800030
3FE00070
3FF001F8
1FFF0FFC
0FFFFFFE
07FFFFF8
01FFFFF0
00FFFFC0
003FFF00
0001E000
ENDCHAR
STARTCHAR igrave
ENCODING 236
SWIDTH 243 0
DWIDTH 16 0
BBX 14 50 -1 0
BITMAP
0800
1C00
3E00
3F80
7FC0
FFE0
1FF0
07F8
03FC
00F8
0030
0000
0000
0000
0000
0000
07F0
07F0
07F0
07F0
07F0
07F0
07F0
07F0
07F0
07F0
07F0
07F0
07F0
07F0
07F0
07F0
07F0
07F0
07F0
07F0
07F0
07F0
07F0
07F0
07F0
07F0
07F0
07F0
07F0
07F0
07F0
07F0
07F0
07F0
ENDCHAR
STARTCHAR iacute
ENCODING 237
SWIDTH 243 0
DWIDTH 16 0
BBX 14 50 1 0
BITMAP
0040
00E0
01F0
07F0
0FF8
1FFC
3FE0
7F80
FF00
7C00
3000
0000
0000
0000
0000
0000
1FC0
1FC0
1FC0
1FC0
1FC0
1FC0
1FC0
1FC0
1FC0
1FC0
1FC0
1FC0
1FC0
1FC0
1FC0
1FC0
1FC0
1FC0
1FC0
1FC0
1FC0
1FC0
1FC0
1FC0
1FC0
1FC0
1FC0
1FC0
1FC0
1FC0
1FC0
1FC0
1FC0
1FC0
ENDCHAR
STARTCHAR icircumflex
ENCODING 238
SWIDTH 243 0
DWIDTH 16 0
BBX 20 48 -2 0
BITMAP
01F800
03FC00
07FE00
1FFF80
3FFFC0
7F9FE0
FE07F0
F801F0
3000C0
000000
000000
000000
000000
000000
03F800
03F800
03F800
03F800
03F800
03F800
03F800
03F800
03F800
03F800
03F800
03F800
03F800
03F800
03F800
03F800
03F800
03F800
03F800
03F800
03F800
03F800
03F800
03F800
03F800
03F800
03F800
03F800
03F800
03F800
03F800
03F800
03F800
03F800
ENDCHAR
STARTCHAR idieresis
ENCODING 239
SWIDTH 243 0
DWIDTH 16 0
BBX 22 49 -3 0
BITMAP
3F03F0
7F83F8
FF87FC
FF87FC
FF87FC
FF87F8
7F03F8
3E01E0
000000
000000
000000
000000
000000
000000
000000
01FC00
01FC00
01FC00
01FC00
01FC00
01FC00
01FC00
01FC00
01FC00
01FC00
01FC00
01FC00
01FC00
01FC00
01FC00
01FC00
01FC00
01FC00
01FC00
01FC00
01FC00
01FC00
01FC00
01FC00
01FC00
01FC00
01FC00
01FC00
01FC00
01FC00
01FC00
01FC00
01FC00
01FC00
ENDCHAR
STARTCHAR eth
ENCODING 240
SWIDTH 574 0
DWIDTH 37 0
BBX 31 47 3 0
BITMAP
00380000
007F0000
007FC000
00FFE010
00FFF9F8
003FFFF8
0007FFF8
000FFFF8
00FFFF80
03FFFF80
03FFFFC0
01FC0FE0
01C007E0
000F87F0
007FF3F0
01FFFFF8
03FFFFF8
07FFFFF8
0FFFFFFC
1FFC7FFC
3FE00FFC
3FC007FE
7F8003FE
7F0001FE
FE0000FE
FE0000FE
FC0000FE
FC00007E
FC00007E
FC00007E
FC00007E
FC00007E
FC00007E
FC00007E
FC0000FE
FE0000FC
7E0001FC
7F0001FC
7F8003F8
3FC007F8
1FF01FF0
1FFFFFE0
0FFFFFE0
07FFFFC0
03FFFF00
00FFFE00
003FF800
ENDCHAR
STARTCHAR ntilde
ENCODING 241
SWIDTH 595 0
DWIDTH 38 0
BBX 29 48 5 0
BITMAP
001C0300
007F03C0
00FF87C0
01FFE7C0
03FFFFC0
03E3FF80
03E1FF00
03C0FE00
00403800
00000000
00000000
00000000
00000000
00000000
FC07FC00
FC1FFF00
FC7FFF80
FCFFFFC0
FDFFFFE0
FFFFFFE0
FFE01FF0
FF800FF0
FF0007F0
FE0007F0
FE0003F8
FC0003F8
FC0003F8
FC0003F8
FC0003F8
FC0003F8
FC0003F8
FC0003F8
FC0003F8
FC0003F8
FC0003F8
FC0003F8
FC0003F8
FC0003F8
FC0003F8
FC0003F8
FC0003F8
FC0003F8
FC0003F8
FC0003F8
FC0003F8
FC0003F8
FC0003F8
FC0003F8
ENDCHAR
STARTCHAR ograve
ENCODING 242
SWIDTH 615 0
DWIDTH 39 0
BBX 34 51 3 -1
BITMAP
0008000000
001C000000
003E000000
003F800000
007FC00000
00FFE00000
001FF00000
0007F80000
0003FC0000
0000F80000
0000300000
0000000000
0000000000
0000000000
0000000000
0000000000
001FFC0000
007FFF8000
01FFFFC000
03FFFFF000
07FFFFF800
0FFFFFFC00
1FF807FC00
3FE001FE00
3FC000FF00
7F80007F00
7F00007F80
FE00003F80
FE00003F80
FE00001F80
FC00001FC0
FC00001FC0
FC00001FC0
FC00001FC0
FC00001FC0
FC00001FC0
FE00001FC0
FE00003F80
FE00003F80
7F00003F80
7F00007F00
7F8000FF00
3FC001FE00
1FF007FE00
1FFE3FFC00
0FFFFFF800
07FFFFF000
01FFFFE000
00FFFF8000
003FFE0000
0003E00000
ENDCHAR
STARTCHAR oacute
ENCODING 243
SWIDTH 615 0
DWIDTH 39 0
BBX 34 51 3 -1
BITMAP
0000100000
0000380000
00007C0000
0001FC0000
0003FE0000
0007FF0000
000FF80000
001FE00000
003FC00000
001F000000
000C000000
0000000000
0000000000
0000000000
0000000000
0000000000
001FFC0000
007FFF8000
01FFFFC000
03FFFFF000
07FFFFF800
0FFFFFFC00
1FF807FC00
3FE001FE00
3FC000FF00
7F80007F00
7F00007F80
FE00003F80
FE00003F80
FE00001F80
FC00001FC0
FC00001FC0
FC00001FC0
FC00001FC0
FC00001FC0
FC00001FC0
FE00001FC0
FE00003F80
FE00003F80
7F00003F80
7F00007F00
7F8000FF00
3FC001FE00
1FF007FE00
1FFE3FFC00
0FFFFFF800
07FFFFF000
01FFFFE000
00FFFF8000
003FFE0000
0003E00000
ENDCHAR
STARTCHAR ocircumflex
ENCODING 244
SWIDTH 615 0
DWIDTH 39 0
BBX 34 49 3 -1
BITMAP
0003F00000
0007F80000
000FFC0000
003FFF0000
007FFF8000
00FF3FC000
01FC0FE000
01F003E000
0060018000
0000000000
0000000000
0000000000
0000000000
0000000000
001FFC0000
007FFF8000
01FFFFC000
03FFFFF000
07FFFFF800
0FFFFFFC00
1FF807FC00
3FE001FE00
3FC000FF00
7F80007F00
7F00007F80
FE00003F80
FE00003F80
FE00001F80
FC00001FC0
FC00001FC0
FC00001FC0
FC00001FC0
FC00001FC0
FC00001FC0
FE00001FC0
FE00003F80
FE00003F80
7F00003F80
7F00007F00
7F8000FF00
3FC001FE00
1FF007FE00
1FFE3FFC00
0FFFFFF800
07FFFFF000
01FFFFE000
00FFFF8000
003FFE0000
0003E00000
ENDCHAR
STARTCHAR otilde
ENCODING 245
SWIDTH 615 0
DWIDTH 39 0
BBX 34 49 3 -1
BITMAP
000E018000
003F81E000
007FC3E000
00FFF3E000
01FFFFE000
01F1FFC000
01F0FF8000
01E07F0000
00201C0000
0000000000
0000000000
0000000000
0000000000
0000000000
001FFC0000
007FFF8000
01FFFFC000
03FFFFF000
07FFFFF800
0FFFFFFC00
1FF807FC00
3FE001FE00
3FC000FF00
7F80007F00
7F00007F80
FE00003F80
FE00003F80
FE00001F80
FC00001FC0
FC00001FC0
FC00001FC0
FC00001FC0
FC00001FC0
FC00001FC0
FE00001FC0
FE00003F80
FE00003F80
7F00003F80
7F00007F00
7F8000FF00
3FC001FE00
1FF007FE00
1FFE3FFC00
0FFFFFF800
07FFFFF000
01FFFFE000
00FFFF8000
003FFE0000
0003E00000
ENDCHAR
STARTCHAR odieresis
ENCODING 246
SWIDTH 615 0
DWIDTH 39 0
BBX 34 50 3 -1
BITMAP
00FC0FC000
01FE0FE000
03FE1FF000
03FE1FF000
03FE1FF000
03FE1FE000
01FC0FE000
00F8078000
0000000000
0000000000
0000000000
0000000000
0000000000
0000000000
0000000000
001FFC0000
007FFF8000
01FFFFC000
03FFFFF000
07FFFFF800
0FFFFFFC00
1FF807FC00
3FE001FE00
3FC000FF00
7F80007F00
7F00007F80
FE00003F80
FE00003F80
FE00001F80
FC00001FC0
FC00001FC0
FC00001FC0
FC00001FC0
FC00001FC0
FC00001FC0
FE00001FC0
FE00003F80
FE00003F80
7F00003F80
7F00007F00
7F8000FF00
3FC001FE00
1FF007FE00
1FFE3FFC00
0FFFFFF800
07FFFFF000
01FFFFE000
00FFFF8000
003FFE0000
0003E00000
ENDCHAR
STARTCHAR divide
ENCODING 247
SWIDTH 597 0
DWIDTH 38 0
BBX 32 31 3 1
BITMAP
0003C000
000FE000
000FF000
000FF000
000FF000
000FF000
000FE000
0007C000
00000000
00000000
00000000
00000000
FFFFFFFF
FFFFFFFF
FFFFFFFF
FFFFFFFF
FFFFFFFF
FFFFFFFF
00000000
00000000
00000000
00000000
00000000
0007C000
000FE000
000FF000
000FF000
000FF000
000FF000
000FE000
0003C000
ENDCHAR
STARTCHAR oslash
ENCODING 248
SWIDTH 615 0
DWIDTH 39 0
BBX 34 37 3 -2
BITMAP
0000000800
001FFC1E00
007FFF9F00
01FFFFFF80
03FFFFFF00
07FFFFFE00
0FFFFFFC00
1FF807FC00
3FE007FE00
3FC007FF00
7F800FFF00
7F001FFF80
FE003FBF80
FE007F3F80
FE00FE1F80
FC00FC1FC0
FC01FC1FC0
FC03F81FC0
FC07F01FC0
FC0FE01FC0
FC1FC01FC0
FE3F801FC0
FE3F003F80
FE7F003F80
7FFE003F80
7FFC007F00
7FF800FF00
3FF001FE00
1FF007FE00
1FFE3FFC00
1FFFFFF800
3FFFFFF000
7FFFFFE000
FEFFFF8000
FC3FFE0000
7803E00000
1000000000
ENDCHAR
STARTCHAR ugrave
ENCODING 249
SWIDTH 605 0
DWIDTH 39 0
BBX 29 51 5 -1
BITMAP
00200000
00700000
00F80000
00FE0000
01FF0000
03FF8000
007FC000
001FE000
000FF000
0003E000
0000C000
00000000
00000000
00000000
00000000
00000000
FC0001F8
FC0001F8
FC0001F8
FC0001F8
FC0001F8
FC0001F8
FC0001F8
FC0001F8
FC0001F8
FC0001F8
FC0001F8
FC0001F8
FC0001F8
FC0001F8
FC0001F8
FC0001F8
FC0001F8
FC0001F8
FC0001F8
FC0001F8
FC0001F8
FC0003F8
FE0003F8
FE0003F8
FE0003F8
FF0007F8
FF000FF8
7F801FF8
7FF07FF8
3FFFFDF8
3FFFF9F8
1FFFF1F8
0FFFE1F8
03FF81F8
007C0000
ENDCHAR
STARTCHAR uacute
ENCODING 250
SWIDTH 605 0
DWIDTH 39 0
BBX 29 51 5 -1
BITMAP
00008000
0001C000
0003E000
000FE000
001FF000
003FF800
007FC000
00FF0000
01FE0000
00F80000
00600000
00000000
00000000
00000000
00000000
00000000
FC0001F8
FC0001F8
FC0001F8
FC0001F8
FC0001F8
FC0001F8
FC0001F8
FC0001F8
FC0001F8
FC0001F8
FC0001F8
FC0001F8
FC0001F8
FC0001F8
FC0001F8
FC0001F8
FC0001F8
FC0001F8
FC0001F8
FC0001F8
FC0001F8
FC0003F8
FE0003F8
FE0003F8
FE0003F8
FF0007F8
FF000FF8
7F801FF8
7FF07FF8
3FFFFDF8
3FFFF9F8
1FFFF1F8
0FFFE1F8
03FF81F8
007C0000
ENDCHAR
STARTCHAR ucircumflex
ENCODING 251
SWIDTH 605 0
DWIDTH 39 0
BBX 29 49 5 -1
BITMAP
001F8000
003FC000
007FE000
01FFF800
03FFFC00
07F9FE00
0FE07F00
0F801F00
03000C00
00000000
00000000
00000000
00000000
00000000
FC0001F8
FC0001F8
FC0001F8
FC0001F8
FC0001F8
FC0001F8
FC0001F8
FC0001F8
FC0001F8
FC0001F8
FC0001F8
FC0001F8
FC0001F8
FC0001F8
FC0001F8
FC0001F8
FC0001F8
FC0001F8
FC0001F8
FC0001F8
FC0001F8
FC0003F8
FE0003F8
FE0003F8
FE0003F8
FF0007F8
FF000FF8
7F801FF8
7FF07FF8
3FFFFDF8
3FFFF9F8
1FFFF1F8
0FFFE1F8
03FF81F8
007C0000
ENDCHAR
STARTCHAR udieresis
ENCODING 252
SWIDTH 605 0
DWIDTH 39 0
BBX 29 50 5 -1
BITMAP
07E07E00
0FF07F00
1FF0FF80
1FF0FF80
1FF0FF80
1FF0FF00
0FE07F00
07C03C00
00000000
00000000
00000000
00000000
00000000
00000000
00000000
FC0001F8
FC0001F8
FC0001F8
FC0001F8
FC0001F8
FC0001F8
FC0001F8
FC0001F8
FC0001F8
FC0001F8
FC0001F8
FC0001F8
FC0001F8
FC0001F8
FC0001F8
FC0001F8
FC0001F8
FC0001F8
FC0001F8
FC0001F8
FC0001F8
FC0003F8
FE0003F8
FE0003F8
FE0003F8
FF0007F8
FF000FF8
7F801FF8
7FF07FF8
3FFFFDF8
3FFFF9F8
1FFFF1F8
0FFFE1F8
03FF81F8
007C0000
ENDCHAR
STARTCHAR yacute
ENCODING 253
SWIDTH 581 0
DWIDTH 37 0
BBX 37 65 0 -15
BITMAP
0000040000
00000E0000
00001F0000
00007F0000
0000FF8000
0001FFC000
0003FE0000
0007F80000
000FF00000
0007C00000
0003000000
0000000000
0000000000
0000000000
0000000000
0000000000
FF000007F8
7F000007F0
7F80000FF0
3F80000FF0
3FC0000FE0
1FC0001FE0
1FE0001FC0
1FE0003FC0
0FE0003FC0
0FF0003F80
07F0007F80
07F8007F00
03F8007F00
03FC00FE00
01FC00FE00
01FC00FE00
01FE01FC00
00FE01FC00
00FF03F800
007F03F800
007F83F800
003F87F000
003F87F000
001FC7E000
001FCFE000
001FEFE000
000FEFC000
000FFFC000
0007FF8000
0007FF8000
0003FF8000
0003FF0000
0001FF0000
0001FE0000
0001FE0000
0000FC0000
0000FC0000
0001FC0000
0001F80000
0003F80000
0003F80000
0007F00000
0007F00000
000FE00000
000FE00000
000FE00000
001FC00000
001FC00000
003F800000
ENDCHAR
STARTCHAR thorn
ENCODING 254
SWIDTH 631 0
DWIDTH 40 0
BBX 33 61 5 -14
BITMAP
FC00000000
FC00000000
FC00000000
FC00000000
FC00000000
FC00000000
FC00000000
FC00000000
FC00000000
FC00000000
FC00000000
FC00000000
FC00000000
FC07FC0000
FC1FFF0000
FC7FFFC000
FCFFFFE000
FDFFFFF000
FFFFFFF800
FFF80FFC00
FFE003FC00
FF8001FE00
FF0000FE00
FF00007F00
FE00007F00
FE00003F00
FC00003F80
FC00003F80
FC00003F80
FC00003F80
FC00003F80
FC00003F80
FC00003F80
FC00003F80
FE00003F00
FE00007F00
FF00007F00
FF0000FF00
FF8001FE00
FFC003FE00
FFF007FC00
FFFFFFF800
FFFFFFF000
FDFFFFF000
FCFFFFC000
FC3FFF8000
FC0FFE0000
FC00E00000
FC00000000
FC00000000
FC00000000
FC00000000
FC00000000
FC00000000
FC00000000
FC00000000
FC00000000
FC00000000
FC00000000
FC00000000
FC00000000
ENDCHAR
STARTCHAR ydieresis
ENCODING 255
SWIDTH 581 0
DWIDTH 37 0
BBX 37 64 0 -15
BITMAP
003F03F000
007F83F800
00FF87FC00
00FF87FC00
00FF87FC00
00FF87F800
007F03F800
003E01E000
0000000000
0000000000
0000000000
0000000000
0000000000
0000000000
0000000000
FF000007F8
7F000007F0
7F80000FF0
3F80000FF0
3FC0000FE0
1FC0001FE0
1FE0001FC0
1FE0003FC0
0FE0003FC0
0FF0003F80
07F0007F80
07F8007F00
03F8007F00
03FC00FE00
01FC00FE00
01FC00FE00
01FE01FC00
00FE01FC00
00FF03F800
007F03F800
007F83F800
003F87F000
003F87F000
001FC7E000
001FCFE000
001FEFE000
000FEFC000
000FFFC000
0007FF8000
0007FF8000
0003FF8000
0003FF0000
0001FF0000
0001FE0000
0001FE0000
0000FC0000
0000FC0000
0001FC0000
0001F80000
0003F80000
0003F80000
0007F00000
0007F00000
000FE00000
000FE00000
000FE00000
001FC00000
001FC00000
003F800000
ENDCHAR
STARTCHAR Amacron
ENCODING 256
SWIDTH 700 0
DWIDTH 45 0
BBX 41 55 2 0
BITMAP
007FFFFE0000
007FFFFE0000
007FFFFE0000
007FFFFE0000
007FFFFE0000
000000000000
000000000000
000000000000
000000000000
000000000000
00007F000000
0000FF000000
0000FF800000
0000FF800000
0001FFC00000
0001FFC00000
0003FFC00000
0003FFE00000
0003FFE00000
0007F7F00000
0007E7F00000
0007E7F00000
000FE3F80000
000FE3F80000
001FC3F80000
001FC1FC0000
001F81FC0000
003F81FE0000
003F80FE0000
007F00FE0000
007F007F0000
007F007F0000
00FE007F8000
00FE003F8000
00FC003F8000
01FC003FC000
01FC001FC000
03FFFFFFC000
03FFFFFFE000
03FFFFFFE000
07FFFFFFF000
07FFFFFFF000
0FFFFFFFF000
0FFFFFFFF800
0FE00003F800
1FC00003FC00
1FC00001FC00
3FC00001FC00
3F800001FE00
3F800000FE00
7F000000FE00
7F0000007F00
7F0000007F00
FE0000007F80
FE0000003F80
ENDCHAR
STARTCHAR amacron
ENCODING 257
SWIDTH 633 0
DWIDTH 41 0
BBX 34 47 2 -1
BITMAP
007FFFE000
007FFFE000
007FFFE000
007FFFE000
007FFFE000
0000000000
0000000000
0000000000
0000000000
0000000000
0000000000
0000000000
001FF81FC0
007FFE1FC0
01FFFF9FC0
03FFFFDFC0
07FFFFFFC0
0FFFFFFFC0
1FF807FFC0
1FF001FFC0
3FC000FFC0
3FC0007FC0
7F80003FC0
7F00003FC0
7F00001FC0
7F00001FC0
7E00001FC0
FE00001FC0
FE00001FC0
FE00001FC0
FE00001FC0
7E00001FC0
7F00001FC0
7F00001FC0
7F00003FC0
7F80003FC0
3F80007FC0
3FC000FFC0
1FE001FFC0
1FF803FFC0
0FFF3FFFC0
07FFFFFFC0
03FFFFDFC0
01FFFF9FC0
00FFFE1FC0
003FF81FC0
0007800000
ENDCHAR
STARTCHAR Abreve
ENCODING 258
SWIDTH 700 0
DWIDTH 45 0
BBX 41 57 2 0
BITMAP
003E007C0000
003F00FC0000
003F81FC0000
001FC3F80000
000FFFF00000
000FFFF00000
0007FFE00000
0001FF800000
00007E000000
000000000000
000000000000
000000000000
00007F000000
0000FF000000
0000FF800000
0000FF800000
0001FFC00000
0001FFC00000
0003FFC00000
0003FFE00000
0003FFE00000
0007F7F00000
0007E7F00000
0007E7F00000
000FE3F80000
000FE3F80000
001FC3F80000
001FC1FC0000
001F81FC0000
003F81FE0000
003F80FE0000
007F00FE0000
007F007F0000
007F007F0000
00FE007F8000
00FE003F8000
00FC003F8000
01FC003FC000
01FC001FC000
03FFFFFFC000
03FFFFFFE000
03FFFFFFE000
07FFFFFFF000
07FFFFFFF000
0FFFFFFFF000
0FFFFFFFF800
0FE00003F800
1FC00003FC00
1FC00001FC00
3FC00001FC00
3F800001FE00
3F800000FE00
7F000000FE00
7F0000007F00
7F0000007F00
FE0000007F80
FE0000003F80
ENDCHAR
STARTCHAR abreve
ENCODING 259
SWIDTH 633 0
DWIDTH 41 0
BBX 34 49 2 -1
BITMAP
00F801F000
00F801F000
00FC03F000
00FE07F000
007F0FE000
007FFFE000
003FFFC000
001FFF8000
000FFF0000
0003FC0000
0000000000
0000000000
0000000000
0000000000
001FF81FC0
007FFE1FC0
01FFFF9FC0
03FFFFDFC0
07FFFFFFC0
0FFFFFFFC0
1FF807FFC0
1FF001FFC0
3FC000FFC0
3FC0007FC0
7F80003FC0
7F00003FC0
7F00001FC0
7F00001FC0
7E00001FC0
FE00001FC0
FE00001FC0
FE00001FC0
FE00001FC0
7E00001FC0
7F00001FC0
7F00001FC0
7F00003FC0
7F80003FC0
3F80007FC0
3FC000FFC0
1FE001FFC0
1FF803FFC0
0FFF3FFFC0
07FFFFFFC0
03FFFFDFC0
01FFFF9FC0
00FFFE1FC0
003FF81FC0
0007800000
ENDCHAR
STARTCHAR Aogonek
ENCODING 260
SWIDTH 700 0
DWIDTH 45 0
BBX 42 58 2 -13
BITMAP
00007F000000
0000FF000000
0000FF800000
0000FF800000
0001FFC00000
0001FFC00000
0003FFC00000
0003FFE00000
0003FFE00000
0007F7F00000
0007E7F00000
0007E7F00000
000FE3F80000
000FE3F80000
001FC3F80000
001FC1FC0000
001F81FC0000
003F81FE0000
003F80FE0000
007F00FE0000
007F007F0000
007F007F0000
00FE007F8000
00FE003F8000
00FC003F8000
01FC003FC000
01FC001FC000
03FFFFFFC000
03FFFFFFE000
03FFFFFFE000
07FFFFFFF000
07FFFFFFF000
0FFFFFFFF000
0FFFFFFFF800
0FE00003F800
1FC00003FC00
1FC00001FC00
3FC00001FC00
3F800001FE00
3F800000FE00
7F000000FE00
7F0000007F00
7F0000007F00
FE0000007F80
FE000000FF80
00000001FE00
00000003F800
00000007F000
00000007E000
0000000FC000
0000000FC000
0000000FC200
0000000FE700
0000000FFFC0
00000007FFC0
00000003FF80
00000001FF00
000000007800
ENDCHAR
STARTCHAR aogonek
ENCODING 261
SWIDTH 633 0
DWIDTH 41 0
BBX 35 47 2 -13
BITMAP
001FF81FC0
007FFE1FC0
01FFFF9FC0
03FFFFDFC0
07FFFFFFC0
0FFFFFFFC0
1FF807FFC0
1FF001FFC0
3FC000FFC0
3FC0007FC0
7F80003FC0
7F00003FC0
7F00001FC0
7F00001FC0
7E00001FC0
FE00001FC0
FE00001FC0
FE00001FC0
FE00001FC0
7E00001FC0
7F00001FC0
7F00001FC0
7F00003FC0
7F80003FC0
3F80007FC0
3FC000FFC0
1FE001FFC0
1FF803FFC0
0FFF3FFFC0
07FFFFFFC0
03FFFFDFC0
01FFFF9FC0
00FFFE1FC0
003FF83FC0
000780FF00
000001FC00
000003F800
000003F000
000007E000
000007E000
000007E100
000007F380
000007FFE0
000003FFE0
000001FFC0
000000FF80
0000003C00
ENDCHAR
STARTCHAR Cacute
ENCODING 262
SWIDTH 679 0
DWIDTH 43 0
BBX 38 60 3 -1
BITMAP
0000001000
0000007000
000001F800
000003F800
00000FFC00
00001FFC00
00007FF800
0000FFC000
0000FE0000
0000780000
0000400000
0000000000
0000000000
0000000000
0000FFE000
0003FFFC00
001FFFFF00
003FFFFFC0
007FFFFFE0
01FFFFFFF0
03FFFFFFF8
07FF803FFC
07FE000FF8
0FF80003F0
1FF00001E0
1FE0000040
3FC0000000
3FC0000000
7F80000000
7F80000000
7F00000000
7F00000000
FF00000000
FE00000000
FE00000000
FE00000000
FE00000000
FE00000000
FE00000000
FE00000000
FE00000000
FF00000000
7F00000000
7F00000000
7F80000000
7F80000000
3FC0000000
3FE0000000
1FF0000040
1FF80000E0
0FFC0003E0
07FF000FF0
07FFF07FF8
03FFFFFFF8
01FFFFFFF0
007FFFFFE0
003FFFFFC0
000FFFFF00
0003FFF800
00001F0000
ENDCHAR
STARTCHAR cacute
ENCODING 263
SWIDTH 535 0
DWIDTH 34 0
BBX 30 51 3 -1
BITMAP
00002000
00007000
0000F800
0003F800
0007FC00
000FFE00
001FF000
003FC000
007F8000
003E0000
00180000
00000000
00000000
00000000
00000000
00000000
001FF800
00FFFF00
01FFFFC0
07FFFFE0
0FFFFFF0
0FFFFFF8
1FF00FFC
3FE003F8
3F8000F0
7F000060
7F000040
FE000000
FE000000
FC000000
FC000000
FC000000
FC000000
FC000000
FC000000
FC000000
FC000000
FE000000
FE000000
7F000000
7F000060
7F8000F0
3FC001F0
1FF007F8
1FFE3FFC
0FFFFFF0
07FFFFE0
03FFFFC0
00FFFF00
003FFC00
0003C000
ENDCHAR
STARTCHAR Ccircumflex
ENCODING 264
SWIDTH 679 0
DWIDTH 43 0
BBX 38 58 3 -1
BITMAP
00001F8000
00003FC000
00007FE000
0001FFF800
0003FFFC00
0007F9FE00
000FE07F00
0007801E00
0002000400
0000000000
0000000000
0000000000
0000FFE000
0003FFFC00
001FFFFF00
003FFFFFC0
007FFFFFE0
01FFFFFFF0
03FFFFFFF8
07FF803FFC
07FE000FF8
0FF80003F0
1FF00001E0
1FE0000040
3FC0000000
3FC0000000
7F80000000
7F80000000
7F00000000
7F00000000
FF00000000
FE00000000
FE00000000
FE00000000
FE00000000
FE00000000
FE00000000
FE00000000
FE00000000
FF00000000
7F00000000
7F00000000
7F80000000
7F80000000
3FC0000000
3FE0000000
1FF0000040
1FF80000E0
0FFC0003E0
07FF000FF0
07FFF07FF8
03FFFFFFF8
01FFFFFFF0
007FFFFFE0
003FFFFFC0
000FFFFF00
0003FFF800
00001F0000
ENDCHAR
STARTCHAR ccircumflex
ENCODING 265
SWIDTH 535 0
DWIDTH 34 0
BBX 30 49 3 -1
BITMAP
0007E000
000FF000
001FF800
007FFE00
00FFFF00
01FE7F80
03F81FC0
03E007C0
00C00300
00000000
00000000
00000000
00000000
00000000
001FF800
00FFFF00
01FFFFC0
07FFFFE0
0FFFFFF0
0FFFFFF8
1FF00FFC
3FE003F8
3F8000F0
7F000060
7F000040
FE000000
FE000000
FC000000
FC000000
FC000000
FC000000
FC000000
FC000000
FC000000
FC000000
FE000000
FE000000
7F000000
7F000060
7F8000F0
3FC001F0
1FF007F8
1FFE3FFC
0FFFFFF0
07FFFFE0
03FFFFC0
00FFFF00
003FFC00
0003C000
ENDCHAR
STARTCHAR Cdotaccent
ENCODING 266
SWIDTH 679 0
DWIDTH 43 0
BBX 38 58 3 -1
BITMAP
00000F0000
00001FC000
00003FC000
00003FC000
00003FC000
00003FC000
00003FC000
00001F8000
0000000000
0000000000
0000000000
0000000000
0000FFE000
0003FFFC00
001FFFFF00
003FFFFFC0
007FFFFFE0
01FFFFFFF0
03FFFFFFF8
07FF803FFC
07FE000FF8
0FF80003F0
1FF00001E0
1FE0000040
3FC0000000
3FC0000000
7F80000000
7F80000000
7F00000000
7F00000000
FF00000000
FE00000000
FE00000000
FE00000000
FE00000000
FE00000000
FE00000000
FE00000000
FE00000000
FF00000000
7F00000000
7F00000000
7F80000000
7F80000000
3FC0000000
3FE0000000
1FF0000040
1FF80000E0
0FFC0003E0
07FF000FF0
07FFF07FF8
03FFFFFFF8
01FFFFFFF0
007FFFFFE0
003FFFFFC0
000FFFFF00
0003FFF800
00001F0000
ENDCHAR
STARTCHAR cdotaccent
ENCODING 267
SWIDTH 535 0
DWIDTH 34 0
BBX 30 50 3 -1
BITMAP
0007E000
000FF000
000FF000
000FF000
000FF000
000FF000
000FF000
0003C000
00000000
00000000
00000000
00000000
00000000
00000000
00000000
001FF800
00FFFF00
01FFFFC0
07FFFFE0
0FFFFFF0
0FFFFFF8
1FF00FFC
3FE003F8
3F8000F0
7F000060
7F000040
FE000000
FE000000
FC000000
FC000000
FC000000
FC000000
FC000000
FC000000
FC000000
FC000000
FE000000
FE000000
7F000000
7F000060
7F8000F0
3FC001F0
1FF007F8
1FFE3FFC
0FFFFFF0
07FFFFE0
03FFFFC0
00FFFF00
003FFC00
0003C000
ENDCHAR
STARTCHAR Ccaron
ENCODING 268
SWIDTH 679 0
DWIDTH 43 0
BBX 38 58 3 -1
BITMAP
0006000600
000FC03F00
000FF0FF00
0007FFFE00
0001FFF800
0000FFF000
00007FE000
00003FC000
00001F8000
0000000000
0000000000
0000000000
0000FFE000
0003FFFC00
001FFFFF00
003FFFFFC0
007FFFFFE0
01FFFFFFF0
03FFFFFFF8
07FF803FFC
07FE000FF8
0FF80003F0
1FF00001E0
1FE0000040
3FC0000000
3FC0000000
7F80000000
7F80000000
7F00000000
7F00000000
FF00000000
FE00000000
FE00000000
FE00000000
FE00000000
FE00000000
FE00000000
FE00000000
FE00000000
FF00000000
7F00000000
7F00000000
7F80000000
7F80000000
3FC0000000
3FE0000000
1FF0000040
1FF80000E0
0FFC0003E0
07FF000FF0
07FFF07FF8
03FFFFFFF8
01FFFFFFF0
007FFFFFE0
003FFFFFC0
000FFFFF00
0003FFF800
00001F0000
ENDCHAR
STARTCHAR ccaron
ENCODING 269
SWIDTH 535 0
DWIDTH 34 0
BBX 30 49 3 -1
BITMAP
00C00300
01F00F80
01FC3F80
00FE7F00
007FFE00
003FFC00
001FF800
000FF000
0007E000
00000000
00000000
00000000
00000000
00000000
001FF800
00FFFF00
01FFFFC0
07FFFFE0
0FFFFFF0
0FFFFFF8
1FF00FFC
3FE003F8
3F8000F0
7F000060
7F000040
FE000000
FE000000
FC000000
FC000000
FC000000
FC000000
FC000000
FC000000
FC000000
FC000000
FE000000
FE000000
7F000000
7F000060
7F8000F0
3FC001F0
1FF007F8
1FFE3FFC
0FFFFFF0
07FFFFE0
03FFFFC0
00FFFF00
003FFC00
0003C000
ENDCHAR
STARTCHAR Dcaron
ENCODING 270
SWIDTH 748 0
DWIDTH 48 0
BBX 39 57 6 0
BITMAP
0060006000
00FC03F000
00FF0FF000
007FFFE000
001FFF8000
000FFF0000
0007FE0000
0003FC0000
0001F80000
0000000000
0000000000
0000000000
FFFFFC0000
FFFFFFC000
FFFFFFF000
FFFFFFFC00
FFFFFFFE00
FFFFFFFF00
FFFFFFFF80
FE0003FFC0
FE00007FE0
FE00003FE0
FE00001FF0
FE00000FF8
FE000007F8
FE000003F8
FE000003FC
FE000001FC
FE000001FC
FE000001FC
FE000001FE
FE000000FE
FE000000FE
FE000000FE
FE000000FE
FE000000FE
FE000000FE
FE000000FE
FE000001FE
FE000001FC
FE000001FC
FE000001FC
FE000003FC
FE000003F8
FE000007F8
FE000007F8
FE00000FF0
FE00001FF0
FE00007FE0
FE0001FFC0
FFFFFFFF80
FFFFFFFF00
FFFFFFFE00
FFFFFFFC00
FFFFFFF000
FFFFFFC000
FFFFFE0000
ENDCHAR
STARTCHAR dcaron
ENCODING 271
SWIDTH 653 0
DWIDTH 42 0
BBX 46 48 3 -1
BITMAP
0000003F83E0
0000003F87F0
0000003F87F8
0000003F87FC
0000003F87FC
0000003F83FC
0000003F80F8
0000003F80F8
0000003F81F0
0000003F87F0
0000003F8FC0
0000003F8780
0000003F8200
003FF03F8000
00FFFE3F8000
03FFFF3F8000
07FFFFBF8000
0FFFFFFF8000
1FFE3FFF8000
1FF007FF8000
3FC001FF8000
7F8000FF8000
7F8000FF8000
7F00007F8000
FE00003F8000
FE00003F8000
FE00003F8000
FC00001F8000
FC00001F8000
FC00001F8000
FC00001F8000
FC00001F8000
FC00001F8000
FE00003F8000
FE00003F8000
FE00003F8000
FF00007F8000
7F00007F8000
7F8000FF8000
3FC001FF8000
3FE003FF8000
1FFC0FFF8000
0FFFFFFF8000
07FFFFFF8000
03FFFF3F8000
00FFFE3F8000
003FF83F8000
000780000000
ENDCHAR
STARTCHAR Dcroat
ENCODING 272
SWIDTH 748 0
DWIDTH 48 0
BBX 42 45 3 0
BITMAP
1FFFFF800000
1FFFFFF80000
1FFFFFFE0000
1FFFFFFF8000
1FFFFFFFC000
1FFFFFFFE000
1FFFFFFFF000
1FC0007FF800
1FC0000FFC00
1FC00007FC00
1FC00003FE00
1FC00001FF00
1FC00000FF00
1FC000007F00
1FC000007F80
1FC000003F80
1FC000003F80
1FC000003F80
1FC000003FC0
1FC000001FC0
FFFF80001FC0
FFFF80001FC0
FFFF80001FC0
FFFF80001FC0
FFFF80001FC0
1FC000001FC0
1FC000003FC0
1FC000003F80
1FC000003F80
1FC000003F80
1FC000007F80
1FC000007F00
1FC00000FF00
1FC00000FF00
1FC00001FE00
1FC00003FE00
1FC0000FFC00
1FC0003FF800
1FFFFFFFF000
1FFFFFFFE000
1FFFFFFFC000
1FFFFFFF8000
1FFFFFFE0000
1FFFFFF80000
1FFFFFC00000
ENDCHAR
STARTCHAR dcroat
ENCODING 273
SWIDTH 634 0
DWIDTH 41 0
BBX 38 48 3 -1
BITMAP
0000003F80
0000003F80
0000003F80
0000003F80
00000FFFFC
00000FFFFC
00000FFFFC
00000FFFFC
00000FFFFC
0000003F80
0000003F80
0000003F80
0000003F80
003FF03F80
00FFFE3F80
03FFFF3F80
07FFFFBF80
0FFFFFFF80
1FFE3FFF80
1FF007FF80
3FC001FF80
7F8000FF80
7F8000FF80
7F00007F80
FE00003F80
FE00003F80
FE00003F80
FC00001F80
FC00001F80
FC00001F80
FC00001F80
FC00001F80
FC00001F80
FE00003F80
FE00003F80
FE00003F80
FF00007F80
7F00007F80
7F8000FF80
3FC001FF80
3FE003FF80
1FFC0FFF80
0FFFFFFF80
07FFFFFF80
03FFFF3F80
00FFFE3F80
003FF83F80
0007800000
ENDCHAR
STARTCHAR Emacron
ENCODING 274
SWIDTH 614 0
DWIDTH 39 0
BBX 29 55 6 0
BITMAP
0FFFFFC0
0FFFFFC0
0FFFFFC0
0FFFFFC0
0FFFFFC0
00000000
00000000
00000000
00000000
00000000
FFFFFFF8
FFFFFFF8
FFFFFFF8
FFFFFFF8
FFFFFFF8
FFFFFFF8
FFFFFFF8
FE000000
FE000000
FE000000
FE000000
FE000000
FE000000
FE000000
FE000000
FE000000
FE000000
FE000000
FE000000
FFFFFF80
FFFFFF80
FFFFFF80
FFFFFF80
FFFFFF80
FFFFFF80
FE000000
FE000000
FE000000
FE000000
FE000000
FE000000
FE000000
FE000000
FE000000
FE000000
FE000000
FE000000
FE000000
FFFFFFF8
FFFFFFF8
FFFFFFF8
FFFFFFF8
FFFFFFF8
FFFFFFF8
FFFFFFF8
ENDCHAR
STARTCHAR emacron
ENCODING 275
SWIDTH 586 0
DWIDTH 38 0
BBX 32 47 3 -1
BITMAP
00FFFFC0
00FFFFC0
00FFFFC0
00FFFFC0
00FFFFC0
00000000
00000000
00000000
00000000
00000000
00000000
00000000
001FFC00
007FFF00
01FFFFC0
03FFFFE0
07FFFFF0
0FFFFFF8
1FF00FF8
3FC003FC
3F8001FE
7F0000FE
7E0000FE
FE00007F
FE00007F
FC00007F
FFFFFFFF
FFFFFFFF
FFFFFFFF
FFFFFFFF
FFFFFFFF
FC000000
FC000000
FE000000
FE000000
FF000000
7F000000
7F800030
3FE00070
3FF001F8
1FFF0FFC
0FFFFFFE
07FFFFF8
01FFFFF0
00FFFFC0
003FFF00
0001E000
ENDCHAR
STARTCHAR Ebreve
ENCODING 276
SWIDTH 614 0
DWIDTH 39 0
BBX 29 57 6 0
BITMAP
07C00F80
07E01F80
07F03F80
03F87F00
01FFFE00
01FFFE00
00FFFC00
003FF000
000FC000
00000000
00000000
00000000
FFFFFFF8
FFFFFFF8
FFFFFFF8
FFFFFFF8
FFFFFFF8
FFFFFFF8
FFFFFFF8
FE000000
FE000000
FE000000
FE000000
FE000000
FE000000
FE000000
FE000000
FE000000
FE000000
FE000000
FE000000
FFFFFF80
FFFFFF80
FFFFFF80
FFFFFF80
FFFFFF80
FFFFFF80
FE000000
FE000000
FE000000
FE000000
FE000000
FE000000
FE000000
FE000000
FE000000
FE000000
FE000000
FE000000
FE000000
FFFFFFF8
FFFFFFF8
FFFFFFF8
FFFFFFF8
FFFFFFF8
FFFFFFF8
FFFFFFF8
ENDCHAR
STARTCHAR ebreve
ENCODING 277
SWIDTH 586 0
DWIDTH 38 0
BBX 32 49 3 -1
BITMAP
01F003E0
01F003E0
01F807E0
01FC0FE0
00FE1FC0
00FFFFC0
007FFF80
003FFF00
001FFE00
0007F800
00000000
00000000
00000000
00000000
001FFC00
007FFF00
01FFFFC0
03FFFFE0
07FFFFF0
0FFFFFF8
1FF00FF8
3FC003FC
3F8001FE
7F0000FE
7E0000FE
FE00007F
FE00007F
FC00007F
FFFFFFFF
FFFFFFFF
FFFFFFFF
FFFFFFFF
FFFFFFFF
FC000000
FC000000
FE000000
FE000000
FF000000
7F000000
7F800030
3FE00070
3FF001F8
1FFF0FFC
0FFFFFFE
07FFFFF8
01FFFFF0
00FFFFC0
003FFF00
0001E000
ENDCHAR
STARTCHAR Edotaccent
ENCODING 278
SWIDTH 614 0
DWIDTH 39 0
BBX 29 57 6 0
BITMAP
00078000
000FE000
001FE000
001FE000
001FE000
001FE000
001FE000
000FC000
00000000
00000000
00000000
00000000
FFFFFFF8
FFFFFFF8
FFFFFFF8
FFFFFFF8
FFFFFFF8
FFFFFFF8
FFFFFFF8
FE000000
FE000000
FE000000
FE000000
FE000000
FE000000
FE000000
FE000000
FE000000
FE000000
FE000000
FE000000
FFFFFF80
FFFFFF80
FFFFFF80
FFFFFF80
FFFFFF80
FFFFFF80
FE000000
FE000000
FE000000
FE000000
FE000000
FE000000
FE000000
FE000000
FE000000
FE000000
FE000000
FE000000
FE000000
FFFFFFF8
FFFFFFF8
FFFFFFF8
FFFFFFF8
FFFFFFF8
FFFFFFF8
FFFFFFF8
ENDCHAR
STARTCHAR edotaccent
ENCODING 279
SWIDTH 586 0
DWIDTH 38 0
BBX 32 50 3 -1
BITMAP
0003F000
0007F800
0007F800
0007F800
0007F800
0007F800
0007F800
0001E000
00000000
00000000
00000000
00000000
00000000
00000000
00000000
001FFC00
007FFF00
01FFFFC0
03FFFFE0
07FFFFF0
0FFFFFF8
1FF00FF8
3FC003FC
3F8001FE
7F0000FE
7E0000FE
FE00007F
FE00007F
FC00007F
FFFFFFFF
FFFFFFFF
FFFFFFFF
FFFFFFFF
FFFFFFFF
FC000000
FC000000
FE000000
FE000000
FF000000
7F000000
7F800030
3FE00070
3FF001F8
1FFF0FFC
0FFFFFFE
07FFFFF8
01FFFFF0
00FFFFC0
003FFF00
0001E000
ENDCHAR
STARTCHAR Eogonek
ENCODING 280
SWIDTH 614 0
DWIDTH 39 0
BBX 29 58 6 -13
BITMAP
FFFFFFF8
FFFFFFF8
FFFFFFF8
FFFFFFF8
FFFFFFF8
FFFFFFF8
FFFFFFF8
FE000000
FE000000
FE000000
FE000000
FE000000
FE000000
FE000000
FE000000
FE000000
FE000000
FE000000
FE000000
FFFFFF80
FFFFFF80
FFFFFF80
FFFFFF80
FFFFFF80
FFFFFF80
FE000000
FE000000
FE000000
FE000000
FE000000
FE000000
FE000000
FE000000
FE000000
FE000000
FE000000
FE000000
FE000000
FFFFFFF8
FFFFFFF8
FFFFFFF8
FFFFFFF8
FFFFFFF8
FFFFFFF8
FFFFFFF8
00007F80
0000FE00
0001FC00
0001F800
0003F000
0003F000
0003F080
0003F9C0
0003FFF0
0001FFF0
0000FFE0
00007FC0
00001E00
ENDCHAR
STARTCHAR eogonek
ENCODING 281
SWIDTH 586 0
DWIDTH 38 0
BBX 32 47 3 -13
BITMAP
001FFC00
007FFF00
01FFFFC0
03FFFFE0
07FFFFF0
0FFFFFF8
1FF00FF8
3FC003FC
3F8001FE
7F0000FE
7E0000FE
FE00007F
FE00007F
FC00007F
FFFFFFFF
FFFFFFFF
FFFFFFFF
FFFFFFFF
FFFFFFFF
FC000000
FC000000
FE000000
FE000000
FF000000
7F000000
7F800030
3FE00070
3FF001F8
1FFF0FFC
0FFFFFFE
07FFFFF8
01FFFFF0
00FFFFC0
003FFF80
0001FE00
00007C00
0000FC00
0001F800
0001F800
0001F800
0001F840
0001FC60
0001FFF8
0000FFF8
0000FFF0
00007FE0
00000F80
ENDCHAR
STARTCHAR Ecaron
ENCODING 282
SWIDTH 614 0
DWIDTH 39 0
BBX 29 57 6 0
BITMAP
03000300
07E01F80
07F87F80
03FFFF00
00FFFC00
007FF800
003FF000
001FE000
000FC000
00000000
00000000
00000000
FFFFFFF8
FFFFFFF8
FFFFFFF8
FFFFFFF8
FFFFFFF8
FFFFFFF8
FFFFFFF8
FE000000
FE000000
FE000000
FE000000
FE000000
FE000000
FE000000
FE000000
FE000000
FE000000
FE000000
FE000000
FFFFFF80
FFFFFF80
FFFFFF80
FFFFFF80
FFFFFF80
FFFFFF80
FE000000
FE000000
FE000000
FE000000
FE000000
FE000000
FE000000
FE000000
FE000000
FE000000
FE000000
FE000000
FE000000
FFFFFFF8
FFFFFFF8
FFFFFFF8
FFFFFFF8
FFFFFFF8
FFFFFFF8
FFFFFFF8
ENDCHAR
STARTCHAR ecaron
ENCODING 283
SWIDTH 586 0
DWIDTH 38 0
BBX 32 49 3 -1
BITMAP
00600180
00F807C0
00FE1FC0
007F3F80
003FFF00
001FFE00
000FFC00
0007F800
0003F000
00000000
00000000
00000000
00000000
00000000
001FFC00
007FFF00
01FFFFC0
03FFFFE0
07FFFFF0
0FFFFFF8
1FF00FF8
3FC003FC
3F8001FE
7F0000FE
7E0000FE
FE00007F
FE00007F
FC00007F
FFFFFFFF
FFFFFFFF
FFFFFFFF
FFFFFFFF
FFFFFFFF
FC000000
FC000000
FE000000
FE000000
FF000000
7F000000
7F800030
3FE00070
3FF001F8
1FFF0FFC
0FFFFFFE
07FFFFF8
01FFFFF0
00FFFFC0
003FFF00
0001E000
ENDCHAR
STARTCHAR Gcircumflex
ENCODING 284
SWIDTH 766 0
DWIDTH 49 0
BBX 43 58 3 -1
BITMAP
00000FC00000
00001FE00000
00003FF00000
0000FFFC0000
0001FFFE0000
0003FCFF0000
0007F03F8000
0003C00F0000
000100020000
000000000000
000000000000
000000000000
00007FF80000
0003FFFF0000
000FFFFFC000
003FFFFFF000
007FFFFFF800
00FFFFFFFC00
01FFFFFFFE00
03FF800FFF00
07FE0001FE00
0FFC0000FC00
1FF000003800
1FE000001000
3FE000000000
3FC000000000
7F8000000000
7F8000000000
7F0000000000
7F0000000000
FF0000000000
FE0000000000
FE0000000000
FE0000000000
FE0001FFFFE0
FE0001FFFFE0
FE0001FFFFE0
FE0001FFFFE0
FF0001FFFFE0
7F0001FFFFE0
7F0001FFFFE0
7F8000000FE0
7F8000000FE0
3FC000001FE0
3FE000001FC0
1FE000001FC0
1FF000003F80
0FFC00007F80
07FE0000FF00
07FF8003FF00
03FFF01FFE00
01FFFFFFFC00
00FFFFFFF800
003FFFFFF000
001FFFFFC000
0007FFFF8000
0000FFFC0000
00000FC00000
ENDCHAR
STARTCHAR gcircumflex
ENCODING 285
SWIDTH 649 0
DWIDTH 42 0
BBX 34 63 3 -15
BITMAP
0001F80000
0003FC0000
0007FE0000
001FFF8000
003FFFC000
007F9FE000
00FE07F000
00F801F000
003000C000
0000000000
0000000000
0000000000
0000000000
0000000000
001FF81FC0
00FFFE1FC0
01FFFF9FC0
07FFFFDFC0
0FFFFFFFC0
1FFFFFFFC0
1FF807FFC0
3FE001FFC0
3FC000FFC0
7F80007FC0
7F00003FC0
FF00003FC0
FE00001FC0
FE00001FC0
FE00001FC0
FC00001FC0
FC00000FC0
FC00000FC0
FC00000FC0
FC00001FC0
FE00001FC0
FE00001FC0
FE00001FC0
7F00003FC0
7F80007FC0
7F8000FFC0
3FE001FFC0
1FF003FFC0
1FFF3FFFC0
0FFFFFFFC0
07FFFFDFC0
03FFFF9FC0
00FFFE1FC0
003FFC1FC0
0003C01FC0
0000001FC0
0000001F80
0000003F80
0000003F80
0000007F80
030000FF00
07C001FF00
07F80FFE00
0FFFFFFC00
0FFFFFF800
07FFFFF000
01FFFFC000
007FFF0000
0007F00000
ENDCHAR
STARTCHAR Gbreve
ENCODING 286
SWIDTH 766 0
DWIDTH 49 0
BBX 43 58 3 -1
BITMAP
0007C00F8000
0007E01F8000
0007F03F8000
0003F87F0000
0001FFFE0000
0001FFFE0000
0000FFFC0000
00003FF00000
00000FC00000
000000000000
000000000000
000000000000
00007FF80000
0003FFFF0000
000FFFFFC000
003FFFFFF000
007FFFFFF800
00FFFFFFFC00
01FFFFFFFE00
03FF800FFF00
07FE0001FE00
0FFC0000FC00
1FF000003800
1FE000001000
3FE000000000
3FC000000000
7F8000000000
7F8000000000
7F0000000000
7F0000000000
FF0000000000
FE0000000000
FE0000000000
FE0000000000
FE0001FFFFE0
FE0001FFFFE0
FE0001FFFFE0
FE0001FFFFE0
FF0001FFFFE0
7F0001FFFFE0
7F0001FFFFE0
7F8000000FE0
7F8000000FE0
3FC000001FE0
3FE000001FC0
1FE000001FC0
1FF000003F80
0FFC00007F80
07FE0000FF00
07FF8003FF00
03FFF01FFE00
01FFFFFFFC00
00FFFFFFF800
003FFFFFF000
001FFFFFC000
0007FFFF8000
0000FFFC0000
00000FC00000
ENDCHAR
STARTCHAR gbreve
ENCODING 287
SWIDTH 649 0
DWIDTH 42 0
BBX 34 63 3 -15
BITMAP
00F801F000
00F801F000
00FC03F000
00FE07F000
007F0FE000
007FFFE000
003FFFC000
001FFF8000
000FFF0000
0003FC0000
0000000000
0000000000
0000000000
0000000000
001FF81FC0
00FFFE1FC0
01FFFF9FC0
07FFFFDFC0
0FFFFFFFC0
1FFFFFFFC0
1FF807FFC0
3FE001FFC0
3FC000FFC0
7F80007FC0
7F00003FC0
FF00003FC0
FE00001FC0
FE00001FC0
FE00001FC0
FC00001FC0
FC00000FC0
FC00000FC0
FC00000FC0
FC00001FC0
FE00001FC0
FE00001FC0
FE00001FC0
7F00003FC0
7F80007FC0
7F8000FFC0
3FE001FFC0
1FF003FFC0
1FFF3FFFC0
0FFFFFFFC0
07FFFFDFC0
03FFFF9FC0
00FFFE1FC0
003FFC1FC0
0003C01FC0
0000001FC0
0000001F80
0000003F80
0000003F80
0000007F80
030000FF00
07C001FF00
07F80FFE00
0FFFFFFC00
0FFFFFF800
07FFFFF000
01FFFFC000
007FFF0000
0007F00000
ENDCHAR
STARTCHAR Gdotaccent
ENCODING 288
SWIDTH 766 0
DWIDTH 49 0
BBX 43 58 3 -1
BITMAP
000007800000
00000FE00000
00001FE00000
00001FE00000
00001FE00000
00001FE00000
00001FE00000
00000FC00000
000000000000
000000000000
000000000000
000000000000
00007FF80000
0003FFFF0000
000FFFFFC000
003FFFFFF000
007FFFFFF800
00FFFFFFFC00
01FFFFFFFE00
03FF800FFF00
07FE0001FE00
0FFC0000FC00
1FF000003800
1FE000001000
3FE000000000
3FC000000000
7F8000000000
7F8000000000
7F0000000000
7F0000000000
FF0000000000
FE0000000000
FE0000000000
FE0000000000
FE0001FFFFE0
FE0001FFFFE0
FE0001FFFFE0
FE0001FFFFE0
FF0001FFFFE0
7F0001FFFFE0
7F0001FFFFE0
7F8000000FE0
7F8000000FE0
3FC000001FE0
3FE000001FC0
1FE000001FC0
1FF000003F80
0FFC00007F80
07FE0000FF00
07FF8003FF00
03FFF01FFE00
01FFFFFFFC00
00FFFFFFF800
003FFFFFF000
001FFFFFC000
0007FFFF8000
0000FFFC0000
00000FC00000
ENDCHAR
STARTCHAR gdotaccent
ENCODING 289
SWIDTH 649 0
DWIDTH 42 0
BBX 34 64 3 -15
BITMAP
0001F80000
0003FC0000
0003FC0000
0003FC0000
0003FC0000
0003FC0000
0003FC0000
0000F00000
0000000000
0000000000
0000000000
0000000000
0000000000
0000000000
0000000000
001FF81FC0
00FFFE1FC0
01FFFF9FC0
07FFFFDFC0
0FFFFFFFC0
1FFFFFFFC0
1FF807FFC0
3FE001FFC0
3FC000FFC0
7F80007FC0
7F00003FC0
FF00003FC0
FE00001FC0
FE00001FC0
FE00001FC0
FC00001FC0
FC00000FC0
FC00000FC0
FC00000FC0
FC00001FC0
FE00001FC0
FE00001FC0
FE00001FC0
7F00003FC0
7F80007FC0
7F8000FFC0
3FE001FFC0
1FF003FFC0
1FFF3FFFC0
0FFFFFFFC0
07FFFFDFC0
03FFFF9FC0
00FFFE1FC0
003FFC1FC0
0003C01FC0
0000001FC0
0000001F80
0000003F80
0000003F80
0000007F80
030000FF00
07C001FF00
07F80FFE00
0FFFFFFC00
0FFFFFF800
07FFFFF000
01FFFFC000
007FFF0000
0007F00000
ENDCHAR
STARTCHAR uni0122
ENCODING 290
SWIDTH 766 0
DWIDTH 49 0
BBX 43 61 3 -16
BITMAP
00007FF80000
0003FFFF0000
000FFFFFC000
003FFFFFF000
007FFFFFF800
00FFFFFFFC00
01FFFFFFFE00
03FF800FFF00
07FE0001FE00
0FFC0000FC00
1FF000003800
1FE000001000
3FE000000000
3FC000000000
7F8000000000
7F8000000000
7F0000000000
7F0000000000
FF0000000000
FE0000000000
FE0000000000
FE0000000000
FE0001FFFFE0
FE0001FFFFE0
FE0001FFFFE0
FE0001FFFFE0
FF0001FFFFE0
7F0001FFFFE0
7F0001FFFFE0
7F8000000FE0
7F8000000FE0
3FC000001FE0
3FE000001FC0
1FE000001FC0
1FF000003F80
0FFC00007F80
07FE0000FF00
07FF8003FF00
03FFF01FFE00
01FFFFFFFC00
00FFFFFFF800
003FFFFFF000
001FFFFFC000
0007FFFF8000
0000FFFC0000
00000FC00000
000000000000
000000000000
00001F000000
00003FC00000
00003FC00000
00003FE00000
00003FE00000
00000FE00000
000007C00000
00000FC00000
00000F800000
00003F000000
00007E000000
000038000000
000020000000
ENDCHAR
STARTCHAR uni0123
ENCODING 291
SWIDTH 649 0
DWIDTH 42 0
BBX 34 66 3 -15
BITMAP
00001C0000
00007C0000
0000FE0000
0001F00000
0003F00000
0003E00000
0007F00000
0007FC0000
0007FC0000
0003FC0000
0003FC0000
0000F80000
0000000000
0000000000
0000000000
0000000000
0000000000
001FF81FC0
00FFFE1FC0
01FFFF9FC0
07FFFFDFC0
0FFFFFFFC0
1FFFFFFFC0
1FF807FFC0
3FE001FFC0
3FC000FFC0
7F80007FC0
7F00003FC0
FF00003FC0
FE00001FC0
FE00001FC0
FE00001FC0
FC00001FC0
FC00000FC0
FC00000FC0
FC00000FC0
FC00001FC0
FE00001FC0
FE00001FC0
FE00001FC0
7F00003FC0
7F80007FC0
7F8000FFC0
3FE001FFC0
1FF003FFC0
1FFF3FFFC0
0FFFFFFFC0
07FFFFDFC0
03FFFF9FC0
00FFFE1FC0
003FFC1FC0
0003C01FC0
0000001FC0
0000001F80
0000003F80
0000003F80
0000007F80
030000FF00
07C001FF00
07F80FFE00
0FFFFFFC00
0FFFFFF800
07FFFFF000
01FFFFC000
007FFF0000
0007F00000
ENDCHAR
STARTCHAR Hcircumflex
ENCODING 292
SWIDTH 761 0
DWIDTH 49 0
BBX 36 57 6 0
BITMAP
0001F80000
0003FC0000
0007FE0000
001FFF8000
003FFFC000
007F9FE000
00FE07F000
007801E000
0020004000
0000000000
0000000000
0000000000
FE000003F0
FE000003F0
FE000003F0
FE000003F0
FE000003F0
FE000003F0
FE000003F0
FE000003F0
FE000003F0
FE000003F0
FE000003F0
FE000003F0
FE000003F0
FE000003F0
FE000003F0
FE000003F0
FE000003F0
FE000003F0
FE000003F0
FFFFFFFFF0
FFFFFFFFF0
FFFFFFFFF0
FFFFFFFFF0
FFFFFFFFF0
FFFFFFFFF0
FFFFFFFFF0
FE000003F0
FE000003F0
FE000003F0
FE000003F0
FE000003F0
FE000003F0
FE000003F0
FE000003F0
FE000003F0
FE000003F0
FE000003F0
FE000003F0
FE000003F0
FE000003F0
FE000003F0
FE000003F0
FE000003F0
FE000003F0
FE000003F0
ENDCHAR
STARTCHAR hcircumflex
ENCODING 293
SWIDTH 595 0
DWIDTH 38 0
BBX 29 60 5 0
BITMAP
001F8000
003FC000
007FE000
01FFF800
03FFFC00
07F9FE00
0FE07F00
07801E00
02000400
00000000
00000000
00000000
00000000
FC000000
FC000000
FC000000
FC000000
FC000000
FC000000
FC000000
FC000000
FC000000
FC000000
FC000000
FC000000
FC000000
FC07FC00
FC1FFF00
FC7FFF80
FCFFFFC0
FDFFFFE0
FFFFFFE0
FFE01FF0
FF800FF0
FF0007F0
FE0007F0
FE0003F8
FC0003F8
FC0003F8
FC0003F8
FC0003F8
FC0003F8
FC0003F8
FC0003F8
FC0003F8
FC0003F8
FC0003F8
FC0003F8
FC0003F8
FC0003F8
FC0003F8
FC0003F8
FC0003F8
FC0003F8
FC0003F8
FC0003F8
FC0003F8
FC0003F8
FC0003F8
FC0003F8
ENDCHAR
STARTCHAR Hbar
ENCODING 294
SWIDTH 857 0
DWIDTH 55 0
BBX 47 45 4 0
BITMAP
07F000001FC0
07F000001FC0
07F000001FC0
07F000001FC0
07F000001FC0
07F000001FC0
07F000001FC0
07F000001FC0
FFF000001FFE
FFFFFFFFFFFE
FFFFFFFFFFFE
FFFFFFFFFFFE
FFFFFFFFFFFE
FFFFFFFFFFFE
FFF000001FFE
07F000001FC0
07F000001FC0
07F000001FC0
07F000001FC0
07FFFFFFFFC0
07FFFFFFFFC0
07FFFFFFFFC0
07FFFFFFFFC0
07FFFFFFFFC0
07FFFFFFFFC0
07FFFFFFFFC0
07F000001FC0
07F000001FC0
07F000001FC0
07F000001FC0
07F000001FC0
07F000001FC0
07F000001FC0
07F000001FC0
07F000001FC0
07F000001FC0
07F000001FC0
07F000001FC0
07F000001FC0
07F000001FC0
07F000001FC0
07F000001FC0
07F000001FC0
07F000001FC0
07F000001FC0
ENDCHAR
STARTCHAR hbar
ENCODING 295
SWIDTH 595 0
DWIDTH 38 0
BBX 33 47 1 0
BITMAP
0FC0000000
0FC0000000
0FC0000000
FFFF800000
FFFF800000
FFFF800000
FFFF800000
FFFF800000
FFFF800000
0FC0000000
0FC0000000
0FC0000000
0FC0000000
0FC07FC000
0FC1FFF000
0FC7FFF800
0FCFFFFC00
0FDFFFFE00
0FFFFFFE00
0FFE01FF00
0FF800FF00
0FF0007F00
0FE0007F00
0FE0003F80
0FC0003F80
0FC0003F80
0FC0003F80
0FC0003F80
0FC0003F80
0FC0003F80
0FC0003F80
0FC0003F80
0FC0003F80
0FC0003F80
0FC0003F80
0FC0003F80
0FC0003F80
0FC0003F80
0FC0003F80
0FC0003F80
0FC0003F80
0FC0003F80
0FC0003F80
0FC0003F80
0FC0003F80
0FC0003F80
0FC0003F80
ENDCHAR
STARTCHAR Itilde
ENCODING 296
SWIDTH 478 0
DWIDTH 31 0
BBX 22 56 4 0
BITMAP
0FE07C
3FFC7C
7FFFFC
7FFFF8
FDFFF8
F83FF0
F807C0
000000
000000
000000
000000
7FFFFC
7FFFFC
7FFFFC
7FFFFC
7FFFFC
7FFFFC
7FFFFC
00FE00
00FE00
00FE00
00FE00
00FE00
00FE00
00FE00
00FE00
00FE00
00FE00
00FE00
00FE00
00FE00
00FE00
00FE00
00FE00
00FE00
00FE00
00FE00
00FE00
00FE00
00FE00
00FE00
00FE00
00FE00
00FE00
00FE00
00FE00
00FE00
00FE00
00FE00
00FE00
7FFFFC
7FFFFC
7FFFFC
7FFFFC
7FFFFC
7FFFFC
ENDCHAR
STARTCHAR itilde
ENCODING 297
SWIDTH 243 0
DWIDTH 16 0
BBX 20 48 -2 0
BITMAP
0700C0
1FC0F0
3FE1F0
7FF9F0
FFFFF0
F8FFE0
F87FC0
F03F80
100E00
000000
000000
000000
000000
000000
03F800
03F800
03F800
03F800
03F800
03F800
03F800
03F800
03F800
03F800
03F800
03F800
03F800
03F800
03F800
03F800
03F800
03F800
03F800
03F800
03F800
03F800
03F800
03F800
03F800
03F800
03F800
03F800
03F800
03F800
03F800
03F800
03F800
03F800
ENDCHAR
STARTCHAR Imacron
ENCODING 298
SWIDTH 478 0
DWIDTH 31 0
BBX 22 55 4 0
BITMAP
FFFFFC
FFFFFC
FFFFFC
FFFFFC
FFFFFC
000000
000000
000000
000000
000000
7FFFFC
7FFFFC
7FFFFC
7FFFFC
7FFFFC
7FFFFC
7FFFFC
00FE00
00FE00
00FE00
00FE00
00FE00
00FE00
00FE00
00FE00
00FE00
00FE00
00FE00
00FE00
00FE00
00FE00
00FE00
00FE00
00FE00
00FE00
00FE00
00FE00
00FE00
00FE00
00FE00
00FE00
00FE00
00FE00
00FE00
00FE00
00FE00
00FE00
00FE00
00FE00
7FFFFC
7FFFFC
7FFFFC
7FFFFC
7FFFFC
7FFFFC
ENDCHAR
STARTCHAR imacron
ENCODING 299
SWIDTH 243 0
DWIDTH 16 0
BBX 18 46 -1 0
BITMAP
FFFFC0
FFFFC0
FFFFC0
FFFFC0
FFFFC0
000000
000000
000000
000000
000000
000000
000000
07F000
07F000
07F000
07F000
07F000
07F000
07F000
07F000
07F000
07F000
07F000
07F000
07F000
07F000
07F000
07F000
07F000
07F000
07F000
07F000
07F000
07F000
07F000
07F000
07F000
07F000
07F000
07F000
07F000
07F000
07F000
07F000
07F000
07F000
ENDCHAR
STARTCHAR Ibreve
ENCODING 300
SWIDTH 478 0
DWIDTH 31 0
BBX 21 57 5 0
BITMAP
F801F0
FC03F0
FE07F0
7F0FE0
3FFFC0
3FFFC0
1FFF80
07FE00
01F800
000000
000000
000000
FFFFF8
FFFFF8
FFFFF8
FFFFF8
FFFFF8
FFFFF8
FFFFF8
01FC00
01FC00
01FC00
01FC00
01FC00
01FC00
01FC00
01FC00
01FC00
01FC00
01FC00
01FC00
01FC00
01FC00
01FC00
01FC00
01FC00
01FC00
01FC00
01FC00
01FC00
01FC00
01FC00
01FC00
01FC00
01FC00
01FC00
01FC00
01FC00
01FC00
01FC00
01FC00
FFFFF8
FFFFF8
FFFFF8
FFFFF8
FFFFF8
FFFFF8
ENDCHAR
STARTCHAR ibreve
ENCODING 301
SWIDTH 243 0
DWIDTH 16 0
BBX 20 48 -2 0
BITMAP
F801F0
F801F0
FC03F0
FE07F0
7F0FE0
7FFFE0
3FFFC0
1FFF80
0FFF00
03FC00
000000
000000
000000
000000
03F800
03F800
03F800
03F800
03F800
03F800
03F800
03F800
03F800
03F800
03F800
03F800
03F800
03F800
03F800
03F800
03F800
03F800
03F800
03F800
03F800
03F800
03F800
03F800
03F800
03F800
03F800
03F800
03F800
03F800
03F800
03F800
03F800
03F800
ENDCHAR
STARTCHAR Iogonek
ENCODING 302
SWIDTH 478 0
DWIDTH 31 0
BBX 21 58 5 -13
BITMAP
FFFFF8
FFFFF8
FFFFF8
FFFFF8
FFFFF8
FFFFF8
FFFFF8
01FC00
01FC00
01FC00
01FC00
01FC00
01FC00
01FC00
01FC00
01FC00
01FC00
01FC00
01FC00
01FC00
01FC00
01FC00
01FC00
01FC00
01FC00
01FC00
01FC00
01FC00
01FC00
01FC00
01FC00
01FC00
01FC00
01FC00
01FC00
01FC00
01FC00
01FC00
01FC00
FFFFF8
FFFFF8
FFFFF8
FFFFF8
FFFFF8
FFFFF8
01FE00
03F800
07F000
07E000
0FC000
0FC000
0FC200
0FE700
0FFFC0
07FFC0
03FF80
01FF00
007800
ENDCHAR
STARTCHAR iogonek
ENCODING 303
SWIDTH 243 0
DWIDTH 16 0
BBX 14 62 -2 -13
BITMAP
01F8
03FC
03FC
03FC
03FC
03FC
03FC
00F0
0000
0000
0000
0000
0000
0000
0000
03F8
03F8
03F8
03F8
03F8
03F8
03F8
03F8
03F8
03F8
03F8
03F8
03F8
03F8
03F8
03F8
03F8
03F8
03F8
03F8
03F8
03F8
03F8
03F8
03F8
03F8
03F8
03F8
03F8
03F8
03F8
03F8
03F8
07F8
1FE0
3F80
7F00
7E00
FC00
FC00
FC20
FE70
FFFC
7FFC
3FF8
1FF0
0780
ENDCHAR
STARTCHAR Idotaccent
ENCODING 304
SWIDTH 478 0
DWIDTH 31 0
BBX 21 57 5 0
BITMAP
00F000
01FC00
03FC00
03FC00
03FC00
03FC00
03FC00
01F800
000000
000000
000000
000000
FFFFF8
FFFFF8
FFFFF8
FFFFF8
FFFFF8
FFFFF8
FFFFF8
01FC00
01FC00
01FC00
01FC00
01FC00
01FC00
01FC00
01FC00
01FC00
01FC00
01FC00
01FC00
01FC00
01FC00
01FC00
01FC00
01FC00
01FC00
01FC00
01FC00
01FC00
01FC00
01FC00
01FC00
01FC00
01FC00
01FC00
01FC00
01FC00
01FC00
01FC00
01FC00
FFFFF8
FFFFF8
FFFFF8
FFFFF8
FFFFF8
FFFFF8
ENDCHAR
STARTCHAR dotlessi
ENCODING 305
SWIDTH 243 0
DWIDTH 16 0
BBX 7 34 4 0
BITMAP
FE
FE
FE
FE
FE
FE
FE
FE
FE
FE
FE
FE
FE
FE
FE
FE
FE
FE
FE
FE
FE
FE
FE
FE
FE
FE
FE
FE
FE
FE
FE
FE
FE
FE
ENDCHAR
STARTCHAR IJ
ENCODING 306
SWIDTH 1120 0
DWIDTH 72 0
BBX 64 46 5 -1
BITMAP
FFFFF800003FFFFF
FFFFF800003FFFFF
FFFFF800003FFFFF
FFFFF800003FFFFF
FFFFF800003FFFFF
FFFFF800003FFFFF
FFFFF800003FFFFF
01FC000000003F80
01FC000000003F80
01FC000000003F80
01FC000000003F80
01FC000000003F80
01FC000000003F80
01FC000000003F80
01FC000000003F80
01FC000000003F80
01FC000000003F80
01FC000000003F80
01FC000000003F80
01FC000000003F80
01FC000000003F80
01FC000000003F80
01FC000000003F80
01FC000000003F80
01FC000000003F80
01FC000000003F80
01FC000000003F80
01FC000000003F80
01FC000000003F80
01FC000000003F80
01FC000000003F80
01FC000000003F80
01FC000000003F80
01FC000040003F80
01FC0000E0007F80
01FC0001F0007F00
01FC0003F000FF00
01FC0007FC01FF00
01FC0003FF07FE00
FFFFF803FFFFFE00
FFFFF801FFFFFC00
FFFFF800FFFFF800
FFFFF8007FFFF000
FFFFF8001FFFC000
FFFFF80007FF8000
0000000000F00000
ENDCHAR
STARTCHAR ij
ENCODING 307
SWIDTH 543 0
DWIDTH 35 0
BBX 27 62 4 -13
BITMAP
3F000FC0
7F801FE0
7F801FE0
FF801FE0
7F801FE0
7F801FE0
7F001FC0
3E000780
00000000
00000000
00000000
00000000
00000000
00000000
00000000
3F001FC0
3F001FC0
3F001FC0
3F001FC0
3F001FC0
3F001FC0
3F001FC0
3F001FC0
3F001FC0
3F001FC0
3F001FC0
3F001FC0
3F001FC0
3F001FC0
3F001FC0
3F001FC0
3F001FC0
3F001FC0
3F001FC0
3F001FC0
3F001FC0
3F001FC0
3F001FC0
3F001FC0
3F001FC0
3F001FC0
3F001FC0
3F001FC0
3F001FC0
3F001FC0
3F001FC0
3F001FC0
3F001FC0
3F001FC0
00001FC0
00001FC0
00001FC0
00001FC0
00003FC0
00003F80
00007F80
000FFF80
0007FF00
0007FE00
0003FC00
0003F000
00010000
ENDCHAR
STARTCHAR Jcircumflex
ENCODING 308
SWIDTH 642 0
DWIDTH 41 0
BBX 35 58 3 -1
BITMAP
000007E000
00000FF000
00001FF800
00007FFE00
0000FFFF00
0001FE7F80
0003F81FC0
0001E00780
0000800100
0000000000
0000000000
0000000000
0007FFFFE0
0007FFFFE0
0007FFFFE0
0007FFFFE0
0007FFFFE0
0007FFFFE0
0007FFFFE0
000007F000
000007F000
000007F000
000007F000
000007F000
000007F000
000007F000
000007F000
000007F000
000007F000
000007F000
000007F000
000007F000
000007F000
000007F000
000007F000
000007F000
000007F000
000007F000
000007F000
000007F000
000007F000
000007F000
000007F000
000007F000
000007F000
080007F000
1C000FF000
3E000FE000
7E001FE000
FF803FE000
7FE0FFC000
7FFFFFC000
3FFFFF8000
1FFFFF0000
0FFFFE0000
03FFF80000
00FFF00000
001E000000
ENDCHAR
STARTCHAR jcircumflex
ENCODING 309
SWIDTH 263 0
DWIDTH 17 0
BBX 21 61 -2 -13
BITMAP
00FC00
01FE00
03FF00
0FFFC0
1FFFE0
3FCFF0
7F03F8
7C00F8
180060
000000
000000
000000
000000
000000
01FC00
01FC00
01FC00
01FC00
01FC00
01FC00
01FC00
01FC00
01FC00
01FC00
01FC00
01FC00
01FC00
01FC00
01FC00
01FC00
01FC00
01FC00
01FC00
01FC00
01FC00
01FC00
01FC00
01FC00
01FC00
01FC00
01FC00
01FC00
01FC00
01FC00
01FC00
01FC00
01FC00
01FC00
01FC00
01FC00
01FC00
01FC00
03FC00
03F800
0FF800
7FF000
FFF000
7FE000
7FC000
3F0000
380000
ENDCHAR
STARTCHAR uni0136
ENCODING 310
SWIDTH 732 0
DWIDTH 47 0
BBX 39 61 6 -16
BITMAP
FE000007FC
FE00000FF8
FE00001FF0
FE00003FE0
FE00007FC0
FE0000FF80
FE0001FF00
FE0003FE00
FE0007FC00
FE000FF800
FE001FF000
FE003FE000
FE007FC000
FE00FF8000
FE01FF0000
FE03FC0000
FE07F80000
FE0FF00000
FE1FE00000
FE3FE00000
FE7FF00000
FEFFF80000
FFFFFC0000
FFFFFC0000
FFF9FE0000
FFF1FF0000
FFE0FF8000
FFC07F8000
FF803FC000
FF003FE000
FE001FF000
FE000FF000
FE0007F800
FE0007FC00
FE0003FE00
FE0001FE00
FE0000FF00
FE0000FF80
FE00007FC0
FE00003FC0
FE00001FE0
FE00001FF0
FE00000FF8
FE000007F8
FE000003FE
0000000000
0000000000
0000000000
0003E00000
0007F80000
0007F80000
0007FC0000
0007FC0000
0001FC0000
0000F80000
0001F80000
0001F00000
0007E00000
000FC00000
0007000000
0004000000
ENDCHAR
STARTCHAR uni0137
ENCODING 311
SWIDTH 568 0
DWIDTH 36 0
BBX 31 62 5 -15
BITMAP
FC000000
FC000000
FC000000
FC000000
FC000000
FC000000
FC000000
FC000000
FC000000
FC000000
FC000000
FC000000
FC000000
FC0007FC
FC000FF8
FC001FF0
FC003FE0
FC007FC0
FC00FF80
FC01FF00
FC03FE00
FC07FC00
FC0FF800
FC1FF000
FC3FC000
FC7F8000
FCFF0000
FDFE0000
FFFE0000
FFFF0000
FFFF8000
FFFF8000
FFFFC000
FF9FE000
FF0FF000
FE0FF800
FC07FC00
FC03FE00
FC01FE00
FC00FF00
FC007F80
FC003FC0
FC003FE0
FC001FF0
FC000FF8
FC0007F8
FC0003FE
00000000
00000000
00000000
003E0000
007F8000
007F8000
007FC000
007FC000
001FC000
000F8000
001F8000
001F0000
00FE0000
007C0000
00700000
ENDCHAR
STARTCHAR kgreenlandic
ENCODING 312
SWIDTH 554 0
DWIDTH 35 0
BBX 29 34 5 0
BITMAP
FC0007F8
FC000FF0
FC001FE0
FC003FC0
FC007F80
FC00FF00
FC01FE00
FC03FC00
FC07F800
FC0FF000
FC0FE000
FC1FC000
FC3F8000
FC7F0000
FCFE0000
FDFE0000
FFFF0000
FFFF0000
FFFF8000
FFDFC000
FF8FE000
FF0FE000
FE07F000
FC03F800
FC03FC00
FC01FC00
FC00FE00
FC007F00
FC007F80
FC003FC0
FC001FC0
FC001FE0
FC000FF0
FC0007F8
ENDCHAR
STARTCHAR Lacute
ENCODING 313
SWIDTH 599 0
DWIDTH 38 0
BBX 30 59 4 0
BITMAP
00100000
00700000
01F80000
03F80000
0FFC0000
1FFC0000
7FF80000
FFC00000
FE000000
78000000
40000000
00000000
00000000
00000000
3F800000
3F800000
3F800000
3F800000
3F800000
3F800000
3F800000
3F800000
3F800000
3F800000
3F800000
3F800000
3F800000
3F800000
3F800000
3F800000
3F800000
3F800000
3F800000
3F800000
3F800000
3F800000
3F800000
3F800000
3F800000
3F800000
3F800000
3F800000
3F800000
3F800000
3F800000
3F800000
3F800000
3F800000
3F800000
3F800000
3F800000
3F800000
3FFFFFFC
3FFFFFFC
3FFFFFFC
3FFFFFFC
3FFFFFFC
3FFFFFFC
3FFFFFFC
ENDCHAR
STARTCHAR lacute
ENCODING 314
SWIDTH 251 0
DWIDTH 16 0
BBX 14 62 2 0
BITMAP
0010
0070
01F8
03F8
0FFC
1FFC
7FF8
FFC0
FE00
7800
4000
0000
0000
0000
0000
1F80
1F80
1F80
1F80
1F80
1F80
1F80
1F80
1F80
1F80
1F80
1F80
1F80
1F80
1F80
1F80
1F80
1F80
1F80
1F80
1F80
1F80
1F80
1F80
1F80
1F80
1F80
1F80
1F80
1F80
1F80
1F80
1F80
1F80
1F80
1F80
1F80
1F80
1F80
1F80
1F80
1F80
1F80
1F80
1F80
1F80
1F80
ENDCHAR
STARTCHAR uni013B
ENCODING 315
SWIDTH 599 0
DWIDTH 38 0
BBX 28 61 6 -16
BITMAP
FE000000
FE000000
FE000000
FE000000
FE000000
FE000000
FE000000
FE000000
FE000000
FE000000
FE000000
FE000000
FE000000
FE000000
FE000000
FE000000
FE000000
FE000000
FE000000
FE000000
FE000000
FE000000
FE000000
FE000000
FE000000
FE000000
FE000000
FE000000
FE000000
FE000000
FE000000
FE000000
FE000000
FE000000
FE000000
FE000000
FE000000
FE000000
FFFFFFF0
FFFFFFF0
FFFFFFF0
FFFFFFF0
FFFFFFF0
FFFFFFF0
FFFFFFF0
00000000
00000000
00000000
003E0000
007F8000
007F8000
007FC000
007FC000
001FC000
000F8000
001F8000
001F0000
007E0000
00FC0000
00700000
00400000
ENDCHAR
STARTCHAR uni013C
ENCODING 316
SWIDTH 251 0
DWIDTH 16 0
BBX 10 62 3 -15
BITMAP
3F00
3F00
3F00
3F00
3F00
3F00
3F00
3F00
3F00
3F00
3F00
3F00
3F00
3F00
3F00
3F00
3F00
3F00
3F00
3F00
3F00
3F00
3F00
3F00
3F00
3F00
3F00
3F00
3F00
3F00
3F00
3F00
3F00
3F00
3F00
3F00
3F00
3F00
3F00
3F00
3F00
3F00
3F00
3F00
3F00
3F00
3F00
0000
0000
0000
3E00
7F80
7F80
7FC0
7FC0
1FC0
0F80
1F80
1F00
FE00
7C00
7000
ENDCHAR
STARTCHAR Lcaron
ENCODING 317
SWIDTH 599 0
DWIDTH 38 0
BBX 28 45 6 0
BITMAP
FE00F800
FE01FC00
FE01FE00
FE01FF00
FE01FF00
FE00FF00
FE003E00
FE003E00
FE007C00
FE01FC00
FE03F000
FE01E000
FE008000
FE000000
FE000000
FE000000
FE000000
FE000000
FE000000
FE000000
FE000000
FE000000
FE000000
FE000000
FE000000
FE000000
FE000000
FE000000
FE000000
FE000000
FE000000
FE000000
FE000000
FE000000
FE000000
FE000000
FE000000
FE000000
FFFFFFF0
FFFFFFF0
FFFFFFF0
FFFFFFF0
FFFFFFF0
FFFFFFF0
FFFFFFF0
ENDCHAR
STARTCHAR lcaron
ENCODING 318
SWIDTH 271 0
DWIDTH 17 0
BBX 20 47 5 0
BITMAP
FC0F80
FC1FC0
FC1FE0
FC1FF0
FC1FF0
FC0FF0
FC03E0
FC03E0
FC07C0
FC1FC0
FC3F00
FC1E00
FC0800
FC0000
FC0000
FC0000
FC0000
FC0000
FC0000
FC0000
FC0000
FC0000
FC0000
FC0000
FC0000
FC0000
FC0000
FC0000
FC0000
FC0000
FC0000
FC0000
FC0000
FC0000
FC0000
FC0000
FC0000
FC0000
FC0000
FC0000
FC0000
FC0000
FC0000
FC0000
FC0000
FC0000
FC0000
ENDCHAR
STARTCHAR Ldot
ENCODING 319
SWIDTH 599 0
DWIDTH 38 0
BBX 28 45 6 0
BITMAP
FE000000
FE000000
FE000000
FE000000
FE000000
FE000000
FE000000
FE000000
FE000000
FE000000
FE000000
FE000000
FE000000
FE000000
FE000000
FE000000
FE000780
FE000FE0
FE001FE0
FE001FF0
FE001FF0
FE001FF0
FE001FE0
FE001FE0
FE000FC0
FE000380
FE000000
FE000000
FE000000
FE000000
FE000000
FE000000
FE000000
FE000000
FE000000
FE000000
FE000000
FE000000
FFFFFFF0
FFFFFFF0
FFFFFFF0
FFFFFFF0
FFFFFFF0
FFFFFFF0
FFFFFFF0
ENDCHAR
STARTCHAR ldot
ENCODING 320
SWIDTH 351 0
DWIDTH 22 0
BBX 19 47 5 0
BITMAP
FC0000
FC0000
FC0000
FC0000
FC0000
FC0000
FC0000
FC0000
FC0000
FC0000
FC0000
FC0000
FC0000
FC0000
FC0000
FC0000
FC0000
FC0000
FC0F00
FC1FC0
FC3FC0
FC3FE0
FC3FE0
FC3FE0
FC3FC0
FC3FC0
FC1F80
FC0700
FC0000
FC0000
FC0000
FC0000
FC0000
FC0000
FC0000
FC0000
FC0000
FC0000
FC0000
FC0000
FC0000
FC0000
FC0000
FC0000
FC0000
FC0000
FC0000
ENDCHAR
STARTCHAR Lslash
ENCODING 321
SWIDTH 638 0
DWIDTH 41 0
BBX 34 45 3 0
BITMAP
03F8000000
03F8000000
03F8000000
03F8000000
03F8000000
03F8000000
03F8000000
03F8000000
03F8000000
03F8000000
03F8000000
03F8000000
03F8000000
03F8000000
03F8000000
03F8000000
03F8E00000
03FBE00000
03FFE00000
03FFF00000
03FFF00000
07FFC00000
1FFF000000
7FF8000000
FFF8000000
FFF8000000
7FF8000000
73F8000000
43F8000000
03F8000000
03F8000000
03F8000000
03F8000000
03F8000000
03F8000000
03F8000000
03F8000000
03F8000000
03FFFFFFC0
03FFFFFFC0
03FFFFFFC0
03FFFFFFC0
03FFFFFFC0
03FFFFFFC0
03FFFFFFC0
ENDCHAR
STARTCHAR lslash
ENCODING 322
SWIDTH 253 0
DWIDTH 16 0
BBX 16 47 0 0
BITMAP
07E0
07E0
07E0
07E0
07E0
07E0
07E0
07E0
07E0
07E0
07E0
07E0
07E0
07E0
07E0
07E0
07E0
07E4
07FE
07FE
07FF
0FFF
3FFE
FFF8
FFE0
7FE0
7FE0
37E0
07E0
07E0
07E0
07E0
07E0
07E0
07E0
07E0
07E0
07E0
07E0
07E0
07E0
07E0
07E0
07E0
07E0
07E0
07E0
ENDCHAR
STARTCHAR Nacute
ENCODING 323
SWIDTH 793 0
DWIDTH 51 0
BBX 38 59 6 0
BITMAP
0000004000
000001C000
000007E000
00000FE000
00003FF000
00007FF000
0001FFE000
0003FF0000
0003F80000
0001E00000
0001000000
0000000000
0000000000
0000000000
FE000000FC
FE000000FC
FF000000FC
FF800000FC
FFC00000FC
FFC00000FC
FFE00000FC
FFF00000FC
FFF80000FC
FFF80000FC
FFFC0000FC
FDFE0000FC
FDFF0000FC
FCFF0000FC
FC7F8000FC
FC3FC000FC
FE3FE000FC
FE1FE000FC
FE0FF000FC
FE07F800FC
FE07FC00FC
FE03FC00FC
FE01FE00FC
FE00FF00FC
FE00FF80FC
FE007F80FC
FE003FC0FC
FE001FE0FC
FE000FF0FC
FE000FF0FC
FE0007F8FC
FE0003FCFC
FE0001FEFC
FE0001FEFC
FE0000FFFC
FE00007FFC
FE00003FFC
FE00003FFC
FE00001FFC
FE00000FFC
FE000007FC
FE000007FC
FE000003FC
FE000001FC
FE000000FC
ENDCHAR
STARTCHAR nacute
ENCODING 324
SWIDTH 595 0
DWIDTH 38 0
BBX 29 50 5 0
BITMAP
00002000
00007000
0000F800
0003F800
0007FC00
000FFE00
001FF000
003FC000
007F8000
003E0000
00180000
00000000
00000000
00000000
00000000
00000000
FC07FC00
FC1FFF00
FC7FFF80
FCFFFFC0
FDFFFFE0
FFFFFFE0
FFE01FF0
FF800FF0
FF0007F0
FE0007F0
FE0003F8
FC0003F8
FC0003F8
FC0003F8
FC0003F8
FC0003F8
FC0003F8
FC0003F8
FC0003F8
FC0003F8
FC0003F8
FC0003F8
FC0003F8
FC0003F8
FC0003F8
FC0003F8
FC0003F8
FC0003F8
FC0003F8
FC0003F8
FC0003F8
FC0003F8
FC0003F8
FC0003F8
ENDCHAR
STARTCHAR uni0145
ENCODING 325
SWIDTH 793 0
DWIDTH 51 0
BBX 38 61 6 -16
BITMAP
FE000000FC
FE000000FC
FF000000FC
FF800000FC
FFC00000FC
FFC00000FC
FFE00000FC
FFF00000FC
FFF80000FC
FFF80000FC
FFFC0000FC
FDFE0000FC
FDFF0000FC
FCFF0000FC
FC7F8000FC
FC3FC000FC
FE3FE000FC
FE1FE000FC
FE0FF000FC
FE07F800FC
FE07FC00FC
FE03FC00FC
FE01FE00FC
FE00FF00FC
FE00FF80FC
FE007F80FC
FE003FC0FC
FE001FE0FC
FE000FF0FC
FE000FF0FC
FE0007F8FC
FE0003FCFC
FE0001FEFC
FE0001FEFC
FE0000FFFC
FE00007FFC
FE00003FFC
FE00003FFC
FE00001FFC
FE00000FFC
FE000007FC
FE000007FC
FE000003FC
FE000001FC
FE000000FC
0000000000
0000000000
0000000000
0000F80000
0001FE0000
0001FE0000
0001FF0000
0001FF0000
00007F0000
00003E0000
00007E0000
00007C0000
0001F80000
0003F00000
0001C00000
0001000000
ENDCHAR
STARTCHAR uni0146
ENCODING 326
SWIDTH 595 0
DWIDTH 38 0
BBX 29 49 5 -15
BITMAP
FC07FC00
FC1FFF00
FC7FFF80
FCFFFFC0
FDFFFFE0
FFFFFFE0
FFE01FF0
FF800FF0
FF0007F0
FE0007F0
FE0003F8
FC0003F8
FC0003F8
FC0003F8
FC0003F8
FC0003F8
FC0003F8
FC0003F8
FC0003F8
FC0003F8
FC0003F8
FC0003F8
FC0003F8
FC0003F8
FC0003F8
FC0003F8
FC0003F8
FC0003F8
FC0003F8
FC0003F8
FC0003F8
FC0003F8
FC0003F8
FC0003F8
00000000
00000000
00000000
001F0000
003FC000
003FC000
003FE000
003FE000
000FE000
0007C000
000FC000
000F8000
007F0000
003E0000
00380000
ENDCHAR
STARTCHAR Ncaron
ENCODING 327
SWIDTH 793 0
DWIDTH 51 0
BBX 38 57 6 0
BITMAP
0030003000
007E01F800
007F87F800
003FFFF000
000FFFC000
0007FF8000
0003FF0000
0001FE0000
0000FC0000
0000000000
0000000000
0000000000
FE000000FC
FE000000FC
FF000000FC
FF800000FC
FFC00000FC
FFC00000FC
FFE00000FC
FFF00000FC
FFF80000FC
FFF80000FC
FFFC0000FC
FDFE0000FC
FDFF0000FC
FCFF0000FC
FC7F8000FC
FC3FC000FC
FE3FE000FC
FE1FE000FC
FE0FF000FC
FE07F800FC
FE07FC00FC
FE03FC00FC
FE01FE00FC
FE00FF00FC
FE00FF80FC
FE007F80FC
FE003FC0FC
FE001FE0FC
FE000FF0FC
FE000FF0FC
FE0007F8FC
FE0003FCFC
FE0001FEFC
FE0001FEFC
FE0000FFFC
FE00007FFC
FE00003FFC
FE00003FFC
FE00001FFC
FE00000FFC
FE000007FC
FE000007FC
FE000003FC
FE000001FC
FE000000FC
ENDCHAR
STARTCHAR ncaron
ENCODING 328
SWIDTH 595 0
DWIDTH 38 0
BBX 29 48 5 0
BITMAP
00C00300
01F00F80
01FC3F80
00FE7F00
007FFE00
003FFC00
001FF800
000FF000
0007E000
00000000
00000000
00000000
00000000
00000000
FC07FC00
FC1FFF00
FC7FFF80
FCFFFFC0
FDFFFFE0
FFFFFFE0
FFE01FF0
FF800FF0
FF0007F0
FE0007F0
FE0003F8
FC0003F8
FC0003F8
FC0003F8
FC0003F8
FC0003F8
FC0003F8
FC0003F8
FC0003F8
FC0003F8
FC0003F8
FC0003F8
FC0003F8
FC0003F8
FC0003F8
FC0003F8
FC0003F8
FC0003F8
FC0003F8
FC0003F8
FC0003F8
FC0003F8
FC0003F8
FC0003F8
ENDCHAR
STARTCHAR napostrophe
ENCODING 329
SWIDTH 636 0
DWIDTH 41 0
BBX 41 45 -4 0
BITMAP
3F8000000000
3F8000000000
3F8000000000
3F0000000000
7F0000000000
7F0000000000
7E0000000000
7E0000000000
7E0000000000
7C0000000000
7C0000000000
7C0FC07FC000
7C0FC1FFF000
780FC7FFF800
780FCFFFFC00
F80FDFFFFE00
F00FFFFFFE00
000FFE01FF00
000FF800FF00
000FF0007F00
000FE0007F00
000FE0003F80
000FC0003F80
000FC0003F80
000FC0003F80
000FC0003F80
000FC0003F80
000FC0003F80
000FC0003F80
000FC0003F80
000FC0003F80
000FC0003F80
000FC0003F80
000FC0003F80
000FC0003F80
000FC0003F80
000FC0003F80
000FC0003F80
000FC0003F80
000FC0003F80
000FC0003F80
000FC0003F80
000FC0003F80
000FC0003F80
000FC0003F80
ENDCHAR
STARTCHAR Eng
ENCODING 330
SWIDTH 793 0
DWIDTH 51 0
BBX 38 58 6 -13
BITMAP
FE000000FC
FE000000FC
FF000000FC
FF800000FC
FFC00000FC
FFC00000FC
FFE00000FC
FFF00000FC
FFF80000FC
FFF80000FC
FFFC0000FC
FDFE0000FC
FDFF0000FC
FCFF0000FC
FC7F8000FC
FE3FC000FC
FE3FE000FC
FE1FE000FC
FE0FF000FC
FE07F800FC
FE07FC00FC
FE03FC00FC
FE01FE00FC
FE00FF00FC
FE00FF80FC
FE007F80FC
FE003FC0FC
FE001FE0FC
FE000FF0FC
FE000FF0FC
FE0007F8FC
FE0003FCFC
FE0001FEFC
FE0001FEFC
FE0000FFFC
FE00007FFC
FE00003FFC
FE00003FFC
FE00001FFC
FE00000FFC
FE000007FC
FE000007FC
FE000003FC
FE000001FC
FE000000FC
00000000FC
00000001FC
00000001FC
00000001FC
00000001FC
00000003FC
00000007F8
000000FFF8
0000007FF0
0000007FE0
0000003FC0
0000003F00
0000001000
ENDCHAR
STARTCHAR eng
ENCODING 331
SWIDTH 595 0
DWIDTH 38 0
BBX 29 47 5 -13
BITMAP
FC07FC00
FC1FFF00
FC7FFF80
FCFFFFC0
FDFFFFE0
FFFFFFE0
FFE01FF0
FF800FF0
FF0007F0
FE0007F0
FE0003F8
FC0003F8
FC0003F8
FC0003F8
FC0003F8
FC0003F8
FC0003F8
FC0003F8
FC0003F8
FC0003F8
FC0003F8
FC0003F8
FC0003F8
FC0003F8
FC0003F8
FC0003F8
FC0003F8
FC0003F8
FC0003F8
FC0003F8
FC0003F8
FC0003F8
FC0003F8
FC0003F8
000003F8
000003F8
000003F8
000003F8
000007F0
00000FF0
00001FF0
0000FFE0
0001FFC0
0000FFC0
0000FF00
00007E00
00006000
ENDCHAR
STARTCHAR Omacron
ENCODING 332
SWIDTH 782 0
DWIDTH 50 0
BBX 44 56 3 -1
BITMAP
001FFFFF8000
001FFFFF8000
001FFFFF8000
001FFFFF8000
001FFFFF8000
000000000000
000000000000
000000000000
000000000000
000000000000
0001FFF80000
0007FFFE0000
001FFFFF8000
007FFFFFE000
00FFFFFFF000
01FFFFFFF800
03FFF07FFC00
07FF000FFE00
0FFC0003FF00
0FF80001FF00
1FF00000FF80
1FE000007F80
3FC000003FC0
3F8000001FC0
7F8000001FE0
7F0000000FE0
7F0000000FE0
7F0000000FF0
FE0000000FF0
FE00000007F0
FE00000007F0
FE00000007F0
FE00000007F0
FE00000007F0
FE00000007F0
FE00000007F0
FE00000007F0
FF0000000FF0
7F0000000FE0
7F0000000FE0
7F8000001FE0
3F8000001FC0
3FC000003FC0
3FE000007FC0
1FE00000FF80
0FF80001FF80
0FFC0003FF00
07FF000FFE00
03FFC03FFC00
01FFFFFFF800
00FFFFFFF000
007FFFFFE000
001FFFFF8000
000FFFFF0000
0001FFF80000
00001F800000
ENDCHAR
STARTCHAR omacron
ENCODING 333
SWIDTH 615 0
DWIDTH 39 0
BBX 34 47 3 -1
BITMAP
00FFFFC000
00FFFFC000
00FFFFC000
00FFFFC000
00FFFFC000
0000000000
0000000000
0000000000
0000000000
0000000000
0000000000
0000000000
001FFC0000
007FFF8000
01FFFFC000
03FFFFF000
07FFFFF800
0FFFFFFC00
1FF807FC00
3FE001FE00
3FC000FF00
7F80007F00
7F00007F80
FE00003F80
FE00003F80
FE00001F80
FC00001FC0
FC00001FC0
FC00001FC0
FC00001FC0
FC00001FC0
FC00001FC0
FE00001FC0
FE00003F80
FE00003F80
7F00003F80
7F00007F00
7F8000FF00
3FC001FE00
1FF007FE00
1FFE3FFC00
0FFFFFF800
07FFFFF000
01FFFFE000
00FFFF8000
003FFE0000
0003E00000
ENDCHAR
STARTCHAR Obreve
ENCODING 334
SWIDTH 782 0
DWIDTH 50 0
BBX 44 58 3 -1
BITMAP
000F801F0000
000FC03F0000
000FE07F0000
0007F0FE0000
0003FFFC0000
0003FFFC0000
0001FFF80000
00007FE00000
00001F800000
000000000000
000000000000
000000000000
0001FFF80000
0007FFFE0000
001FFFFF8000
007FFFFFE000
00FFFFFFF000
01FFFFFFF800
03FFF07FFC00
07FF000FFE00
0FFC0003FF00
0FF80001FF00
1FF00000FF80
1FE000007F80
3FC000003FC0
3F8000001FC0
7F8000001FE0
7F0000000FE0
7F0000000FE0
7F0000000FF0
FE0000000FF0
FE00000007F0
FE00000007F0
FE00000007F0
FE00000007F0
FE00000007F0
FE00000007F0
FE00000007F0
FE00000007F0
FF0000000FF0
7F0000000FE0
7F0000000FE0
7F8000001FE0
3F8000001FC0
3FC000003FC0
3FE000007FC0
1FE00000FF80
0FF80001FF80
0FFC0003FF00
07FF000FFE00
03FFC03FFC00
01FFFFFFF800
00FFFFFFF000
007FFFFFE000
001FFFFF8000
000FFFFF0000
0001FFF80000
00001F800000
ENDCHAR
STARTCHAR obreve
ENCODING 335
SWIDTH 615 0
DWIDTH 39 0
BBX 34 49 3 -1
BITMAP
01F003E000
01F003E000
01F807E000
01FC0FE000
00FE1FC000
00FFFFC000
007FFF8000
003FFF0000
001FFE0000
0007F80000
0000000000
0000000000
0000000000
0000000000
001FFC0000
007FFF8000
01FFFFC000
03FFFFF000
07FFFFF800
0FFFFFFC00
1FF807FC00
3FE001FE00
3FC000FF00
7F80007F00
7F00007F80
FE00003F80
FE00003F80
FE00001F80
FC00001FC0
FC00001FC0
FC00001FC0
FC00001FC0
FC00001FC0
FC00001FC0
FE00001FC0
FE00003F80
FE00003F80
7F00003F80
7F00007F00
7F8000FF00
3FC001FE00
1FF007FE00
1FFE3FFC00
0FFFFFF800
07FFFFF000
01FFFFE000
00FFFF8000
003FFE0000
0003E00000
ENDCHAR
STARTCHAR Ohungarumlaut
ENCODING 336
SWIDTH 782 0
DWIDTH 50 0
BBX 44 61 3 -1
BITMAP
000008004000
00001C00E000
00003E01E000
00007F03F000
0000FF87FC00
0001FF0FF800
0003FE1FF000
0007F83FC000
000FF07F8000
0007C07E0000
0007803C0000
000200100000
000000000000
000000000000
000000000000
0001FFF80000
0007FFFE0000
001FFFFF8000
007FFFFFE000
00FFFFFFF000
01FFFFFFF800
03FFF07FFC00
07FF000FFE00
0FFC0003FF00
0FF80001FF00
1FF00000FF80
1FE000007F80
3FC000003FC0
3F8000001FC0
7F8000001FE0
7F0000000FE0
7F0000000FE0
7F0000000FF0
FE0000000FF0
FE00000007F0
FE00000007F0
FE00000007F0
FE00000007F0
FE00000007F0
FE00000007F0
FE00000007F0
FE00000007F0
FF0000000FF0
7F0000000FE0
7F0000000FE0
7F8000001FE0
3F8000001FC0
3FC000003FC0
3FE000007FC0
1FE00000FF80
0FF80001FF80
0FFC0003FF00
07FF000FFE00
03FFC03FFC00
01FFFFFFF800
00FFFFFFF000
007FFFFFE000
001FFFFF8000
000FFFFF0000
0001FFF80000
00001F800000
ENDCHAR
STARTCHAR ohungarumlaut
ENCODING 337
SWIDTH 615 0
DWIDTH 39 0
BBX 34 51 3 -1
BITMAP
0004004000
001C00E000
003E01F000
007F03F800
00FF87FC00
01FF8FFC00
03FE3FF000
07F87FC000
0FE07F0000
07803C0000
0300300000
0000000000
0000000000
0000000000
0000000000
0000000000
001FFC0000
007FFF8000
01FFFFC000
03FFFFF000
07FFFFF800
0FFFFFFC00
1FF807FC00
3FE001FE00
3FC000FF00
7F80007F00
7F00007F80
FE00003F80
FE00003F80
FE00001F80
FC00001FC0
FC00001FC0
FC00001FC0
FC00001FC0
FC00001FC0
FC00001FC0
FE00001FC0
FE00003F80
FE00003F80
7F00003F80
7F00007F00
7F8000FF00
3FC001FE00
1FF007FE00
1FFE3FFC00
0FFFFFF800
07FFFFF000
01FFFFE000
00FFFF8000
003FFE0000
0003E00000
ENDCHAR
STARTCHAR OE
ENCODING 338
SWIDTH 1027 0
DWIDTH 66 0
BBX 58 45 3 0
BITMAP
00003FFFFFFFFFC0
0003FFFFFFFFFFC0
000FFFFFFFFFFFC0
003FFFFFFFFFFFC0
00FFFFFFFFFFFFC0
01FFFFFFFFFFFFC0
03FFFFFFFFFFFFC0
07FF8003F8000000
0FFE0003F8000000
0FF80003F8000000
1FF00003F8000000
1FE00003F8000000
3FC00003F8000000
3F800003F8000000
7F800003F8000000
7F000003F8000000
7F000003F8000000
7F000003F8000000
FE000003F8000000
FE000003FFFFFC00
FE000003FFFFFC00
FE000003FFFFFC00
FE000003FFFFFC00
FE000003FFFFFC00
FE000003FFFFFC00
FE000003F8000000
FE000003F8000000
FF000003F8000000
7F000003F8000000
7F000003F8000000
7F800003F8000000
7F800003F8000000
3FC00003F8000000
3FC00003F8000000
1FE00003F8000000
1FF00003F8000000
0FFC0003F8000000
07FF0003F8000000
07FFFFFFFFFFFFC0
03FFFFFFFFFFFFC0
01FFFFFFFFFFFFC0
007FFFFFFFFFFFC0
003FFFFFFFFFFFC0
0007FFFFFFFFFFC0
0000FFFFFFFFFFC0
ENDCHAR
STARTCHAR oe
ENCODING 339
SWIDTH 1017 0
DWIDTH 65 0
BBX 60 35 3 -1
BITMAP
001FFC0001FF8000
007FFF800FFFE000
01FFFFC01FFFF800
03FFFFF07FFFFC00
07FFFFF8FFFFFE00
0FFFFFFDFFFFFF00
1FF807FDFF00FF80
3FE001FFFC003FC0
3FC000FFF8001FC0
7F80007FF0000FC0
7F00007FE0000FE0
FE00003FE0000FE0
FE00003FC00007E0
FE00001FC00007E0
FC00001FFFFFFFF0
FC00001FFFFFFFF0
FC00001FFFFFFFF0
FC00001FFFFFFFF0
FC00001FFFFFFFE0
FC00001FC0000000
FE00001FC0000000
FE00003FC0000000
FE00003FE0000000
7F00003FE0000000
7F00007FF0000000
7F8000FFF8000200
3FC001FFFC000700
1FF007FFFF001F80
1FFE3FFDFFF1FF80
0FFFFFF8FFFFFFC0
07FFFFF07FFFFF80
01FFFFE03FFFFE00
00FFFF800FFFFC00
003FFE0003FFE000
0003E000003E0000
ENDCHAR
STARTCHAR Racute
ENCODING 340
SWIDTH 695 0
DWIDTH 44 0
BBX 35 59 6 0
BITMAP
0000080000
0000380000
0000FC0000
0001FC0000
0007FE0000
000FFE0000
003FFC0000
007FE00000
007F000000
003C000000
0020000000
0000000000
0000000000
0000000000
FFFFFC0000
FFFFFF8000
FFFFFFE000
FFFFFFF000
FFFFFFFC00
FFFFFFFC00
FFFFFFFE00
FE0003FF00
FE0000FF00
FE00007F80
FE00007F80
FE00003F80
FE00003F80
FE00003F80
FE00003F80
FE00003F80
FE00003F80
FE00003F80
FE00007F80
FE00007F00
FE0001FF00
FE000FFE00
FFFFFFFE00
FFFFFFFC00
FFFFFFF800
FFFFFFF000
FFFFFFC000
FFFFFF8000
FE003FC000
FE003FC000
FE001FE000
FE001FE000
FE000FF000
FE000FF800
FE0007F800
FE0003FC00
FE0003FC00
FE0001FE00
FE0001FE00
FE0000FF00
FE0000FF80
FE00007F80
FE00007FC0
FE00003FC0
FE00001FE0
ENDCHAR
STARTCHAR racute
ENCODING 341
SWIDTH 403 0
DWIDTH 26 0
BBX 20 50 5 0
BITMAP
000800
001C00
003E00
00FE00
01FF00
03FF80
07FC00
0FF000
1FE000
0F8000
060000
000000
000000
000000
000000
000000
FC07F0
FC1FF0
FC7FF0
FCFFE0
FCFFE0
FDFFE0
FFFFE0
FFE020
FFC000
FF8000
FF0000
FE0000
FE0000
FC0000
FC0000
FC0000
FC0000
FC0000
FC0000
FC0000
FC0000
FC0000
FC0000
FC0000
FC0000
FC0000
FC0000
FC0000
FC0000
FC0000
FC0000
FC0000
FC0000
FC0000
ENDCHAR
STARTCHAR uni0156
ENCODING 342
SWIDTH 695 0
DWIDTH 44 0
BBX 35 61 6 -16
BITMAP
FFFFFC0000
FFFFFF8000
FFFFFFE000
FFFFFFF000
FFFFFFFC00
FFFFFFFC00
FFFFFFFE00
FE0003FF00
FE0000FF00
FE00007F80
FE00007F80
FE00003F80
FE00003F80
FE00003F80
FE00003F80
FE00003F80
FE00003F80
FE00003F80
FE00007F80
FE00007F00
FE0001FF00
FE000FFE00
FFFFFFFE00
FFFFFFFC00
FFFFFFF800
FFFFFFF000
FFFFFFC000
FFFFFF8000
FE003FC000
FE003FC000
FE001FE000
FE001FE000
FE000FF000
FE000FF800
FE0007F800
FE0003FC00
FE0003FC00
FE0001FE00
FE0001FE00
FE0000FF00
FE0000FF80
FE00007F80
FE00007FC0
FE00003FC0
FE00001FE0
0000000000
0000000000
0000000000
0007C00000
000FF00000
000FF00000
000FF80000
000FF80000
0003F80000
0001F00000
0003F00000
0003E00000
000FC00000
001F800000
000E000000
0008000000
ENDCHAR
STARTCHAR uni0157
ENCODING 343
SWIDTH 403 0
DWIDTH 26 0
BBX 22 49 3 -15
BITMAP
3F01FC
3F07FC
3F1FFC
3F3FF8
3F3FF8
3F7FF8
3FFFF8
3FF808
3FF000
3FE000
3FC000
3F8000
3F8000
3F0000
3F0000
3F0000
3F0000
3F0000
3F0000
3F0000
3F0000
3F0000
3F0000
3F0000
3F0000
3F0000
3F0000
3F0000
3F0000
3F0000
3F0000
3F0000
3F0000
3F0000
000000
000000
000000
3E0000
7F8000
7F8000
7FC000
7FC000
1FC000
0F8000
1F8000
1F0000
FE0000
7C0000
700000
ENDCHAR
STARTCHAR Rcaron
ENCODING 344
SWIDTH 695 0
DWIDTH 44 0
BBX 35 57 6 0
BITMAP
0600060000
0FC03F0000
0FF0FF0000
07FFFE0000
01FFF80000
00FFF00000
007FE00000
003FC00000
001F800000
0000000000
0000000000
0000000000
FFFFFC0000
FFFFFF8000
FFFFFFE000
FFFFFFF000
FFFFFFFC00
FFFFFFFC00
FFFFFFFE00
FE0003FF00
FE0000FF00
FE00007F80
FE00007F80
FE00003F80
FE00003F80
FE00003F80
FE00003F80
FE00003F80
FE00003F80
FE00003F80
FE00007F80
FE00007F00
FE0001FF00
FE000FFE00
FFFFFFFE00
FFFFFFFC00
FFFFFFF800
FFFFFFF000
FFFFFFC000
FFFFFF8000
FE003FC000
FE003FC000
FE001FE000
FE001FE000
FE000FF000
FE000FF800
FE0007F800
FE0003FC00
FE0003FC00
FE0001FE00
FE0001FE00
FE0000FF00
FE0000FF80
FE00007F80
FE00007FC0
FE00003FC0
FE00001FE0
ENDCHAR
STARTCHAR rcaron
ENCODING 345
SWIDTH 403 0
DWIDTH 26 0
BBX 20 48 5 0
BITMAP
3000C0
7C03E0
7F0FE0
3F9FC0
1FFF80
0FFF00
07FE00
03FC00
01F800
000000
000000
000000
000000
000000
FC07F0
FC1FF0
FC7FF0
FCFFE0
FCFFE0
FDFFE0
FFFFE0
FFE020
FFC000
FF8000
FF0000
FE0000
FE0000
FC0000
FC0000
FC0000
FC0000
FC0000
FC0000
FC0000
FC0000
FC0000
FC0000
FC0000
FC0000
FC0000
FC0000
FC0000
FC0000
FC0000
FC0000
FC0000
FC0000
FC0000
ENDCHAR
STARTCHAR Sacute
ENCODING 346
SWIDTH 624 0
DWIDTH 40 0
BBX 33 60 3 -1
BITMAP
0000010000
0000070000
00001F8000
00003F8000
0000FFC000
0001FFC000
0007FF8000
000FFC0000
000FE00000
0007800000
0004000000
0000000000
0000000000
0000000000
000FFF0000
007FFFE000
00FFFFF000
03FFFFFC00
07FFFFFE00
07FFFFFF00
0FF803FF00
1FF000FF80
1FE0007F00
1FC0003E00
1FC0001C00
3F80000800
3F80000000
3FC0000000
1FC0000000
1FE0000000
1FF0000000
1FF8000000
0FFF000000
07FFF00000
07FFFF0000
03FFFFC000
00FFFFF000
007FFFF800
000FFFFC00
0001FFFE00
00001FFF00
000003FF00
000000FF80
0000007F80
0000003F80
0800003F80
0C00003F80
1C00003F80
3E00003F80
7F00003F80
FF80007F80
7FE000FF00
7FF801FF00
3FFFFFFE00
1FFFFFFC00
0FFFFFF800
03FFFFF000
01FFFFE000
003FFF0000
0003F00000
ENDCHAR
STARTCHAR sacute
ENCODING 347
SWIDTH 479 0
DWIDTH 31 0
BBX 25 51 3 -1
BITMAP
00020000
00070000
000F8000
003F8000
007FC000
00FFE000
01FF0000
03FC0000
07F80000
03E00000
01800000
00000000
00000000
00000000
00000000
00000000
01FFC000
07FFF000
0FFFFC00
1FFFFE00
3FFFFF00
7FC1FF80
7F007F00
7E001E00
FE000C00
FE000000
FE000000
7F000000
7F800000
7FF00000
3FFE0000
3FFFC000
0FFFF000
07FFFC00
01FFFE00
003FFF00
0007FF00
0000FF80
00003F80
00003F80
00001F80
18001F80
3C003F80
7E003F00
FF807F00
FFFFFF00
7FFFFE00
3FFFFC00
0FFFF000
03FFE000
003E0000
ENDCHAR
STARTCHAR Scircumflex
ENCODING 348
SWIDTH 624 0
DWIDTH 40 0
BBX 33 58 3 -1
BITMAP
0001F80000
0003FC0000
0007FE0000
001FFF8000
003FFFC000
007F9FE000
00FE07F000
007801E000
0020004000
0000000000
0000000000
0000000000
000FFF0000
007FFFE000
00FFFFF000
03FFFFFC00
07FFFFFE00
07FFFFFF00
0FF803FF00
1FF000FF80
1FE0007F00
1FC0003E00
1FC0001C00
3F80000800
3F80000000
3FC0000000
1FC0000000
1FE0000000
1FF0000000
1FF8000000
0FFF000000
07FFF00000
07FFFF0000
03FFFFC000
00FFFFF000
007FFFF800
000FFFFC00
0001FFFE00
00001FFF00
000003FF00
000000FF80
0000007F80
0000003F80
0800003F80
0C00003F80
1C00003F80
3E00003F80
7F00003F80
FF80007F80
7FE000FF00
7FF801FF00
3FFFFFFE00
1FFFFFFC00
0FFFFFF800
03FFFFF000
01FFFFE000
003FFF0000
0003F00000
ENDCHAR
STARTCHAR scircumflex
ENCODING 349
SWIDTH 479 0
DWIDTH 31 0
BBX 25 49 3 -1
BITMAP
007E0000
00FF0000
01FF8000
07FFE000
0FFFF000
1FE7F800
3F81FC00
3E007C00
0C003000
00000000
00000000
00000000
00000000
00000000
01FFC000
07FFF000
0FFFFC00
1FFFFE00
3FFFFF00
7FC1FF80
7F007F00
7E001E00
FE000C00
FE000000
FE000000
7F000000
7F800000
7FF00000
3FFE0000
3FFFC000
0FFFF000
07FFFC00
01FFFE00
003FFF00
0007FF00
0000FF80
00003F80
00003F80
00001F80
18001F80
3C003F80
7E003F00
FF807F00
FFFFFF00
7FFFFE00
3FFFFC00
0FFFF000
03FFE000
003E0000
ENDCHAR
STARTCHAR Scedilla
ENCODING 350
SWIDTH 624 0
DWIDTH 40 0
BBX 33 61 3 -16
BITMAP
000FFF0000
007FFFE000
00FFFFF000
03FFFFFC00
07FFFFFE00
07FFFFFF00
0FF803FF00
1FF000FF80
1FE0007F00
1FC0003E00
1FC0001C00
3F80000800
3F80000000
3FC0000000
1FC0000000
1FE0000000
1FF0000000
1FF8000000
0FFF000000
07FFF00000
07FFFF0000
03FFFFC000
00FFFFF000
007FFFF800
000FFFFC00
0001FFFE00
00001FFF00
000003FF00
000000FF80
0000007F80
0000003F80
0800003F80
0C00003F80
1C00003F80
3E00003F80
7F00003F80
FF80007F80
7FE000FF00
7FF801FF00
3FFFFFFE00
1FFFFFFC00
0FFFFFF800
03FFFFF000
01FFFFE000
003FFF0000
0003F00000
0001E00000
0003C00000
0003F00000
0007FC0000
000FFE0000
0003FF0000
00003F0000
00001F0000
00001F0000
00003F0000
0001FE0000
000FFE0000
000FF80000
000FE00000
000E000000
ENDCHAR
STARTCHAR scedilla
ENCODING 351
SWIDTH 479 0
DWIDTH 31 0
BBX 25 50 3 -16
BITMAP
01FFC000
07FFF000
0FFFFC00
1FFFFE00
3FFFFF00
7FC1FF80
7F007F00
7E001E00
FE000C00
FE000000
FE000000
7F000000
7F800000
7FF00000
3FFE0000
3FFFC000
0FFFF000
07FFFC00
01FFFE00
003FFF00
0007FF00
0000FF80
00003F80
00003F80
00001F80
18001F80
3C003F80
7E003F00
FF807F00
FFFFFF00
7FFFFE00
3FFFFC00
0FFFF000
03FFE000
003E0000
003C0000
00780000
007E0000
00FF8000
01FFC000
007FE000
0007E000
0003E000
0003E000
0007E000
001FC000
01FFC000
01FF0000
01FC0000
01C00000
ENDCHAR
STARTCHAR Scaron
ENCODING 352
SWIDTH 624 0
DWIDTH 40 0
BBX 33 58 3 -1
BITMAP
0060006000
00FC03F000
00FF0FF000
007FFFE000
001FFF8000
000FFF0000
0007FE0000
0003FC0000
0001F80000
0000000000
0000000000
0000000000
000FFF0000
007FFFE000
00FFFFF000
03FFFFFC00
07FFFFFE00
07FFFFFF00
0FF803FF00
1FF000FF80
1FE0007F00
1FC0003E00
1FC0001C00
3F80000800
3F80000000
3FC0000000
1FC0000000
1FE0000000
1FF0000000
1FF8000000
0FFF000000
07FFF00000
07FFFF0000
03FFFFC000
00FFFFF000
007FFFF800
000FFFFC00
0001FFFE00
00001FFF00
000003FF00
000000FF80
0000007F80
0000003F80
0800003F80
0C00003F80
1C00003F80
3E00003F80
7F00003F80
FF80007F80
7FE000FF00
7FF801FF00
3FFFFFFE00
1FFFFFFC00
0FFFFFF800
03FFFFF000
01FFFFE000
003FFF0000
0003F00000
ENDCHAR
STARTCHAR scaron
ENCODING 353
SWIDTH 479 0
DWIDTH 31 0
BBX 25 49 3 -1
BITMAP
0C003000
1F00F800
1FC3F800
0FE7F000
07FFE000
03FFC000
01FF8000
00FF0000
007E0000
00000000
00000000
00000000
00000000
00000000
01FFC000
07FFF000
0FFFFC00
1FFFFE00
3FFFFF00
7FC1FF80
7F007F00
7E001E00
FE000C00
FE000000
FE000000
7F000000
7F800000
7FF00000
3FFE0000
3FFFC000
0FFFF000
07FFFC00
01FFFE00
003FFF00
0007FF00
0000FF80
00003F80
00003F80
00001F80
18001F80
3C003F80
7E003F00
FF807F00
FFFFFF00
7FFFFE00
3FFFFC00
0FFFF000
03FFE000
003E0000
ENDCHAR
STARTCHAR uni0162
ENCODING 354
SWIDTH 576 0
DWIDTH 37 0
BBX 33 61 2 -16
BITMAP
FFFFFFFF80
FFFFFFFF80
FFFFFFFF80
FFFFFFFF80
FFFFFFFF80
FFFFFFFF80
FFFFFFFF80
0007F00000
0007F00000
0007F00000
0007F00000
0007F00000
0007F00000
0007F00000
0007F00000
0007F00000
0007F00000
0007F00000
0007F00000
0007F00000
0007F00000
0007F00000
0007F00000
0007F00000
0007F00000
0007F00000
0007F00000
0007F00000
0007F00000
0007F00000
0007F00000
0007F00000
0007F00000
0007F00000
0007F00000
0007F00000
0007F00000
0007F00000
0007F00000
0007F00000
0007F00000
0007F00000
0007F00000
0007F00000
0007F00000
0003800000
0007800000
000F000000
000FC00000
001FF00000
003FF80000
000FFC0000
0000FC0000
00007C0000
00007C0000
0000FC0000
0007F80000
003FF80000
003FE00000
003F800000
0038000000
ENDCHAR
STARTCHAR uni0163
ENCODING 355
SWIDTH 384 0
DWIDTH 25 0
BBX 21 58 2 -16
BITMAP
01F800
01F800
01F800
01F800
01F800
01F800
01F800
01F800
FFFFF8
FFFFF8
FFFFF8
FFFFF8
FFFFF8
FFFFF8
FFFFF8
01F800
01F800
01F800
01F800
01F800
01F800
01F800
01F800
01F800
01F800
01F800
01F800
01F800
01F800
01F800
01F800
01F800
01F800
01F800
01F800
01F800
01F800
01F800
01F800
01F800
01F800
01F800
00E000
01E000
03C000
03F000
07FC00
0FFE00
03FF00
003F00
001F00
001F00
003F00
00FE00
0FFE00
0FF800
0FE000
0E0000
ENDCHAR
STARTCHAR Tcaron
ENCODING 356
SWIDTH 576 0
DWIDTH 37 0
BBX 33 57 2 0
BITMAP
0180018000
03F00FC000
03FC3FC000
01FFFF8000
007FFE0000
003FFC0000
001FF80000
000FF00000
0007E00000
0000000000
0000000000
0000000000
FFFFFFFF80
FFFFFFFF80
FFFFFFFF80
FFFFFFFF80
FFFFFFFF80
FFFFFFFF80
FFFFFFFF80
0007F00000
0007F00000
0007F00000
0007F00000
0007F00000
0007F00000
0007F00000
0007F00000
0007F00000
0007F00000
0007F00000
0007F00000
0007F00000
0007F00000
0007F00000
0007F00000
0007F00000
0007F00000
0007F00000
0007F00000
0007F00000
0007F00000
0007F00000
0007F00000
0007F00000
0007F00000
0007F00000
0007F00000
0007F00000
0007F00000
0007F00000
0007F00000
0007F00000
0007F00000
0007F00000
0007F00000
0007F00000
0007F00000
ENDCHAR
STARTCHAR tcaron
ENCODING 357
SWIDTH 384 0
DWIDTH 25 0
BBX 26 50 2 0
BITMAP
00003E00
00007F00
00007F80
00007FC0
00007FC0
00003FC0
00000F80
00000F80
01F81F00
01F87F00
01F8FC00
01F87800
01F82000
01F80000
01F80000
01F80000
FFFFF800
FFFFF800
FFFFF800
FFFFF800
FFFFF800
FFFFF800
FFFFF800
01F80000
01F80000
01F80000
01F80000
01F80000
01F80000
01F80000
01F80000
01F80000
01F80000
01F80000
01F80000
01F80000
01F80000
01F80000
01F80000
01F80000
01F80000
01F80000
01F80000
01F80000
01F80000
01F80000
01F80000
01F80000
01F80000
01F80000
ENDCHAR
STARTCHAR Tbar
ENCODING 358
SWIDTH 576 0
DWIDTH 37 0
BBX 33 45 2 0
BITMAP
FFFFFFFF80
FFFFFFFF80
FFFFFFFF80
FFFFFFFF80
FFFFFFFF80
FFFFFFFF80
FFFFFFFF80
0007F00000
0007F00000
0007F00000
0007F00000
0007F00000
0007F00000
0007F00000
0007F00000
0007F00000
0007F00000
0007F00000
0007F00000
0007F00000
00FFFF8000
00FFFF8000
00FFFF8000
00FFFF8000
00FFFF8000
0007F00000
0007F00000
0007F00000
0007F00000
0007F00000
0007F00000
0007F00000
0007F00000
0007F00000
0007F00000
0007F00000
0007F00000
0007F00000
0007F00000
0007F00000
0007F00000
0007F00000
0007F00000
0007F00000
0007F00000
ENDCHAR
STARTCHAR tbar
ENCODING 359
SWIDTH 384 0
DWIDTH 25 0
BBX 21 42 2 0
BITMAP
01F800
01F800
01F800
01F800
01F800
01F800
01F800
01F800
FFFFF8
FFFFF8
FFFFF8
FFFFF8
FFFFF8
FFFFF8
FFFFF8
01F800
01F800
01F800
01F800
01F800
01F800
01F800
3FFFE0
3FFFE0
3FFFE0
3FFFE0
3FFFE0
3FFFE0
01F800
01F800
01F800
01F800
01F800
01F800
01F800
01F800
01F800
01F800
01F800
01F800
01F800
01F800
ENDCHAR
STARTCHAR Utilde
ENCODING 360
SWIDTH 740 0
DWIDTH 47 0
BBX 36 56 6 0
BITMAP
001FC0F800
007FF8F800
00FFFFF800
00FFFFF000
01FBFFF000
01F07FE000
01F00F8000
0000000000
0000000000
0000000000
0000000000
FE000007F0
FE000007F0
FE000007F0
FE000007F0
FE000007F0
FE000007F0
FE000007F0
FE000007F0
FE000007F0
FE000007F0
FE000007F0
FE000007F0
FE000007F0
FE000007F0
FE000007F0
FE000007F0
FE000007F0
FE000007F0
FE000007F0
FE000007F0
FE000007F0
FE000007F0
FE000007F0
FE000007F0
FE000007F0
FE000007F0
FE000007F0
FE000007F0
FE000007F0
FE000007F0
FE000007F0
FE00000FE0
FF00000FE0
FF00001FE0
7F80001FC0
7FC0003FC0
3FE0007FC0
3FF801FF80
1FFE0FFF00
0FFFFFFE00
07FFFFFE00
03FFFFF800
01FFFFF000
007FFFC000
000FFF0000
ENDCHAR
STARTCHAR utilde
ENCODING 361
SWIDTH 605 0
DWIDTH 39 0
BBX 29 49 5 -1
BITMAP
00700C00
01FC0F00
03FE1F00
07FF9F00
0FFFFF00
0F8FFE00
0F87FC00
0F03F800
0100E000
00000000
00000000
00000000
00000000
00000000
FC0001F8
FC0001F8
FC0001F8
FC0001F8
FC0001F8
FC0001F8
FC0001F8
FC0001F8
FC0001F8
FC0001F8
FC0001F8
FC0001F8
FC0001F8
FC0001F8
FC0001F8
FC0001F8
FC0001F8
FC0001F8
FC0001F8
FC0001F8
FC0001F8
FC0003F8
FE0003F8
FE0003F8
FE0003F8
FF0007F8
FF000FF8
7F801FF8
7FF07FF8
3FFFFDF8
3FFFF9F8
1FFFF1F8
0FFFE1F8
03FF81F8
007C0000
ENDCHAR
STARTCHAR Umacron
ENCODING 362
SWIDTH 740 0
DWIDTH 47 0
BBX 36 55 6 0
BITMAP
01FFFFF800
01FFFFF800
01FFFFF800
01FFFFF800
01FFFFF800
0000000000
0000000000
0000000000
0000000000
0000000000
FE000007F0
FE000007F0
FE000007F0
FE000007F0
FE000007F0
FE000007F0
FE000007F0
FE000007F0
FE000007F0
FE000007F0
FE000007F0
FE000007F0
FE000007F0
FE000007F0
FE000007F0
FE000007F0
FE000007F0
FE000007F0
FE000007F0
FE000007F0
FE000007F0
FE000007F0
FE000007F0
FE000007F0
FE000007F0
FE000007F0
FE000007F0
FE000007F0
FE000007F0
FE000007F0
FE000007F0
FE00000FE0
FF00000FE0
FF00001FE0
7F80001FC0
7FC0003FC0
3FE0007FC0
3FF801FF80
1FFE0FFF00
0FFFFFFE00
07FFFFFE00
03FFFFF800
01FFFFF000
007FFFC000
000FFF0000
ENDCHAR
STARTCHAR umacron
ENCODING 363
SWIDTH 605 0
DWIDTH 39 0
BBX 29 47 5 -1
BITMAP
07FFFE00
07FFFE00
07FFFE00
07FFFE00
07FFFE00
00000000
00000000
00000000
00000000
00000000
00000000
00000000
FC0001F8
FC0001F8
FC0001F8
FC0001F8
FC0001F8
FC0001F8
FC0001F8
FC0001F8
FC0001F8
FC0001F8
FC0001F8
FC0001F8
FC0001F8
FC0001F8
FC0001F8
FC0001F8
FC0001F8
FC0001F8
FC0001F8
FC0001F8
FC0001F8
FC0003F8
FE0003F8
FE0003F8
FE0003F8
FF0007F8
FF000FF8
7F801FF8
7FF07FF8
3FFFFDF8
3FFFF9F8
1FFFF1F8
0FFFE1F8
03FF81F8
007C0000
ENDCHAR
STARTCHAR Ubreve
ENCODING 364
SWIDTH 740 0
DWIDTH 47 0
BBX 36 57 6 0
BITMAP
00F801F000
00FC03F000
00FE07F000
007F0FE000
003FFFC000
003FFFC000
001FFF8000
0007FE0000
0001F80000
0000000000
0000000000
0000000000
FE000007F0
FE000007F0
FE000007F0
FE000007F0
FE000007F0
FE000007F0
FE000007F0
FE000007F0
FE000007F0
FE000007F0
FE000007F0
FE000007F0
FE000007F0
FE000007F0
FE000007F0
FE000007F0
FE000007F0
FE000007F0
FE000007F0
FE000007F0
FE000007F0
FE000007F0
FE000007F0
FE000007F0
FE000007F0
FE000007F0
FE000007F0
FE000007F0
FE000007F0
FE000007F0
FE000007F0
FE00000FE0
FF00000FE0
FF00001FE0
7F80001FC0
7FC0003FC0
3FE0007FC0
3FF801FF80
1FFE0FFF00
0FFFFFFE00
07FFFFFE00
03FFFFF800
01FFFFF000
007FFFC000
000FFF0000
ENDCHAR
STARTCHAR ubreve
ENCODING 365
SWIDTH 605 0
DWIDTH 39 0
BBX 29 49 5 -1
BITMAP
0F801F00
0F801F00
0FC03F00
0FE07F00
07F0FE00
07FFFE00
03FFFC00
01FFF800
00FFF000
003FC000
00000000
00000000
00000000
00000000
FC0001F8
FC0001F8
FC0001F8
FC0001F8
FC0001F8
FC0001F8
FC0001F8
FC0001F8
FC0001F8
FC0001F8
FC0001F8
FC0001F8
FC0001F8
FC0001F8
FC0001F8
FC0001F8
FC0001F8
FC0001F8
FC0001F8
FC0001F8
FC0001F8
FC0003F8
FE0003F8
FE0003F8
FE0003F8
FF0007F8
FF000FF8
7F801FF8
7FF07FF8
3FFFFDF8
3FFFF9F8
1FFFF1F8
0FFFE1F8
03FF81F8
007C0000
ENDCHAR
STARTCHAR Uring
ENCODING 366
SWIDTH 740 0
DWIDTH 47 0
BBX 36 57 6 0
BITMAP
0000F80000
0003FC0000
0007FE0000
000FFF0000
001F0F8000
001E078000
001E078000
001E078000
001E078000
000F9F0000
000FFF0000
0007FE0000
FE03FC07F0
FE006007F0
FE000007F0
FE000007F0
FE000007F0
FE000007F0
FE000007F0
FE000007F0
FE000007F0
FE000007F0
FE000007F0
FE000007F0
FE000007F0
FE000007F0
FE000007F0
FE000007F0
FE000007F0
FE000007F0
FE000007F0
FE000007F0
FE000007F0
FE000007F0
FE000007F0
FE000007F0
FE000007F0
FE000007F0
FE000007F0
FE000007F0
FE000007F0
FE000007F0
FE000007F0
FE00000FE0
FF00000FE0
FF00001FE0
7F80001FC0
7FC0003FC0
3FE0007FC0
3FF801FF80
1FFE0FFF00
0FFFFFFE00
07FFFFFE00
03FFFFF800
01FFFFF000
007FFFC000
000FFF0000
ENDCHAR
STARTCHAR uring
ENCODING 367
SWIDTH 605 0
DWIDTH 39 0
BBX 29 53 5 -1
BITMAP
001F8000
007FE000
00FFF000
00FFF000
01F0F800
01E07800
01E07800
01E07800
01F0F800
00F9F000
00FFF000
007FE000
001F8000
00000000
00000000
00000000
00000000
00000000
FC0001F8
FC0001F8
FC0001F8
FC0001F8
FC0001F8
FC0001F8
FC0001F8
FC0001F8
FC0001F8
FC0001F8
FC0001F8
FC0001F8
FC0001F8
FC0001F8
FC0001F8
FC0001F8
FC0001F8
FC0001F8
FC0001F8
FC0001F8
FC0001F8
FC0003F8
FE0003F8
FE0003F8
FE0003F8
FF0007F8
FF000FF8
7F801FF8
7FF07FF8
3FFFFDF8
3FFFF9F8
1FFFF1F8
0FFFE1F8
03FF81F8
007C0000
ENDCHAR
STARTCHAR Uhungarumlaut
ENCODING 368
SWIDTH 740 0
DWIDTH 47 0
BBX 36 60 6 0
BITMAP
0000800400
0001C00E00
0003E01E00
0007F03F00
000FF87FC0
001FF0FF80
003FE1FF00
007F83FC00
00FF07F800
007C07E000
007803C000
0020010000
0000000000
0000000000
0000000000
FE000007F0
FE000007F0
FE000007F0
FE000007F0
FE000007F0
FE000007F0
FE000007F0
FE000007F0
FE000007F0
FE000007F0
FE000007F0
FE000007F0
FE000007F0
FE000007F0
FE000007F0
FE000007F0
FE000007F0
FE000007F0
FE000007F0
FE000007F0
FE000007F0
FE000007F0
FE000007F0
FE000007F0
FE000007F0
FE000007F0
FE000007F0
FE000007F0
FE000007F0
FE000007F0
FE000007F0
FE00000FE0
FF00000FE0
FF00001FE0
7F80001FC0
7FC0003FC0
3FE0007FC0
3FF801FF80
1FFE0FFF00
0FFFFFFE00
07FFFFFE00
03FFFFF800
01FFFFF000
007FFFC000
000FFF0000
ENDCHAR
STARTCHAR uhungarumlaut
ENCODING 369
SWIDTH 605 0
DWIDTH 39 0
BBX 29 51 5 -1
BITMAP
00200200
00E00700
01F00F80
03F81FC0
07FC3FE0
0FFC7FE0
1FF1FF80
3FC3FE00
7F03F800
3C01E000
18018000
00000000
00000000
00000000
00000000
00000000
FC0001F8
FC0001F8
FC0001F8
FC0001F8
FC0001F8
FC0001F8
FC0001F8
FC0001F8
FC0001F8
FC0001F8
FC0001F8
FC0001F8
FC0001F8
FC0001F8
FC0001F8
FC0001F8
FC0001F8
FC0001F8
FC0001F8
FC0001F8
FC0001F8
FC0003F8
FE0003F8
FE0003F8
FE0003F8
FF0007F8
FF000FF8
7F801FF8
7FF07FF8
3FFFFDF8
3FFFF9F8
1FFFF1F8
0FFFE1F8
03FF81F8
007C0000
ENDCHAR
STARTCHAR Uogonek
ENCODING 370
SWIDTH 740 0
DWIDTH 47 0
BBX 36 58 6 -13
BITMAP
FE000007F0
FE000007F0
FE000007F0
FE000007F0
FE000007F0
FE000007F0
FE000007F0
FE000007F0
FE000007F0
FE000007F0
FE000007F0
FE000007F0
FE000007F0
FE000007F0
FE000007F0
FE000007F0
FE000007F0
FE000007F0
FE000007F0
FE000007F0
FE000007F0
FE000007F0
FE000007F0
FE000007F0
FE000007F0
FE000007F0
FE000007F0
FE000007F0
FE000007F0
FE000007F0
FE000007F0
FE00000FE0
FF00000FE0
FF00001FE0
7F80001FC0
7FC0003FC0
3FE0007FC0
3FF801FF80
1FFE0FFF00
0FFFFFFE00
07FFFFFE00
03FFFFF800
01FFFFF000
007FFFC000
000FFF8000
00007F0000
0000FE0000
0000FC0000
0001F80000
0001F80000
0001F80000
0001F84000
0001FCE000
0001FFF000
0000FFF800
0000FFF000
00007FC000
00000F0000
ENDCHAR
STARTCHAR uogonek
ENCODING 371
SWIDTH 605 0
DWIDTH 39 0
BBX 30 47 5 -13
BITMAP
FC0001F8
FC0001F8
FC0001F8
FC0001F8
FC0001F8
FC0001F8
FC0001F8
FC0001F8
FC0001F8
FC0001F8
FC0001F8
FC0001F8
FC0001F8
FC0001F8
FC0001F8
FC0001F8
FC0001F8
FC0001F8
FC0001F8
FC0001F8
FC0001F8
FC0003F8
FE0003F8
FE0003F8
FE0003F8
FF0007F8
FF000FF8
7F801FF8
7FF07FF8
3FFFFDF8
3FFFF9F8
1FFFF1F8
0FFFE1F8
03FF87F8
007C1FE0
00003F80
00007F00
00007E00
0000FC00
0000FC00
0000FC20
0000FE70
0000FFFC
00007FFC
00003FF8
00001FF0
00000780
ENDCHAR
STARTCHAR Wcircumflex
ENCODING 372
SWIDTH 996 0
DWIDTH 64 0
BBX 60 57 2 0
BITMAP
0000001F80000000
0000003FC0000000
0000007FE0000000
000001FFF8000000
000003FFFC000000
000007F9FE000000
00000FE07F000000
000007801E000000
0000020004000000
0000000000000000
0000000000000000
0000000000000000
FE000000000007F0
FE00000000000FF0
FF00000000000FE0
7F00000000000FE0
7F00000000001FE0
7F80000000001FE0
3F80000000001FC0
3F80000000001FC0
3F80001F80003FC0
3FC0003FC0003F80
1FC0003FC0003F80
1FC0007FC0007F80
1FE0007FE0007F00
0FE0007FE0007F00
0FE000FFF000FF00
0FF000FFF000FE00
07F001FFF000FE00
07F001FFF801FE00
07F801FBF801FC00
03F803FBFC01FC00
03F803F9FC01FC00
03F807F1FC03F800
01FC07F0FE03F800
01FC07E0FE03F800
01FC0FE0FE07F000
00FE0FC07F07F000
00FE1FC07F07F000
00FE1FC03F8FF000
007F1F803F8FE000
007F3F801F8FE000
007F3F001FCFE000
003F3F001FDFC000
003FFF000FDFC000
003FFE000FFFC000
003FFE0007FF8000
001FFC0007FF8000
001FFC0003FF8000
001FFC0003FF0000
000FF80003FF0000
000FF80001FF0000
000FF00001FE0000
0007F00000FE0000
0007F00000FE0000
0007E000007C0000
0003E000007C0000
ENDCHAR
STARTCHAR wcircumflex
ENCODING 373
SWIDTH 800 0
DWIDTH 51 0
BBX 49 48 1 0
BITMAP
000003F0000000
000007F8000000
00000FFC000000
00003FFF000000
00007FFF800000
0000FF3FC00000
0001FC0FE00000
0001F003E00000
00006001800000
00000000000000
00000000000000
00000000000000
00000000000000
00000000000000
FE000000003F80
7E000000003F00
7F000000007F00
7F000000007F00
3F000000007E00
3F80000000FE00
3F8003E000FE00
1F8003E000FC00
1FC007F001FC00
0FC007F001FC00
0FC007F801F800
0FE00FF803F800
07E00FFC03F800
07E01FFC03F000
07F01FFE07F000
03F03F7E07F000
03F03F7F07E000
03F87E3F07E000
01F87E3F0FE000
01F8FC1F8FC000
01FCFC1F8FC000
00FCF81FDFC000
00FDF80FDF8000
00FFF80FFF8000
007FF007FF8000
007FF007FF0000
007FE003FF0000
003FE003FF0000
003FE001FE0000
003FC001FE0000
001FC001FE0000
001F8000FC0000
001F8000FC0000
000F80007C0000
ENDCHAR
STARTCHAR Ycircumflex
ENCODING 374
SWIDTH 660 0
DWIDTH 42 0
BBX 41 57 1 0
BITMAP
00007E000000
0000FF000000
0001FF800000
0007FFE00000
000FFFF00000
001FE7F80000
003F81FC0000
001E00780000
000800100000
000000000000
000000000000
000000000000
FF000000FF80
7F800000FF00
7FC00001FE00
3FC00001FC00
1FE00003FC00
1FF00007F800
0FF00007F000
07F8000FF000
03FC001FE000
03FC001FC000
01FE003FC000
00FF007F8000
00FF807F0000
007F80FF0000
003FC0FE0000
003FE1FE0000
001FE3FC0000
000FF3F80000
0007FFF80000
0007FFF00000
0003FFE00000
0001FFE00000
0001FFC00000
0000FF800000
00007F800000
00007F000000
00007F000000
00007F000000
00007F000000
00007F000000
00007F000000
00007F000000
00007F000000
00007F000000
00007F000000
00007F000000
00007F000000
00007F000000
00007F000000
00007F000000
00007F000000
00007F000000
00007F000000
00007F000000
00007F000000
ENDCHAR
STARTCHAR ycircumflex
ENCODING 375
SWIDTH 581 0
DWIDTH 37 0
BBX 37 63 0 -15
BITMAP
0000FC0000
0001FE0000
0003FF0000
000FFFC000
001FFFE000
003FCFF000
007F03F800
007C00F800
0018006000
0000000000
0000000000
0000000000
0000000000
0000000000
FF000007F8
7F000007F0
7F80000FF0
3F80000FF0
3FC0000FE0
1FC0001FE0
1FE0001FC0
1FE0003FC0
0FE0003FC0
0FF0003F80
07F0007F80
07F8007F00
03F8007F00
03FC00FE00
01FC00FE00
01FC00FE00
01FE01FC00
00FE01FC00
00FF03F800
007F03F800
007F83F800
003F87F000
003F87F000
001FC7E000
001FCFE000
001FEFE000
000FEFC000
000FFFC000
0007FF8000
0007FF8000
0003FF8000
0003FF0000
0001FF0000
0001FE0000
0001FE0000
0000FC0000
0000FC0000
0001FC0000
0001F80000
0003F80000
0003F80000
0007F00000
0007F00000
000FE00000
000FE00000
000FE00000
001FC00000
001FC00000
003F800000
ENDCHAR
STARTCHAR Ydieresis
ENCODING 376
SWIDTH 660 0
DWIDTH 42 0
BBX 41 57 1 0
BITMAP
001F00F80000
003F81FC0000
007FC1FE0000
007FC3FE0000
007FC3FE0000
007FC3FE0000
007F81FC0000
003F01FC0000
000000000000
000000000000
000000000000
000000000000
FF000000FF80
7F800000FF00
7FC00001FE00
3FC00001FC00
1FE00003FC00
1FF00007F800
0FF00007F000
07F8000FF000
03FC001FE000
03FC001FC000
01FE003FC000
00FF007F8000
00FF807F0000
007F80FF0000
003FC0FE0000
003FE1FE0000
001FE3FC0000
000FF3F80000
0007FFF80000
0007FFF00000
0003FFE00000
0001FFE00000
0001FFC00000
0000FF800000
00007F800000
00007F000000
00007F000000
00007F000000
00007F000000
00007F000000
00007F000000
00007F000000
00007F000000
00007F000000
00007F000000
00007F000000
00007F000000
00007F000000
00007F000000
00007F000000
00007F000000
00007F000000
00007F000000
00007F000000
00007F000000
ENDCHAR
STARTCHAR Zacute
ENCODING 377
SWIDTH 659 0
DWIDTH 42 0
BBX 35 59 4 0
BITMAP
0000020000
00000E0000
00003F0000
00007F0000
0001FF8000
0003FF8000
000FFF0000
001FF80000
001FC00000
000F000000
0008000000
0000000000
0000000000
0000000000
7FFFFFFFC0
7FFFFFFFC0
7FFFFFFFC0
7FFFFFFFC0
7FFFFFFFC0
7FFFFFFFC0
7FFFFFFF80
000000FF00
000001FF00
000001FE00
000003FC00
000007F800
00000FF800
00000FF000
00001FE000
00003FC000
00007FC000
00007F8000
0000FF0000
0001FE0000
0003FE0000
0003FC0000
0007F80000
000FF00000
001FF00000
001FE00000
003FC00000
007F800000
00FF800000
00FF000000
01FE000000
03FC000000
07FC000000
07F8000000
0FF0000000
1FE0000000
3FE0000000
3FC0000000
7FFFFFFFE0
FFFFFFFFE0
FFFFFFFFE0
FFFFFFFFE0
FFFFFFFFE0
FFFFFFFFE0
FFFFFFFFE0
ENDCHAR
STARTCHAR zacute
ENCODING 378
SWIDTH 484 0
DWIDTH 31 0
BBX 25 50 3 0
BITMAP
00020000
00070000
000F8000
003F8000
007FC000
00FFE000
01FF0000
03FC0000
07F80000
03E00000
01800000
00000000
00000000
00000000
00000000
00000000
FFFFFF80
FFFFFF80
FFFFFF80
FFFFFF80
FFFFFF80
FFFFFF80
00007F00
0000FE00
0001FE00
0003FC00
0003F800
0007F000
000FF000
001FE000
001FC000
003F8000
007F8000
00FF0000
00FE0000
01FC0000
03FC0000
07F80000
07F00000
0FE00000
1FE00000
3FC00000
3F800000
7F000000
FFFFFF80
FFFFFF80
FFFFFF80
FFFFFF80
FFFFFF80
FFFFFF80
ENDCHAR
STARTCHAR Zdotaccent
ENCODING 379
SWIDTH 659 0
DWIDTH 42 0
BBX 35 57 4 0
BITMAP
0001E00000
0003F80000
0007F80000
0007F80000
0007F80000
0007F80000
0007F80000
0003F00000
0000000000
0000000000
0000000000
0000000000
7FFFFFFFC0
7FFFFFFFC0
7FFFFFFFC0
7FFFFFFFC0
7FFFFFFFC0
7FFFFFFFC0
7FFFFFFF80
000000FF00
000001FF00
000001FE00
000003FC00
000007F800
00000FF800
00000FF000
00001FE000
00003FC000
00007FC000
00007F8000
0000FF0000
0001FE0000
0003FE0000
0003FC0000
0007F80000
000FF00000
001FF00000
001FE00000
003FC00000
007F800000
00FF800000
00FF000000
01FE000000
03FC000000
07FC000000
07F8000000
0FF0000000
1FE0000000
3FE0000000
3FC0000000
7FFFFFFFE0
FFFFFFFFE0
FFFFFFFFE0
FFFFFFFFE0
FFFFFFFFE0
FFFFFFFFE0
FFFFFFFFE0
ENDCHAR
STARTCHAR zdotaccent
ENCODING 380
SWIDTH 484 0
DWIDTH 31 0
BBX 25 49 3 0
BITMAP
007E0000
00FF0000
00FF0000
00FF0000
00FF0000
00FF0000
00FF0000
003C0000
00000000
00000000
00000000
00000000
00000000
00000000
00000000
FFFFFF80
FFFFFF80
FFFFFF80
FFFFFF80
FFFFFF80
FFFFFF80
00007F00
0000FE00
0001FE00
0003FC00
0003F800
0007F000
000FF000
001FE000
001FC000
003F8000
007F8000
00FF0000
00FE0000
01FC0000
03FC0000
07F80000
07F00000
0FE00000
1FE00000
3FC00000
3F800000
7F000000
FFFFFF80
FFFFFF80
FFFFFF80
FFFFFF80
FFFFFF80
FFFFFF80
ENDCHAR
STARTCHAR Zcaron
ENCODING 381
SWIDTH 659 0
DWIDTH 42 0
BBX 35 57 4 0
BITMAP
00C000C000
01F807E000
01FE1FE000
00FFFFC000
003FFF0000
001FFE0000
000FFC0000
0007F80000
0003F00000
0000000000
0000000000
0000000000
7FFFFFFFC0
7FFFFFFFC0
7FFFFFFFC0
7FFFFFFFC0
7FFFFFFFC0
7FFFFFFFC0
7FFFFFFF80
000000FF00
000001FF00
000001FE00
000003FC00
000007F800
00000FF800
00000FF000
00001FE000
00003FC000
00007FC000
00007F8000
0000FF0000
0001FE0000
0003FE0000
0003FC0000
0007F80000
000FF00000
001FF00000
001FE00000
003FC00000
007F800000
00FF800000
00FF000000
01FE000000
03FC000000
07FC000000
07F8000000
0FF0000000
1FE0000000
3FE0000000
3FC0000000
7FFFFFFFE0
FFFFFFFFE0
FFFFFFFFE0
FFFFFFFFE0
FFFFFFFFE0
FFFFFFFFE0
FFFFFFFFE0
ENDCHAR
STARTCHAR zcaron
ENCODING 382
SWIDTH 484 0
DWIDTH 31 0
BBX 25 48 3 0
BITMAP
0C003000
1F00F800
1FC3F800
0FE7F000
07FFE000
03FFC000
01FF8000
00FF0000
007E0000
00000000
00000000
00000000
00000000
00000000
FFFFFF80
FFFFFF80
FFFFFF80
FFFFFF80
FFFFFF80
FFFFFF80
00007F00
0000FE00
0001FE00
0003FC00
0003F800
0007F000
000FF000
001FE000
001FC000
003F8000
007F8000
00FF0000
00FE0000
01FC0000
03FC0000
07F80000
07F00000
0FE00000
1FE00000
3FC00000
3F800000
7F000000
FFFFFF80
FFFFFF80
FFFFFF80
FFFFFF80
FFFFFF80
FFFFFF80
ENDCHAR
STARTCHAR uni018F
ENCODING 399
SWIDTH 780 0
DWIDTH 50 0
BBX 44 46 3 -1
BITMAP
0003FFF00000
001FFFFE0000
007FFFFF8000
00FFFFFFC000
03FFFFFFE000
07FFFFFFF800
0FFF001FFC00
03F80007FC00
01F00001FE00
00C00000FF00
008000007F80
000000003F80
000000001FC0
000000001FC0
000000000FC0
000000000FE0
000000000FE0
0000000007E0
0000000007F0
0000000007F0
FFFFFFFFFFF0
FFFFFFFFFFF0
FFFFFFFFFFF0
FFFFFFFFFFF0
FFFFFFFFFFF0
FFFFFFFFFFF0
FE00000007F0
FE00000007E0
FE0000000FE0
7F0000000FE0
7F0000000FE0
7F8000001FC0
3F8000001FC0
3FC000003F80
1FE000007F80
1FF00000FF00
0FF80001FE00
07FE0007FE00
03FF801FFC00
01FFFFFFF800
00FFFFFFF000
007FFFFFE000
003FFFFF8000
000FFFFE0000
0001FFF80000
00001F000000
ENDCHAR
STARTCHAR florin
ENCODING 402
SWIDTH 519 0
DWIDTH 33 0
BBX 33 46 0 -2
BITMAP
000007FC00
00001FFF00
00003FFF80
00007FFF00
0000FFFF00
0000FF0600
0001FE0000
0001FC0000
0001F80000
0001F80000
0003F80000
0003F80000
0003F00000
0003F00000
0003F00000
0007F00000
07FFFFF000
07FFFFF000
07FFFFF000
07FFFFF000
07FFFFF000
000FE00000
000FE00000
000FC00000
000FC00000
000FC00000
000FC00000
001FC00000
001FC00000
001F800000
001F800000
001F800000
003F800000
003F800000
003F800000
003F000000
003F000000
007F000000
007F000000
00FE000000
3BFE000000
7FFC000000
7FFC000000
FFF8000000
7FF0000000
1F80000000
ENDCHAR
STARTCHAR uni019D
ENCODING 413
SWIDTH 777 0
DWIDTH 50 0
BBX 45 58 -2 -13
BITMAP
01FC000001F8
01FC000001F8
01FE000001F8
01FF000001F8
01FF800001F8
01FF800001F8
01FFC00001F8
01FFE00001F8
01FFF00001F8
01FFF00001F8
01FFF80001F8
01FBFC0001F8
01FBFE0001F8
01F9FE0001F8
01F8FF0001F8
01F87F8001F8
01FC7FC001F8
01FC3FC001F8
01FC1FE001F8
01FC0FF001F8
01FC0FF801F8
01FC07F801F8
01FC03FC01F8
01FC01FE01F8
01FC01FF01F8
01FC00FF01F8
01FC007F81F8
01FC003FC1F8
01FC001FE1F8
01FC001FE1F8
01FC000FF1F8
01FC0007F9F8
01FC0003FDF8
01FC0003FDF8
01FC0001FFF8
01FC0000FFF8
01FC00007FF8
01FC00007FF8
01FC00003FF8
01FC00001FF8
01FC00000FF8
01FC00000FF8
01FC000007F8
01FC000003F8
01FC000001F8
01FC00000000
01FC00000000
01FC00000000
01FC00000000
03FC00000000
07FC00000000
0FF800000000
7FF800000000
FFF000000000
7FE000000000
7FC000000000
3F0000000000
300000000000
ENDCHAR
STARTCHAR Ohorn
ENCODING 416
SWIDTH 782 0
DWIDTH 50 0
BBX 44 53 3 -1
BITMAP
000000000FC0
000000000FC0
000000000FC0
000000001F80
000000001F80
000000001F80
000000003F80
0001FFFDFF00
0007FFFFFE00
001FFFFFFE00
007FFFFFF800
00FFFFFFF000
01FFFFFFF800
03FFF07FFC00
07FF000FFE00
0FFC0003FF00
0FF80001FF00
1FF00000FF80
1FE000007F80
3FC000003FC0
3F8000001FC0
7F8000001FE0
7F0000000FE0
7F0000000FE0
7F0000000FF0
FE0000000FF0
FE00000007F0
FE00000007F0
FE00000007F0
FE00000007F0
FE00000007F0
FE00000007F0
FE00000007F0
FE00000007F0
FF0000000FF0
7F0000000FE0
7F0000000FE0
7F8000001FE0
3F8000001FC0
3FC000003FC0
3FE000007FC0
1FE00000FF80
0FF80001FF80
0FFC0003FF00
07FF000FFE00
03FFC03FFC00
01FFFFFFF800
00FFFFFFF000
007FFFFFE000
001FFFFF8000
000FFFFF0000
0001FFF80000
00001F800000
ENDCHAR
STARTCHAR ohorn
ENCODING 417
SWIDTH 615 0
DWIDTH 39 0
BBX 34 42 3 -1
BITMAP
0000000FC0
0000000FC0
0000000F80
0000000F80
0000000F80
0000001F80
0000003F00
001FFCFF00
007FFFFE00
01FFFFFC00
03FFFFF800
07FFFFF800
0FFFFFFC00
1FF807FC00
3FE001FE00
3FC000FF00
7F80007F00
7F00007F80
FE00003F80
FE00003F80
FE00001F80
FC00001FC0
FC00001FC0
FC00001FC0
FC00001FC0
FC00001FC0
FC00001FC0
FE00001FC0
FE00003F80
FE00003F80
7F00003F80
7F00007F00
7F8000FF00
3FC001FE00
1FF007FE00
1FFE3FFC00
0FFFFFF800
07FFFFF000
01FFFFE000
00FFFF8000
003FFE0000
0003E00000
ENDCHAR
STARTCHAR Uhorn
ENCODING 431
SWIDTH 740 0
DWIDTH 47 0
BBX 43 52 6 0
BITMAP
0000000007E0
0000000007E0
0000000007E0
0000000007E0
000000000FC0
000000000FC0
000000003FC0
FE000007FF80
FE000007FF00
FE000007FF00
FE000007FC00
FE000007F800
FE000007F000
FE000007F000
FE000007F000
FE000007F000
FE000007F000
FE000007F000
FE000007F000
FE000007F000
FE000007F000
FE000007F000
FE000007F000
FE000007F000
FE000007F000
FE000007F000
FE000007F000
FE000007F000
FE000007F000
FE000007F000
FE000007F000
FE000007F000
FE000007F000
FE000007F000
FE000007F000
FE000007F000
FE000007F000
FE000007F000
FE00000FE000
FF00000FE000
FF00001FE000
7F80001FC000
7FC0003FC000
3FE0007FC000
3FF801FF8000
1FFE0FFF0000
0FFFFFFE0000
07FFFFFE0000
03FFFFF80000
01FFFFF00000
007FFFC00000
000FFF000000
ENDCHAR
STARTCHAR uhorn
ENCODING 432
SWIDTH 605 0
DWIDTH 39 0
BBX 34 42 5 -1
BITMAP
00000007C0
00000007C0
00000007C0
0000000FC0
0000000F80
0000001F80
0000003F80
FC0001FF00
FC0001FE00
FC0001FC00
FC0001F800
FC0001F800
FC0001F800
FC0001F800
FC0001F800
FC0001F800
FC0001F800
FC0001F800
FC0001F800
FC0001F800
FC0001F800
FC0001F800
FC0001F800
FC0001F800
FC0001F800
FC0001F800
FC0001F800
FC0001F800
FC0003F800
FE0003F800
FE0003F800
FE0003F800
FF0007F800
FF000FF800
7F801FF800
7FF07FF800
3FFFFDF800
3FFFF9F800
1FFFF1F800
0FFFE1F800
03FF81F800
007C000000
ENDCHAR
STARTCHAR uni01C4
ENCODING 452
SWIDTH 1362 0
DWIDTH 87 0
BBX 78 57 6 0
BITMAP
00000000000018001800
0000000000003F00FC00
0000000000003FC3FC00
0000000000001FFFF800
00000000000007FFE000
00000000000003FFC000
00000000000001FF8000
00000000000000FF0000
000000000000007E0000
00000000000000000000
00000000000000000000
00000000000000000000
FFFFFC00000FFFFFFFF8
FFFFFFC0000FFFFFFFF8
FFFFFFF0000FFFFFFFF8
FFFFFFFC000FFFFFFFF8
FFFFFFFE000FFFFFFFF8
FFFFFFFF000FFFFFFFF8
FFFFFFFF800FFFFFFFF0
FE0003FFC00000001FE0
FE00007FE00000003FE0
FE00003FE00000003FC0
FE00001FF00000007F80
FE00000FF8000000FF00
FE000007F8000001FF00
FE000003F8000001FE00
FE000003FC000003FC00
FE000001FC000007F800
FE000001FC00000FF800
FE000001FC00000FF000
FE000001FE00001FE000
FE000000FE00003FC000
FE000000FE00007FC000
FE000000FE00007F8000
FE000000FE0000FF0000
FE000000FE0001FE0000
FE000000FE0003FE0000
FE000000FE0003FC0000
FE000001FE0007F80000
FE000001FC000FF00000
FE000001FC001FF00000
FE000001FC001FE00000
FE000003FC003FC00000
FE000003F8007F800000
FE000007F800FF800000
FE000007F800FF000000
FE00000FF001FE000000
FE00001FF003FC000000
FE00007FE007FC000000
FE0001FFC007F8000000
FFFFFFFF800FFFFFFFFC
FFFFFFFF001FFFFFFFFC
FFFFFFFE001FFFFFFFFC
FFFFFFFC001FFFFFFFFC
FFFFFFF0001FFFFFFFFC
FFFFFFC0001FFFFFFFFC
FFFFFE00001FFFFFFFFC
ENDCHAR
STARTCHAR uni01C5
ENCODING 453
SWIDTH 1231 0
DWIDTH 79 0
BBX 70 48 6 0
BITMAP
000000000000600180
000000000000F807C0
000000000000FE1FC0
FFFFFC0000007F3F80
FFFFFFC000003FFF00
FFFFFFF000001FFE00
FFFFFFFC00000FFC00
FFFFFFFE000007F800
FFFFFFFF000003F000
FFFFFFFF8000000000
FE0003FFC000000000
FE00007FE000000000
FE00003FE000000000
FE00001FF000000000
FE00000FF807FFFFFC
FE000007F807FFFFFC
FE000003F807FFFFFC
FE000003FC07FFFFFC
FE000001FC07FFFFFC
FE000001FC07FFFFFC
FE000001FC000003F8
FE000001FE000007F0
FE000000FE00000FF0
FE000000FE00001FE0
FE000000FE00001FC0
FE000000FE00003F80
FE000000FE00007F80
FE000000FE0000FF00
FE000000FE0000FE00
FE000001FE0001FC00
FE000001FC0003FC00
FE000001FC0007F800
FE000001FC0007F000
FE000003FC000FE000
FE000003F8001FE000
FE000007F8003FC000
FE000007F8003F8000
FE00000FF0007F0000
FE00001FF000FF0000
FE00007FE001FE0000
FE0001FFC001FC0000
FFFFFFFF8003F80000
FFFFFFFF0007FFFFFC
FFFFFFFE0007FFFFFC
FFFFFFFC0007FFFFFC
FFFFFFF00007FFFFFC
FFFFFFC00007FFFFFC
FFFFFE000007FFFFFC
ENDCHAR
STARTCHAR uni01C6
ENCODING 454
SWIDTH 1118 0
DWIDTH 72 0
BBX 66 49 3 -1
BITMAP
000000000006001800
0000003F800F807C00
0000003F800FE1FC00
0000003F8007F3F800
0000003F8003FFF000
0000003F8001FFE000
0000003F8000FFC000
0000003F80007F8000
0000003F80003F0000
0000003F8000000000
0000003F8000000000
0000003F8000000000
0000003F8000000000
0000003F8000000000
003FF03F807FFFFFC0
00FFFE3F807FFFFFC0
03FFFF3F807FFFFFC0
07FFFFBF807FFFFFC0
0FFFFFFF807FFFFFC0
1FFE3FFF807FFFFFC0
1FF007FF8000003F80
3FC001FF8000007F00
7F8000FF800000FF00
7F8000FF800001FE00
7F00007F800001FC00
FE00003F800003F800
FE00003F800007F800
FE00003F80000FF000
FC00001F80000FE000
FC00001F80001FC000
FC00001F80003FC000
FC00001F80007F8000
FC00001F80007F0000
FC00001F8000FE0000
FE00003F8001FE0000
FE00003F8003FC0000
FE00003F8003F80000
FF00007F8007F00000
7F00007F800FF00000
7F8000FF801FE00000
3FC001FF801FC00000
3FE003FF803F800000
1FFC0FFF807FFFFFC0
0FFFFFFF807FFFFFC0
07FFFFFF807FFFFFC0
03FFFF3F807FFFFFC0
00FFFE3F807FFFFFC0
003FF83F807FFFFFC0
000780000000000000
ENDCHAR
STARTCHAR uni01C7
ENCODING 455
SWIDTH 1241 0
DWIDTH 79 0
BBX 70 46 6 -1
BITMAP
FE0000000000FFFFFC
FE0000000000FFFFFC
FE0000000000FFFFFC
FE0000000000FFFFFC
FE0000000000FFFFFC
FE0000000000FFFFFC
FE0000000000FFFFFC
FE000000000000FE00
FE000000000000FE00
FE000000000000FE00
FE000000000000FE00
FE000000000000FE00
FE000000000000FE00
FE000000000000FE00
FE000000000000FE00
FE000000000000FE00
FE000000000000FE00
FE000000000000FE00
FE000000000000FE00
FE000000000000FE00
FE000000000000FE00
FE000000000000FE00
FE000000000000FE00
FE000000000000FE00
FE000000000000FE00
FE000000000000FE00
FE000000000000FE00
FE000000000000FE00
FE000000000000FE00
FE000000000000FE00
FE000000000000FE00
FE000000000000FE00
FE000000000000FE00
FE000000010000FE00
FE000000038001FE00
FE00000007C001FC00
FE0000000FC003FC00
FE0000001FF007FC00
FFFFFFF00FFC1FF800
FFFFFFF00FFFFFF800
FFFFFFF007FFFFF000
FFFFFFF003FFFFE000
FFFFFFF001FFFFC000
FFFFFFF0007FFF0000
FFFFFFF0001FFE0000
000000000003C00000
ENDCHAR
STARTCHAR uni01C8
ENCODING 456
SWIDTH 864 0
DWIDTH 55 0
BBX 45 62 6 -13
BITMAP
0000000003F0
0000000007F8
0000000007F8
0000000007F8
FE00000007F8
FE00000007F8
FE00000007F0
FE00000001E0
FE0000000000
FE0000000000
FE0000000000
FE0000000000
FE0000000000
FE0000000000
FE0000000000
FE00000007F0
FE00000007F0
FE00000007F0
FE00000007F0
FE00000007F0
FE00000007F0
FE00000007F0
FE00000007F0
FE00000007F0
FE00000007F0
FE00000007F0
FE00000007F0
FE00000007F0
FE00000007F0
FE00000007F0
FE00000007F0
FE00000007F0
FE00000007F0
FE00000007F0
FE00000007F0
FE00000007F0
FE00000007F0
FE00000007F0
FE00000007F0
FE00000007F0
FE00000007F0
FE00000007F0
FFFFFFF007F0
FFFFFFF007F0
FFFFFFF007F0
FFFFFFF007F0
FFFFFFF007F0
FFFFFFF007F0
FFFFFFF007F0
0000000007F0
0000000007F0
0000000007F0
0000000007F0
000000000FF0
000000000FE0
000000001FE0
00000003FFE0
00000001FFC0
00000001FF80
00000000FF00
00000000FC00
000000004000
ENDCHAR
STARTCHAR uni01C9
ENCODING 457
SWIDTH 502 0
DWIDTH 32 0
BBX 23 62 5 -13
BITMAP
0000FC
0001FE
FC01FE
FC01FE
FC01FE
FC01FE
FC01FC
FC0078
FC0000
FC0000
FC0000
FC0000
FC0000
FC0000
FC0000
FC01FC
FC01FC
FC01FC
FC01FC
FC01FC
FC01FC
FC01FC
FC01FC
FC01FC
FC01FC
FC01FC
FC01FC
FC01FC
FC01FC
FC01FC
FC01FC
FC01FC
FC01FC
FC01FC
FC01FC
FC01FC
FC01FC
FC01FC
FC01FC
FC01FC
FC01FC
FC01FC
FC01FC
FC01FC
FC01FC
FC01FC
FC01FC
FC01FC
FC01FC
0001FC
0001FC
0001FC
0001FC
0003FC
0003F8
0007F8
00FFF8
007FF0
007FE0
003FC0
003F00
001000
ENDCHAR
STARTCHAR uni01CA
ENCODING 458
SWIDTH 1435 0
DWIDTH 92 0
BBX 83 46 6 -1
BITMAP
FE000000FC000007FFFFE0
FE000000FC000007FFFFE0
FF000000FC000007FFFFE0
FF800000FC000007FFFFE0
FFC00000FC000007FFFFE0
FFC00000FC000007FFFFE0
FFE00000FC000007FFFFE0
FFF00000FC00000007F000
FFF80000FC00000007F000
FFF80000FC00000007F000
FFFC0000FC00000007F000
FDFE0000FC00000007F000
FDFF0000FC00000007F000
FCFF0000FC00000007F000
FC7F8000FC00000007F000
FC3FC000FC00000007F000
FE3FE000FC00000007F000
FE1FE000FC00000007F000
FE0FF000FC00000007F000
FE07F800FC00000007F000
FE07FC00FC00000007F000
FE03FC00FC00000007F000
FE01FE00FC00000007F000
FE00FF00FC00000007F000
FE00FF80FC00000007F000
FE007F80FC00000007F000
FE003FC0FC00000007F000
FE001FE0FC00000007F000
FE000FF0FC00000007F000
FE000FF0FC00000007F000
FE0007F8FC00000007F000
FE0003FCFC00000007F000
FE0001FEFC00000007F000
FE0001FEFC00080007F000
FE0000FFFC001C000FF000
FE00007FFC003E000FE000
FE00003FFC007E001FE000
FE00003FFC00FF803FE000
FE00001FFC007FE0FFC000
FE00000FFC007FFFFFC000
FE000007FC003FFFFF8000
FE000007FC001FFFFF0000
FE000003FC000FFFFE0000
FE000001FC0003FFF80000
FE000000FC0000FFF00000
000000000000001E000000
ENDCHAR
STARTCHAR uni01CB
ENCODING 459
SWIDTH 1058 0
DWIDTH 68 0
BBX 58 62 6 -13
BITMAP
0000000000001F80
0000000000003FC0
0000000000003FC0
0000000000003FC0
FE000000FC003FC0
FE000000FC003FC0
FF000000FC003F80
FF800000FC000F00
FFC00000FC000000
FFC00000FC000000
FFE00000FC000000
FFF00000FC000000
FFF80000FC000000
FFF80000FC000000
FFFC0000FC000000
FDFE0000FC003F80
FDFF0000FC003F80
FCFF0000FC003F80
FC7F8000FC003F80
FC3FC000FC003F80
FE3FE000FC003F80
FE1FE000FC003F80
FE0FF000FC003F80
FE07F800FC003F80
FE07FC00FC003F80
FE03FC00FC003F80
FE01FE00FC003F80
FE00FF00FC003F80
FE00FF80FC003F80
FE007F80FC003F80
FE003FC0FC003F80
FE001FE0FC003F80
FE000FF0FC003F80
FE000FF0FC003F80
FE0007F8FC003F80
FE0003FCFC003F80
FE0001FEFC003F80
FE0001FEFC003F80
FE0000FFFC003F80
FE00007FFC003F80
FE00003FFC003F80
FE00003FFC003F80
FE00001FFC003F80
FE00000FFC003F80
FE000007FC003F80
FE000007FC003F80
FE000003FC003F80
FE000001FC003F80
FE000000FC003F80
0000000000003F80
0000000000003F80
0000000000003F80
0000000000003F80
0000000000007F80
0000000000007F00
000000000000FF00
00000000001FFF00
00000000000FFE00
00000000000FFC00
000000000007F800
000000000007E000
0000000000020000
ENDCHAR
STARTCHAR uni01CC
ENCODING 460
SWIDTH 860 0
DWIDTH 55 0
BBX 46 62 5 -13
BITMAP
0000000001F8
0000000003FC
0000000003FC
0000000003FC
0000000003FC
0000000003FC
0000000003F8
0000000000F0
000000000000
000000000000
000000000000
000000000000
000000000000
000000000000
000000000000
FC07FC0003F8
FC1FFF0003F8
FC7FFF8003F8
FCFFFFC003F8
FDFFFFE003F8
FFFFFFE003F8
FFE01FF003F8
FF800FF003F8
FF0007F003F8
FE0007F003F8
FE0003F803F8
FC0003F803F8
FC0003F803F8
FC0003F803F8
FC0003F803F8
FC0003F803F8
FC0003F803F8
FC0003F803F8
FC0003F803F8
FC0003F803F8
FC0003F803F8
FC0003F803F8
FC0003F803F8
FC0003F803F8
FC0003F803F8
FC0003F803F8
FC0003F803F8
FC0003F803F8
FC0003F803F8
FC0003F803F8
FC0003F803F8
FC0003F803F8
FC0003F803F8
FC0003F803F8
0000000003F8
0000000003F8
0000000003F8
0000000003F8
0000000007F8
0000000007F0
000000000FF0
00000001FFF0
00000000FFE0
00000000FFC0
000000007F80
000000007E00
000000002000
ENDCHAR
STARTCHAR uni01CD
ENCODING 461
SWIDTH 700 0
DWIDTH 45 0
BBX 41 57 2 0
BITMAP
001800180000
003F00FC0000
003FC3FC0000
001FFFF80000
0007FFE00000
0003FFC00000
0001FF800000
0000FF000000
00007E000000
000000000000
000000000000
000000000000
00007F000000
0000FF000000
0000FF800000
0000FF800000
0001FFC00000
0001FFC00000
0003FFC00000
0003FFE00000
0003FFE00000
0007F7F00000
0007E7F00000
0007E7F00000
000FE3F80000
000FE3F80000
001FC3F80000
001FC1FC0000
001F81FC0000
003F81FE0000
003F80FE0000
007F00FE0000
007F007F0000
007F007F0000
00FE007F8000
00FE003F8000
00FC003F8000
01FC003FC000
01FC001FC000
03FFFFFFC000
03FFFFFFE000
03FFFFFFE000
07FFFFFFF000
07FFFFFFF000
0FFFFFFFF000
0FFFFFFFF800
0FE00003F800
1FC00003FC00
1FC00001FC00
3FC00001FC00
3F800001FE00
3F800000FE00
7F000000FE00
7F0000007F00
7F0000007F00
FE0000007F80
FE0000003F80
ENDCHAR
STARTCHAR uni01CE
ENCODING 462
SWIDTH 633 0
DWIDTH 41 0
BBX 34 49 2 -1
BITMAP
003000C000
007C03E000
007F0FE000
003F9FC000
001FFF8000
000FFF0000
0007FE0000
0003FC0000
0001F80000
0000000000
0000000000
0000000000
0000000000
0000000000
001FF81FC0
007FFE1FC0
01FFFF9FC0
03FFFFDFC0
07FFFFFFC0
0FFFFFFFC0
1FF807FFC0
1FF001FFC0
3FC000FFC0
3FC0007FC0
7F80003FC0
7F00003FC0
7F00001FC0
7F00001FC0
7E00001FC0
FE00001FC0
FE00001FC0
FE00001FC0
FE00001FC0
7E00001FC0
7F00001FC0
7F00001FC0
7F00003FC0
7F80003FC0
3F80007FC0
3FC000FFC0
1FE001FFC0
1FF803FFC0
0FFF3FFFC0
07FFFFFFC0
03FFFFDFC0
01FFFF9FC0
00FFFE1FC0
003FF81FC0
0007800000
ENDCHAR
STARTCHAR uni01CF
ENCODING 463
SWIDTH 478 0
DWIDTH 31 0
BBX 21 57 5 0
BITMAP
600060
FC03F0
FF0FF0
7FFFE0
1FFF80
0FFF00
07FE00
03FC00
01F800
000000
000000
000000
FFFFF8
FFFFF8
FFFFF8
FFFFF8
FFFFF8
FFFFF8
FFFFF8
01FC00
01FC00
01FC00
01FC00
01FC00
01FC00
01FC00
01FC00
01FC00
01FC00
01FC00
01FC00
01FC00
01FC00
01FC00
01FC00
01FC00
01FC00
01FC00
01FC00
01FC00
01FC00
01FC00
01FC00
01FC00
01FC00
01FC00
01FC00
01FC00
01FC00
01FC00
01FC00
FFFFF8
FFFFF8
FFFFF8
FFFFF8
FFFFF8
FFFFF8
ENDCHAR
STARTCHAR uni01D0
ENCODING 464
SWIDTH 243 0
DWIDTH 16 0
BBX 18 48 -1 0
BITMAP
600180
F807C0
FE1FC0
7F3F80
3FFF00
1FFE00
0FFC00
07F800
03F000
000000
000000
000000
000000
000000
07F000
07F000
07F000
07F000
07F000
07F000
07F000
07F000
07F000
07F000
07F000
07F000
07F000
07F000
07F000
07F000
07F000
07F000
07F000
07F000
07F000
07F000
07F000
07F000
07F000
07F000
07F000
07F000
07F000
07F000
07F000
07F000
07F000
07F000
ENDCHAR
STARTCHAR uni01D1
ENCODING 465
SWIDTH 782 0
DWIDTH 50 0
BBX 44 58 3 -1
BITMAP
000600060000
000FC03F0000
000FF0FF0000
0007FFFE0000
0001FFF80000
0000FFF00000
00007FE00000
00003FC00000
00001F800000
000000000000
000000000000
000000000000
0001FFF80000
0007FFFE0000
001FFFFF8000
007FFFFFE000
00FFFFFFF000
01FFFFFFF800
03FFF07FFC00
07FF000FFE00
0FFC0003FF00
0FF80001FF00
1FF00000FF80
1FE000007F80
3FC000003FC0
3F8000001FC0
7F8000001FE0
7F0000000FE0
7F0000000FE0
7F0000000FF0
FE0000000FF0
FE00000007F0
FE00000007F0
FE00000007F0
FE00000007F0
FE00000007F0
FE00000007F0
FE00000007F0
FE00000007F0
FF0000000FF0
7F0000000FE0
7F0000000FE0
7F8000001FE0
3F8000001FC0
3FC000003FC0
3FE000007FC0
1FE00000FF80
0FF80001FF80
0FFC0003FF00
07FF000FFE00
03FFC03FFC00
01FFFFFFF800
00FFFFFFF000
007FFFFFE000
001FFFFF8000
000FFFFF0000
0001FFF80000
00001F800000
ENDCHAR
STARTCHAR uni01D2
ENCODING 466
SWIDTH 615 0
DWIDTH 39 0
BBX 34 49 3 -1
BITMAP
0060018000
00F807C000
00FE1FC000
007F3F8000
003FFF0000
001FFE0000
000FFC0000
0007F80000
0003F00000
0000000000
0000000000
0000000000
0000000000
0000000000
001FFC0000
007FFF8000
01FFFFC000
03FFFFF000
07FFFFF800
0FFFFFFC00
1FF807FC00
3FE001FE00
3FC000FF00
7F80007F00
7F00007F80
FE00003F80
FE00003F80
FE00001F80
FC00001FC0
FC00001FC0
FC00001FC0
FC00001FC0
FC00001FC0
FC00001FC0
FE00001FC0
FE00003F80
FE00003F80
7F00003F80
7F00007F00
7F8000FF00
3FC001FE00
1FF007FE00
1FFE3FFC00
0FFFFFF800
07FFFFF000
01FFFFE000
00FFFF8000
003FFE0000
0003E00000
ENDCHAR
STARTCHAR uni01D3
ENCODING 467
SWIDTH 740 0
DWIDTH 47 0
BBX 36 57 6 0
BITMAP
0060006000
00FC03F000
00FF0FF000
007FFFE000
001FFF8000
000FFF0000
0007FE0000
0003FC0000
0001F80000
0000000000
0000000000
0000000000
FE000007F0
FE000007F0
FE000007F0
FE000007F0
FE000007F0
FE000007F0
FE000007F0
FE000007F0
FE000007F0
FE000007F0
FE000007F0
FE000007F0
FE000007F0
FE000007F0
FE000007F0
FE000007F0
FE000007F0
FE000007F0
FE000007F0
FE000007F0
FE000007F0
FE000007F0
FE000007F0
FE000007F0
FE000007F0
FE000007F0
FE000007F0
FE000007F0
FE000007F0
FE000007F0
FE000007F0
FE00000FE0
FF00000FE0
FF00001FE0
7F80001FC0
7FC0003FC0
3FE0007FC0
3FF801FF80
1FFE0FFF00
0FFFFFFE00
07FFFFFE00
03FFFFF800
01FFFFF000
007FFFC000
000FFF0000
ENDCHAR
STARTCHAR uni01D4
ENCODING 468
SWIDTH 605 0
DWIDTH 39 0
BBX 29 49 5 -1
BITMAP
03000C00
07C03E00
07F0FE00
03F9FC00
01FFF800
00FFF000
007FE000
003FC000
001F8000
00000000
00000000
00000000
00000000
00000000
FC0001F8
FC0001F8
FC0001F8
FC0001F8
FC0001F8
FC0001F8
FC0001F8
FC0001F8
FC0001F8
FC0001F8
FC0001F8
FC0001F8
FC0001F8
FC0001F8
FC0001F8
FC0001F8
FC0001F8
FC0001F8
FC0001F8
FC0001F8
FC0001F8
FC0003F8
FE0003F8
FE0003F8
FE0003F8
FF0007F8
FF000FF8
7F801FF8
7FF07FF8
3FFFFDF8
3FFFF9F8
1FFFF1F8
0FFFE1F8
03FF81F8
007C0000
ENDCHAR
STARTCHAR Gcaron
ENCODING 486
SWIDTH 766 0
DWIDTH 49 0
BBX 43 58 3 -1
BITMAP
000300030000
0007E01F8000
0007F87F8000
0003FFFF0000
0000FFFC0000
00007FF80000
00003FF00000
00001FE00000
00000FC00000
000000000000
000000000000
000000000000
00007FF80000
0003FFFF0000
000FFFFFC000
003FFFFFF000
007FFFFFF800
00FFFFFFFC00
01FFFFFFFE00
03FF800FFF00
07FE0001FE00
0FFC0000FC00
1FF000003800
1FE000001000
3FE000000000
3FC000000000
7F8000000000
7F8000000000
7F0000000000
7F0000000000
FF0000000000
FE0000000000
FE0000000000
FE0000000000
FE0001FFFFE0
FE0001FFFFE0
FE0001FFFFE0
FE0001FFFFE0
FF0001FFFFE0
7F0001FFFFE0
7F0001FFFFE0
7F8000000FE0
7F8000000FE0
3FC000001FE0
3FE000001FC0
1FE000001FC0
1FF000003F80
0FFC00007F80
07FE0000FF00
07FF8003FF00
03FFF01FFE00
01FFFFFFFC00
00FFFFFFF800
003FFFFFF000
001FFFFFC000
0007FFFF8000
0000FFFC0000
00000FC00000
ENDCHAR
STARTCHAR gcaron
ENCODING 487
SWIDTH 649 0
DWIDTH 42 0
BBX 34 63 3 -15
BITMAP
003000C000
007C03E000
007F0FE000
003F9FC000
001FFF8000
000FFF0000
0007FE0000
0003FC0000
0001F80000
0000000000
0000000000
0000000000
0000000000
0000000000
001FF81FC0
00FFFE1FC0
01FFFF9FC0
07FFFFDFC0
0FFFFFFFC0
1FFFFFFFC0
1FF807FFC0
3FE001FFC0
3FC000FFC0
7F80007FC0
7F00003FC0
FF00003FC0
FE00001FC0
FE00001FC0
FE00001FC0
FC00001FC0
FC00000FC0
FC00000FC0
FC00000FC0
FC00001FC0
FE00001FC0
FE00001FC0
FE00001FC0
7F00003FC0
7F80007FC0
7F8000FFC0
3FE001FFC0
1FF003FFC0
1FFF3FFFC0
0FFFFFFFC0
07FFFFDFC0
03FFFF9FC0
00FFFE1FC0
003FFC1FC0
0003C01FC0
0000001FC0
0000001F80
0000003F80
0000003F80
0000007F80
030000FF00
07C001FF00
07F80FFE00
0FFFFFFC00
0FFFFFF800
07FFFFF000
01FFFFC000
007FFF0000
0007F00000
ENDCHAR
STARTCHAR uni01EA
ENCODING 490
SWIDTH 782 0
DWIDTH 50 0
BBX 44 58 3 -13
BITMAP
0001FFF80000
0007FFFE0000
001FFFFF8000
007FFFFFE000
00FFFFFFF000
01FFFFFFF800
03FFF07FFC00
07FF000FFE00
0FFC0003FF00
0FF80001FF00
1FF00000FF80
1FE000007F80
3FC000003FC0
3F8000001FC0
7F8000001FE0
7F0000000FE0
7F0000000FE0
7F0000000FF0
FE0000000FF0
FE00000007F0
FE00000007F0
FE00000007F0
FE00000007F0
FE00000007F0
FE00000007F0
FE00000007F0
FE00000007F0
FF0000000FF0
7F0000000FE0
7F0000000FE0
7F8000001FE0
3F8000001FC0
3FC000003FC0
3FE000007FC0
1FE00000FF80
0FF80001FF80
0FFC0003FF00
07FF000FFE00
03FFC03FFC00
01FFFFFFF800
00FFFFFFF000
007FFFFFE000
001FFFFF8000
000FFFFF0000
0001FFFC0000
00001FF80000
000003F00000
000007E00000
000007E00000
00000FC00000
00000FC00000
00000FC20000
00000FE70000
000007FFC000
000007FFC000
000003FF8000
000001FF0000
000000780000
ENDCHAR
STARTCHAR uni01EB
ENCODING 491
SWIDTH 615 0
DWIDTH 39 0
BBX 34 47 3 -13
BITMAP
001FFC0000
007FFF8000
01FFFFC000
03FFFFF000
07FFFFF800
0FFFFFFC00
1FF807FC00
3FE001FE00
3FC000FF00
7F80007F00
7F00007F80
FE00003F80
FE00003F80
FE00001F80
FC00001FC0
FC00001FC0
FC00001FC0
FC00001FC0
FC00001FC0
FC00001FC0
FE00001FC0
FE00003F80
FE00003F80
7F00003F80
7F00007F00
7F8000FF00
3FC001FE00
1FF007FE00
1FFE3FFC00
0FFFFFF800
07FFFFF000
01FFFFE000
00FFFF8000
003FFF0000
0003FE0000
0000FC0000
0001F80000
0001F00000
0001F00000
0003F00000
0003F08000
0003F8E000
0001FFF000
0001FFF000
0000FFE000
00007FC000
00001E0000
ENDCHAR
STARTCHAR uni01F1
ENCODING 497
SWIDTH 1362 0
DWIDTH 87 0
BBX 78 45 6 0
BITMAP
FFFFFC00000FFFFFFFF8
FFFFFFC0000FFFFFFFF8
FFFFFFF0000FFFFFFFF8
FFFFFFFC000FFFFFFFF8
FFFFFFFE000FFFFFFFF8
FFFFFFFF000FFFFFFFF8
FFFFFFFF800FFFFFFFF0
FE0003FFC00000001FE0
FE00007FE00000003FE0
FE00003FE00000003FC0
FE00001FF00000007F80
FE00000FF8000000FF00
FE000007F8000001FF00
FE000003F8000001FE00
FE000003FC000003FC00
FE000001FC000007F800
FE000001FC00000FF800
FE000001FC00000FF000
FE000001FE00001FE000
FE000000FE00003FC000
FE000000FE00007FC000
FE000000FE00007F8000
FE000000FE0000FF0000
FE000000FE0001FE0000
FE000000FE0003FE0000
FE000000FE0003FC0000
FE000001FE0007F80000
FE000001FC000FF00000
FE000001FC001FF00000
FE000001FC001FE00000
FE000003FC003FC00000
FE000003F8007F800000
FE000007F800FF800000
FE000007F800FF000000
FE00000FF001FE000000
FE00001FF003FC000000
FE00007FE007FC000000
FE0001FFC007F8000000
FFFFFFFF800FFFFFFFFC
FFFFFFFF001FFFFFFFFC
FFFFFFFE001FFFFFFFFC
FFFFFFFC001FFFFFFFFC
FFFFFFF0001FFFFFFFFC
FFFFFFC0001FFFFFFFFC
FFFFFE00001FFFFFFFFC
ENDCHAR
STARTCHAR uni01F2
ENCODING 498
SWIDTH 1231 0
DWIDTH 79 0
BBX 70 45 6 0
BITMAP
FFFFFC000000000000
FFFFFFC00000000000
FFFFFFF00000000000
FFFFFFFC0000000000
FFFFFFFE0000000000
FFFFFFFF0000000000
FFFFFFFF8000000000
FE0003FFC000000000
FE00007FE000000000
FE00003FE000000000
FE00001FF000000000
FE00000FF807FFFFFC
FE000007F807FFFFFC
FE000003F807FFFFFC
FE000003FC07FFFFFC
FE000001FC07FFFFFC
FE000001FC07FFFFFC
FE000001FC000003F8
FE000001FE000007F0
FE000000FE00000FF0
FE000000FE00001FE0
FE000000FE00001FC0
FE000000FE00003F80
FE000000FE00007F80
FE000000FE0000FF00
FE000000FE0000FE00
FE000001FE0001FC00
FE000001FC0003FC00
FE000001FC0007F800
FE000001FC0007F000
FE000003FC000FE000
FE000003F8001FE000
FE000007F8003FC000
FE000007F8003F8000
FE00000FF0007F0000
FE00001FF000FF0000
FE00007FE001FE0000
FE0001FFC001FC0000
FFFFFFFF8003F80000
FFFFFFFF0007FFFFFC
FFFFFFFE0007FFFFFC
FFFFFFFC0007FFFFFC
FFFFFFF00007FFFFFC
FFFFFFC00007FFFFFC
FFFFFE000007FFFFFC
ENDCHAR
STARTCHAR Aringacute
ENCODING 506
SWIDTH 700 0
DWIDTH 45 0
BBX 41 69 2 0
BITMAP
000000200000
000000E00000
000003F00000
000007F00000
00001FF80000
00003FF80000
0000FFF00000
0001FF800000
0001FC000000
0000F0000000
000080000000
000000000000
00003E000000
0000FF000000
0001FF800000
0003FFC00000
0007C3E00000
000781E00000
000781E00000
000781E00000
000781E00000
0003E7C00000
0003FFC00000
0001FF800000
0000FF000000
0000FF000000
0000FF800000
0000FF800000
0001FFC00000
0001FFC00000
0003FFC00000
0003FFE00000
0003FFE00000
0007F7F00000
0007E7F00000
0007E7F00000
000FE3F80000
000FE3F80000
001FC3F80000
001FC1FC0000
001F81FC0000
003F81FE0000
003F80FE0000
007F00FE0000
007F007F0000
007F007F0000
00FE007F8000
00FE003F8000
00FC003F8000
01FC003FC000
01FC001FC000
03FFFFFFC000
03FFFFFFE000
03FFFFFFE000
07FFFFFFF000
07FFFFFFF000
0FFFFFFFF000
0FFFFFFFF800
0FE00003F800
1FC00003FC00
1FC00001FC00
3FC00001FC00
3F800001FE00
3F800000FE00
7F000000FE00
7F0000007F00
7F0000007F00
FE0000007F80
FE0000003F80
ENDCHAR
STARTCHAR aringacute
ENCODING 507
SWIDTH 633 0
DWIDTH 41 0
BBX 34 66 2 -1
BITMAP
0000080000
00001C0000
00003E0000
0000FE0000
0001FF0000
0003FF8000
0007FC0000
000FF00000
001FE00000
000F800000
0006000000
0000000000
0000000000
0001F80000
0007FE0000
000FFF0000
000FFF0000
001F0F8000
001E078000
001E078000
001E078000
001F0F8000
000F9F0000
000FFF0000
0007FE0000
0001F80000
0000000000
0000000000
0000000000
0000000000
0000000000
001FF81FC0
007FFE1FC0
01FFFF9FC0
03FFFFDFC0
07FFFFFFC0
0FFFFFFFC0
1FF807FFC0
1FF001FFC0
3FC000FFC0
3FC0007FC0
7F80003FC0
7F00003FC0
7F00001FC0
7F00001FC0
7E00001FC0
FE00001FC0
FE00001FC0
FE00001FC0
FE00001FC0
7E00001FC0
7F00001FC0
7F00001FC0
7F00003FC0
7F80003FC0
3F80007FC0
3FC000FFC0
1FE001FFC0
1FF803FFC0
0FFF3FFFC0
07FFFFFFC0
03FFFFDFC0
01FFFF9FC0
00FFFE1FC0
003FF81FC0
0007800000
ENDCHAR
STARTCHAR AEacute
ENCODING 508
SWIDTH 969 0
DWIDTH 62 0
BBX 57 59 0 0
BITMAP
0000000000010000
0000000000070000
00000000001F8000
00000000003F8000
0000000000FFC000
0000000001FFC000
0000000007FF8000
000000000FFC0000
000000000FE00000
0000000007800000
0000000004000000
0000000000000000
0000000000000000
0000000000000000
00000001FFFFFF80
00000001FFFFFF80
00000003FFFFFF80
00000007FFFFFF80
00000007FFFFFF80
0000000FFFFFFF80
0000001FF0000000
0000003FF0000000
0000003FF0000000
0000007FF0000000
000000FFF0000000
000000FFF0000000
000001FFF0000000
000003FBF0000000
000003F3F0000000
000007E3F0000000
00000FE3F0000000
00001FC3F0000000
00001F83F0000000
00003F83FFFFFC00
00007F03FFFFFC00
00007E03FFFFFC00
0000FE03FFFFFC00
0001FC03FFFFFC00
0001F803FFFFFC00
0003F803F0000000
0007F003F0000000
000FE003F0000000
000FE003F0000000
001FFFFFF0000000
003FFFFFF0000000
003FFFFFF0000000
007FFFFFF0000000
00FFFFFFF0000000
00FFFFFFF0000000
01FC0003F0000000
03F80003F0000000
03F00003F0000000
07F00003F0000000
0FE00003FFFFFF80
1FC00003FFFFFF80
1FC00003FFFFFF80
3F800003FFFFFF80
7F000003FFFFFF80
FF000003FFFFFF80
ENDCHAR
STARTCHAR aeacute
ENCODING 509
SWIDTH 899 0
DWIDTH 58 0
BBX 53 51 2 -1
BITMAP
00000004000000
0000000E000000
0000001F000000
0000007F000000
000000FF800000
000001FFC00000
000003FE000000
000007F8000000
00000FF0000000
000007C0000000
00000300000000
00000000000000
00000000000000
00000000000000
00000000000000
00000000000000
003FF8007FE000
01FFFE01FFF800
07FFFF87FFFE00
0FFFFFCFFFFF00
1FFFFFFFFFFF80
3FFFFFFFFFFFC0
7FE03FFF807FC0
1F800FFF001FE0
0E0007FE000FE0
040007FC0007F0
000003F80007F0
000003F80003F0
000003F00003F8
000003F00003F8
00FFFFFFFFFFF8
03FFFFFFFFFFF8
0FFFFFFFFFFFF8
1FFFFFFFFFFFF8
3FFFFFFFFFFFF8
3FC003F0000000
7F0003F0000000
7E0003F8000000
7E0003F8000000
FE0003FC000000
FE0003FC000000
FE0007FE0000C0
7E000FFF8001C0
7F003FFFC007E0
7F80FFFFFC3FF0
3FFFFF3FFFFFF0
3FFFFE1FFFFFE0
1FFFF80FFFFFC0
0FFFF003FFFF00
03FFC000FFFC00
003C0000078000
ENDCHAR
STARTCHAR Oslashacute
ENCODING 510
SWIDTH 770 0
DWIDTH 49 0
BBX 44 61 3 -2
BITMAP
000000100000
000000700000
000001F80000
000003F80000
00000FFC0000
00001FFC0000
00007FF80000
0000FFC00000
0000FE000000
000078000000
000040000000
000000000000
000000000300
000000000780
0001FFF80FE0
0007FFFE1FC0
001FFFFFBF80
007FFFFFFF80
00FFFFFFFF00
01FFFFFFFE00
03FFF0FFFC00
07FF000FFE00
0FFC0003FF00
0FF80007FF00
1FF0000FFF80
3FE0001FFF80
3FC0003FBFC0
3F80003F3FC0
7F80007F1FE0
7F0000FE1FE0
7F0001FC0FE0
FF0003F80FE0
FE0007F00FF0
FE0007E007F0
FE000FE007F0
FE001FC007F0
FE003F8007F0
FE007F0007F0
FE007E0007F0
FE00FE0007F0
FE01FC000FF0
FF03F8000FE0
7F07F0000FE0
7F0FE0000FE0
7F8FC0001FE0
3F9FC0001FC0
3FFF80003FC0
3FFF00007F80
1FFE0000FF80
1FFC0001FF00
0FFC0003FF00
07FF000FFE00
07FFC03FFC00
0FFFFFFFF800
1FFFFFFFF000
1FFFFFFFE000
3FBFFFFF8000
7F0FFFFF0000
3E01FFF80000
1C001F000000
080000000000
ENDCHAR
STARTCHAR oslashacute
ENCODING 511
SWIDTH 615 0
DWIDTH 39 0
BBX 34 52 3 -2
BITMAP
0000100000
0000380000
00007C0000
0001FC0000
0003FE0000
0007FF0000
000FF80000
001FE00000
003FC00000
001F000000
000C000000
0000000000
0000000000
0000000000
0000000000
0000000800
001FFC1E00
007FFF9F00
01FFFFFF80
03FFFFFF00
07FFFFFE00
0FFFFFFC00
1FF807FC00
3FE007FE00
3FC007FF00
7F800FFF00
7F001FFF80
FE003FBF80
FE007F3F80
FE00FE1F80
FC00FC1FC0
FC01FC1FC0
FC03F81FC0
FC07F01FC0
FC0FE01FC0
FC1FC01FC0
FE3F801FC0
FE3F003F80
FE7F003F80
7FFE003F80
7FFC007F00
7FF800FF00
3FF001FE00
1FF007FE00
1FFE3FFC00
1FFFFFF800
3FFFFFF000
7FFFFFE000
FEFFFF8000
FC3FFE0000
7803E00000
1000000000
ENDCHAR
STARTCHAR uni0200
ENCODING 512
SWIDTH 700 0
DWIDTH 45 0
BBX 41 60 2 0
BITMAP
008004000000
01C00E000000
01E01F000000
03F03F800000
0FF87FC00000
07FC3FE00000
03FE1FF00000
00FF07F80000
007F83FC0000
001F80F80000
000F00780000
000200100000
000000000000
000000000000
000000000000
00007F000000
0000FF000000
0000FF800000
0000FF800000
0001FFC00000
0001FFC00000
0003FFC00000
0003FFE00000
0003FFE00000
0007F7F00000
0007E7F00000
0007E7F00000
000FE3F80000
000FE3F80000
001FC3F80000
001FC1FC0000
001F81FC0000
003F81FE0000
003F80FE0000
007F00FE0000
007F007F0000
007F007F0000
00FE007F8000
00FE003F8000
00FC003F8000
01FC003FC000
01FC001FC000
03FFFFFFC000
03FFFFFFE000
03FFFFFFE000
07FFFFFFF000
07FFFFFFF000
0FFFFFFFF000
0FFFFFFFF800
0FE00003F800
1FC00003FC00
1FC00001FC00
3FC00001FC00
3F800001FE00
3F800000FE00
7F000000FE00
7F0000007F00
7F0000007F00
FE0000007F80
FE0000003F80
ENDCHAR
STARTCHAR uni0201
ENCODING 513
SWIDTH 633 0
DWIDTH 41 0
BBX 34 51 2 -1
BITMAP
0400600000
0E00700000
1F00F80000
3F81FC0000
3FC3FE0000
7FF3FF0000
1FF8FF8000
07FC3FE000
01FC0FE000
007803C000
0018008000
0000000000
0000000000
0000000000
0000000000
0000000000
001FF81FC0
007FFE1FC0
01FFFF9FC0
03FFFFDFC0
07FFFFFFC0
0FFFFFFFC0
1FF807FFC0
1FF001FFC0
3FC000FFC0
3FC0007FC0
7F80003FC0
7F00003FC0
7F00001FC0
7F00001FC0
7E00001FC0
FE00001FC0
FE00001FC0
FE00001FC0
FE00001FC0
7E00001FC0
7F00001FC0
7F00001FC0
7F00003FC0
7F80003FC0
3F80007FC0
3FC000FFC0
1FE001FFC0
1FF803FFC0
0FFF3FFFC0
07FFFFFFC0
03FFFFDFC0
01FFFF9FC0
00FFFE1FC0
003FF81FC0
0007800000
ENDCHAR
STARTCHAR uni0202
ENCODING 514
SWIDTH 700 0
DWIDTH 45 0
BBX 41 57 2 0
BITMAP
0000FF000000
0003FFC00000
0007FFE00000
000FFFF00000
001FFFF80000
001F81F80000
003F00FC0000
003E007C0000
000E00700000
000000000000
000000000000
000000000000
00007F000000
0000FF000000
0000FF800000
0000FF800000
0001FFC00000
0001FFC00000
0003FFC00000
0003FFE00000
0003FFE00000
0007F7F00000
0007E7F00000
0007E7F00000
000FE3F80000
000FE3F80000
001FC3F80000
001FC1FC0000
001F81FC0000
003F81FE0000
003F80FE0000
007F00FE0000
007F007F0000
007F007F0000
00FE007F8000
00FE003F8000
00FC003F8000
01FC003FC000
01FC001FC000
03FFFFFFC000
03FFFFFFE000
03FFFFFFE000
07FFFFFFF000
07FFFFFFF000
0FFFFFFFF000
0FFFFFFFF800
0FE00003F800
1FC00003FC00
1FC00001FC00
3FC00001FC00
3F800001FE00
3F800000FE00
7F000000FE00
7F0000007F00
7F0000007F00
FE0000007F80
FE0000003F80
ENDCHAR
STARTCHAR uni0203
ENCODING 515
SWIDTH 633 0
DWIDTH 41 0
BBX 34 50 2 -1
BITMAP
0001F80000
0007FE0000
001FFF8000
003FFFC000
003FFFC000
007F8FE000
007E07E000
00FC03F000
00F801F000
00F801F000
0010008000
0000000000
0000000000
0000000000
0000000000
001FF81FC0
007FFE1FC0
01FFFF9FC0
03FFFFDFC0
07FFFFFFC0
0FFFFFFFC0
1FF807FFC0
1FF001FFC0
3FC000FFC0
3FC0007FC0
7F80003FC0
7F00003FC0
7F00001FC0
7F00001FC0
7E00001FC0
FE00001FC0
FE00001FC0
FE00001FC0
FE00001FC0
7E00001FC0
7F00001FC0
7F00001FC0
7F00003FC0
7F80003FC0
3F80007FC0
3FC000FFC0
1FE001FFC0
1FF803FFC0
0FFF3FFFC0
07FFFFFFC0
03FFFFDFC0
01FFFF9FC0
00FFFE1FC0
003FF81FC0
0007800000
ENDCHAR
STARTCHAR uni0204
ENCODING 516
SWIDTH 614 0
DWIDTH 39 0
BBX 30 60 5 0
BITMAP
08004000
1C00E000
1E01F000
3F03F800
FF87FC00
7FC3FE00
3FE1FF00
0FF07F80
07F83FC0
01F80F80
00F00780
00200100
00000000
00000000
00000000
7FFFFFFC
7FFFFFFC
7FFFFFFC
7FFFFFFC
7FFFFFFC
7FFFFFFC
7FFFFFFC
7F000000
7F000000
7F000000
7F000000
7F000000
7F000000
7F000000
7F000000
7F000000
7F000000
7F000000
7F000000
7FFFFFC0
7FFFFFC0
7FFFFFC0
7FFFFFC0
7FFFFFC0
7FFFFFC0
7F000000
7F000000
7F000000
7F000000
7F000000
7F000000
7F000000
7F000000
7F000000
7F000000
7F000000
7F000000
7F000000
7FFFFFFC
7FFFFFFC
7FFFFFFC
7FFFFFFC
7FFFFFFC
7FFFFFFC
7FFFFFFC
ENDCHAR
STARTCHAR uni0205
ENCODING 517
SWIDTH 586 0
DWIDTH 38 0
BBX 33 51 2 -1
BITMAP
0800C00000
1C00E00000
3E01F00000
7F03F80000
7F87FC0000
FFE7FE0000
3FF1FF0000
0FF87FC000
03F81FC000
00F0078000
0030010000
0000000000
0000000000
0000000000
0000000000
0000000000
000FFE0000
003FFF8000
00FFFFE000
01FFFFF000
03FFFFF800
07FFFFFC00
0FF807FC00
1FE001FE00
1FC000FF00
3F80007F00
3F00007F00
7F00003F80
7F00003F80
7E00003F80
7FFFFFFF80
7FFFFFFF80
7FFFFFFF80
7FFFFFFF80
7FFFFFFF80
7E00000000
7E00000000
7F00000000
7F00000000
7F80000000
3F80000000
3FC0001800
1FF0003800
1FF800FC00
0FFF87FE00
07FFFFFF00
03FFFFFC00
00FFFFF800
007FFFE000
001FFF8000
0000F00000
ENDCHAR
STARTCHAR uni0206
ENCODING 518
SWIDTH 614 0
DWIDTH 39 0
BBX 29 57 6 0
BITMAP
001FE000
007FF800
00FFFC00
01FFFE00
03FFFF00
03F03F00
07E01F80
07C00F80
01C00E00
00000000
00000000
00000000
FFFFFFF8
FFFFFFF8
FFFFFFF8
FFFFFFF8
FFFFFFF8
FFFFFFF8
FFFFFFF8
FE000000
FE000000
FE000000
FE000000
FE000000
FE000000
FE000000
FE000000
FE000000
FE000000
FE000000
FE000000
FFFFFF80
FFFFFF80
FFFFFF80
FFFFFF80
FFFFFF80
FFFFFF80
FE000000
FE000000
FE000000
FE000000
FE000000
FE000000
FE000000
FE000000
FE000000
FE000000
FE000000
FE000000
FE000000
FFFFFFF8
FFFFFFF8
FFFFFFF8
FFFFFFF8
FFFFFFF8
FFFFFFF8
FFFFFFF8
ENDCHAR
STARTCHAR uni0207
ENCODING 519
SWIDTH 586 0
DWIDTH 38 0
BBX 32 50 3 -1
BITMAP
0003F000
000FFC00
003FFF00
007FFF80
007FFF80
00FF1FC0
00FC0FC0
01F807E0
01F003E0
01F003E0
00200100
00000000
00000000
00000000
00000000
001FFC00
007FFF00
01FFFFC0
03FFFFE0
07FFFFF0
0FFFFFF8
1FF00FF8
3FC003FC
3F8001FE
7F0000FE
7E0000FE
FE00007F
FE00007F
FC00007F
FFFFFFFF
FFFFFFFF
FFFFFFFF
FFFFFFFF
FFFFFFFF
FC000000
FC000000
FE000000
FE000000
FF000000
7F000000
7F800030
3FE00070
3FF001F8
1FFF0FFC
0FFFFFFE
07FFFFF8
01FFFFF0
00FFFFC0
003FFF00
0001E000
ENDCHAR
STARTCHAR uni0208
ENCODING 520
SWIDTH 478 0
DWIDTH 31 0
BBX 27 60 -1 0
BITMAP
08004000
1C00E000
1E01F000
3F03F800
FF87FC00
7FC3FE00
3FE1FF00
0FF07F80
07F83FC0
01F80F80
00F00780
00200100
00000000
00000000
00000000
03FFFFE0
03FFFFE0
03FFFFE0
03FFFFE0
03FFFFE0
03FFFFE0
03FFFFE0
0007F000
0007F000
0007F000
0007F000
0007F000
0007F000
0007F000
0007F000
0007F000
0007F000
0007F000
0007F000
0007F000
0007F000
0007F000
0007F000
0007F000
0007F000
0007F000
0007F000
0007F000
0007F000
0007F000
0007F000
0007F000
0007F000
0007F000
0007F000
0007F000
0007F000
0007F000
0007F000
03FFFFE0
03FFFFE0
03FFFFE0
03FFFFE0
03FFFFE0
03FFFFE0
ENDCHAR
STARTCHAR uni0209
ENCODING 521
SWIDTH 243 0
DWIDTH 16 0
BBX 26 50 -10 0
BITMAP
0800C000
1C00E000
3E01F000
7F03F800
7F87FC00
FFE7FE00
3FF1FF00
0FF87FC0
03F81FC0
00F00780
00300100
00000000
00000000
00000000
00000000
00000000
0003F800
0003F800
0003F800
0003F800
0003F800
0003F800
0003F800
0003F800
0003F800
0003F800
0003F800
0003F800
0003F800
0003F800
0003F800
0003F800
0003F800
0003F800
0003F800
0003F800
0003F800
0003F800
0003F800
0003F800
0003F800
0003F800
0003F800
0003F800
0003F800
0003F800
0003F800
0003F800
0003F800
0003F800
ENDCHAR
STARTCHAR uni020A
ENCODING 522
SWIDTH 478 0
DWIDTH 31 0
BBX 21 57 5 0
BITMAP
03FC00
0FFF00
1FFF80
3FFFC0
7FFFE0
7E07E0
FC03F0
F801F0
3801C0
000000
000000
000000
FFFFF8
FFFFF8
FFFFF8
FFFFF8
FFFFF8
FFFFF8
FFFFF8
01FC00
01FC00
01FC00
01FC00
01FC00
01FC00
01FC00
01FC00
01FC00
01FC00
01FC00
01FC00
01FC00
01FC00
01FC00
01FC00
01FC00
01FC00
01FC00
01FC00
01FC00
01FC00
01FC00
01FC00
01FC00
01FC00
01FC00
01FC00
01FC00
01FC00
01FC00
01FC00
FFFFF8
FFFFF8
FFFFF8
FFFFF8
FFFFF8
FFFFF8
ENDCHAR
STARTCHAR uni020B
ENCODING 523
SWIDTH 243 0
DWIDTH 16 0
BBX 20 49 -2 0
BITMAP
01F800
07FE00
1FFF80
3FFFC0
3FFFC0
7F8FE0
7E07E0
FC03F0
F801F0
F801F0
100080
000000
000000
000000
000000
03F800
03F800
03F800
03F800
03F800
03F800
03F800
03F800
03F800
03F800
03F800
03F800
03F800
03F800
03F800
03F800
03F800
03F800
03F800
03F800
03F800
03F800
03F800
03F800
03F800
03F800
03F800
03F800
03F800
03F800
03F800
03F800
03F800
03F800
ENDCHAR
STARTCHAR uni020C
ENCODING 524
SWIDTH 782 0
DWIDTH 50 0
BBX 44 61 3 -1
BITMAP
002001000000
007003800000
007807C00000
00FC0FE00000
03FE1FF00000
01FF0FF80000
00FF87FC0000
003FC1FE0000
001FE0FF0000
0007E03E0000
0003C01E0000
000080040000
000000000000
000000000000
000000000000
0001FFF80000
0007FFFE0000
001FFFFF8000
007FFFFFE000
00FFFFFFF000
01FFFFFFF800
03FFF07FFC00
07FF000FFE00
0FFC0003FF00
0FF80001FF00
1FF00000FF80
1FE000007F80
3FC000003FC0
3F8000001FC0
7F8000001FE0
7F0000000FE0
7F0000000FE0
7F0000000FF0
FE0000000FF0
FE00000007F0
FE00000007F0
FE00000007F0
FE00000007F0
FE00000007F0
FE00000007F0
FE00000007F0
FE00000007F0
FF0000000FF0
7F0000000FE0
7F0000000FE0
7F8000001FE0
3F8000001FC0
3FC000003FC0
3FE000007FC0
1FE00000FF80
0FF80001FF80
0FFC0003FF00
07FF000FFE00
03FFC03FFC00
01FFFFFFF800
00FFFFFFF000
007FFFFFE000
001FFFFF8000
000FFFFF0000
0001FFF80000
00001F800000
ENDCHAR
STARTCHAR uni020D
ENCODING 525
SWIDTH 615 0
DWIDTH 39 0
BBX 35 51 2 -1
BITMAP
0800C00000
1C00E00000
3E01F00000
7F03F80000
7F87FC0000
FFE7FE0000
3FF1FF0000
0FF87FC000
03F81FC000
00F0078000
0030010000
0000000000
0000000000
0000000000
0000000000
0000000000
000FFE0000
003FFFC000
00FFFFE000
01FFFFF800
03FFFFFC00
07FFFFFE00
0FFC03FE00
1FF000FF00
1FE0007F80
3FC0003F80
3F80003FC0
7F00001FC0
7F00001FC0
7F00000FC0
7E00000FE0
7E00000FE0
7E00000FE0
7E00000FE0
7E00000FE0
7E00000FE0
7F00000FE0
7F00001FC0
7F00001FC0
3F80001FC0
3F80003F80
3FC0007F80
1FE000FF00
0FF803FF00
0FFF1FFE00
07FFFFFC00
03FFFFF800
00FFFFF000
007FFFC000
001FFF0000
0001F00000
ENDCHAR
STARTCHAR uni020E
ENCODING 526
SWIDTH 782 0
DWIDTH 50 0
BBX 44 58 3 -1
BITMAP
00003FC00000
0000FFF00000
0001FFF80000
0003FFFC0000
0007FFFE0000
0007E07E0000
000FC03F0000
000F801F0000
0003801C0000
000000000000
000000000000
000000000000
0001FFF80000
0007FFFE0000
001FFFFF8000
007FFFFFE000
00FFFFFFF000
01FFFFFFF800
03FFF07FFC00
07FF000FFE00
0FFC0003FF00
0FF80001FF00
1FF00000FF80
1FE000007F80
3FC000003FC0
3F8000001FC0
7F8000001FE0
7F0000000FE0
7F0000000FE0
7F0000000FF0
FE0000000FF0
FE00000007F0
FE00000007F0
FE00000007F0
FE00000007F0
FE00000007F0
FE00000007F0
FE00000007F0
FE00000007F0
FF0000000FF0
7F0000000FE0
7F0000000FE0
7F8000001FE0
3F8000001FC0
3FC000003FC0
3FE000007FC0
1FE00000FF80
0FF80001FF80
0FFC0003FF00
07FF000FFE00
03FFC03FFC00
01FFFFFFF800
00FFFFFFF000
007FFFFFE000
001FFFFF8000
000FFFFF0000
0001FFF80000
00001F800000
ENDCHAR
STARTCHAR uni020F
ENCODING 527
SWIDTH 615 0
DWIDTH 39 0
BBX 34 50 3 -1
BITMAP
0003F00000
000FFC0000
003FFF0000
007FFF8000
007FFF8000
00FF1FC000
00FC0FC000
01F807E000
01F003E000
01F003E000
0020010000
0000000000
0000000000
0000000000
0000000000
001FFC0000
007FFF8000
01FFFFC000
03FFFFF000
07FFFFF800
0FFFFFFC00
1FF807FC00
3FE001FE00
3FC000FF00
7F80007F00
7F00007F80
FE00003F80
FE00003F80
FE00001F80
FC00001FC0
FC00001FC0
FC00001FC0
FC00001FC0
FC00001FC0
FC00001FC0
FE00001FC0
FE00003F80
FE00003F80
7F00003F80
7F00007F00
7F8000FF00
3FC001FE00
1FF007FE00
1FFE3FFC00
0FFFFFF800
07FFFFF000
01FFFFE000
00FFFF8000
003FFE0000
0003E00000
ENDCHAR
STARTCHAR uni0210
ENCODING 528
SWIDTH 695 0
DWIDTH 44 0
BBX 37 60 4 0
BITMAP
0800400000
1C00E00000
1E01F00000
3F03F80000
FF87FC0000
7FC3FE0000
3FE1FF0000
0FF07F8000
07F83FC000
01F80F8000
00F0078000
0020010000
0000000000
0000000000
0000000000
3FFFFF0000
3FFFFFE000
3FFFFFF800
3FFFFFFC00
3FFFFFFF00
3FFFFFFF00
3FFFFFFF80
3F8000FFC0
3F80003FC0
3F80001FE0
3F80001FE0
3F80000FE0
3F80000FE0
3F80000FE0
3F80000FE0
3F80000FE0
3F80000FE0
3F80000FE0
3F80001FE0
3F80001FC0
3F80007FC0
3F8003FF80
3FFFFFFF80
3FFFFFFF00
3FFFFFFE00
3FFFFFFC00
3FFFFFF000
3FFFFFE000
3F800FF000
3F800FF000
3F8007F800
3F8007F800
3F8003FC00
3F8003FE00
3F8001FE00
3F8000FF00
3F8000FF00
3F80007F80
3F80007F80
3F80003FC0
3F80003FE0
3F80001FE0
3F80001FF0
3F80000FF0
3F800007F8
ENDCHAR
STARTCHAR uni0211
ENCODING 529
SWIDTH 403 0
DWIDTH 26 0
BBX 27 50 -2 0
BITMAP
0800C000
1C00E000
3E01F000
7F03F800
7F87FC00
FFE7FE00
3FF1FF00
0FF87FC0
03F81FC0
00F00780
00300100
00000000
00000000
00000000
00000000
00000000
01F80FE0
01F83FE0
01F8FFE0
01F9FFC0
01F9FFC0
01FBFFC0
01FFFFC0
01FFC040
01FF8000
01FF0000
01FE0000
01FC0000
01FC0000
01F80000
01F80000
01F80000
01F80000
01F80000
01F80000
01F80000
01F80000
01F80000
01F80000
01F80000
01F80000
01F80000
01F80000
01F80000
01F80000
01F80000
01F80000
01F80000
01F80000
01F80000
ENDCHAR
STARTCHAR uni0212
ENCODING 530
SWIDTH 695 0
DWIDTH 44 0
BBX 35 57 6 0
BITMAP
003FC00000
00FFF00000
01FFF80000
03FFFC0000
07FFFE0000
07E07E0000
0FC03F0000
0F801F0000
03801C0000
0000000000
0000000000
0000000000
FFFFFC0000
FFFFFF8000
FFFFFFE000
FFFFFFF000
FFFFFFFC00
FFFFFFFC00
FFFFFFFE00
FE0003FF00
FE0000FF00
FE00007F80
FE00007F80
FE00003F80
FE00003F80
FE00003F80
FE00003F80
FE00003F80
FE00003F80
FE00003F80
FE00007F80
FE00007F00
FE0001FF00
FE000FFE00
FFFFFFFE00
FFFFFFFC00
FFFFFFF800
FFFFFFF000
FFFFFFC000
FFFFFF8000
FE003FC000
FE003FC000
FE001FE000
FE001FE000
FE000FF000
FE000FF800
FE0007F800
FE0003FC00
FE0003FC00
FE0001FE00
FE0001FE00
FE0000FF00
FE0000FF80
FE00007F80
FE00007FC0
FE00003FC0
FE00001FE0
ENDCHAR
STARTCHAR uni0213
ENCODING 531
SWIDTH 403 0
DWIDTH 26 0
BBX 20 49 5 0
BITMAP
01F800
07FE00
1FFF80
3FFFC0
3FFFC0
7F8FE0
7E07E0
FC03F0
F801F0
F801F0
100080
000000
000000
000000
000000
FC07F0
FC1FF0
FC7FF0
FCFFE0
FCFFE0
FDFFE0
FFFFE0
FFE020
FFC000
FF8000
FF0000
FE0000
FE0000
FC0000
FC0000
FC0000
FC0000
FC0000
FC0000
FC0000
FC0000
FC0000
FC0000
FC0000
FC0000
FC0000
FC0000
FC0000
FC0000
FC0000
FC0000
FC0000
FC0000
FC0000
ENDCHAR
STARTCHAR uni0214
ENCODING 532
SWIDTH 740 0
DWIDTH 47 0
BBX 36 60 6 0
BITMAP
0400200000
0E00700000
0F00F80000
1F81FC0000
7FC3FE0000
3FE1FF0000
1FF0FF8000
07F83FC000
03FC1FE000
00FC07C000
007803C000
0010008000
0000000000
0000000000
0000000000
FE000007F0
FE000007F0
FE000007F0
FE000007F0
FE000007F0
FE000007F0
FE000007F0
FE000007F0
FE000007F0
FE000007F0
FE000007F0
FE000007F0
FE000007F0
FE000007F0
FE000007F0
FE000007F0
FE000007F0
FE000007F0
FE000007F0
FE000007F0
FE000007F0
FE000007F0
FE000007F0
FE000007F0
FE000007F0
FE000007F0
FE000007F0
FE000007F0
FE000007F0
FE000007F0
FE000007F0
FE00000FE0
FF00000FE0
FF00001FE0
7F80001FC0
7FC0003FC0
3FE0007FC0
3FF801FF80
1FFE0FFF00
0FFFFFFE00
07FFFFFE00
03FFFFF800
01FFFFF000
007FFFC000
000FFF0000
ENDCHAR
STARTCHAR uni0215
ENCODING 533
SWIDTH 605 0
DWIDTH 39 0
BBX 32 51 2 -1
BITMAP
0800C000
1C00E000
3E01F000
7F03F800
7F87FC00
FFE7FE00
3FF1FF00
0FF87FC0
03F81FC0
00F00780
00300100
00000000
00000000
00000000
00000000
00000000
1F80003F
1F80003F
1F80003F
1F80003F
1F80003F
1F80003F
1F80003F
1F80003F
1F80003F
1F80003F
1F80003F
1F80003F
1F80003F
1F80003F
1F80003F
1F80003F
1F80003F
1F80003F
1F80003F
1F80003F
1F80003F
1F80007F
1FC0007F
1FC0007F
1FC0007F
1FE000FF
1FE001FF
0FF003FF
0FFE0FFF
07FFFFBF
07FFFF3F
03FFFE3F
01FFFC3F
007FF03F
000F8000
ENDCHAR
STARTCHAR uni0216
ENCODING 534
SWIDTH 740 0
DWIDTH 47 0
BBX 36 57 6 0
BITMAP
0003FC0000
000FFF0000
001FFF8000
003FFFC000
007FFFE000
007E07E000
00FC03F000
00F801F000
003801C000
0000000000
0000000000
0000000000
FE000007F0
FE000007F0
FE000007F0
FE000007F0
FE000007F0
FE000007F0
FE000007F0
FE000007F0
FE000007F0
FE000007F0
FE000007F0
FE000007F0
FE000007F0
FE000007F0
FE000007F0
FE000007F0
FE000007F0
FE000007F0
FE000007F0
FE000007F0
FE000007F0
FE000007F0
FE000007F0
FE000007F0
FE000007F0
FE000007F0
FE000007F0
FE000007F0
FE000007F0
FE000007F0
FE000007F0
FE00000FE0
FF00000FE0
FF00001FE0
7F80001FC0
7FC0003FC0
3FE0007FC0
3FF801FF80
1FFE0FFF00
0FFFFFFE00
07FFFFFE00
03FFFFF800
01FFFFF000
007FFFC000
000FFF0000
ENDCHAR
STARTCHAR uni0217
ENCODING 535
SWIDTH 605 0
DWIDTH 39 0
BBX 29 50 5 -1
BITMAP
001F8000
007FE000
01FFF800
03FFFC00
03FFFC00
07F8FE00
07E07E00
0FC03F00
0F801F00
0F801F00
01000800
00000000
00000000
00000000
00000000
FC0001F8
FC0001F8
FC0001F8
FC0001F8
FC0001F8
FC0001F8
FC0001F8
FC0001F8
FC0001F8
FC0001F8
FC0001F8
FC0001F8
FC0001F8
FC0001F8
FC0001F8
FC0001F8
FC0001F8
FC0001F8
FC0001F8
FC0001F8
FC0001F8
FC0003F8
FE0003F8
FE0003F8
FE0003F8
FF0007F8
FF000FF8
7F801FF8
7FF07FF8
3FFFFDF8
3FFFF9F8
1FFFF1F8
0FFFE1F8
03FF81F8
007C0000
ENDCHAR
STARTCHAR uni0218
ENCODING 536
SWIDTH 624 0
DWIDTH 40 0
BBX 33 61 3 -16
BITMAP
000FFF0000
007FFFE000
00FFFFF000
03FFFFFC00
07FFFFFE00
07FFFFFF00
0FF803FF00
1FF000FF80
1FE0007F00
1FC0003E00
1FC0001C00
3F80000800
3F80000000
3FC0000000
1FC0000000
1FE0000000
1FF0000000
1FF8000000
0FFF000000
07FFF00000
07FFFF0000
03FFFFC000
00FFFFF000
007FFFF800
000FFFFC00
0001FFFE00
00001FFF00
000003FF00
000000FF80
0000007F80
0000003F80
0800003F80
0C00003F80
1C00003F80
3E00003F80
7F00003F80
FF80007F80
7FE000FF00
7FF801FF00
3FFFFFFE00
1FFFFFFC00
0FFFFFF800
03FFFFF000
01FFFFE000
003FFF0000
0003F00000
0000000000
0000000000
0001F00000
0003FC0000
0003FC0000
0003FE0000
0003FE0000
0000FE0000
00007C0000
0000FC0000
0000F80000
0003F00000
0007E00000
0003800000
0002000000
ENDCHAR
STARTCHAR uni0219
ENCODING 537
SWIDTH 479 0
DWIDTH 31 0
BBX 25 49 3 -15
BITMAP
01FFC000
07FFF000
0FFFFC00
1FFFFE00
3FFFFF00
7FC1FF80
7F007F00
7E001E00
FE000C00
FE000000
FE000000
7F000000
7F800000
7FF00000
3FFE0000
3FFFC000
0FFFF000
07FFFC00
01FFFE00
003FFF00
0007FF00
0000FF80
00003F80
00003F80
00001F80
18001F80
3C003F80
7E003F00
FF807F00
FFFFFF00
7FFFFE00
3FFFFC00
0FFFF000
03FFE000
003E0000
00000000
00000000
003E0000
007F8000
007F8000
007FC000
007FC000
001FC000
000F8000
001F8000
001F0000
00FE0000
007C0000
00700000
ENDCHAR
STARTCHAR uni021A
ENCODING 538
SWIDTH 576 0
DWIDTH 37 0
BBX 33 61 2 -16
BITMAP
FFFFFFFF80
FFFFFFFF80
FFFFFFFF80
FFFFFFFF80
FFFFFFFF80
FFFFFFFF80
FFFFFFFF80
0007F00000
0007F00000
0007F00000
0007F00000
0007F00000
0007F00000
0007F00000
0007F00000
0007F00000
0007F00000
0007F00000
0007F00000
0007F00000
0007F00000
0007F00000
0007F00000
0007F00000
0007F00000
0007F00000
0007F00000
0007F00000
0007F00000
0007F00000
0007F00000
0007F00000
0007F00000
0007F00000
0007F00000
0007F00000
0007F00000
0007F00000
0007F00000
0007F00000
0007F00000
0007F00000
0007F00000
0007F00000
0007F00000
0000000000
0000000000
0000000000
0007C00000
000FF00000
000FF00000
000FF80000
000FF80000
0003F80000
0001F00000
0003F00000
0003E00000
000FC00000
001F800000
000E000000
0008000000
ENDCHAR
STARTCHAR uni021B
ENCODING 539
SWIDTH 384 0
DWIDTH 25 0
BBX 21 57 2 -15
BITMAP
01F800
01F800
01F800
01F800
01F800
01F800
01F800
01F800
FFFFF8
FFFFF8
FFFFF8
FFFFF8
FFFFF8
FFFFF8
FFFFF8
01F800
01F800
01F800
01F800
01F800
01F800
01F800
01F800
01F800
01F800
01F800
01F800
01F800
01F800
01F800
01F800
01F800
01F800
01F800
01F800
01F800
01F800
01F800
01F800
01F800
01F800
01F800
000000
000000
000000
01F000
03FC00
03FC00
03FE00
03FE00
00FE00
007C00
00FC00
00F800
07F000
03E000
038000
ENDCHAR
STARTCHAR uni022A
ENCODING 554
SWIDTH 782 0
DWIDTH 50 0
BBX 44 66 3 -1
BITMAP
001FFFFF8000
001FFFFF8000
001FFFFF8000
001FFFFF8000
001FFFFF8000
000000000000
000000000000
000000000000
0007C03E0000
000FE07F0000
001FF07F8000
001FF0FF8000
001FF0FF8000
001FF0FF8000
001FE07F0000
000FC07F0000
000000000000
000000000000
000000000000
000000000000
0001FFF80000
0007FFFE0000
001FFFFF8000
007FFFFFE000
00FFFFFFF000
01FFFFFFF800
03FFF07FFC00
07FF000FFE00
0FFC0003FF00
0FF80001FF00
1FF00000FF80
1FE000007F80
3FC000003FC0
3F8000001FC0
7F8000001FE0
7F0000000FE0
7F0000000FE0
7F0000000FF0
FE0000000FF0
FE00000007F0
FE00000007F0
FE00000007F0
FE00000007F0
FE00000007F0
FE00000007F0
FE00000007F0
FE00000007F0
FF0000000FF0
7F0000000FE0
7F0000000FE0
7F8000001FE0
3F8000001FC0
3FC000003FC0
3FE000007FC0
1FE00000FF80
0FF80001FF80
0FFC0003FF00
07FF000FFE00
03FFC03FFC00
01FFFFFFF800
00FFFFFFF000
007FFFFFE000
001FFFFF8000
000FFFFF0000
0001FFF80000
00001F800000
ENDCHAR
STARTCHAR uni022B
ENCODING 555
SWIDTH 615 0
DWIDTH 39 0
BBX 34 59 3 -1
BITMAP
00FFFFC000
00FFFFC000
00FFFFC000
00FFFFC000
00FFFFC000
0000000000
0000000000
0000000000
0000000000
00FC0FC000
01FE0FE000
03FE1FF000
03FE1FF000
03FE1FF000
03FE1FE000
01FC0FE000
00F8078000
0000000000
0000000000
0000000000
0000000000
0000000000
0000000000
0000000000
001FFC0000
007FFF8000
01FFFFC000
03FFFFF000
07FFFFF800
0FFFFFFC00
1FF807FC00
3FE001FE00
3FC000FF00
7F80007F00
7F00007F80
FE00003F80
FE00003F80
FE00001F80
FC00001FC0
FC00001FC0
FC00001FC0
FC00001FC0
FC00001FC0
FC00001FC0
FE00001FC0
FE00003F80
FE00003F80
7F00003F80
7F00007F00
7F8000FF00
3FC001FE00
1FF007FE00
1FFE3FFC00
0FFFFFF800
07FFFFF000
01FFFFE000
00FFFF8000
003FFE0000
0003E00000
ENDCHAR
STARTCHAR uni022C
ENCODING 556
SWIDTH 782 0
DWIDTH 50 0
BBX 44 66 3 -1
BITMAP
001FFFFF8000
001FFFFF8000
001FFFFF8000
001FFFFF8000
001FFFFF8000
000000000000
000000000000
000000000000
000000000000
0001FC0F8000
0007FF8F8000
000FFFFF8000
000FFFFF0000
001FBFFF0000
001F07FE0000
001F00F80000
000000000000
000000000000
000000000000
000000000000
0001FFF80000
0007FFFE0000
001FFFFF8000
007FFFFFE000
00FFFFFFF000
01FFFFFFF800
03FFF07FFC00
07FF000FFE00
0FFC0003FF00
0FF80001FF00
1FF00000FF80
1FE000007F80
3FC000003FC0
3F8000001FC0
7F8000001FE0
7F0000000FE0
7F0000000FE0
7F0000000FF0
FE0000000FF0
FE00000007F0
FE00000007F0
FE00000007F0
FE00000007F0
FE00000007F0
FE00000007F0
FE00000007F0
FE00000007F0
FF0000000FF0
7F0000000FE0
7F0000000FE0
7F8000001FE0
3F8000001FC0
3FC000003FC0
3FE000007FC0
1FE00000FF80
0FF80001FF80
0FFC0003FF00
07FF000FFE00
03FFC03FFC00
01FFFFFFF800
00FFFFFFF000
007FFFFFE000
001FFFFF8000
000FFFFF0000
0001FFF80000
00001F800000
ENDCHAR
STARTCHAR uni022D
ENCODING 557
SWIDTH 615 0
DWIDTH 39 0
BBX 34 59 3 -1
BITMAP
00FFFFC000
00FFFFC000
00FFFFC000
00FFFFC000
00FFFFC000
0000000000
0000000000
0000000000
0000000000
0000000000
000E018000
003F81E000
007FC3E000
00FFF3E000
01FFFFE000
01F1FFC000
01F0FF8000
01E07F0000
00201C0000
0000000000
0000000000
0000000000
0000000000
0000000000
001FFC0000
007FFF8000
01FFFFC000
03FFFFF000
07FFFFF800
0FFFFFFC00
1FF807FC00
3FE001FE00
3FC000FF00
7F80007F00
7F00007F80
FE00003F80
FE00003F80
FE00001F80
FC00001FC0
FC00001FC0
FC00001FC0
FC00001FC0
FC00001FC0
FC00001FC0
FE00001FC0
FE00003F80
FE00003F80
7F00003F80
7F00007F00
7F8000FF00
3FC001FE00
1FF007FE00
1FFE3FFC00
0FFFFFF800
07FFFFF000
01FFFFE000
00FFFF8000
003FFE0000
0003E00000
ENDCHAR
STARTCHAR uni0230
ENCODING 560
SWIDTH 782 0
DWIDTH 50 0
BBX 44 66 3 -1
BITMAP
001FFFFF8000
001FFFFF8000
001FFFFF8000
001FFFFF8000
001FFFFF8000
000000000000
000000000000
000000000000
00000F000000
00001FC00000
00003FC00000
00003FC00000
00003FC00000
00003FC00000
00003FC00000
00001F800000
000000000000
000000000000
000000000000
000000000000
0001FFF80000
0007FFFE0000
001FFFFF8000
007FFFFFE000
00FFFFFFF000
01FFFFFFF800
03FFF07FFC00
07FF000FFE00
0FFC0003FF00
0FF80001FF00
1FF00000FF80
1FE000007F80
3FC000003FC0
3F8000001FC0
7F8000001FE0
7F0000000FE0
7F0000000FE0
7F0000000FF0
FE0000000FF0
FE00000007F0
FE00000007F0
FE00000007F0
FE00000007F0
FE00000007F0
FE00000007F0
FE00000007F0
FE00000007F0
FF0000000FF0
7F0000000FE0
7F0000000FE0
7F8000001FE0
3F8000001FC0
3FC000003FC0
3FE000007FC0
1FE00000FF80
0FF80001FF80
0FFC0003FF00
07FF000FFE00
03FFC03FFC00
01FFFFFFF800
00FFFFFFF000
007FFFFFE000
001FFFFF8000
000FFFFF0000
0001FFF80000
00001F800000
ENDCHAR
STARTCHAR uni0231
ENCODING 561
SWIDTH 615 0
DWIDTH 39 0
BBX 34 59 3 -1
BITMAP
00FFFFC000
00FFFFC000
00FFFFC000
00FFFFC000
00FFFFC000
0000000000
0000000000
0000000000
0000000000
0003F00000
0007F80000
0007F80000
0007F80000
0007F80000
0007F80000
0007F80000
0001E00000
0000000000
0000000000
0000000000
0000000000
0000000000
0000000000
0000000000
001FFC0000
007FFF8000
01FFFFC000
03FFFFF000
07FFFFF800
0FFFFFFC00
1FF807FC00
3FE001FE00
3FC000FF00
7F80007F00
7F00007F80
FE00003F80
FE00003F80
FE00001F80
FC00001FC0
FC00001FC0
FC00001FC0
FC00001FC0
FC00001FC0
FC00001FC0
FE00001FC0
FE00003F80
FE00003F80
7F00003F80
7F00007F00
7F8000FF00
3FC001FE00
1FF007FE00
1FFE3FFC00
0FFFFFF800
07FFFFF000
01FFFFE000
00FFFF8000
003FFE0000
0003E00000
ENDCHAR
STARTCHAR uni0232
ENCODING 562
SWIDTH 660 0
DWIDTH 42 0
BBX 41 55 1 0
BITMAP
007FFFFE0000
007FFFFE0000
007FFFFE0000
007FFFFE0000
007FFFFE0000
000000000000
000000000000
000000000000
000000000000
000000000000
FF000000FF80
7F800000FF00
7FC00001FE00
3FC00001FC00
1FE00003FC00
1FF00007F800
0FF00007F000
07F8000FF000
03FC001FE000
03FC001FC000
01FE003FC000
00FF007F8000
00FF807F0000
007F80FF0000
003FC0FE0000
003FE1FE0000
001FE3FC0000
000FF3F80000
0007FFF80000
0007FFF00000
0003FFE00000
0001FFE00000
0001FFC00000
0000FF800000
00007F800000
00007F000000
00007F000000
00007F000000
00007F000000
00007F000000
00007F000000
00007F000000
00007F000000
00007F000000
00007F000000
00007F000000
00007F000000
00007F000000
00007F000000
00007F000000
00007F000000
00007F000000
00007F000000
00007F000000
00007F000000
ENDCHAR
STARTCHAR uni0233
ENCODING 563
SWIDTH 581 0
DWIDTH 37 0
BBX 37 61 0 -15
BITMAP
003FFFF000
003FFFF000
003FFFF000
003FFFF000
003FFFF000
0000000000
0000000000
0000000000
0000000000
0000000000
0000000000
0000000000
FF000007F8
7F000007F0
7F80000FF0
3F80000FF0
3FC0000FE0
1FC0001FE0
1FE0001FC0
1FE0003FC0
0FE0003FC0
0FF0003F80
07F0007F80
07F8007F00
03F8007F00
03FC00FE00
01FC00FE00
01FC00FE00
01FE01FC00
00FE01FC00
00FF03F800
007F03F800
007F83F800
003F87F000
003F87F000
001FC7E000
001FCFE000
001FEFE000
000FEFC000
000FFFC000
0007FF8000
0007FF8000
0003FF8000
0003FF0000
0001FF0000
0001FE0000
0001FE0000
0000FC0000
0000FC0000
0001FC0000
0001F80000
0003F80000
0003F80000
0007F00000
0007F00000
000FE00000
000FE00000
000FE00000
001FC00000
001FC00000
003F800000
ENDCHAR
STARTCHAR uni0237
ENCODING 567
SWIDTH 263 0
DWIDTH 17 0
BBX 14 47 -2 -13
BITMAP
01FC
01FC
01FC
01FC
01FC
01FC
01FC
01FC
01FC
01FC
01FC
01FC
01FC
01FC
01FC
01FC
01FC
01FC
01FC
01FC
01FC
01FC
01FC
01FC
01FC
01FC
01FC
01FC
01FC
01FC
01FC
01FC
01FC
01FC
01FC
01FC
01FC
01FC
03FC
03F8
0FF8
7FF0
FFF0
7FE0
7FC0
3F00
3800
ENDCHAR
STARTCHAR uni0259
ENCODING 601
SWIDTH 586 0
DWIDTH 38 0
BBX 32 35 3 -1
BITMAP
007FF000
03FFFE00
0FFFFF00
1FFFFFC0
7FFFFFE0
7FFFFFF0
3F803FF8
1E000FF8
1C0003FC
080001FC
000001FE
000000FE
0000007E
0000007F
0000007F
0000007F
FFFFFFFF
FFFFFFFF
FFFFFFFF
FFFFFFFF
FFFFFFFF
FC00007E
FE00007E
FE0000FE
FE0000FE
7F0001FC
7F8003F8
3FC00FF8
1FF87FF0
1FFFFFE0
0FFFFFC0
07FFFF80
01FFFF00
007FFC00
000FC000
ENDCHAR
STARTCHAR uni0272
ENCODING 626
SWIDTH 609 0
DWIDTH 39 0
BBX 37 47 -2 -13
BITMAP
01FC07FC00
01FC1FFF00
01FC7FFF80
01FCFFFFC0
01FDFFFFE0
01FFFFFFE0
01FFE01FF0
01FF800FF0
01FF0007F0
01FE0007F0
01FE0003F0
01FC0003F8
01FC0003F8
01FC0003F8
01FC0003F8
01FC0003F8
01FC0003F8
01FC0003F8
01FC0003F8
01FC0003F8
01FC0003F8
01FC0003F8
01FC0003F8
01FC0003F8
01FC0003F8
01FC0003F8
01FC0003F8
01FC0003F8
01FC0003F8
01FC0003F8
01FC0003F8
01FC0003F8
01FC0003F8
01FC0003F8
01FC000000
01FC000000
01FC000000
01FC000000
03FC000000
03F8000000
07F8000000
FFF8000000
7FF0000000
7FE0000000
3FC0000000
3F00000000
1000000000
ENDCHAR
STARTCHAR uni02BB
ENCODING 699
SWIDTH 241 0
DWIDTH 15 0
BBX 11 17 3 31
BITMAP
0380
07C0
1FE0
3F80
3F00
7E00
FC00
F800
FC00
FC00
FF00
FF80
FF80
FFC0
7FC0
3F80
1F00
ENDCHAR
STARTCHAR uni02BC
ENCODING 700
SWIDTH 205 0
DWIDTH 13 0
BBX 9 17 2 28
BITMAP
3F80
3F80
3F80
3F00
7F00
7F00
7E00
7E00
7E00
7C00
7C00
7C00
7C00
7800
7800
F800
F000
ENDCHAR
STARTCHAR uni02BE
ENCODING 702
SWIDTH 221 0
DWIDTH 14 0
BBX 7 13 4 34
BITMAP
E0
F8
FC
FC
3E
1E
1E
1E
3E
FC
F8
F0
E0
ENDCHAR
STARTCHAR uni02BF
ENCODING 703
SWIDTH 221 0
DWIDTH 14 0
BBX 7 13 2 34
BITMAP
0E
3E
7E
7E
F8
F0
F0
F0
F8
7E
3E
1E
0E
ENDCHAR
STARTCHAR circumflex
ENCODING 710
SWIDTH 500 0
DWIDTH 32 0
BBX 20 9 6 39
BITMAP
01F800
03FC00
07FE00
1FFF80
3FFFC0
7F9FE0
FE07F0
F801F0
3000C0
ENDCHAR
STARTCHAR caron
ENCODING 711
SWIDTH 500 0
DWIDTH 32 0
BBX 18 9 7 39
BITMAP
600180
F807C0
FE1FC0
7F3F80
3FFF00
1FFE00
0FFC00
07F800
03F000
ENDCHAR
STARTCHAR uni02C8
ENCODING 712
SWIDTH 231 0
DWIDTH 15 0
BBX 7 22 4 24
BITMAP
FE
FE
FE
FE
FE
FE
FE
FE
FE
FE
FE
FE
FE
FE
FE
FE
FE
FE
FE
FE
FE
FE
ENDCHAR
STARTCHAR uni02CC
ENCODING 716
SWIDTH 231 0
DWIDTH 15 0
BBX 7 22 4 -9
BITMAP
FE
FE
FE
FE
FE
FE
FE
FE
FE
FE
FE
FE
FE
FE
FE
FE
FE
FE
FE
FE
FE
FE
ENDCHAR
STARTCHAR breve
ENCODING 728
SWIDTH 402 0
DWIDTH 26 0
BBX 20 10 6 38
BITMAP
F801F0
F801F0
FC03F0
FE07F0
7F0FE0
7FFFE0
3FFFC0
1FFF80
0FFF00
03FC00
ENDCHAR
STARTCHAR dotaccent
ENCODING 729
SWIDTH 500 0
DWIDTH 32 0
BBX 8 8 12 41
BITMAP
7E
FF
FF
FF
FF
FF
FF
3C
ENDCHAR
STARTCHAR ring
ENCODING 730
SWIDTH 500 0
DWIDTH 32 0
BBX 14 13 9 39
BITMAP
0FC0
3FF0
7FF8
7FF8
F87C
F03C
F03C
F03C
F87C
7CF8
7FF8
3FF0
0FC0
ENDCHAR
STARTCHAR ogonek
ENCODING 731
SWIDTH 500 0
DWIDTH 32 0
BBX 14 16 9 -13
BITMAP
0020
01F0
07F8
1FE0
3F80
7F00
7E00
FC00
FC00
FC20
FE70
FFFC
7FFC
3FF8
1FF0
0780
ENDCHAR
STARTCHAR tilde
ENCODING 732
SWIDTH 500 0
DWIDTH 32 0
BBX 20 9 6 39
BITMAP
0700C0
1FC0F0
3FE1F0
7FF9F0
FFFFF0
F8FFE0
F87FC0
F03F80
100E00
ENDCHAR
STARTCHAR hungarumlaut
ENCODING 733
SWIDTH 500 0
DWIDTH 32 0
BBX 26 11 3 39
BITMAP
00400400
01C00E00
03E01F00
07F03F80
0FF87FC0
1FF8FFC0
3FE3FF00
7F87FC00
FE07F000
7803C000
30030000
ENDCHAR
STARTCHAR gravecomb
ENCODING 768
SWIDTH 0 0
DWIDTH 0 0
BBX 14 11 9 39
BITMAP
0800
1C00
3E00
3F80
7FC0
FFE0
1FF0
07F8
03FC
00F8
0030
ENDCHAR
STARTCHAR acutecomb
ENCODING 769
SWIDTH 0 0
DWIDTH 0 0
BBX 14 11 9 39
BITMAP
0040
00E0
01F0
07F0
0FF8
1FFC
3FE0
7F80
FF00
7C00
3000
ENDCHAR
STARTCHAR uni0302
ENCODING 770
SWIDTH 0 0
DWIDTH 0 0
BBX 20 9 6 39
BITMAP
01F800
03FC00
07FE00
1FFF80
3FFFC0
7F9FE0
FE07F0
F801F0
3000C0
ENDCHAR
STARTCHAR tildecomb
ENCODING 771
SWIDTH 0 0
DWIDTH 0 0
BBX 20 9 6 39
BITMAP
0700C0
1FC0F0
3FE1F0
7FF9F0
FFFFF0
F8FFE0
F87FC0
F03F80
100E00
ENDCHAR
STARTCHAR uni0304
ENCODING 772
SWIDTH 0 0
DWIDTH 0 0
BBX 18 5 7 41
BITMAP
FFFFC0
FFFFC0
FFFFC0
FFFFC0
FFFFC0
ENDCHAR
STARTCHAR uni0306
ENCODING 774
SWIDTH 0 0
DWIDTH 0 0
BBX 20 10 6 38
BITMAP
F801F0
F801F0
FC03F0
FE07F0
7F0FE0
7FFFE0
3FFFC0
1FFF80
0FFF00
03FC00
ENDCHAR
STARTCHAR uni0307
ENCODING 775
SWIDTH 0 0
DWIDTH 0 0
BBX 8 8 12 41
BITMAP
7E
FF
FF
FF
FF
FF
FF
3C
ENDCHAR
STARTCHAR uni0308
ENCODING 776
SWIDTH 0 0
DWIDTH 0 0
BBX 22 8 5 41
BITMAP
3F03F0
7F83F8
FF87FC
FF87FC
FF87FC
FF87F8
7F03F8
3E01E0
ENDCHAR
STARTCHAR hookabovecomb
ENCODING 777
SWIDTH 0 0
DWIDTH 0 0
BBX 12 13 10 38
BITMAP
0400
7FC0
FFE0
FFF0
FFF0
41F0
01F0
03F0
07E0
0FC0
0F00
0F00
0E00
ENDCHAR
STARTCHAR uni030A
ENCODING 778
SWIDTH 0 0
DWIDTH 0 0
BBX 14 13 9 39
BITMAP
0FC0
3FF0
7FF8
7FF8
F87C
F03C
F03C
F03C
F87C
7CF8
7FF8
3FF0
0FC0
ENDCHAR
STARTCHAR uni030B
ENCODING 779
SWIDTH 0 0
DWIDTH 0 0
BBX 26 11 3 39
BITMAP
00400400
01C00E00
03E01F00
07F03F80
0FF87FC0
1FF8FFC0
3FE3FF00
7F87FC00
FE07F000
7803C000
30030000
ENDCHAR
STARTCHAR uni030C
ENCODING 780
SWIDTH 0 0
DWIDTH 0 0
BBX 18 9 7 39
BITMAP
600180
F807C0
FE1FC0
7F3F80
3FFF00
1FFE00
0FFC00
07F800
03F000
ENDCHAR
STARTCHAR uni030F
ENCODING 783
SWIDTH 0 0
DWIDTH 0 0
BBX 26 11 3 39
BITMAP
0800C000
1C00E000
3E01F000
7F03F800
7F87FC00
FFE7FE00
3FF1FF00
0FF87FC0
03F81FC0
00F00780
00300100
ENDCHAR
STARTCHAR uni0311
ENCODING 785
SWIDTH 0 0
DWIDTH 0 0
BBX 20 11 6 38
BITMAP
01F800
07FE00
1FFF80
3FFFC0
3FFFC0
7F8FE0
7E07E0
FC03F0
F801F0
F801F0
100080
ENDCHAR
STARTCHAR uni0312
ENCODING 786
SWIDTH 0 0
DWIDTH 0 0
BBX 10 12 11 39
BITMAP
0380
0F80
1FC0
3E00
7E00
7C00
FE00
FF80
FF80
7F80
7F80
1F00
ENDCHAR
STARTCHAR uni031B
ENCODING 795
SWIDTH 0 0
DWIDTH 0 0
BBX 12 11 10 28
BITMAP
03F0
03F0
03F0
03E0
07E0
07E0
1FC0
FF80
FF00
FE00
F800
ENDCHAR
STARTCHAR dotbelowcomb
ENCODING 803
SWIDTH 0 0
DWIDTH 0 0
BBX 8 8 12 -13
BITMAP
7E
FF
FF
FF
FF
FF
FF
7E
ENDCHAR
STARTCHAR uni0324
ENCODING 804
SWIDTH 0 0
DWIDTH 0 0
BBX 22 8 5 -13
BITMAP
3E01F0
7F03F8
FF87FC
FF87FC
FF87FC
FF87FC
7F03F8
3E01F0
ENDCHAR
STARTCHAR uni0326
ENCODING 806
SWIDTH 0 0
DWIDTH 0 0
BBX 10 12 11 -15
BITMAP
3E00
7F80
7F80
7FC0
7FC0
1FC0
0F80
1F80
1F00
FE00
7C00
7000
ENDCHAR
STARTCHAR uni0327
ENCODING 807
SWIDTH 0 0
DWIDTH 0 0
BBX 12 18 10 -16
BITMAP
0780
0F00
0E00
1E00
3C00
3F00
7FC0
FFE0
3FF0
03F0
01F0
01F0
03F0
0FE0
FFE0
FF80
FE00
E000
ENDCHAR
STARTCHAR uni0328
ENCODING 808
SWIDTH 0 0
DWIDTH 0 0
BBX 14 16 9 -13
BITMAP
0020
01F0
07F8
1FE0
3F80
7F00
7E00
FC00
FC00
FC20
FE70
FFFC
7FFC
3FF8
1FF0
0780
ENDCHAR
STARTCHAR uni032E
ENCODING 814
SWIDTH 0 0
DWIDTH 0 0
BBX 20 11 6 -15
BITMAP
100080
F801F0
F801F0
FC03F0
7E07E0
7F9FE0
3FFFC0
1FFF80
1FFF80
07FE00
01F800
ENDCHAR
STARTCHAR uni0331
ENCODING 817
SWIDTH 0 0
DWIDTH 0 0
BBX 18 4 7 -11
BITMAP
FFFFC0
FFFFC0
FFFFC0
FFFFC0
ENDCHAR
STARTCHAR uni0335
ENCODING 821
SWIDTH 0 0
DWIDTH 0 0
BBX 18 6 7 16
BITMAP
FFFFC0
FFFFC0
FFFFC0
FFFFC0
FFFFC0
FFFFC0
ENDCHAR
STARTCHAR uni0394
ENCODING 916
SWIDTH 711 0
DWIDTH 46 0
BBX 44 46 1 0
BITMAP
000004000000
000004000000
000006000000
00000E000000
00000F000000
00001F000000
00001F800000
00003F800000
00003FC00000
00007FC00000
00007FE00000
0000FFE00000
0000FFF00000
0001FFF00000
0001FBF80000
0003F9F80000
0003F1FC0000
0007F0FC0000
0007E0FE0000
000FE07E0000
000FC07F0000
000FC03F0000
001F803F8000
001F801F8000
003F001F8000
003F000FC000
007E000FC000
007E0007E000
00FC0007E000
00FC0003F000
01F80003F000
01F80001F800
03F00001F800
03F00000FC00
07E00000FC00
07E00000FE00
0FE000007E00
0FC000007F00
1FC000003F00
1F8000003F80
3F8000001F80
3FFFFFFFFFC0
3FFFFFFFFFC0
7FFFFFFFFFE0
7FFFFFFFFFE0
FFFFFFFFFFF0
ENDCHAR
STARTCHAR uni03A9
ENCODING 937
SWIDTH 675 0
DWIDTH 43 0
BBX 40 45 2 0
BITMAP
0007FFC000
001FFFF800
007FFFFE00
01FFFFFF00
03FFFFFF80
07FFFFFFC0
0FFE00FFE0
1FF8003FF0
1FE0000FF8
3FC00007F8
7F800003FC
7F000001FC
7F000000FE
FE000000FE
FE0000007E
FC0000007E
FC0000007E
FC0000007F
FC0000007F
FC0000007F
FC0000007F
FC0000007E
FC0000007E
FC0000007E
FC0000007E
FE0000007E
7E000000FC
7E000000FC
3F000000FC
3F000001F8
3F800001F8
1F800003F0
1FC00003F0
0FC00007E0
07E0000FC0
07F0001FC0
03F8001F80
01F8003F00
00FC007F00
FFFE00FFFE
FFFF01FFFE
FFFF01FFFE
FFFF01FFFE
FFFF01FFFE
FFFF01FFFE
ENDCHAR
STARTCHAR uni03BC
ENCODING 956
SWIDTH 586 0
DWIDTH 38 0
BBX 28 44 5 -10
BITMAP
FC0003F0
FC0003F0
FC0003F0
FC0003F0
FC0003F0
FC0003F0
FC0003F0
FC0003F0
FC0003F0
FC0003F0
FC0003F0
FC0003F0
FC0003F0
FC0003F0
FC0003F0
FC0003F0
FC0003F0
FC0003F0
FC0003F0
FC0003F0
FC0003F0
FC0003F0
FE0007F0
FE0007F0
FE0007F0
FE000FF0
FF001FF0
FF803FF0
FFE0FFF0
FFFFFBF0
FFFFFBF0
FFFFF3F0
FDFFE3F0
FCFF83F0
FC1C0000
FC000000
FC000000
FC000000
FC000000
FC000000
FC000000
FC000000
FC000000
FC000000
ENDCHAR
STARTCHAR pi
ENCODING 960
SWIDTH 614 0
DWIDTH 39 0
BBX 34 34 3 0
BITMAP
FFFFFFFFC0
FFFFFFFFC0
FFFFFFFFC0
FFFFFFFFC0
FFFFFFFFC0
FFFFFFFFC0
FFFFFFFFC0
0FC001F800
0FC001F800
0FC001F800
0FC001F800
0FC001F800
0FC001F800
0FC001F800
0FC001F800
0FC001F800
0FC001F800
0FC001F800
0FC001F800
0FC001F800
0FC001F800
0FC001F800
0FC001F800
0FC001F800
0FC001F800
0FC001F800
0FC001F800
0FC001F800
0FC001F800
0FC001F800
0FC001F800
0FC001F800
0FC001F800
0FC001F800
ENDCHAR
STARTCHAR uni1E08
ENCODING 7688
SWIDTH 679 0
DWIDTH 43 0
BBX 38 75 3 -16
BITMAP
0000001000
0000007000
000001F800
000003F800
00000FFC00
00001FFC00
00007FF800
0000FFC000
0000FE0000
0000780000
0000400000
0000000000
0000000000
0000000000
0000FFE000
0003FFFC00
001FFFFF00
003FFFFFC0
007FFFFFE0
01FFFFFFF0
03FFFFFFF8
07FF803FFC
07FE000FF8
0FF80003F0
1FF00001E0
1FE0000040
3FC0000000
3FC0000000
7F80000000
7F80000000
7F00000000
7F00000000
FF00000000
FE00000000
FE00000000
FE00000000
FE00000000
FE00000000
FE00000000
FE00000000
FE00000000
FF00000000
7F00000000
7F00000000
7F80000000
7F80000000
3FC0000000
3FE0000000
1FF0000040
1FF80000E0
0FFC0003E0
07FF000FF0
07FFF07FF8
03FFFFFFF8
01FFFFFFF0
007FFFFFE0
003FFFFFC0
000FFFFF00
0003FFF800
00001F0000
00003C0000
0000780000
00007E0000
0000FF8000
0001FFC000
00007FE000
000007E000
000003E000
000003E000
000007E000
00003FC000
0001FFC000
0001FF0000
0001FC0000
0001C00000
ENDCHAR
STARTCHAR uni1E09
ENCODING 7689
SWIDTH 535 0
DWIDTH 34 0
BBX 30 66 3 -16
BITMAP
00002000
00007000
0000F800
0003F800
0007FC00
000FFE00
001FF000
003FC000
007F8000
003E0000
00180000
00000000
00000000
00000000
00000000
00000000
001FF800
00FFFF00
01FFFFC0
07FFFFE0
0FFFFFF0
0FFFFFF8
1FF00FFC
3FE003F8
3F8000F0
7F000060
7F000040
FE000000
FE000000
FC000000
FC000000
FC000000
FC000000
FC000000
FC000000
FC000000
FC000000
FE000000
FE000000
7F000000
7F000060
7F8000F0
3FC001F0
1FF007F8
1FFE3FFC
0FFFFFF0
07FFFFE0
03FFFFC0
00FFFF00
003FFC00
0003C000
00078000
000F0000
000FC000
001FF000
003FF800
000FFC00
0000FC00
00007C00
00007C00
0000FC00
0003F800
003FF800
003FE000
003F8000
00380000
ENDCHAR
STARTCHAR uni1E0C
ENCODING 7692
SWIDTH 748 0
DWIDTH 48 0
BBX 39 58 6 -13
BITMAP
FFFFFC0000
FFFFFFC000
FFFFFFF000
FFFFFFFC00
FFFFFFFE00
FFFFFFFF00
FFFFFFFF80
FE0003FFC0
FE00007FE0
FE00003FE0
FE00001FF0
FE00000FF8
FE000007F8
FE000003F8
FE000003FC
FE000001FC
FE000001FC
FE000001FC
FE000001FE
FE000000FE
FE000000FE
FE000000FE
FE000000FE
FE000000FE
FE000000FE
FE000000FE
FE000001FE
FE000001FC
FE000001FC
FE000001FC
FE000003FC
FE000003F8
FE000007F8
FE000007F8
FE00000FF0
FE00001FF0
FE00007FE0
FE0001FFC0
FFFFFFFF80
FFFFFFFF00
FFFFFFFE00
FFFFFFFC00
FFFFFFF000
FFFFFFC000
FFFFFE0000
0000000000
0000000000
0000000000
0000000000
0000000000
0001F80000
0003FC0000
0003FC0000
0003FC0000
0003FC0000
0003FC0000
0003FC0000
0001F80000
ENDCHAR
STARTCHAR uni1E0D
ENCODING 7693
SWIDTH 634 0
DWIDTH 41 0
BBX 33 60 3 -13
BITMAP
0000003F80
0000003F80
0000003F80
0000003F80
0000003F80
0000003F80
0000003F80
0000003F80
0000003F80
0000003F80
0000003F80
0000003F80
0000003F80
003FF03F80
00FFFE3F80
03FFFF3F80
07FFFFBF80
0FFFFFFF80
1FFE3FFF80
1FF007FF80
3FC001FF80
7F8000FF80
7F8000FF80
7F00007F80
FE00003F80
FE00003F80
FE00003F80
FC00001F80
FC00001F80
FC00001F80
FC00001F80
FC00001F80
FC00001F80
FE00003F80
FE00003F80
FE00003F80
FF00007F80
7F00007F80
7F8000FF80
3FC001FF80
3FE003FF80
1FFC0FFF80
0FFFFFFF80
07FFFFFF80
03FFFF3F80
00FFFE3F80
003FF83F80
0007800000
0000000000
0000000000
0000000000
0000000000
0003F00000
0007F80000
0007F80000
0007F80000
0007F80000
0007F80000
0007F80000
0003F00000
ENDCHAR
STARTCHAR uni1E0E
ENCODING 7694
SWIDTH 748 0
DWIDTH 48 0
BBX 39 56 6 -11
BITMAP
FFFFFC0000
FFFFFFC000
FFFFFFF000
FFFFFFFC00
FFFFFFFE00
FFFFFFFF00
FFFFFFFF80
FE0003FFC0
FE00007FE0
FE00003FE0
FE00001FF0
FE00000FF8
FE000007F8
FE000003F8
FE000003FC
FE000001FC
FE000001FC
FE000001FC
FE000001FE
FE000000FE
FE000000FE
FE000000FE
FE000000FE
FE000000FE
FE000000FE
FE000000FE
FE000001FE
FE000001FC
FE000001FC
FE000001FC
FE000003FC
FE000003F8
FE000007F8
FE000007F8
FE00000FF0
FE00001FF0
FE00007FE0
FE0001FFC0
FFFFFFFF80
FFFFFFFF00
FFFFFFFE00
FFFFFFFC00
FFFFFFF000
FFFFFFC000
FFFFFE0000
0000000000
0000000000
0000000000
0000000000
0000000000
0000000000
0000000000
007FFFE000
007FFFE000
007FFFE000
007FFFE000
ENDCHAR
STARTCHAR uni1E0F
ENCODING 7695
SWIDTH 634 0
DWIDTH 41 0
BBX 33 58 3 -11
BITMAP
0000003F80
0000003F80
0000003F80
0000003F80
0000003F80
0000003F80
0000003F80
0000003F80
0000003F80
0000003F80
0000003F80
0000003F80
0000003F80
003FF03F80
00FFFE3F80
03FFFF3F80
07FFFFBF80
0FFFFFFF80
1FFE3FFF80
1FF007FF80
3FC001FF80
7F8000FF80
7F8000FF80
7F00007F80
FE00003F80
FE00003F80
FE00003F80
FC00001F80
FC00001F80
FC00001F80
FC00001F80
FC00001F80
FC00001F80
FE00003F80
FE00003F80
FE00003F80
FF00007F80
7F00007F80
7F8000FF80
3FC001FF80
3FE003FF80
1FFC0FFF80
0FFFFFFF80
07FFFFFF80
03FFFF3F80
00FFFE3F80
003FF83F80
0007800000
0000000000
0000000000
0000000000
0000000000
0000000000
0000000000
00FFFFC000
00FFFFC000
00FFFFC000
00FFFFC000
ENDCHAR
STARTCHAR uni1E14
ENCODING 7700
SWIDTH 614 0
DWIDTH 39 0
BBX 29 69 6 0
BITMAP
00400000
00700000
00FC0000
00FE0000
01FF8000
01FFC000
00FFF000
001FF800
0003F800
0000F000
00001000
00000000
00000000
00000000
0FFFFFC0
0FFFFFC0
0FFFFFC0
0FFFFFC0
0FFFFFC0
00000000
00000000
00000000
00000000
00000000
FFFFFFF8
FFFFFFF8
FFFFFFF8
FFFFFFF8
FFFFFFF8
FFFFFFF8
FFFFFFF8
FE000000
FE000000
FE000000
FE000000
FE000000
FE000000
FE000000
FE000000
FE000000
FE000000
FE000000
FE000000
FFFFFF80
FFFFFF80
FFFFFF80
FFFFFF80
FFFFFF80
FFFFFF80
FE000000
FE000000
FE000000
FE000000
FE000000
FE000000
FE000000
FE000000
FE000000
FE000000
FE000000
FE000000
FE000000
FFFFFFF8
FFFFFFF8
FFFFFFF8
FFFFFFF8
FFFFFFF8
FFFFFFF8
FFFFFFF8
ENDCHAR
STARTCHAR uni1E15
ENCODING 7701
SWIDTH 586 0
DWIDTH 38 0
BBX 32 60 3 -1
BITMAP
00010000
00070000
000F8000
003FC000
001FC000
000FE000
0007F000
0003F000
0001F800
0000F000
00006000
00000000
00000000
00000000
00FFFFC0
00FFFFC0
00FFFFC0
00FFFFC0
00FFFFC0
00000000
00000000
00000000
00000000
00000000
00000000
001FFC00
007FFF00
01FFFFC0
03FFFFE0
07FFFFF0
0FFFFFF8
1FF00FF8
3FC003FC
3F8001FE
7F0000FE
7E0000FE
FE00007F
FE00007F
FC00007F
FFFFFFFF
FFFFFFFF
FFFFFFFF
FFFFFFFF
FFFFFFFF
FC000000
FC000000
FE000000
FE000000
FF000000
7F000000
7F800030
3FE00070
3FF001F8
1FFF0FFC
0FFFFFFE
07FFFFF8
01FFFFF0
00FFFFC0
003FFF00
0001E000
ENDCHAR
STARTCHAR uni1E16
ENCODING 7702
SWIDTH 614 0
DWIDTH 39 0
BBX 29 69 6 0
BITMAP
00000800
00003800
0000FC00
0001FC00
0007FE00
000FFE00
003FFC00
007FE000
007F0000
003C0000
00200000
00000000
00000000
00000000
0FFFFFC0
0FFFFFC0
0FFFFFC0
0FFFFFC0
0FFFFFC0
00000000
00000000
00000000
00000000
00000000
FFFFFFF8
FFFFFFF8
FFFFFFF8
FFFFFFF8
FFFFFFF8
FFFFFFF8
FFFFFFF8
FE000000
FE000000
FE000000
FE000000
FE000000
FE000000
FE000000
FE000000
FE000000
FE000000
FE000000
FE000000
FFFFFF80
FFFFFF80
FFFFFF80
FFFFFF80
FFFFFF80
FFFFFF80
FE000000
FE000000
FE000000
FE000000
FE000000
FE000000
FE000000
FE000000
FE000000
FE000000
FE000000
FE000000
FE000000
FFFFFFF8
FFFFFFF8
FFFFFFF8
FFFFFFF8
FFFFFFF8
FFFFFFF8
FFFFFFF8
ENDCHAR
STARTCHAR uni1E17
ENCODING 7703
SWIDTH 586 0
DWIDTH 38 0
BBX 32 60 3 -1
BITMAP
00001000
00003C00
00003E00
00007F00
00007F00
0000FE00
0001FC00
0001F800
0003F000
0001E000
0000C000
00000000
00000000
00000000
00FFFFC0
00FFFFC0
00FFFFC0
00FFFFC0
00FFFFC0
00000000
00000000
00000000
00000000
00000000
00000000
001FFC00
007FFF00
01FFFFC0
03FFFFE0
07FFFFF0
0FFFFFF8
1FF00FF8
3FC003FC
3F8001FE
7F0000FE
7E0000FE
FE00007F
FE00007F
FC00007F
FFFFFFFF
FFFFFFFF
FFFFFFFF
FFFFFFFF
FFFFFFFF
FC000000
FC000000
FE000000
FE000000
FF000000
7F000000
7F800030
3FE00070
3FF001F8
1FFF0FFC
0FFFFFFE
07FFFFF8
01FFFFF0
00FFFFC0
003FFF00
0001E000
ENDCHAR
STARTCHAR uni1E1C
ENCODING 7708
SWIDTH 614 0
DWIDTH 39 0
BBX 29 73 6 -16
BITMAP
07C00F80
07E01F80
07F03F80
03F87F00
01FFFE00
01FFFE00
00FFFC00
003FF000
000FC000
00000000
00000000
00000000
FFFFFFF8
FFFFFFF8
FFFFFFF8
FFFFFFF8
FFFFFFF8
FFFFFFF8
FFFFFFF8
FE000000
FE000000
FE000000
FE000000
FE000000
FE000000
FE000000
FE000000
FE000000
FE000000
FE000000
FE000000
FFFFFF80
FFFFFF80
FFFFFF80
FFFFFF80
FFFFFF80
FFFFFF80
FE000000
FE000000
FE000000
FE000000
FE000000
FE000000
FE000000
FE000000
FE000000
FE000000
FE000000
FE000000
FE000000
FFFFFFF8
FFFFFFF8
FFFFFFF8
FFFFFFF8
FFFFFFF8
FFFFFFF8
FFFFFFF8
000E0000
001E0000
003C0000
003F0000
007FC000
00FFE000
003FF000
0003F000
0001F000
0001F000
0003F000
001FE000
00FFE000
00FF8000
00FE0000
00E00000
ENDCHAR
STARTCHAR uni1E1D
ENCODING 7709
SWIDTH 586 0
DWIDTH 38 0
BBX 32 64 3 -16
BITMAP
01F003E0
01F003E0
01F807E0
01FC0FE0
00FE1FC0
00FFFFC0
007FFF80
003FFF00
001FFE00
0007F800
00000000
00000000
00000000
00000000
001FFC00
007FFF00
01FFFFC0
03FFFFE0
07FFFFF0
0FFFFFF8
1FF00FF8
3FC003FC
3F8001FE
7F0000FE
7E0000FE
FE00007F
FE00007F
FC00007F
FFFFFFFF
FFFFFFFF
FFFFFFFF
FFFFFFFF
FFFFFFFF
FC000000
FC000000
FE000000
FE000000
FF000000
7F000000
7F800030
3FE00070
3FF001F8
1FFF0FFC
0FFFFFFE
07FFFFF8
01FFFFF0
00FFFFC0
003FFF00
0001E000
0003C000
00078000
0007E000
000FF800
001FFC00
0007FE00
00007E00
00003E00
00003E00
00007E00
0001FC00
001FFC00
001FF000
001FC000
001C0000
ENDCHAR
STARTCHAR uni1E20
ENCODING 7712
SWIDTH 766 0
DWIDTH 49 0
BBX 43 56 3 -1
BITMAP
000FFFFFC000
000FFFFFC000
000FFFFFC000
000FFFFFC000
000FFFFFC000
000000000000
000000000000
000000000000
000000000000
000000000000
00007FF80000
0003FFFF0000
000FFFFFC000
003FFFFFF000
007FFFFFF800
00FFFFFFFC00
01FFFFFFFE00
03FF800FFF00
07FE0001FE00
0FFC0000FC00
1FF000003800
1FE000001000
3FE000000000
3FC000000000
7F8000000000
7F8000000000
7F0000000000
7F0000000000
FF0000000000
FE0000000000
FE0000000000
FE0000000000
FE0001FFFFE0
FE0001FFFFE0
FE0001FFFFE0
FE0001FFFFE0
FF0001FFFFE0
7F0001FFFFE0
7F0001FFFFE0
7F8000000FE0
7F8000000FE0
3FC000001FE0
3FE000001FC0
1FE000001FC0
1FF000003F80
0FFC00007F80
07FE0000FF00
07FF8003FF00
03FFF01FFE00
01FFFFFFFC00
00FFFFFFF800
003FFFFFF000
001FFFFFC000
0007FFFF8000
0000FFFC0000
00000FC00000
ENDCHAR
STARTCHAR uni1E21
ENCODING 7713
SWIDTH 649 0
DWIDTH 42 0
BBX 34 61 3 -15
BITMAP
007FFFE000
007FFFE000
007FFFE000
007FFFE000
007FFFE000
0000000000
0000000000
0000000000
0000000000
0000000000
0000000000
0000000000
001FF81FC0
00FFFE1FC0
01FFFF9FC0
07FFFFDFC0
0FFFFFFFC0
1FFFFFFFC0
1FF807FFC0
3FE001FFC0
3FC000FFC0
7F80007FC0
7F00003FC0
FF00003FC0
FE00001FC0
FE00001FC0
FE00001FC0
FC00001FC0
FC00000FC0
FC00000FC0
FC00000FC0
FC00001FC0
FE00001FC0
FE00001FC0
FE00001FC0
7F00003FC0
7F80007FC0
7F8000FFC0
3FE001FFC0
1FF003FFC0
1FFF3FFFC0
0FFFFFFFC0
07FFFFDFC0
03FFFF9FC0
00FFFE1FC0
003FFC1FC0
0003C01FC0
0000001FC0
0000001F80
0000003F80
0000003F80
0000007F80
030000FF00
07C001FF00
07F80FFE00
0FFFFFFC00
0FFFFFF800
07FFFFF000
01FFFFC000
007FFF0000
0007F00000
ENDCHAR
STARTCHAR uni1E24
ENCODING 7716
SWIDTH 761 0
DWIDTH 49 0
BBX 36 58 6 -13
BITMAP
FE000003F0
FE000003F0
FE000003F0
FE000003F0
FE000003F0
FE000003F0
FE000003F0
FE000003F0
FE000003F0
FE000003F0
FE000003F0
FE000003F0
FE000003F0
FE000003F0
FE000003F0
FE000003F0
FE000003F0
FE000003F0
FE000003F0
FFFFFFFFF0
FFFFFFFFF0
FFFFFFFFF0
FFFFFFFFF0
FFFFFFFFF0
FFFFFFFFF0
FFFFFFFFF0
FE000003F0
FE000003F0
FE000003F0
FE000003F0
FE000003F0
FE000003F0
FE000003F0
FE000003F0
FE000003F0
FE000003F0
FE000003F0
FE000003F0
FE000003F0
FE000003F0
FE000003F0
FE000003F0
FE000003F0
FE000003F0
FE000003F0
0000000000
0000000000
0000000000
0000000000
0000000000
0001F80000
0003FC0000
0003FC0000
0003FC0000
0003FC0000
0003FC0000
0003FC0000
0001F80000
ENDCHAR
STARTCHAR uni1E25
ENCODING 7717
SWIDTH 595 0
DWIDTH 38 0
BBX 29 60 5 -13
BITMAP
FC000000
FC000000
FC000000
FC000000
FC000000
FC000000
FC000000
FC000000
FC000000
FC000000
FC000000
FC000000
FC000000
FC07FC00
FC1FFF00
FC7FFF80
FCFFFFC0
FDFFFFE0
FFFFFFE0
FFE01FF0
FF800FF0
FF0007F0
FE0007F0
FE0003F8
FC0003F8
FC0003F8
FC0003F8
FC0003F8
FC0003F8
FC0003F8
FC0003F8
FC0003F8
FC0003F8
FC0003F8
FC0003F8
FC0003F8
FC0003F8
FC0003F8
FC0003F8
FC0003F8
FC0003F8
FC0003F8
FC0003F8
FC0003F8
FC0003F8
FC0003F8
FC0003F8
00000000
00000000
00000000
00000000
00000000
001F8000
003FC000
003FC000
003FC000
003FC000
003FC000
003FC000
001F8000
ENDCHAR
STARTCHAR uni1E2A
ENCODING 7722
SWIDTH 761 0
DWIDTH 49 0
BBX 36 60 6 -15
BITMAP
FE000003F0
FE000003F0
FE000003F0
FE000003F0
FE000003F0
FE000003F0
FE000003F0
FE000003F0
FE000003F0
FE000003F0
FE000003F0
FE000003F0
FE000003F0
FE000003F0
FE000003F0
FE000003F0
FE000003F0
FE000003F0
FE000003F0
FFFFFFFFF0
FFFFFFFFF0
FFFFFFFFF0
FFFFFFFFF0
FFFFFFFFF0
FFFFFFFFF0
FFFFFFFFF0
FE000003F0
FE000003F0
FE000003F0
FE000003F0
FE000003F0
FE000003F0
FE000003F0
FE000003F0
FE000003F0
FE000003F0
FE000003F0
FE000003F0
FE000003F0
FE000003F0
FE000003F0
FE000003F0
FE000003F0
FE000003F0
FE000003F0
0000000000
0000000000
0000000000
0000000000
0010008000
00F801F000
00F801F000
00FC03F000
007E07E000
007F9FE000
003FFFC000
001FFF8000
001FFF8000
0007FE0000
0001F80000
ENDCHAR
STARTCHAR uni1E2B
ENCODING 7723
SWIDTH 595 0
DWIDTH 38 0
BBX 29 62 5 -15
BITMAP
FC000000
FC000000
FC000000
FC000000
FC000000
FC000000
FC000000
FC000000
FC000000
FC000000
FC000000
FC000000
FC000000
FC07FC00
FC1FFF00
FC7FFF80
FCFFFFC0
FDFFFFE0
FFFFFFE0
FFE01FF0
FF800FF0
FF0007F0
FE0007F0
FE0003F8
FC0003F8
FC0003F8
FC0003F8
FC0003F8
FC0003F8
FC0003F8
FC0003F8
FC0003F8
FC0003F8
FC0003F8
FC0003F8
FC0003F8
FC0003F8
FC0003F8
FC0003F8
FC0003F8
FC0003F8
FC0003F8
FC0003F8
FC0003F8
FC0003F8
FC0003F8
FC0003F8
00000000
00000000
00000000
00000000
01000800
0F801F00
0F801F00
0FC03F00
07E07E00
07F9FE00
03FFFC00
01FFF800
01FFF800
007FE000
001F8000
ENDCHAR
STARTCHAR uni1E2E
ENCODING 7726
SWIDTH 478 0
DWIDTH 31 0
BBX 22 69 4 0
BITMAP
000080
000380
000FC0
001FC0
007FE0
01FFF0
03FF80
07FE00
03F000
038000
000000
000000
3E01F0
7F03F8
FF83FC
FF87FC
FF87FC
FF87FC
FF03F8
7E03F8
000000
000000
000000
000000
7FFFFC
7FFFFC
7FFFFC
7FFFFC
7FFFFC
7FFFFC
7FFFFC
00FE00
00FE00
00FE00
00FE00
00FE00
00FE00
00FE00
00FE00
00FE00
00FE00
00FE00
00FE00
00FE00
00FE00
00FE00
00FE00
00FE00
00FE00
00FE00
00FE00
00FE00
00FE00
00FE00
00FE00
00FE00
00FE00
00FE00
00FE00
00FE00
00FE00
00FE00
00FE00
7FFFFC
7FFFFC
7FFFFC
7FFFFC
7FFFFC
7FFFFC
ENDCHAR
STARTCHAR uni1E2F
ENCODING 7727
SWIDTH 243 0
DWIDTH 16 0
BBX 22 62 -3 0
BITMAP
000400
000600
000F00
000FC0
001FE0
001FC0
003F80
007F00
007E00
00FC00
007800
001000
000000
3E01F0
7F03F8
FF87FC
FF87FC
FF87FC
FF87FC
7F07F8
3E03F0
000000
000000
000000
000000
000000
000000
000000
01FC00
01FC00
01FC00
01FC00
01FC00
01FC00
01FC00
01FC00
01FC00
01FC00
01FC00
01FC00
01FC00
01FC00
01FC00
01FC00
01FC00
01FC00
01FC00
01FC00
01FC00
01FC00
01FC00
01FC00
01FC00
01FC00
01FC00
01FC00
01FC00
01FC00
01FC00
01FC00
01FC00
01FC00
ENDCHAR
STARTCHAR uni1E36
ENCODING 7734
SWIDTH 599 0
DWIDTH 38 0
BBX 28 58 6 -13
BITMAP
FE000000
FE000000
FE000000
FE000000
FE000000
FE000000
FE000000
FE000000
FE000000
FE000000
FE000000
FE000000
FE000000
FE000000
FE000000
FE000000
FE000000
FE000000
FE000000
FE000000
FE000000
FE000000
FE000000
FE000000
FE000000
FE000000
FE000000
FE000000
FE000000
FE000000
FE000000
FE000000
FE000000
FE000000
FE000000
FE000000
FE000000
FE000000
FFFFFFF0
FFFFFFF0
FFFFFFF0
FFFFFFF0
FFFFFFF0
FFFFFFF0
FFFFFFF0
00000000
00000000
00000000
00000000
00000000
003F0000
007F8000
007F8000
007F8000
007F8000
007F8000
007F8000
003F0000
ENDCHAR
STARTCHAR uni1E37
ENCODING 7735
SWIDTH 251 0
DWIDTH 16 0
BBX 8 60 4 -13
BITMAP
7E
7E
7E
7E
7E
7E
7E
7E
7E
7E
7E
7E
7E
7E
7E
7E
7E
7E
7E
7E
7E
7E
7E
7E
7E
7E
7E
7E
7E
7E
7E
7E
7E
7E
7E
7E
7E
7E
7E
7E
7E
7E
7E
7E
7E
7E
7E
00
00
00
00
00
7E
FF
FF
FF
FF
FF
FF
7E
ENDCHAR
STARTCHAR uni1E3A
ENCODING 7738
SWIDTH 599 0
DWIDTH 38 0
BBX 28 56 6 -11
BITMAP
FE000000
FE000000
FE000000
FE000000
FE000000
FE000000
FE000000
FE000000
FE000000
FE000000
FE000000
FE000000
FE000000
FE000000
FE000000
FE000000
FE000000
FE000000
FE000000
FE000000
FE000000
FE000000
FE000000
FE000000
FE000000
FE000000
FE000000
FE000000
FE000000
FE000000
FE000000
FE000000
FE000000
FE000000
FE000000
FE000000
FE000000
FE000000
FFFFFFF0
FFFFFFF0
FFFFFFF0
FFFFFFF0
FFFFFFF0
FFFFFFF0
FFFFFFF0
00000000
00000000
00000000
00000000
00000000
00000000
00000000
0FFFFC00
0FFFFC00
0FFFFC00
0FFFFC00
ENDCHAR
STARTCHAR uni1E3B
ENCODING 7739
SWIDTH 251 0
DWIDTH 16 0
BBX 18 58 -1 -11
BITMAP
03F000
03F000
03F000
03F000
03F000
03F000
03F000
03F000
03F000
03F000
03F000
03F000
03F000
03F000
03F000
03F000
03F000
03F000
03F000
03F000
03F000
03F000
03F000
03F000
03F000
03F000
03F000
03F000
03F000
03F000
03F000
03F000
03F000
03F000
03F000
03F000
03F000
03F000
03F000
03F000
03F000
03F000
03F000
03F000
03F000
03F000
03F000
000000
000000
000000
000000
000000
000000
000000
FFFFC0
FFFFC0
FFFFC0
FFFFC0
ENDCHAR
STARTCHAR uni1E42
ENCODING 7746
SWIDTH 864 0
DWIDTH 55 0
BBX 43 58 6 -13
BITMAP
FE0000000FE0
FF0000000FE0
FF0000001FE0
FF8000001FE0
FFC000003FE0
FFC000007FE0
FFE000007FE0
FFF00000FFE0
FFF00001FFE0
FFF80001FFE0
FFF80003FFE0
FFFC0003FFE0
FFFE0007F7E0
FEFE000FF7E0
FEFF000FE7E0
FE7F001FCFE0
FE7F803FCFE0
FE3FC03F8FE0
FE1FC07F0FE0
FE1FE07F0FE0
FE0FF0FE0FE0
FE07F1FE0FE0
FE07F9FC0FE0
FE03FBF80FE0
FE01FFF80FE0
FE01FFF00FE0
FE00FFE00FE0
FE00FFE00FE0
FE007FC00FE0
FE003F800FE0
FE003F800FE0
FE001F000FE0
FE0000000FE0
FE0000000FE0
FE0000000FE0
FE0000000FE0
FE0000000FE0
FE0000000FE0
FE0000000FE0
FE0000000FE0
FE0000000FE0
FE0000000FE0
FE0000000FE0
FE0000000FE0
FE0000000FE0
000000000000
000000000000
000000000000
000000000000
000000000000
00001F800000
00003FC00000
00003FC00000
00003FC00000
00003FC00000
00003FC00000
00003FC00000
00001F800000
ENDCHAR
STARTCHAR uni1E43
ENCODING 7747
SWIDTH 921 0
DWIDTH 59 0
BBX 51 47 4 -13
BITMAP
FE03FC000FF000
FE0FFF007FFC00
FE3FFF80FFFE00
FE7FFFC1FFFF00
FEFFFFE3FFFF80
FFFFFFE7FFFF80
FFF03FFFC0FFC0
FFC00FFF003FC0
FF8007FE001FC0
FF0007FC001FC0
FF0003FC000FE0
FE0003F8000FE0
FE0003F8000FE0
FE0003F8000FE0
FE0003F8000FE0
FE0003F8000FE0
FE0003F8000FE0
FE0003F8000FE0
FE0003F8000FE0
FE0003F8000FE0
FE0003F8000FE0
FE0003F8000FE0
FE0003F8000FE0
FE0003F8000FE0
FE0003F8000FE0
FE0003F8000FE0
FE0003F8000FE0
FE0003F8000FE0
FE0003F8000FE0
FE0003F8000FE0
FE0003F8000FE0
FE0003F8000FE0
FE0003F8000FE0
FE0003F8000FE0
00000000000000
00000000000000
00000000000000
00000000000000
00000000000000
000001F8000000
000003FC000000
000003FC000000
000003FC000000
000003FC000000
000003FC000000
000003FC000000
000001F8000000
ENDCHAR
STARTCHAR uni1E44
ENCODING 7748
SWIDTH 793 0
DWIDTH 51 0
BBX 38 57 6 0
BITMAP
0000780000
0000FE0000
0001FE0000
0001FE0000
0001FE0000
0001FE0000
0001FE0000
0000FC0000
0000000000
0000000000
0000000000
0000000000
FE000000FC
FE000000FC
FF000000FC
FF800000FC
FFC00000FC
FFC00000FC
FFE00000FC
FFF00000FC
FFF80000FC
FFF80000FC
FFFC0000FC
FDFE0000FC
FDFF0000FC
FCFF0000FC
FC7F8000FC
FC3FC000FC
FE3FE000FC
FE1FE000FC
FE0FF000FC
FE07F800FC
FE07FC00FC
FE03FC00FC
FE01FE00FC
FE00FF00FC
FE00FF80FC
FE007F80FC
FE003FC0FC
FE001FE0FC
FE000FF0FC
FE000FF0FC
FE0007F8FC
FE0003FCFC
FE0001FEFC
FE0001FEFC
FE0000FFFC
FE00007FFC
FE00003FFC
FE00003FFC
FE00001FFC
FE00000FFC
FE000007FC
FE000007FC
FE000003FC
FE000001FC
FE000000FC
ENDCHAR
STARTCHAR uni1E45
ENCODING 7749
SWIDTH 595 0
DWIDTH 38 0
BBX 29 49 5 0
BITMAP
0007E000
000FF000
000FF000
000FF000
000FF000
000FF000
000FF000
0003C000
00000000
00000000
00000000
00000000
00000000
00000000
00000000
FC07FC00
FC1FFF00
FC7FFF80
FCFFFFC0
FDFFFFE0
FFFFFFE0
FFE01FF0
FF800FF0
FF0007F0
FE0007F0
FE0003F8
FC0003F8
FC0003F8
FC0003F8
FC0003F8
FC0003F8
FC0003F8
FC0003F8
FC0003F8
FC0003F8
FC0003F8
FC0003F8
FC0003F8
FC0003F8
FC0003F8
FC0003F8
FC0003F8
FC0003F8
FC0003F8
FC0003F8
FC0003F8
FC0003F8
FC0003F8
FC0003F8
ENDCHAR
STARTCHAR uni1E46
ENCODING 7750
SWIDTH 793 0
DWIDTH 51 0
BBX 38 58 6 -13
BITMAP
FE000000FC
FE000000FC
FF000000FC
FF800000FC
FFC00000FC
FFC00000FC
FFE00000FC
FFF00000FC
FFF80000FC
FFF80000FC
FFFC0000FC
FDFE0000FC
FDFF0000FC
FCFF0000FC
FC7F8000FC
FC3FC000FC
FE3FE000FC
FE1FE000FC
FE0FF000FC
FE07F800FC
FE07FC00FC
FE03FC00FC
FE01FE00FC
FE00FF00FC
FE00FF80FC
FE007F80FC
FE003FC0FC
FE001FE0FC
FE000FF0FC
FE000FF0FC
FE0007F8FC
FE0003FCFC
FE0001FEFC
FE0001FEFC
FE0000FFFC
FE00007FFC
FE00003FFC
FE00003FFC
FE00001FFC
FE00000FFC
FE000007FC
FE000007FC
FE000003FC
FE000001FC
FE000000FC
0000000000
0000000000
0000000000
0000000000
0000000000
0000FC0000
0001FE0000
0001FE0000
0001FE0000
0001FE0000
0001FE0000
0001FE0000
0000FC0000
ENDCHAR
STARTCHAR uni1E47
ENCODING 7751
SWIDTH 595 0
DWIDTH 38 0
BBX 29 47 5 -13
BITMAP
FC07FC00
FC1FFF00
FC7FFF80
FCFFFFC0
FDFFFFE0
FFFFFFE0
FFE01FF0
FF800FF0
FF0007F0
FE0007F0
FE0003F8
FC0003F8
FC0003F8
FC0003F8
FC0003F8
FC0003F8
FC0003F8
FC0003F8
FC0003F8
FC0003F8
FC0003F8
FC0003F8
FC0003F8
FC0003F8
FC0003F8
FC0003F8
FC0003F8
FC0003F8
FC0003F8
FC0003F8
FC0003F8
FC0003F8
FC0003F8
FC0003F8
00000000
00000000
00000000
00000000
00000000
001F8000
003FC000
003FC000
003FC000
003FC000
003FC000
003FC000
001F8000
ENDCHAR
STARTCHAR uni1E48
ENCODING 7752
SWIDTH 793 0
DWIDTH 51 0
BBX 38 56 6 -11
BITMAP
FE000000FC
FE000000FC
FF000000FC
FF800000FC
FFC00000FC
FFC00000FC
FFE00000FC
FFF00000FC
FFF80000FC
FFF80000FC
FFFC0000FC
FDFE0000FC
FDFF0000FC
FCFF0000FC
FC7F8000FC
FC3FC000FC
FE3FE000FC
FE1FE000FC
FE0FF000FC
FE07F800FC
FE07FC00FC
FE03FC00FC
FE01FE00FC
FE00FF00FC
FE00FF80FC
FE007F80FC
FE003FC0FC
FE001FE0FC
FE000FF0FC
FE000FF0FC
FE0007F8FC
FE0003FCFC
FE0001FEFC
FE0001FEFC
FE0000FFFC
FE00007FFC
FE00003FFC
FE00003FFC
FE00001FFC
FE00000FFC
FE000007FC
FE000007FC
FE000003FC
FE000001FC
FE000000FC
0000000000
0000000000
0000000000
0000000000
0000000000
0000000000
0000000000
003FFFF000
003FFFF000
003FFFF000
003FFFF000
ENDCHAR
STARTCHAR uni1E49
ENCODING 7753
SWIDTH 595 0
DWIDTH 38 0
BBX 29 45 5 -11
BITMAP
FC07FC00
FC1FFF00
FC7FFF80
FCFFFFC0
FDFFFFE0
FFFFFFE0
FFE01FF0
FF800FF0
FF0007F0
FE0007F0
FE0003F8
FC0003F8
FC0003F8
FC0003F8
FC0003F8
FC0003F8
FC0003F8
FC0003F8
FC0003F8
FC0003F8
FC0003F8
FC0003F8
FC0003F8
FC0003F8
FC0003F8
FC0003F8
FC0003F8
FC0003F8
FC0003F8
FC0003F8
FC0003F8
FC0003F8
FC0003F8
FC0003F8
00000000
00000000
00000000
00000000
00000000
00000000
00000000
07FFFE00
07FFFE00
07FFFE00
07FFFE00
ENDCHAR
STARTCHAR uni1E4C
ENCODING 7756
SWIDTH 782 0
DWIDTH 50 0
BBX 44 70 3 -1
BITMAP
000000100000
000000700000
000001F80000
000003F80000
00000FFC0000
00001FFC0000
00007FF80000
0000FFC00000
0000FE000000
000078000000
000040000000
000000000000
000000000000
0001FC0F8000
0007FF8F8000
000FFFFF8000
000FFFFF0000
001FBFFF0000
001F07FE0000
001F00F80000
000000000000
000000000000
000000000000
000000000000
0001FFF80000
0007FFFE0000
001FFFFF8000
007FFFFFE000
00FFFFFFF000
01FFFFFFF800
03FFF07FFC00
07FF000FFE00
0FFC0003FF00
0FF80001FF00
1FF00000FF80
1FE000007F80
3FC000003FC0
3F8000001FC0
7F8000001FE0
7F0000000FE0
7F0000000FE0
7F0000000FF0
FE0000000FF0
FE00000007F0
FE00000007F0
FE00000007F0
FE00000007F0
FE00000007F0
FE00000007F0
FE00000007F0
FE00000007F0
FF0000000FF0
7F0000000FE0
7F0000000FE0
7F8000001FE0
3F8000001FC0
3FC000003FC0
3FE000007FC0
1FE00000FF80
0FF80001FF80
0FFC0003FF00
07FF000FFE00
03FFC03FFC00
01FFFFFFF800
00FFFFFFF000
007FFFFFE000
001FFFFF8000
000FFFFF0000
0001FFF80000
00001F800000
ENDCHAR
STARTCHAR uni1E4D
ENCODING 7757
SWIDTH 615 0
DWIDTH 39 0
BBX 34 61 3 -1
BITMAP
00000C0000
00001E0000
00003F0000
00003F8000
00007F0000
0000FE0000
0000FC0000
0001F80000
0003F00000
0000E00000
0000400000
0000000000
000E018000
003F81E000
007FC3E000
00FFF3E000
01FFFFE000
01F1FFC000
01F0FF8000
01E07F0000
00201C0000
0000000000
0000000000
0000000000
0000000000
0000000000
001FFC0000
007FFF8000
01FFFFC000
03FFFFF000
07FFFFF800
0FFFFFFC00
1FF807FC00
3FE001FE00
3FC000FF00
7F80007F00
7F00007F80
FE00003F80
FE00003F80
FE00001F80
FC00001FC0
FC00001FC0
FC00001FC0
FC00001FC0
FC00001FC0
FC00001FC0
FE00001FC0
FE00003F80
FE00003F80
7F00003F80
7F00007F00
7F8000FF00
3FC001FE00
1FF007FE00
1FFE3FFC00
0FFFFFF800
07FFFFF000
01FFFFE000
00FFFF8000
003FFE0000
0003E00000
ENDCHAR
STARTCHAR uni1E4E
ENCODING 7758
SWIDTH 782 0
DWIDTH 50 0
BBX 44 68 3 -1
BITMAP
0007C03E0000
000FE07F0000
001FF07F8000
001FF0FF8000
001FF0FF8000
001FF0FF8000
001FE07F0000
000FC07F0000
000000000000
000000000000
000000000000
0001FC0F8000
0007FF8F8000
000FFFFF8000
000FFFFF0000
001FBFFF0000
001F07FE0000
001F00F80000
000000000000
000000000000
000000000000
000000000000
0001FFF80000
0007FFFE0000
001FFFFF8000
007FFFFFE000
00FFFFFFF000
01FFFFFFF800
03FFF07FFC00
07FF000FFE00
0FFC0003FF00
0FF80001FF00
1FF00000FF80
1FE000007F80
3FC000003FC0
3F8000001FC0
7F8000001FE0
7F0000000FE0
7F0000000FE0
7F0000000FF0
FE0000000FF0
FE00000007F0
FE00000007F0
FE00000007F0
FE00000007F0
FE00000007F0
FE00000007F0
FE00000007F0
FE00000007F0
FF0000000FF0
7F0000000FE0
7F0000000FE0
7F8000001FE0
3F8000001FC0
3FC000003FC0
3FE000007FC0
1FE00000FF80
0FF80001FF80
0FFC0003FF00
07FF000FFE00
03FFC03FFC00
01FFFFFFF800
00FFFFFFF000
007FFFFFE000
001FFFFF8000
000FFFFF0000
0001FFF80000
00001F800000
ENDCHAR
STARTCHAR uni1E4F
ENCODING 7759
SWIDTH 615 0
DWIDTH 39 0
BBX 34 60 3 -1
BITMAP
00FC07C000
01FC0FE000
03FE1FF000
03FE1FF000
03FE1FF000
03FE1FF000
01FC0FE000
00F807C000
0000000000
0000000000
0000000000
000E018000
003F81E000
007FC3E000
00FFE3E000
01FFFFC000
01F1FFC000
01F0FF8000
01E07F0000
00201C0000
0000000000
0000000000
0000000000
0000000000
0000000000
001FFC0000
007FFF8000
01FFFFC000
03FFFFF000
07FFFFF800
0FFFFFFC00
1FF807FC00
3FE001FE00
3FC000FF00
7F80007F00
7F00007F80
FE00003F80
FE00003F80
FE00001F80
FC00001FC0
FC00001FC0
FC00001FC0
FC00001FC0
FC00001FC0
FC00001FC0
FE00001FC0
FE00003F80
FE00003F80
7F00003F80
7F00007F00
7F8000FF00
3FC001FE00
1FF007FE00
1FFE3FFC00
0FFFFFF800
07FFFFF000
01FFFFE000
00FFFF8000
003FFE0000
0003E00000
ENDCHAR
STARTCHAR uni1E50
ENCODING 7760
SWIDTH 782 0
DWIDTH 50 0
BBX 44 70 3 -1
BITMAP
000080000000
0000E0000000
0001F8000000
0001FC000000
0003FF000000
0003FF800000
0001FFE00000
00003FF00000
000007F00000
000001E00000
000000200000
000000000000
000000000000
000000000000
001FFFFF8000
001FFFFF8000
001FFFFF8000
001FFFFF8000
001FFFFF8000
000000000000
000000000000
000000000000
000000000000
000000000000
0001FFF80000
0007FFFE0000
001FFFFF8000
007FFFFFE000
00FFFFFFF000
01FFFFFFF800
03FFF07FFC00
07FF000FFE00
0FFC0003FF00
0FF80001FF00
1FF00000FF80
1FE000007F80
3FC000003FC0
3F8000001FC0
7F8000001FE0
7F0000000FE0
7F0000000FE0
7F0000000FF0
FE0000000FF0
FE00000007F0
FE00000007F0
FE00000007F0
FE00000007F0
FE00000007F0
FE00000007F0
FE00000007F0
FE00000007F0
FF0000000FF0
7F0000000FE0
7F0000000FE0
7F8000001FE0
3F8000001FC0
3FC000003FC0
3FE000007FC0
1FE00000FF80
0FF80001FF80
0FFC0003FF00
07FF000FFE00
03FFC03FFC00
01FFFFFFF800
00FFFFFFF000
007FFFFFE000
001FFFFF8000
000FFFFF0000
0001FFF80000
00001F800000
ENDCHAR
STARTCHAR uni1E51
ENCODING 7761
SWIDTH 615 0
DWIDTH 39 0
BBX 34 60 3 -1
BITMAP
0001000000
0007000000
000F800000
003FC00000
001FC00000
000FE00000
0007F00000
0003F00000
0001F80000
0000F00000
0000600000
0000000000
0000000000
0000000000
00FFFFC000
00FFFFC000
00FFFFC000
00FFFFC000
00FFFFC000
0000000000
0000000000
0000000000
0000000000
0000000000
0000000000
001FFC0000
007FFF8000
01FFFFC000
03FFFFF000
07FFFFF800
0FFFFFFC00
1FF807FC00
3FE001FE00
3FC000FF00
7F80007F00
7F00007F80
FE00003F80
FE00003F80
FE00001F80
FC00001FC0
FC00001FC0
FC00001FC0
FC00001FC0
FC00001FC0
FC00001FC0
FE00001FC0
FE00003F80
FE00003F80
7F00003F80
7F00007F00
7F8000FF00
3FC001FE00
1FF007FE00
1FFE3FFC00
0FFFFFF800
07FFFFF000
01FFFFE000
00FFFF8000
003FFE0000
0003E00000
ENDCHAR
STARTCHAR uni1E52
ENCODING 7762
SWIDTH 782 0
DWIDTH 50 0
BBX 44 70 3 -1
BITMAP
000000100000
000000700000
000001F80000
000003F80000
00000FFC0000
00001FFC0000
00007FF80000
0000FFC00000
0000FE000000
000078000000
000040000000
000000000000
000000000000
000000000000
001FFFFF8000
001FFFFF8000
001FFFFF8000
001FFFFF8000
001FFFFF8000
000000000000
000000000000
000000000000
000000000000
000000000000
0001FFF80000
0007FFFE0000
001FFFFF8000
007FFFFFE000
00FFFFFFF000
01FFFFFFF800
03FFF07FFC00
07FF000FFE00
0FFC0003FF00
0FF80001FF00
1FF00000FF80
1FE000007F80
3FC000003FC0
3F8000001FC0
7F8000001FE0
7F0000000FE0
7F0000000FE0
7F0000000FF0
FE0000000FF0
FE00000007F0
FE00000007F0
FE00000007F0
FE00000007F0
FE00000007F0
FE00000007F0
FE00000007F0
FE00000007F0
FF0000000FF0
7F0000000FE0
7F0000000FE0
7F8000001FE0
3F8000001FC0
3FC000003FC0
3FE000007FC0
1FE00000FF80
0FF80001FF80
0FFC0003FF00
07FF000FFE00
03FFC03FFC00
01FFFFFFF800
00FFFFFFF000
007FFFFFE000
001FFFFF8000
000FFFFF0000
0001FFF80000
00001F800000
ENDCHAR
STARTCHAR uni1E53
ENCODING 7763
SWIDTH 615 0
DWIDTH 39 0
BBX 34 60 3 -1
BITMAP
0000100000
00003C0000
00003E0000
00007F0000
00007F0000
0000FE0000
0001FC0000
0001F80000
0003F00000
0001E00000
0000C00000
0000000000
0000000000
0000000000
00FFFFC000
00FFFFC000
00FFFFC000
00FFFFC000
00FFFFC000
0000000000
0000000000
0000000000
0000000000
0000000000
0000000000
001FFC0000
007FFF8000
01FFFFC000
03FFFFF000
07FFFFF800
0FFFFFFC00
1FF807FC00
3FE001FE00
3FC000FF00
7F80007F00
7F00007F80
FE00003F80
FE00003F80
FE00001F80
FC00001FC0
FC00001FC0
FC00001FC0
FC00001FC0
FC00001FC0
FC00001FC0
FE00001FC0
FE00003F80
FE00003F80
7F00003F80
7F00007F00
7F8000FF00
3FC001FE00
1FF007FE00
1FFE3FFC00
0FFFFFF800
07FFFFF000
01FFFFE000
00FFFF8000
003FFE0000
0003E00000
ENDCHAR
STARTCHAR uni1E5A
ENCODING 7770
SWIDTH 695 0
DWIDTH 44 0
BBX 35 58 6 -13
BITMAP
FFFFFC0000
FFFFFF8000
FFFFFFE000
FFFFFFF000
FFFFFFFC00
FFFFFFFC00
FFFFFFFE00
FE0003FF00
FE0000FF00
FE00007F80
FE00007F80
FE00003F80
FE00003F80
FE00003F80
FE00003F80
FE00003F80
FE00003F80
FE00003F80
FE00007F80
FE00007F00
FE0001FF00
FE000FFE00
FFFFFFFE00
FFFFFFFC00
FFFFFFF800
FFFFFFF000
FFFFFFC000
FFFFFF8000
FE003FC000
FE003FC000
FE001FE000
FE001FE000
FE000FF000
FE000FF800
FE0007F800
FE0003FC00
FE0003FC00
FE0001FE00
FE0001FE00
FE0000FF00
FE0000FF80
FE00007F80
FE00007FC0
FE00003FC0
FE00001FE0
0000000000
0000000000
0000000000
0000000000
0000000000
0007E00000
000FF00000
000FF00000
000FF00000
000FF00000
000FF00000
000FF00000
0007E00000
ENDCHAR
STARTCHAR uni1E5B
ENCODING 7771
SWIDTH 403 0
DWIDTH 26 0
BBX 21 47 4 -13
BITMAP
7E03F8
7E0FF8
7E3FF8
7E7FF0
7E7FF0
7EFFF0
7FFFF0
7FF010
7FE000
7FC000
7F8000
7F0000
7F0000
7E0000
7E0000
7E0000
7E0000
7E0000
7E0000
7E0000
7E0000
7E0000
7E0000
7E0000
7E0000
7E0000
7E0000
7E0000
7E0000
7E0000
7E0000
7E0000
7E0000
7E0000
000000
000000
000000
000000
000000
7E0000
FF0000
FF0000
FF0000
FF0000
FF0000
FF0000
7E0000
ENDCHAR
STARTCHAR uni1E5E
ENCODING 7774
SWIDTH 695 0
DWIDTH 44 0
BBX 35 56 6 -11
BITMAP
FFFFFC0000
FFFFFF8000
FFFFFFE000
FFFFFFF000
FFFFFFFC00
FFFFFFFC00
FFFFFFFE00
FE0003FF00
FE0000FF00
FE00007F80
FE00007F80
FE00003F80
FE00003F80
FE00003F80
FE00003F80
FE00003F80
FE00003F80
FE00003F80
FE00007F80
FE00007F00
FE0001FF00
FE000FFE00
FFFFFFFE00
FFFFFFFC00
FFFFFFF800
FFFFFFF000
FFFFFFC000
FFFFFF8000
FE003FC000
FE003FC000
FE001FE000
FE001FE000
FE000FF000
FE000FF800
FE0007F800
FE0003FC00
FE0003FC00
FE0001FE00
FE0001FE00
FE0000FF00
FE0000FF80
FE00007F80
FE00007FC0
FE00003FC0
FE00001FE0
0000000000
0000000000
0000000000
0000000000
0000000000
0000000000
0000000000
01FFFF8000
01FFFF8000
01FFFF8000
01FFFF8000
ENDCHAR
STARTCHAR uni1E5F
ENCODING 7775
SWIDTH 403 0
DWIDTH 26 0
BBX 26 45 -1 -11
BITMAP
03F01FC0
03F07FC0
03F1FFC0
03F3FF80
03F3FF80
03F7FF80
03FFFF80
03FF8080
03FF0000
03FE0000
03FC0000
03F80000
03F80000
03F00000
03F00000
03F00000
03F00000
03F00000
03F00000
03F00000
03F00000
03F00000
03F00000
03F00000
03F00000
03F00000
03F00000
03F00000
03F00000
03F00000
03F00000
03F00000
03F00000
03F00000
00000000
00000000
00000000
00000000
00000000
00000000
00000000
FFFFC000
FFFFC000
FFFFC000
FFFFC000
ENDCHAR
STARTCHAR uni1E60
ENCODING 7776
SWIDTH 624 0
DWIDTH 40 0
BBX 33 58 3 -1
BITMAP
0000F00000
0001FC0000
0003FC0000
0003FC0000
0003FC0000
0003FC0000
0003FC0000
0001F80000
0000000000
0000000000
0000000000
0000000000
000FFF0000
007FFFE000
00FFFFF000
03FFFFFC00
07FFFFFE00
07FFFFFF00
0FF803FF00
1FF000FF80
1FE0007F00
1FC0003E00
1FC0001C00
3F80000800
3F80000000
3FC0000000
1FC0000000
1FE0000000
1FF0000000
1FF8000000
0FFF000000
07FFF00000
07FFFF0000
03FFFFC000
00FFFFF000
007FFFF800
000FFFFC00
0001FFFE00
00001FFF00
000003FF00
000000FF80
0000007F80
0000003F80
0800003F80
0C00003F80
1C00003F80
3E00003F80
7F00003F80
FF80007F80
7FE000FF00
7FF801FF00
3FFFFFFE00
1FFFFFFC00
0FFFFFF800
03FFFFF000
01FFFFE000
003FFF0000
0003F00000
ENDCHAR
STARTCHAR uni1E61
ENCODING 7777
SWIDTH 479 0
DWIDTH 31 0
BBX 25 50 3 -1
BITMAP
007E0000
00FF0000
00FF0000
00FF0000
00FF0000
00FF0000
00FF0000
003C0000
00000000
00000000
00000000
00000000
00000000
00000000
00000000
01FFC000
07FFF000
0FFFFC00
1FFFFE00
3FFFFF00
7FC1FF80
7F007F00
7E001E00
FE000C00
FE000000
FE000000
7F000000
7F800000
7FF00000
3FFE0000
3FFFC000
0FFFF000
07FFFC00
01FFFE00
003FFF00
0007FF00
0000FF80
00003F80
00003F80
00001F80
18001F80
3C003F80
7E003F00
FF807F00
FFFFFF00
7FFFFE00
3FFFFC00
0FFFF000
03FFE000
003E0000
ENDCHAR
STARTCHAR uni1E62
ENCODING 7778
SWIDTH 624 0
DWIDTH 40 0
BBX 33 58 3 -13
BITMAP
000FFF0000
007FFFE000
00FFFFF000
03FFFFFC00
07FFFFFE00
07FFFFFF00
0FF803FF00
1FF000FF80
1FE0007F00
1FC0003E00
1FC0001C00
3F80000800
3F80000000
3FC0000000
1FC0000000
1FE0000000
1FF0000000
1FF8000000
0FFF000000
07FFF00000
07FFFF0000
03FFFFC000
00FFFFF000
007FFFF800
000FFFFC00
0001FFFE00
00001FFF00
000003FF00
000000FF80
0000007F80
0000003F80
0800003F80
0C00003F80
1C00003F80
3E00003F80
7F00003F80
FF80007F80
7FE000FF00
7FF801FF00
3FFFFFFE00
1FFFFFFC00
0FFFFFF800
03FFFFF000
01FFFFE000
003FFF0000
0003F00000
0000000000
0000000000
0000000000
0000000000
0001F80000
0003FC0000
0003FC0000
0003FC0000
0003FC0000
0003FC0000
0003FC0000
0001F80000
ENDCHAR
STARTCHAR uni1E63
ENCODING 7779
SWIDTH 479 0
DWIDTH 31 0
BBX 25 47 3 -13
BITMAP
01FFC000
07FFF000
0FFFFC00
1FFFFE00
3FFFFF00
7FC1FF80
7F007F00
7E001E00
FE000C00
FE000000
FE000000
7F000000
7F800000
7FF00000
3FFE0000
3FFFC000
0FFFF000
07FFFC00
01FFFE00
003FFF00
0007FF00
0000FF80
00003F80
00003F80
00001F80
18001F80
3C003F80
7E003F00
FF807F00
FFFFFF00
7FFFFE00
3FFFFC00
0FFFF000
03FFE000
003E0000
00000000
00000000
00000000
00000000
003F0000
007F8000
007F8000
007F8000
007F8000
007F8000
007F8000
003F0000
ENDCHAR
STARTCHAR uni1E64
ENCODING 7780
SWIDTH 624 0
DWIDTH 40 0
BBX 33 60 3 -1
BITMAP
000000C000
000000F000
003E01F800
007F03FC00
00FF83F800
00FF87F000
00FF8FE000
00FF8FC000
007F1F8000
007E0F0000
0000020000
0000000000
0000000000
0000000000
000FFF0000
007FFFE000
00FFFFF000
03FFFFFC00
07FFFFFE00
07FFFFFF00
0FF803FF00
1FF000FF80
1FE0007F00
1FC0003E00
1FC0001C00
3F80000800
3F80000000
3FC0000000
1FC0000000
1FE0000000
1FF0000000
1FF8000000
0FFF000000
07FFF00000
07FFFF0000
03FFFFC000
00FFFFF000
007FFFF800
000FFFFC00
0001FFFE00
00001FFF00
000003FF00
000000FF80
0000007F80
0000003F80
0800003F80
0C00003F80
1C00003F80
3E00003F80
7F00003F80
FF80007F80
7FE000FF00
7FF801FF00
3FFFFFFE00
1FFFFFFC00
0FFFFFF800
03FFFFF000
01FFFFE000
003FFF0000
0003F00000
ENDCHAR
STARTCHAR uni1E65
ENCODING 7781
SWIDTH 479 0
DWIDTH 31 0
BBX 25 52 3 -1
BITMAP
00003000
00003C00
0F807E00
1FC0FF00
3FE0FE00
3FE1FC00
3FE3F800
3FE3F000
1FC7E000
1F83C000
00008000
00000000
00000000
00000000
00000000
00000000
00000000
01FFC000
07FFF000
0FFFFC00
1FFFFE00
3FFFFF00
7FC1FF80
7F007F00
7E001E00
FE000C00
FE000000
FE000000
7F000000
7F800000
7FF00000
3FFE0000
3FFFC000
0FFFF000
07FFFC00
01FFFE00
003FFF00
0007FF00
0000FF80
00003F80
00003F80
00001F80
18001F80
3C003F80
7E003F00
FF807F00
FFFFFF00
7FFFFE00
3FFFFC00
0FFFF000
03FFE000
003E0000
ENDCHAR
STARTCHAR uni1E66
ENCODING 7782
SWIDTH 624 0
DWIDTH 40 0
BBX 33 68 3 -1
BITMAP
0000F00000
0001FC0000
0003FC0000
0003FC0000
0003FC0000
0003FC0000
0003FC0000
0001F80000
0000000000
0000000000
0060006000
00FC03F000
00FF0FF000
007FFFE000
001FFF8000
000FFF0000
0007FE0000
0003FC0000
0001F80000
0000000000
0000000000
0000000000
000FFF0000
007FFFE000
00FFFFF000
03FFFFFC00
07FFFFFE00
07FFFFFF00
0FF803FF00
1FF000FF80
1FE0007F00
1FC0003E00
1FC0001C00
3F80000800
3F80000000
3FC0000000
1FC0000000
1FE0000000
1FF0000000
1FF8000000
0FFF000000
07FFF00000
07FFFF0000
03FFFFC000
00FFFFF000
007FFFF800
000FFFFC00
0001FFFE00
00001FFF00
000003FF00
000000FF80
0000007F80
0000003F80
0800003F80
0C00003F80
1C00003F80
3E00003F80
7F00003F80
FF80007F80
7FE000FF00
7FF801FF00
3FFFFFFE00
1FFFFFFC00
0FFFFFF800
03FFFFF000
01FFFFE000
003FFF0000
0003F00000
ENDCHAR
STARTCHAR uni1E67
ENCODING 7783
SWIDTH 479 0
DWIDTH 31 0
BBX 25 59 3 -1
BITMAP
00180000
007E0000
00FF0000
00FF0000
00FF0000
00FF0000
00FF0000
007E0000
003C0000
00000000
0C003000
1F00F800
1FC3F800
0FE7F000
07FFE000
03FFC000
01FF8000
00FF0000
007E0000
00000000
00000000
00000000
00000000
00000000
01FFC000
07FFF000
0FFFFC00
1FFFFE00
3FFFFF00
7FC1FF80
7F007F00
7E001E00
FE000C00
FE000000
FE000000
7F000000
7F800000
7FF00000
3FFE0000
3FFFC000
0FFFF000
07FFFC00
01FFFE00
003FFF00
0007FF00
0000FF80
00003F80
00003F80
00001F80
18001F80
3C003F80
7E003F00
FF807F00
FFFFFF00
7FFFFE00
3FFFFC00
0FFFF000
03FFE000
003E0000
ENDCHAR
STARTCHAR uni1E68
ENCODING 7784
SWIDTH 624 0
DWIDTH 40 0
BBX 33 70 3 -13
BITMAP
0000F00000
0001FC0000
0003FC0000
0003FC0000
0003FC0000
0003FC0000
0003FC0000
0001F80000
0000000000
0000000000
0000000000
0000000000
000FFF0000
007FFFE000
00FFFFF000
03FFFFFC00
07FFFFFE00
07FFFFFF00
0FF803FF00
1FF000FF80
1FE0007F00
1FC0003E00
1FC0001C00
3F80000800
3F80000000
3FC0000000
1FC0000000
1FE0000000
1FF0000000
1FF8000000
0FFF000000
07FFF00000
07FFFF0000
03FFFFC000
00FFFFF000
007FFFF800
000FFFFC00
0001FFFE00
00001FFF00
000003FF00
000000FF80
0000007F80
0000003F80
0800003F80
0C00003F80
1C00003F80
3E00003F80
7F00003F80
FF80007F80
7FE000FF00
7FF801FF00
3FFFFFFE00
1FFFFFFC00
0FFFFFF800
03FFFFF000
01FFFFE000
003FFF0000
0003F00000
0000000000
0000000000
0000000000
0000000000
0001F80000
0003FC0000
0003FC0000
0003FC0000
0003FC0000
0003FC0000
0003FC0000
0001F80000
ENDCHAR
STARTCHAR uni1E69
ENCODING 7785
SWIDTH 479 0
DWIDTH 31 0
BBX 25 62 3 -13
BITMAP
007E0000
00FF0000
00FF0000
00FF0000
00FF0000
00FF0000
00FF0000
003C0000
00000000
00000000
00000000
00000000
00000000
00000000
00000000
01FFC000
07FFF000
0FFFFC00
1FFFFE00
3FFFFF00
7FC1FF80
7F007F00
7E001E00
FE000C00
FE000000
FE000000
7F000000
7F800000
7FF00000
3FFE0000
3FFFC000
0FFFF000
07FFFC00
01FFFE00
003FFF00
0007FF00
0000FF80
00003F80
00003F80
00001F80
18001F80
3C003F80
7E003F00
FF807F00
FFFFFF00
7FFFFE00
3FFFFC00
0FFFF000
03FFE000
003E0000
00000000
00000000
00000000
00000000
003F0000
007F8000
007F8000
007F8000
007F8000
007F8000
007F8000
003F0000
ENDCHAR
STARTCHAR uni1E6C
ENCODING 7788
SWIDTH 576 0
DWIDTH 37 0
BBX 33 58 2 -13
BITMAP
FFFFFFFF80
FFFFFFFF80
FFFFFFFF80
FFFFFFFF80
FFFFFFFF80
FFFFFFFF80
FFFFFFFF80
0007F00000
0007F00000
0007F00000
0007F00000
0007F00000
0007F00000
0007F00000
0007F00000
0007F00000
0007F00000
0007F00000
0007F00000
0007F00000
0007F00000
0007F00000
0007F00000
0007F00000
0007F00000
0007F00000
0007F00000
0007F00000
0007F00000
0007F00000
0007F00000
0007F00000
0007F00000
0007F00000
0007F00000
0007F00000
0007F00000
0007F00000
0007F00000
0007F00000
0007F00000
0007F00000
0007F00000
0007F00000
0007F00000
0000000000
0000000000
0000000000
0000000000
0000000000
0007E00000
000FF00000
000FF00000
000FF00000
000FF00000
000FF00000
000FF00000
0007E00000
ENDCHAR
STARTCHAR uni1E6D
ENCODING 7789
SWIDTH 384 0
DWIDTH 25 0
BBX 21 55 2 -13
BITMAP
01F800
01F800
01F800
01F800
01F800
01F800
01F800
01F800
FFFFF8
FFFFF8
FFFFF8
FFFFF8
FFFFF8
FFFFF8
FFFFF8
01F800
01F800
01F800
01F800
01F800
01F800
01F800
01F800
01F800
01F800
01F800
01F800
01F800
01F800
01F800
01F800
01F800
01F800
01F800
01F800
01F800
01F800
01F800
01F800
01F800
01F800
01F800
000000
000000
000000
000000
000000
01F800
03FC00
03FC00
03FC00
03FC00
03FC00
03FC00
01F800
ENDCHAR
STARTCHAR uni1E6E
ENCODING 7790
SWIDTH 576 0
DWIDTH 37 0
BBX 33 56 2 -11
BITMAP
FFFFFFFF80
FFFFFFFF80
FFFFFFFF80
FFFFFFFF80
FFFFFFFF80
FFFFFFFF80
FFFFFFFF80
0007F00000
0007F00000
0007F00000
0007F00000
0007F00000
0007F00000
0007F00000
0007F00000
0007F00000
0007F00000
0007F00000
0007F00000
0007F00000
0007F00000
0007F00000
0007F00000
0007F00000
0007F00000
0007F00000
0007F00000
0007F00000
0007F00000
0007F00000
0007F00000
0007F00000
0007F00000
0007F00000
0007F00000
0007F00000
0007F00000
0007F00000
0007F00000
0007F00000
0007F00000
0007F00000
0007F00000
0007F00000
0007F00000
0000000000
0000000000
0000000000
0000000000
0000000000
0000000000
0000000000
01FFFF8000
01FFFF8000
01FFFF8000
01FFFF8000
ENDCHAR
STARTCHAR uni1E6F
ENCODING 7791
SWIDTH 384 0
DWIDTH 25 0
BBX 21 53 2 -11
BITMAP
01F800
01F800
01F800
01F800
01F800
01F800
01F800
01F800
FFFFF8
FFFFF8
FFFFF8
FFFFF8
FFFFF8
FFFFF8
FFFFF8
01F800
01F800
01F800
01F800
01F800
01F800
01F800
01F800
01F800
01F800
01F800
01F800
01F800
01F800
01F800
01F800
01F800
01F800
01F800
01F800
01F800
01F800
01F800
01F800
01F800
01F800
01F800
000000
000000
000000
000000
000000
000000
000000
7FFFE0
7FFFE0
7FFFE0
7FFFE0
ENDCHAR
STARTCHAR uni1E78
ENCODING 7800
SWIDTH 740 0
DWIDTH 47 0
BBX 36 69 6 0
BITMAP
0000010000
0000070000
00001F8000
00003F8000
0000FFC000
0001FFC000
0007FF8000
000FFC0000
000FE00000
0007800000
0004000000
0000000000
0000000000
001FC0F800
007FF8F800
00FFFFF800
00FFFFF000
01FBFFF000
01F07FE000
01F00F8000
0000000000
0000000000
0000000000
0000000000
FE000007F0
FE000007F0
FE000007F0
FE000007F0
FE000007F0
FE000007F0
FE000007F0
FE000007F0
FE000007F0
FE000007F0
FE000007F0
FE000007F0
FE000007F0
FE000007F0
FE000007F0
FE000007F0
FE000007F0
FE000007F0
FE000007F0
FE000007F0
FE000007F0
FE000007F0
FE000007F0
FE000007F0
FE000007F0
FE000007F0
FE000007F0
FE000007F0
FE000007F0
FE000007F0
FE000007F0
FE00000FE0
FF00000FE0
FF00001FE0
7F80001FC0
7FC0003FC0
3FE0007FC0
3FF801FF80
1FFE0FFF00
0FFFFFFE00
07FFFFFE00
03FFFFF800
01FFFFF000
007FFFC000
000FFF0000
ENDCHAR
STARTCHAR uni1E79
ENCODING 7801
SWIDTH 605 0
DWIDTH 39 0
BBX 29 61 5 -1
BITMAP
00006000
0000F000
0001F800
0001FC00
0003F800
0007F000
0007E000
000FC000
001F8000
00070000
00020000
00000000
00700C00
01FC0F00
03FE1F00
07FF9F00
0FFFFF00
0F8FFE00
0F87FC00
0F03F800
0100E000
00000000
00000000
00000000
00000000
00000000
FC0001F8
FC0001F8
FC0001F8
FC0001F8
FC0001F8
FC0001F8
FC0001F8
FC0001F8
FC0001F8
FC0001F8
FC0001F8
FC0001F8
FC0001F8
FC0001F8
FC0001F8
FC0001F8
FC0001F8
FC0001F8
FC0001F8
FC0001F8
FC0001F8
FC0003F8
FE0003F8
FE0003F8
FE0003F8
FF0007F8
FF000FF8
7F801FF8
7FF07FF8
3FFFFDF8
3FFFF9F8
1FFFF1F8
0FFFE1F8
03FF81F8
007C0000
ENDCHAR
STARTCHAR uni1E7A
ENCODING 7802
SWIDTH 740 0
DWIDTH 47 0
BBX 36 67 6 0
BITMAP
007C03E000
00FE07F000
01FF07F800
01FF0FF800
01FF0FF800
01FF0FF800
01FE07F000
00FC07F000
0000000000
0000000000
0000000000
0000000000
01FFFFF800
01FFFFF800
01FFFFF800
01FFFFF800
01FFFFF800
0000000000
0000000000
0000000000
0000000000
0000000000
FE000007F0
FE000007F0
FE000007F0
FE000007F0
FE000007F0
FE000007F0
FE000007F0
FE000007F0
FE000007F0
FE000007F0
FE000007F0
FE000007F0
FE000007F0
FE000007F0
FE000007F0
FE000007F0
FE000007F0
FE000007F0
FE000007F0
FE000007F0
FE000007F0
FE000007F0
FE000007F0
FE000007F0
FE000007F0
FE000007F0
FE000007F0
FE000007F0
FE000007F0
FE000007F0
FE000007F0
FE00000FE0
FF00000FE0
FF00001FE0
7F80001FC0
7FC0003FC0
3FE0007FC0
3FF801FF80
1FFE0FFF00
0FFFFFFE00
07FFFFFE00
03FFFFF800
01FFFFF000
007FFFC000
000FFF0000
ENDCHAR
STARTCHAR uni1E7B
ENCODING 7803
SWIDTH 605 0
DWIDTH 39 0
BBX 29 59 5 -1
BITMAP
07E07E00
0FF07F00
1FF0FF80
1FF0FF80
1FF0FF80
1FF0FF00
0FE07F00
07C03C00
00000000
00000000
00000000
00000000
07FFFE00
07FFFE00
07FFFE00
07FFFE00
07FFFE00
00000000
00000000
00000000
00000000
00000000
00000000
00000000
FC0001F8
FC0001F8
FC0001F8
FC0001F8
FC0001F8
FC0001F8
FC0001F8
FC0001F8
FC0001F8
FC0001F8
FC0001F8
FC0001F8
FC0001F8
FC0001F8
FC0001F8
FC0001F8
FC0001F8
FC0001F8
FC0001F8
FC0001F8
FC0001F8
FC0003F8
FE0003F8
FE0003F8
FE0003F8
FF0007F8
FF000FF8
7F801FF8
7FF07FF8
3FFFFDF8
3FFFF9F8
1FFFF1F8
0FFFE1F8
03FF81F8
007C0000
ENDCHAR
STARTCHAR Wgrave
ENCODING 7808
SWIDTH 996 0
DWIDTH 64 0
BBX 60 59 2 0
BITMAP
0000008000000000
000000E000000000
000001F800000000
000001FC00000000
000003FF00000000
000003FF80000000
000001FFE0000000
0000003FF0000000
00000007F0000000
00000001E0000000
0000000020000000
0000000000000000
0000000000000000
0000000000000000
FE000000000007F0
FE00000000000FF0
FF00000000000FE0
7F00000000000FE0
7F00000000001FE0
7F80000000001FE0
3F80000000001FC0
3F80000000001FC0
3F80001F80003FC0
3FC0003FC0003F80
1FC0003FC0003F80
1FC0007FC0007F80
1FE0007FE0007F00
0FE0007FE0007F00
0FE000FFF000FF00
0FF000FFF000FE00
07F001FFF000FE00
07F001FFF801FE00
07F801FBF801FC00
03F803FBFC01FC00
03F803F9FC01FC00
03F807F1FC03F800
01FC07F0FE03F800
01FC07E0FE03F800
01FC0FE0FE07F000
00FE0FC07F07F000
00FE1FC07F07F000
00FE1FC03F8FF000
007F1F803F8FE000
007F3F801F8FE000
007F3F001FCFE000
003F3F001FDFC000
003FFF000FDFC000
003FFE000FFFC000
003FFE0007FF8000
001FFC0007FF8000
001FFC0003FF8000
001FFC0003FF0000
000FF80003FF0000
000FF80001FF0000
000FF00001FE0000
0007F00000FE0000
0007F00000FE0000
0007E000007C0000
0003E000007C0000
ENDCHAR
STARTCHAR wgrave
ENCODING 7809
SWIDTH 800 0
DWIDTH 51 0
BBX 49 50 1 0
BITMAP
00000800000000
00001C00000000
00003E00000000
00003F80000000
00007FC0000000
0000FFE0000000
00001FF0000000
000007F8000000
000003FC000000
000000F8000000
00000030000000
00000000000000
00000000000000
00000000000000
00000000000000
00000000000000
FE000000003F80
7E000000003F00
7F000000007F00
7F000000007F00
3F000000007E00
3F80000000FE00
3F8003E000FE00
1F8003E000FC00
1FC007F001FC00
0FC007F001FC00
0FC007F801F800
0FE00FF803F800
07E00FFC03F800
07E01FFC03F000
07F01FFE07F000
03F03F7E07F000
03F03F7F07E000
03F87E3F07E000
01F87E3F0FE000
01F8FC1F8FC000
01FCFC1F8FC000
00FCF81FDFC000
00FDF80FDF8000
00FFF80FFF8000
007FF007FF8000
007FF007FF0000
007FE003FF0000
003FE003FF0000
003FE001FE0000
003FC001FE0000
001FC001FE0000
001F8000FC0000
001F8000FC0000
000F80007C0000
ENDCHAR
STARTCHAR Wacute
ENCODING 7810
SWIDTH 996 0
DWIDTH 64 0
BBX 60 59 2 0
BITMAP
0000000010000000
0000000070000000
00000001F8000000
00000003F8000000
0000000FFC000000
0000001FFC000000
0000007FF8000000
000000FFC0000000
000000FE00000000
0000007800000000
0000004000000000
0000000000000000
0000000000000000
0000000000000000
FE000000000007F0
FE00000000000FF0
FF00000000000FE0
7F00000000000FE0
7F00000000001FE0
7F80000000001FE0
3F80000000001FC0
3F80000000001FC0
3F80001F80003FC0
3FC0003FC0003F80
1FC0003FC0003F80
1FC0007FC0007F80
1FE0007FE0007F00
0FE0007FE0007F00
0FE000FFF000FF00
0FF000FFF000FE00
07F001FFF000FE00
07F001FFF801FE00
07F801FBF801FC00
03F803FBFC01FC00
03F803F9FC01FC00
03F807F1FC03F800
01FC07F0FE03F800
01FC07E0FE03F800
01FC0FE0FE07F000
00FE0FC07F07F000
00FE1FC07F07F000
00FE1FC03F8FF000
007F1F803F8FE000
007F3F801F8FE000
007F3F001FCFE000
003F3F001FDFC000
003FFF000FDFC000
003FFE000FFFC000
003FFE0007FF8000
001FFC0007FF8000
001FFC0003FF8000
001FFC0003FF0000
000FF80003FF0000
000FF80001FF0000
000FF00001FE0000
0007F00000FE0000
0007F00000FE0000
0007E000007C0000
0003E000007C0000
ENDCHAR
STARTCHAR wacute
ENCODING 7811
SWIDTH 800 0
DWIDTH 51 0
BBX 49 50 1 0
BITMAP
00000010000000
00000038000000
0000007C000000
000001FC000000
000003FE000000
000007FF000000
00000FF8000000
00001FE0000000
00003FC0000000
00001F00000000
00000C00000000
00000000000000
00000000000000
00000000000000
00000000000000
00000000000000
FE000000003F80
7E000000003F00
7F000000007F00
7F000000007F00
3F000000007E00
3F80000000FE00
3F8003E000FE00
1F8003E000FC00
1FC007F001FC00
0FC007F001FC00
0FC007F801F800
0FE00FF803F800
07E00FFC03F800
07E01FFC03F000
07F01FFE07F000
03F03F7E07F000
03F03F7F07E000
03F87E3F07E000
01F87E3F0FE000
01F8FC1F8FC000
01FCFC1F8FC000
00FCF81FDFC000
00FDF80FDF8000
00FFF80FFF8000
007FF007FF8000
007FF007FF0000
007FE003FF0000
003FE003FF0000
003FE001FE0000
003FC001FE0000
001FC001FE0000
001F8000FC0000
001F8000FC0000
000F80007C0000
ENDCHAR
STARTCHAR Wdieresis
ENCODING 7812
SWIDTH 996 0
DWIDTH 64 0
BBX 60 57 2 0
BITMAP
000007C03E000000
00000FE07F000000
00001FF07F800000
00001FF0FF800000
00001FF0FF800000
00001FF0FF800000
00001FE07F000000
00000FC07F000000
0000000000000000
0000000000000000
0000000000000000
0000000000000000
FE000000000007F0
FE00000000000FF0
FF00000000000FE0
7F00000000000FE0
7F00000000001FE0
7F80000000001FE0
3F80000000001FC0
3F80000000001FC0
3F80001F80003FC0
3FC0003FC0003F80
1FC0003FC0003F80
1FC0007FC0007F80
1FE0007FE0007F00
0FE0007FE0007F00
0FE000FFF000FF00
0FF000FFF000FE00
07F001FFF000FE00
07F001FFF801FE00
07F801FBF801FC00
03F803FBFC01FC00
03F803F9FC01FC00
03F807F1FC03F800
01FC07F0FE03F800
01FC07E0FE03F800
01FC0FE0FE07F000
00FE0FC07F07F000
00FE1FC07F07F000
00FE1FC03F8FF000
007F1F803F8FE000
007F3F801F8FE000
007F3F001FCFE000
003F3F001FDFC000
003FFF000FDFC000
003FFE000FFFC000
003FFE0007FF8000
001FFC0007FF8000
001FFC0003FF8000
001FFC0003FF0000
000FF80003FF0000
000FF80001FF0000
000FF00001FE0000
0007F00000FE0000
0007F00000FE0000
0007E000007C0000
0003E000007C0000
ENDCHAR
STARTCHAR wdieresis
ENCODING 7813
SWIDTH 800 0
DWIDTH 51 0
BBX 49 49 1 0
BITMAP
0000FC0FC00000
0001FE0FE00000
0003FE1FF00000
0003FE1FF00000
0003FE1FF00000
0003FE1FE00000
0001FC0FE00000
0000F807800000
00000000000000
00000000000000
00000000000000
00000000000000
00000000000000
00000000000000
00000000000000
FE000000003F80
7E000000003F00
7F000000007F00
7F000000007F00
3F000000007E00
3F80000000FE00
3F8003E000FE00
1F8003E000FC00
1FC007F001FC00
0FC007F001FC00
0FC007F801F800
0FE00FF803F800
07E00FFC03F800
07E01FFC03F000
07F01FFE07F000
03F03F7E07F000
03F03F7F07E000
03F87E3F07E000
01F87E3F0FE000
01F8FC1F8FC000
01FCFC1F8FC000
00FCF81FDFC000
00FDF80FDF8000
00FFF80FFF8000
007FF007FF8000
007FF007FF0000
007FE003FF0000
003FE003FF0000
003FE001FE0000
003FC001FE0000
001FC001FE0000
001F8000FC0000
001F8000FC0000
000F80007C0000
ENDCHAR
STARTCHAR uni1E8E
ENCODING 7822
SWIDTH 660 0
DWIDTH 42 0
BBX 41 57 1 0
BITMAP
00003C000000
00007F000000
0000FF000000
0000FF000000
0000FF000000
0000FF000000
0000FF000000
00007E000000
000000000000
000000000000
000000000000
000000000000
FF000000FF80
7F800000FF00
7FC00001FE00
3FC00001FC00
1FE00003FC00
1FF00007F800
0FF00007F000
07F8000FF000
03FC001FE000
03FC001FC000
01FE003FC000
00FF007F8000
00FF807F0000
007F80FF0000
003FC0FE0000
003FE1FE0000
001FE3FC0000
000FF3F80000
0007FFF80000
0007FFF00000
0003FFE00000
0001FFE00000
0001FFC00000
0000FF800000
00007F800000
00007F000000
00007F000000
00007F000000
00007F000000
00007F000000
00007F000000
00007F000000
00007F000000
00007F000000
00007F000000
00007F000000
00007F000000
00007F000000
00007F000000
00007F000000
00007F000000
00007F000000
00007F000000
00007F000000
00007F000000
ENDCHAR
STARTCHAR uni1E8F
ENCODING 7823
SWIDTH 581 0
DWIDTH 37 0
BBX 37 64 0 -15
BITMAP
0000FC0000
0001FE0000
0001FE0000
0001FE0000
0001FE0000
0001FE0000
0001FE0000
0000780000
0000000000
0000000000
0000000000
0000000000
0000000000
0000000000
0000000000
FF000007F8
7F000007F0
7F80000FF0
3F80000FF0
3FC0000FE0
1FC0001FE0
1FE0001FC0
1FE0003FC0
0FE0003FC0
0FF0003F80
07F0007F80
07F8007F00
03F8007F00
03FC00FE00
01FC00FE00
01FC00FE00
01FE01FC00
00FE01FC00
00FF03F800
007F03F800
007F83F800
003F87F000
003F87F000
001FC7E000
001FCFE000
001FEFE000
000FEFC000
000FFFC000
0007FF8000
0007FF8000
0003FF8000
0003FF0000
0001FF0000
0001FE0000
0001FE0000
0000FC0000
0000FC0000
0001FC0000
0001F80000
0003F80000
0003F80000
0007F00000
0007F00000
000FE00000
000FE00000
000FE00000
001FC00000
001FC00000
003F800000
ENDCHAR
STARTCHAR uni1E92
ENCODING 7826
SWIDTH 659 0
DWIDTH 42 0
BBX 35 58 4 -13
BITMAP
7FFFFFFFC0
7FFFFFFFC0
7FFFFFFFC0
7FFFFFFFC0
7FFFFFFFC0
7FFFFFFFC0
7FFFFFFF80
000000FF00
000001FF00
000001FE00
000003FC00
000007F800
00000FF800
00000FF000
00001FE000
00003FC000
00007FC000
00007F8000
0000FF0000
0001FE0000
0003FE0000
0003FC0000
0007F80000
000FF00000
001FF00000
001FE00000
003FC00000
007F800000
00FF800000
00FF000000
01FE000000
03FC000000
07FC000000
07F8000000
0FF0000000
1FE0000000
3FE0000000
3FC0000000
7FFFFFFFE0
FFFFFFFFE0
FFFFFFFFE0
FFFFFFFFE0
FFFFFFFFE0
FFFFFFFFE0
FFFFFFFFE0
0000000000
0000000000
0000000000
0000000000
0000000000
0003F00000
0007F80000
0007F80000
0007F80000
0007F80000
0007F80000
0007F80000
0003F00000
ENDCHAR
STARTCHAR uni1E93
ENCODING 7827
SWIDTH 484 0
DWIDTH 31 0
BBX 25 47 3 -13
BITMAP
FFFFFF80
FFFFFF80
FFFFFF80
FFFFFF80
FFFFFF80
FFFFFF80
00007F00
0000FE00
0001FE00
0003FC00
0003F800
0007F000
000FF000
001FE000
001FC000
003F8000
007F8000
00FF0000
00FE0000
01FC0000
03FC0000
07F80000
07F00000
0FE00000
1FE00000
3FC00000
3F800000
7F000000
FFFFFF80
FFFFFF80
FFFFFF80
FFFFFF80
FFFFFF80
FFFFFF80
00000000
00000000
00000000
00000000
00000000
007E0000
00FF0000
00FF0000
00FF0000
00FF0000
00FF0000
00FF0000
007E0000
ENDCHAR
STARTCHAR uni1E97
ENCODING 7831
SWIDTH 384 0
DWIDTH 25 0
BBX 22 55 1 0
BITMAP
3F03F0
7F83F8
FF87FC
FF87FC
FF87FC
FF87F8
7F03F8
3E01E0
000000
000000
000000
000000
000000
00FC00
00FC00
00FC00
00FC00
00FC00
00FC00
00FC00
00FC00
7FFFFC
7FFFFC
7FFFFC
7FFFFC
7FFFFC
7FFFFC
7FFFFC
00FC00
00FC00
00FC00
00FC00
00FC00
00FC00
00FC00
00FC00
00FC00
00FC00
00FC00
00FC00
00FC00
00FC00
00FC00
00FC00
00FC00
00FC00
00FC00
00FC00
00FC00
00FC00
00FC00
00FC00
00FC00
00FC00
00FC00
ENDCHAR
STARTCHAR uni1E9E
ENCODING 7838
SWIDTH 762 0
DWIDTH 49 0
BBX 39 47 6 -1
BITMAP
0003FFF800
001FFFFF80
003FFFFFE0
00FFFFFFE0
01FFFFFFE0
03FFFFFFE0
07FF03FFE0
07FC0FFF00
0FF81FF800
0FF03FE000
1FE07F8000
1FC07F0000
3FC0FE0000
3F80FE0000
3F80FC0000
7F00FE0000
7F00FE0000
7F00FE0000
7F00FF0000
7F00FF8000
FE00FFE000
FE007FF800
FE003FFE00
FE003FFF80
FE001FFFE0
FE0007FFF0
FE0003FFF8
FE0000FFFC
FE00003FFC
FE00000FFE
FE000007FE
FE000001FE
FE000000FE
FE000000FE
FE000000FE
FE0000007E
FE004000FE
FE00E000FE
FE01F001FC
FE03FC03FC
FE07FFFFF8
FE07FFFFF0
FE03FFFFF0
FE01FFFFC0
FE007FFF80
FE001FFE00
000001E000
ENDCHAR
STARTCHAR uni1EA0
ENCODING 7840
SWIDTH 700 0
DWIDTH 45 0
BBX 41 58 2 -13
BITMAP
00007F000000
0000FF000000
0000FF800000
0000FF800000
0001FFC00000
0001FFC00000
0003FFC00000
0003FFE00000
0003FFE00000
0007F7F00000
0007E7F00000
0007E7F00000
000FE3F80000
000FE3F80000
001FC3F80000
001FC1FC0000
001F81FC0000
003F81FE0000
003F80FE0000
007F00FE0000
007F007F0000
007F007F0000
00FE007F8000
00FE003F8000
00FC003F8000
01FC003FC000
01FC001FC000
03FFFFFFC000
03FFFFFFE000
03FFFFFFE000
07FFFFFFF000
07FFFFFFF000
0FFFFFFFF000
0FFFFFFFF800
0FE00003F800
1FC00003FC00
1FC00001FC00
3FC00001FC00
3F800001FE00
3F800000FE00
7F000000FE00
7F0000007F00
7F0000007F00
FE0000007F80
FE0000003F80
000000000000
000000000000
000000000000
000000000000
000000000000
00007E000000
0000FF000000
0000FF000000
0000FF000000
0000FF000000
0000FF000000
0000FF000000
00007E000000
ENDCHAR
STARTCHAR uni1EA1
ENCODING 7841
SWIDTH 633 0
DWIDTH 41 0
BBX 34 47 2 -13
BITMAP
001FF81FC0
007FFE1FC0
01FFFF9FC0
03FFFFDFC0
07FFFFFFC0
0FFFFFFFC0
1FF807FFC0
1FF001FFC0
3FC000FFC0
3FC0007FC0
7F80003FC0
7F00003FC0
7F00001FC0
7F00001FC0
7E00001FC0
FE00001FC0
FE00001FC0
FE00001FC0
FE00001FC0
7E00001FC0
7F00001FC0
7F00001FC0
7F00003FC0
7F80003FC0
3F80007FC0
3FC000FFC0
1FE001FFC0
1FF803FFC0
0FFF3FFFC0
07FFFFFFC0
03FFFFDFC0
01FFFF9FC0
00FFFE1FC0
003FF81FC0
0007800000
0000000000
0000000000
0000000000
0000000000
0001F80000
0003FC0000
0003FC0000
0003FC0000
0003FC0000
0003FC0000
0003FC0000
0001F80000
ENDCHAR
STARTCHAR uni1EA2
ENCODING 7842
SWIDTH 700 0
DWIDTH 45 0
BBX 41 61 2 0
BITMAP
0000FE000000
0003FF800000
0003FFC00000
0003FFC00000
0001CFC00000
000207C00000
000007C00000
00001F800000
00003F000000
00003E000000
00003C000000
00003C000000
000000000000
000000000000
000000000000
000000000000
00007F000000
0000FF000000
0000FF800000
0000FF800000
0001FFC00000
0001FFC00000
0003FFC00000
0003FFE00000
0003FFE00000
0007F7F00000
0007E7F00000
0007E7F00000
000FE3F80000
000FE3F80000
001FC3F80000
001FC1FC0000
001F81FC0000
003F81FE0000
003F80FE0000
007F00FE0000
007F007F0000
007F007F0000
00FE007F8000
00FE003F8000
00FC003F8000
01FC003FC000
01FC001FC000
03FFFFFFC000
03FFFFFFE000
03FFFFFFE000
07FFFFFFF000
07FFFFFFF000
0FFFFFFFF000
0FFFFFFFF800
0FE00003F800
1FC00003FC00
1FC00001FC00
3FC00001FC00
3F800001FE00
3F800000FE00
7F000000FE00
7F0000007F00
7F0000007F00
FE0000007F80
FE0000003F80
ENDCHAR
STARTCHAR uni1EA3
ENCODING 7843
SWIDTH 633 0
DWIDTH 41 0
BBX 34 52 2 -1
BITMAP
0000400000
0007FC0000
000FFE0000
000FFF0000
000FFF0000
00041F0000
00001F0000
00003F0000
00007E0000
0000FC0000
0000F00000
0000F00000
0000E00000
0000000000
0000000000
0000000000
0000000000
001FF81FC0
007FFE1FC0
01FFFF9FC0
03FFFFDFC0
07FFFFFFC0
0FFFFFFFC0
1FF807FFC0
1FF001FFC0
3FC000FFC0
3FC0007FC0
7F80003FC0
7F00003FC0
7F00001FC0
7F00001FC0
7E00001FC0
FE00001FC0
FE00001FC0
FE00001FC0
FE00001FC0
7E00001FC0
7F00001FC0
7F00001FC0
7F00003FC0
7F80003FC0
3F80007FC0
3FC000FFC0
1FE001FFC0
1FF803FFC0
0FFF3FFFC0
07FFFFFFC0
03FFFFDFC0
01FFFF9FC0
00FFFE1FC0
003FF81FC0
0007800000
ENDCHAR
STARTCHAR uni1EA4
ENCODING 7844
SWIDTH 700 0
DWIDTH 45 0
BBX 41 67 2 0
BITMAP
000000008000
00000000C000
00000001F000
00000003F800
00000003FC00
00000007F800
00000007F000
0000000FE000
0000000FC000
0000001F8000
00007E070000
0000FF020000
0001FF800000
0003FFE00000
000FFFF00000
001FE7F80000
003F81FC0000
001E00780000
000800100000
000000000000
000000000000
000000000000
00007F000000
0000FF000000
0000FF800000
0000FF800000
0001FFC00000
0001FFC00000
0003FFC00000
0003FFE00000
0003FFE00000
0007F7F00000
0007E7F00000
0007E7F00000
000FE3F80000
000FE3F80000
001FC3F80000
001FC1FC0000
001F81FC0000
003F81FE0000
003F80FE0000
007F00FE0000
007F007F0000
007F007F0000
00FE007F8000
00FE003F8000
00FC003F8000
01FC003FC000
01FC001FC000
03FFFFFFC000
03FFFFFFE000
03FFFFFFE000
07FFFFFFF000
07FFFFFFF000
0FFFFFFFF000
0FFFFFFFF800
0FE00003F800
1FC00003FC00
1FC00001FC00
3FC00001FC00
3F800001FE00
3F800000FE00
7F000000FE00
7F0000007F00
7F0000007F00
FE0000007F80
FE0000003F80
ENDCHAR
STARTCHAR uni1EA5
ENCODING 7845
SWIDTH 633 0
DWIDTH 41 0
BBX 36 60 2 -1
BITMAP
0000000300
0000000380
00000007E0
0000000FF0
0000000FE0
0000001FC0
0000001F80
0000003F00
0000007E00
0000003C00
0000001800
0001F80000
0007FC0000
000FFE0000
001FFF0000
003FFFC000
007F9FE000
00FE07F000
00F801F000
003000C000
0000000000
0000000000
0000000000
0000000000
0000000000
001FF81FC0
007FFE1FC0
01FFFF9FC0
03FFFFDFC0
07FFFFFFC0
0FFFFFFFC0
1FF807FFC0
1FF001FFC0
3FC000FFC0
3FC0007FC0
7F80003FC0
7F00003FC0
7F00001FC0
7F00001FC0
7E00001FC0
FE00001FC0
FE00001FC0
FE00001FC0
FE00001FC0
7E00001FC0
7F00001FC0
7F00001FC0
7F00003FC0
7F80003FC0
3F80007FC0
3FC000FFC0
1FE001FFC0
1FF803FFC0
0FFF3FFFC0
07FFFFFFC0
03FFFFDFC0
01FFFF9FC0
00FFFE1FC0
003FF81FC0
0007800000
ENDCHAR
STARTCHAR uni1EA6
ENCODING 7846
SWIDTH 700 0
DWIDTH 45 0
BBX 41 67 2 0
BITMAP
000000080000
000000380000
0000007C0000
000001FE0000
000000FE0000
0000007F0000
0000003F0000
0000001F8000
0000000F8000
00000007C000
00007E030000
0000FF020000
0001FF800000
0003FFE00000
000FFFF00000
001FE7F80000
003F81FC0000
001E00780000
000800100000
000000000000
000000000000
000000000000
00007F000000
0000FF000000
0000FF800000
0000FF800000
0001FFC00000
0001FFC00000
0003FFC00000
0003FFE00000
0003FFE00000
0007F7F00000
0007E7F00000
0007E7F00000
000FE3F80000
000FE3F80000
001FC3F80000
001FC1FC0000
001F81FC0000
003F81FE0000
003F80FE0000
007F00FE0000
007F007F0000
007F007F0000
00FE007F8000
00FE003F8000
00FC003F8000
01FC003FC000
01FC001FC000
03FFFFFFC000
03FFFFFFE000
03FFFFFFE000
07FFFFFFF000
07FFFFFFF000
0FFFFFFFF000
0FFFFFFFF800
0FE00003F800
1FC00003FC00
1FC00001FC00
3FC00001FC00
3F800001FE00
3F800000FE00
7F000000FE00
7F0000007F00
7F0000007F00
FE0000007F80
FE0000003F80
ENDCHAR
STARTCHAR uni1EA7
ENCODING 7847
SWIDTH 633 0
DWIDTH 41 0
BBX 34 60 2 -1
BITMAP
0000006000
000000E000
000003F000
000007F000
000007F800
000003FC00
000001FC00
000000FE00
0000007E00
0000003F00
0000001C00
0001FC0000
0003FE0000
0007FF0000
000FFF8000
001FFFC000
003FCFE000
007F07F000
007C01F800
0030006000
0000000000
0000000000
0000000000
0000000000
0000000000
001FF81FC0
007FFE1FC0
01FFFF9FC0
03FFFFDFC0
07FFFFFFC0
0FFFFFFFC0
1FF807FFC0
1FF001FFC0
3FC000FFC0
3FC0007FC0
7F80003FC0
7F00003FC0
7F00001FC0
7F00001FC0
7E00001FC0
FE00001FC0
FE00001FC0
FE00001FC0
FE00001FC0
7E00001FC0
7F00001FC0
7F00001FC0
7F00003FC0
7F80003FC0
3F80007FC0
3FC000FFC0
1FE001FFC0
1FF803FFC0
0FFF3FFFC0
07FFFFFFC0
03FFFFDFC0
01FFFF9FC0
00FFFE1FC0
003FF81FC0
0007800000
ENDCHAR
STARTCHAR uni1EA8
ENCODING 7848
SWIDTH 700 0
DWIDTH 45 0
BBX 41 67 2 0
BITMAP
0000003F8000
000000FFE000
000000FFF000
000000FFF000
000000E3F000
00000001F000
00000003F000
00000007E000
0000000F8000
0000000F0000
00007E0F0000
0000FF0C0000
0001FF800000
0007FFC00000
000FFFF00000
001FE7F80000
003F81FC0000
001E00780000
000800100000
000000000000
000000000000
000000000000
00007F000000
0000FF000000
0000FF800000
0000FF800000
0001FFC00000
0001FFC00000
0003FFC00000
0003FFE00000
0003FFE00000
0007F7F00000
0007E7F00000
0007E7F00000
000FE3F80000
000FE3F80000
001FC3F80000
001FC1FC0000
001F81FC0000
003F81FE0000
003F80FE0000
007F00FE0000
007F007F0000
007F007F0000
00FE007F8000
00FE003F8000
00FC003F8000
01FC003FC000
01FC001FC000
03FFFFFFC000
03FFFFFFE000
03FFFFFFE000
07FFFFFFF000
07FFFFFFF000
0FFFFFFFF000
0FFFFFFFF800
0FE00003F800
1FC00003FC00
1FC00001FC00
3FC00001FC00
3F800001FE00
3F800000FE00
7F000000FE00
7F0000007F00
7F0000007F00
FE0000007F80
FE0000003F80
ENDCHAR
STARTCHAR uni1EA9
ENCODING 7849
SWIDTH 633 0
DWIDTH 41 0
BBX 36 60 2 -1
BITMAP
000000FF80
000001FFC0
000001FFE0
000000FFE0
000000C3F0
00000003E0
00000007E0
0000000FC0
0000001F80
0000001E00
0000001E00
0001FC1C00
0003FE0000
0007FF0000
000FFF8000
001FFFC000
003FDFE000
007F07F000
00FC01F800
0030006000
0000000000
0000000000
0000000000
0000000000
0000000000
001FF81FC0
007FFE1FC0
01FFFF9FC0
03FFFFDFC0
07FFFFFFC0
0FFFFFFFC0
1FF807FFC0
1FF001FFC0
3FC000FFC0
3FC0007FC0
7F80003FC0
7F00003FC0
7F00001FC0
7F00001FC0
7E00001FC0
FE00001FC0
FE00001FC0
FE00001FC0
FE00001FC0
7E00001FC0
7F00001FC0
7F00001FC0
7F00003FC0
7F80003FC0
3F80007FC0
3FC000FFC0
1FE001FFC0
1FF803FFC0
0FFF3FFFC0
07FFFFFFC0
03FFFFDFC0
01FFFF9FC0
00FFFE1FC0
003FF81FC0
0007800000
ENDCHAR
STARTCHAR uni1EAA
ENCODING 7850
SWIDTH 700 0
DWIDTH 45 0
BBX 41 67 2 0
BITMAP
0007E03C0000
000FFC7C0000
001FFFFC0000
003FFFFC0000
003FFFF80000
003E1FF80000
001C03E00000
000000000000
000000000000
000000000000
00007E000000
0000FF000000
0001FF800000
0003FFE00000
000FFFF00000
001FE7F80000
003F81FC0000
001E00780000
000800100000
000000000000
000000000000
000000000000
00007F000000
0000FF000000
0000FF800000
0000FF800000
0001FFC00000
0001FFC00000
0003FFC00000
0003FFE00000
0003FFE00000
0007F7F00000
0007E7F00000
0007E7F00000
000FE3F80000
000FE3F80000
001FC3F80000
001FC1FC0000
001F81FC0000
003F81FE0000
003F80FE0000
007F00FE0000
007F007F0000
007F007F0000
00FE007F8000
00FE003F8000
00FC003F8000
01FC003FC000
01FC001FC000
03FFFFFFC000
03FFFFFFE000
03FFFFFFE000
07FFFFFFF000
07FFFFFFF000
0FFFFFFFF000
0FFFFFFFF800
0FE00003F800
1FC00003FC00
1FC00001FC00
3FC00001FC00
3F800001FE00
3F800000FE00
7F000000FE00
7F0000007F00
7F0000007F00
FE0000007F80
FE0000003F80
ENDCHAR
STARTCHAR uni1EAB
ENCODING 7851
SWIDTH 633 0
DWIDTH 41 0
BBX 34 60 2 -1
BITMAP
001F80F000
003FE1F000
007FFFF000
00FFFFF000
00FFFFE000
00F87FE000
00F01FC000
0000000000
0000000000
0000000000
0000000000
0001F80000
0003FC0000
0007FE0000
001FFF8000
003FFFC000
007F9FE000
00FE07F000
00F801F000
003000C000
0000000000
0000000000
0000000000
0000000000
0000000000
001FF81FC0
007FFE1FC0
01FFFF9FC0
03FFFFDFC0
07FFFFFFC0
0FFFFFFFC0
1FF807FFC0
1FF001FFC0
3FC000FFC0
3FC0007FC0
7F80003FC0
7F00003FC0
7F00001FC0
7F00001FC0
7E00001FC0
FE00001FC0
FE00001FC0
FE00001FC0
FE00001FC0
7E00001FC0
7F00001FC0
7F00001FC0
7F00003FC0
7F80003FC0
3F80007FC0
3FC000FFC0
1FE001FFC0
1FF803FFC0
0FFF3FFFC0
07FFFFFFC0
03FFFFDFC0
01FFFF9FC0
00FFFE1FC0
003FF81FC0
0007800000
ENDCHAR
STARTCHAR uni1EAC
ENCODING 7852
SWIDTH 700 0
DWIDTH 45 0
BBX 41 70 2 -13
BITMAP
00007E000000
0000FF000000
0001FF800000
0007FFE00000
000FFFF00000
001FE7F80000
003F81FC0000
001E00780000
000800100000
000000000000
000000000000
000000000000
00007F000000
0000FF000000
0000FF800000
0000FF800000
0001FFC00000
0001FFC00000
0003FFC00000
0003FFE00000
0003FFE00000
0007F7F00000
0007E7F00000
0007E7F00000
000FE3F80000
000FE3F80000
001FC3F80000
001FC1FC0000
001F81FC0000
003F81FE0000
003F80FE0000
007F00FE0000
007F007F0000
007F007F0000
00FE007F8000
00FE003F8000
00FC003F8000
01FC003FC000
01FC001FC000
03FFFFFFC000
03FFFFFFE000
03FFFFFFE000
07FFFFFFF000
07FFFFFFF000
0FFFFFFFF000
0FFFFFFFF800
0FE00003F800
1FC00003FC00
1FC00001FC00
3FC00001FC00
3F800001FE00
3F800000FE00
7F000000FE00
7F0000007F00
7F0000007F00
FE0000007F80
FE0000003F80
000000000000
000000000000
000000000000
000000000000
000000000000
00007E000000
0000FF000000
0000FF000000
0000FF000000
0000FF000000
0000FF000000
0000FF000000
00007E000000
ENDCHAR
STARTCHAR uni1EAD
ENCODING 7853
SWIDTH 633 0
DWIDTH 41 0
BBX 34 61 2 -13
BITMAP
0001F80000
0003FC0000
0007FE0000
001FFF8000
003FFFC000
007F9FE000
00FE07F000
00F801F000
003000C000
0000000000
0000000000
0000000000
0000000000
0000000000
001FF81FC0
007FFE1FC0
01FFFF9FC0
03FFFFDFC0
07FFFFFFC0
0FFFFFFFC0
1FF807FFC0
1FF001FFC0
3FC000FFC0
3FC0007FC0
7F80003FC0
7F00003FC0
7F00001FC0
7F00001FC0
7E00001FC0
FE00001FC0
FE00001FC0
FE00001FC0
FE00001FC0
7E00001FC0
7F00001FC0
7F00001FC0
7F00003FC0
7F80003FC0
3F80007FC0
3FC000FFC0
1FE001FFC0
1FF803FFC0
0FFF3FFFC0
07FFFFFFC0
03FFFFDFC0
01FFFF9FC0
00FFFE1FC0
003FF81FC0
0007800000
0000000000
0000000000
0000000000
0000000000
0001F80000
0003FC0000
0003FC0000
0003FC0000
0003FC0000
0003FC0000
0003FC0000
0001F80000
ENDCHAR
STARTCHAR uni1EAE
ENCODING 7854
SWIDTH 700 0
DWIDTH 45 0
BBX 41 68 2 0
BITMAP
000003000000
000003800000
000007E00000
00000FF00000
00000FE00000
00001FC00000
00001F800000
00003F000000
00007E000000
00003C000000
000018000000
003E007C0000
003E007C0000
003F00FC0000
001F83F80000
001FFFF80000
000FFFF00000
0007FFE00000
0003FFC00000
00007E000000
000000000000
000000000000
000000000000
00007F000000
0000FF000000
0000FF800000
0000FF800000
0001FFC00000
0001FFC00000
0003FFC00000
0003FFE00000
0003FFE00000
0007F7F00000
0007E7F00000
0007E7F00000
000FE3F80000
000FE3F80000
001FC3F80000
001FC1FC0000
001F81FC0000
003F81FE0000
003F80FE0000
007F00FE0000
007F007F0000
007F007F0000
00FE007F8000
00FE003F8000
00FC003F8000
01FC003FC000
01FC001FC000
03FFFFFFC000
03FFFFFFE000
03FFFFFFE000
07FFFFFFF000
07FFFFFFF000
0FFFFFFFF000
0FFFFFFFF800
0FE00003F800
1FC00003FC00
1FC00001FC00
3FC00001FC00
3F800001FE00
3F800000FE00
7F000000FE00
7F0000007F00
7F0000007F00
FE0000007F80
FE0000003F80
ENDCHAR
STARTCHAR uni1EAF
ENCODING 7855
SWIDTH 633 0
DWIDTH 41 0
BBX 34 61 2 -1
BITMAP
0000080000
00000C0000
00001F0000
00003F8000
00003FC000
00007F0000
00007F0000
0000FE0000
0000FC0000
0001F80000
0000700000
0000200000
0000000000
007801E000
00F801F000
00FC03F000
007E07E000
007FFFE000
003FFFC000
001FFF8000
000FFF0000
0003FC0000
0000000000
0000000000
0000000000
0000000000
001FF81FC0
007FFE1FC0
01FFFF9FC0
03FFFFDFC0
07FFFFFFC0
0FFFFFFFC0
1FF807FFC0
1FF001FFC0
3FC000FFC0
3FC0007FC0
7F80003FC0
7F00003FC0
7F00001FC0
7F00001FC0
7E00001FC0
FE00001FC0
FE00001FC0
FE00001FC0
FE00001FC0
7E00001FC0
7F00001FC0
7F00001FC0
7F00003FC0
7F80003FC0
3F80007FC0
3FC000FFC0
1FE001FFC0
1FF803FFC0
0FFF3FFFC0
07FFFFFFC0
03FFFFDFC0
01FFFF9FC0
00FFFE1FC0
003FF81FC0
0007800000
ENDCHAR
STARTCHAR uni1EB0
ENCODING 7856
SWIDTH 700 0
DWIDTH 45 0
BBX 41 68 2 0
BITMAP
0000C0000000
0001E0000000
0003E0000000
000FF0000000
0007F8000000
0003F8000000
0001FC000000
0000FC000000
00007E000000
00003C000000
000018000000
003E007C0000
003E007C0000
003F00FC0000
001F83F80000
001FFFF80000
000FFFF00000
0007FFE00000
0003FFC00000
00007E000000
000000000000
000000000000
000000000000
00007F000000
0000FF000000
0000FF800000
0000FF800000
0001FFC00000
0001FFC00000
0003FFC00000
0003FFE00000
0003FFE00000
0007F7F00000
0007E7F00000
0007E7F00000
000FE3F80000
000FE3F80000
001FC3F80000
001FC1FC0000
001F81FC0000
003F81FE0000
003F80FE0000
007F00FE0000
007F007F0000
007F007F0000
00FE007F8000
00FE003F8000
00FC003F8000
01FC003FC000
01FC001FC000
03FFFFFFC000
03FFFFFFE000
03FFFFFFE000
07FFFFFFF000
07FFFFFFF000
0FFFFFFFF000
0FFFFFFFF800
0FE00003F800
1FC00003FC00
1FC00001FC00
3FC00001FC00
3F800001FE00
3F800000FE00
7F000000FE00
7F0000007F00
7F0000007F00
FE0000007F80
FE0000003F80
ENDCHAR
STARTCHAR uni1EB1
ENCODING 7857
SWIDTH 633 0
DWIDTH 41 0
BBX 34 61 2 -1
BITMAP
0001000000
0003800000
0007800000
001FC00000
003FE00000
000FE00000
0007F00000
0003F00000
0001F80000
0000F80000
0000700000
0000200000
0010008000
00F801F000
00FC03F000
00FC03F000
007F0FE000
007FFFE000
003FFFC000
001FFF8000
000FFF0000
0003FC0000
0000000000
0000000000
0000000000
0000000000
001FF81FC0
007FFE1FC0
01FFFF9FC0
03FFFFDFC0
07FFFFFFC0
0FFFFFFFC0
1FF807FFC0
1FF001FFC0
3FC000FFC0
3FC0007FC0
7F80003FC0
7F00003FC0
7F00001FC0
7F00001FC0
7E00001FC0
FE00001FC0
FE00001FC0
FE00001FC0
FE00001FC0
7E00001FC0
7F00001FC0
7F00001FC0
7F00003FC0
7F80003FC0
3F80007FC0
3FC000FFC0
1FE001FFC0
1FF803FFC0
0FFF3FFFC0
07FFFFFFC0
03FFFFDFC0
01FFFF9FC0
00FFFE1FC0
003FF81FC0
0007800000
ENDCHAR
STARTCHAR uni1EB2
ENCODING 7858
SWIDTH 700 0
DWIDTH 45 0
BBX 41 69 2 0
BITMAP
000018000000
0001FF000000
0003FF800000
0003FFC00000
0001FFC00000
000107C00000
000007C00000
00000FC00000
00003F000000
00003E000000
00003C000000
00003C000000
003E007C0000
003E007C0000
003F00FC0000
001F83F80000
001FFFF80000
000FFFF00000
0007FFE00000
0003FFC00000
00007E000000
000000000000
000000000000
000000000000
00007F000000
0000FF000000
0000FF800000
0000FF800000
0001FFC00000
0001FFC00000
0003FFC00000
0003FFE00000
0003FFE00000
0007F7F00000
0007E7F00000
0007E7F00000
000FE3F80000
000FE3F80000
001FC3F80000
001FC1FC0000
001F81FC0000
003F81FE0000
003F80FE0000
007F00FE0000
007F007F0000
007F007F0000
00FE007F8000
00FE003F8000
00FC003F8000
01FC003FC000
01FC001FC000
03FFFFFFC000
03FFFFFFE000
03FFFFFFE000
07FFFFFFF000
07FFFFFFF000
0FFFFFFFF000
0FFFFFFFF800
0FE00003F800
1FC00003FC00
1FC00001FC00
3FC00001FC00
3F800001FE00
3F800000FE00
7F000000FE00
7F0000007F00
7F0000007F00
FE0000007F80
FE0000003F80
ENDCHAR
STARTCHAR uni1EB3
ENCODING 7859
SWIDTH 633 0
DWIDTH 41 0
BBX 34 62 2 -1
BITMAP
0003F80000
000FFC0000
000FFE0000
000FFF0000
000FFF0000
00081F0000
00001F0000
00007E0000
0000FE0000
0000F80000
0000F00000
0000F00000
0000800000
0010008000
00F801F000
00FC03F000
00FC03F000
007F0FE000
007FFFE000
003FFFC000
001FFF8000
000FFF0000
0003FC0000
0000000000
0000000000
0000000000
0000000000
001FF81FC0
007FFE1FC0
01FFFF9FC0
03FFFFDFC0
07FFFFFFC0
0FFFFFFFC0
1FF807FFC0
1FF001FFC0
3FC000FFC0
3FC0007FC0
7F80003FC0
7F00003FC0
7F00001FC0
7F00001FC0
7E00001FC0
FE00001FC0
FE00001FC0
FE00001FC0
FE00001FC0
7E00001FC0
7F00001FC0
7F00001FC0
7F00003FC0
7F80003FC0
3F80007FC0
3FC000FFC0
1FE001FFC0
1FF803FFC0
0FFF3FFFC0
07FFFFFFC0
03FFFFDFC0
01FFFF9FC0
00FFFE1FC0
003FF81FC0
0007800000
ENDCHAR
STARTCHAR uni1EB4
ENCODING 7860
SWIDTH 700 0
DWIDTH 45 0
BBX 41 67 2 0
BITMAP
0007E03C0000
000FFC7C0000
001FFFFC0000
003FFFFC0000
003FFFF80000
003E1FF80000
001C03E00000
000000000000
000000000000
000000000000
000400300000
003E007C0000
003F00FC0000
003F81F80000
001FFFF80000
000FFFF00000
0007FFE00000
0003FFC00000
00007E000000
000000000000
000000000000
000000000000
00007F000000
0000FF000000
0000FF800000
0000FF800000
0001FFC00000
0001FFC00000
0003FFC00000
0003FFE00000
0003FFE00000
0007F7F00000
0007E7F00000
0007E7F00000
000FE3F80000
000FE3F80000
001FC3F80000
001FC1FC0000
001F81FC0000
003F81FE0000
003F80FE0000
007F00FE0000
007F007F0000
007F007F0000
00FE007F8000
00FE003F8000
00FC003F8000
01FC003FC000
01FC001FC000
03FFFFFFC000
03FFFFFFE000
03FFFFFFE000
07FFFFFFF000
07FFFFFFF000
0FFFFFFFF000
0FFFFFFFF800
0FE00003F800
1FC00003FC00
1FC00001FC00
3FC00001FC00
3F800001FE00
3F800000FE00
7F000000FE00
7F0000007F00
7F0000007F00
FE0000007F80
FE0000003F80
ENDCHAR
STARTCHAR uni1EB5
ENCODING 7861
SWIDTH 633 0
DWIDTH 41 0
BBX 34 61 2 -1
BITMAP
000F008000
003FC0F000
007FF1F000
007FFFF000
00FFFFF000
00F8FFE000
00F03FC000
0000070000
0000000000
0000000000
0000000000
0000000000
0010008000
00F801F000
00FC03F000
00FC03F000
007F0FE000
007FFFE000
003FFFC000
001FFF8000
000FFF0000
0003FC0000
0000000000
0000000000
0000000000
0000000000
001FF81FC0
007FFE1FC0
01FFFF9FC0
03FFFFDFC0
07FFFFFFC0
0FFFFFFFC0
1FF807FFC0
1FF001FFC0
3FC000FFC0
3FC0007FC0
7F80003FC0
7F00003FC0
7F00001FC0
7F00001FC0
7E00001FC0
FE00001FC0
FE00001FC0
FE00001FC0
FE00001FC0
7E00001FC0
7F00001FC0
7F00001FC0
7F00003FC0
7F80003FC0
3F80007FC0
3FC000FFC0
1FE001FFC0
1FF803FFC0
0FFF3FFFC0
07FFFFFFC0
03FFFFDFC0
01FFFF9FC0
00FFFE1FC0
003FF81FC0
0007800000
ENDCHAR
STARTCHAR uni1EB6
ENCODING 7862
SWIDTH 700 0
DWIDTH 45 0
BBX 41 70 2 -13
BITMAP
003E007C0000
003F00FC0000
003F81FC0000
001FC3F80000
000FFFF00000
000FFFF00000
0007FFE00000
0001FF800000
00007E000000
000000000000
000000000000
000000000000
00007F000000
0000FF000000
0000FF800000
0000FF800000
0001FFC00000
0001FFC00000
0003FFC00000
0003FFE00000
0003FFE00000
0007F7F00000
0007E7F00000
0007E7F00000
000FE3F80000
000FE3F80000
001FC3F80000
001FC1FC0000
001F81FC0000
003F81FE0000
003F80FE0000
007F00FE0000
007F007F0000
007F007F0000
00FE007F8000
00FE003F8000
00FC003F8000
01FC003FC000
01FC001FC000
03FFFFFFC000
03FFFFFFE000
03FFFFFFE000
07FFFFFFF000
07FFFFFFF000
0FFFFFFFF000
0FFFFFFFF800
0FE00003F800
1FC00003FC00
1FC00001FC00
3FC00001FC00
3F800001FE00
3F800000FE00
7F000000FE00
7F0000007F00
7F0000007F00
FE0000007F80
FE0000003F80
000000000000
000000000000
000000000000
000000000000
000000000000
00007E000000
0000FF000000
0000FF000000
0000FF000000
0000FF000000
0000FF000000
0000FF000000
00007E000000
ENDCHAR
STARTCHAR uni1EB7
ENCODING 7863
SWIDTH 633 0
DWIDTH 41 0
BBX 34 61 2 -13
BITMAP
00F801F000
00F801F000
00FC03F000
00FE07F000
007F0FE000
007FFFE000
003FFFC000
001FFF8000
000FFF0000
0003FC0000
0000000000
0000000000
0000000000
0000000000
001FF81FC0
007FFE1FC0
01FFFF9FC0
03FFFFDFC0
07FFFFFFC0
0FFFFFFFC0
1FF807FFC0
1FF001FFC0
3FC000FFC0
3FC0007FC0
7F80003FC0
7F00003FC0
7F00001FC0
7F00001FC0
7E00001FC0
FE00001FC0
FE00001FC0
FE00001FC0
FE00001FC0
7E00001FC0
7F00001FC0
7F00001FC0
7F00003FC0
7F80003FC0
3F80007FC0
3FC000FFC0
1FE001FFC0
1FF803FFC0
0FFF3FFFC0
07FFFFFFC0
03FFFFDFC0
01FFFF9FC0
00FFFE1FC0
003FF81FC0
0007800000
0000000000
0000000000
0000000000
0000000000
0001F80000
0003FC0000
0003FC0000
0003FC0000
0003FC0000
0003FC0000
0003FC0000
0001F80000
ENDCHAR
STARTCHAR uni1EB8
ENCODING 7864
SWIDTH 614 0
DWIDTH 39 0
BBX 29 58 6 -13
BITMAP
FFFFFFF8
FFFFFFF8
FFFFFFF8
FFFFFFF8
FFFFFFF8
FFFFFFF8
FFFFFFF8
FE000000
FE000000
FE000000
FE000000
FE000000
FE000000
FE000000
FE000000
FE000000
FE000000
FE000000
FE000000
FFFFFF80
FFFFFF80
FFFFFF80
FFFFFF80
FFFFFF80
FFFFFF80
FE000000
FE000000
FE000000
FE000000
FE000000
FE000000
FE000000
FE000000
FE000000
FE000000
FE000000
FE000000
FE000000
FFFFFFF8
FFFFFFF8
FFFFFFF8
FFFFFFF8
FFFFFFF8
FFFFFFF8
FFFFFFF8
00000000
00000000
00000000
00000000
00000000
001F8000
003FC000
003FC000
003FC000
003FC000
003FC000
003FC000
001F8000
ENDCHAR
STARTCHAR uni1EB9
ENCODING 7865
SWIDTH 586 0
DWIDTH 38 0
BBX 32 47 3 -13
BITMAP
001FFC00
007FFF00
01FFFFC0
03FFFFE0
07FFFFF0
0FFFFFF8
1FF00FF8
3FC003FC
3F8001FE
7F0000FE
7E0000FE
FE00007F
FE00007F
FC00007F
FFFFFFFF
FFFFFFFF
FFFFFFFF
FFFFFFFF
FFFFFFFF
FC000000
FC000000
FE000000
FE000000
FF000000
7F000000
7F800030
3FE00070
3FF001F8
1FFF0FFC
0FFFFFFE
07FFFFF8
01FFFFF0
00FFFFC0
003FFF00
0001E000
00000000
00000000
00000000
00000000
0003F000
0007F800
0007F800
0007F800
0007F800
0007F800
0007F800
0003F000
ENDCHAR
STARTCHAR uni1EBA
ENCODING 7866
SWIDTH 614 0
DWIDTH 39 0
BBX 29 61 6 0
BITMAP
001FC000
007FF000
007FF800
007FF800
0039F800
0040F800
0000F800
0003F000
0007E000
0007C000
00078000
00078000
00000000
00000000
00000000
00000000
FFFFFFF8
FFFFFFF8
FFFFFFF8
FFFFFFF8
FFFFFFF8
FFFFFFF8
FFFFFFF8
FE000000
FE000000
FE000000
FE000000
FE000000
FE000000
FE000000
FE000000
FE000000
FE000000
FE000000
FE000000
FFFFFF80
FFFFFF80
FFFFFF80
FFFFFF80
FFFFFF80
FFFFFF80
FE000000
FE000000
FE000000
FE000000
FE000000
FE000000
FE000000
FE000000
FE000000
FE000000
FE000000
FE000000
FE000000
FFFFFFF8
FFFFFFF8
FFFFFFF8
FFFFFFF8
FFFFFFF8
FFFFFFF8
FFFFFFF8
ENDCHAR
STARTCHAR uni1EBB
ENCODING 7867
SWIDTH 586 0
DWIDTH 38 0
BBX 32 52 3 -1
BITMAP
00008000
000FF800
001FFC00
001FFE00
001FFE00
00083E00
00003E00
00007E00
0000FC00
0001F800
0001E000
0001E000
0001C000
00000000
00000000
00000000
00000000
001FFC00
007FFF00
01FFFFC0
03FFFFE0
07FFFFF0
0FFFFFF8
1FF00FF8
3FC003FC
3F8001FE
7F0000FE
7E0000FE
FE00007F
FE00007F
FC00007F
FFFFFFFF
FFFFFFFF
FFFFFFFF
FFFFFFFF
FFFFFFFF
FC000000
FC000000
FE000000
FE000000
FF000000
7F000000
7F800030
3FE00070
3FF001F8
1FFF0FFC
0FFFFFFE
07FFFFF8
01FFFFF0
00FFFFC0
003FFF00
0001E000
ENDCHAR
STARTCHAR uni1EBC
ENCODING 7868
SWIDTH 614 0
DWIDTH 39 0
BBX 29 56 6 0
BITMAP
00FE07C0
03FFC7C0
07FFFFC0
07FFFF80
0FDFFF80
0F83FF00
0F807C00
00000000
00000000
00000000
00000000
FFFFFFF8
FFFFFFF8
FFFFFFF8
FFFFFFF8
FFFFFFF8
FFFFFFF8
FFFFFFF8
FE000000
FE000000
FE000000
FE000000
FE000000
FE000000
FE000000
FE000000
FE000000
FE000000
FE000000
FE000000
FFFFFF80
FFFFFF80
FFFFFF80
FFFFFF80
FFFFFF80
FFFFFF80
FE000000
FE000000
FE000000
FE000000
FE000000
FE000000
FE000000
FE000000
FE000000
FE000000
FE000000
FE000000
FE000000
FFFFFFF8
FFFFFFF8
FFFFFFF8
FFFFFFF8
FFFFFFF8
FFFFFFF8
FFFFFFF8
ENDCHAR
STARTCHAR uni1EBD
ENCODING 7869
SWIDTH 586 0
DWIDTH 38 0
BBX 32 49 3 -1
BITMAP
000E0180
003F81E0
007FC3E0
00FFF3E0
01FFFFE0
01F1FFC0
01F0FF80
01E07F00
00201C00
00000000
00000000
00000000
00000000
00000000
001FFC00
007FFF00
01FFFFC0
03FFFFE0
07FFFFF0
0FFFFFF8
1FF00FF8
3FC003FC
3F8001FE
7F0000FE
7E0000FE
FE00007F
FE00007F
FC00007F
FFFFFFFF
FFFFFFFF
FFFFFFFF
FFFFFFFF
FFFFFFFF
FC000000
FC000000
FE000000
FE000000
FF000000
7F000000
7F800030
3FE00070
3FF001F8
1FFF0FFC
0FFFFFFE
07FFFFF8
01FFFFF0
00FFFFC0
003FFF00
0001E000
ENDCHAR
STARTCHAR uni1EBE
ENCODING 7870
SWIDTH 614 0
DWIDTH 39 0
BBX 33 67 6 0
BITMAP
0000001000
0000001800
0000003E00
0000007F00
0000007F80
000000FF00
000000FE00
000001FC00
000001F800
000003F000
000FC0E000
001FE04000
003FF00000
007FFC0000
01FFFE0000
03FCFF0000
07F03F8000
03C00F0000
0100020000
0000000000
0000000000
0000000000
FFFFFFF800
FFFFFFF800
FFFFFFF800
FFFFFFF800
FFFFFFF800
FFFFFFF800
FFFFFFF800
FE00000000
FE00000000
FE00000000
FE00000000
FE00000000
FE00000000
FE00000000
FE00000000
FE00000000
FE00000000
FE00000000
FE00000000
FFFFFF8000
FFFFFF8000
FFFFFF8000
FFFFFF8000
FFFFFF8000
FFFFFF8000
FE00000000
FE00000000
FE00000000
FE00000000
FE00000000
FE00000000
FE00000000
FE00000000
FE00000000
FE00000000
FE00000000
FE00000000
FE00000000
FFFFFFF800
FFFFFFF800
FFFFFFF800
FFFFFFF800
FFFFFFF800
FFFFFFF800
FFFFFFF800
ENDCHAR
STARTCHAR uni1EBF
ENCODING 7871
SWIDTH 586 0
DWIDTH 38 0
BBX 35 60 3 -1
BITMAP
0000000600
0000000700
0000000FC0
0000001FE0
0000001FC0
0000003F80
0000003F00
0000007E00
000000FC00
0000007800
0000003000
0003F00000
000FF80000
001FFC0000
003FFE0000
007FFF8000
00FF3FC000
01FC0FE000
01F003E000
0060018000
0000000000
0000000000
0000000000
0000000000
0000000000
001FFC0000
007FFF0000
01FFFFC000
03FFFFE000
07FFFFF000
0FFFFFF800
1FF00FF800
3FC003FC00
3F8001FE00
7F0000FE00
7E0000FE00
FE00007F00
FE00007F00
FC00007F00
FFFFFFFF00
FFFFFFFF00
FFFFFFFF00
FFFFFFFF00
FFFFFFFF00
FC00000000
FC00000000
FE00000000
FE00000000
FF00000000
7F00000000
7F80003000
3FE0007000
3FF001F800
1FFF0FFC00
0FFFFFFE00
07FFFFF800
01FFFFF000
00FFFFC000
003FFF0000
0001E00000
ENDCHAR
STARTCHAR uni1EC0
ENCODING 7872
SWIDTH 614 0
DWIDTH 39 0
BBX 29 67 6 0
BITMAP
00000100
00000700
00000F80
00003FC0
00001FC0
00000FE0
000007E0
000003F0
000001F0
000000F8
000FC060
001FE040
003FF000
007FFC00
01FFFE00
03FCFF00
07F03F80
03C00F00
01000200
00000000
00000000
00000000
FFFFFFF8
FFFFFFF8
FFFFFFF8
FFFFFFF8
FFFFFFF8
FFFFFFF8
FFFFFFF8
FE000000
FE000000
FE000000
FE000000
FE000000
FE000000
FE000000
FE000000
FE000000
FE000000
FE000000
FE000000
FFFFFF80
FFFFFF80
FFFFFF80
FFFFFF80
FFFFFF80
FFFFFF80
FE000000
FE000000
FE000000
FE000000
FE000000
FE000000
FE000000
FE000000
FE000000
FE000000
FE000000
FE000000
FE000000
FFFFFFF8
FFFFFFF8
FFFFFFF8
FFFFFFF8
FFFFFFF8
FFFFFFF8
FFFFFFF8
ENDCHAR
STARTCHAR uni1EC1
ENCODING 7873
SWIDTH 586 0
DWIDTH 38 0
BBX 32 60 3 -1
BITMAP
00000180
00000380
00000FC0
00001FC0
00001FE0
00000FF0
000007F0
000003F8
000001F8
000000FC
00000070
0007F000
000FF800
001FFC00
003FFE00
007FFF00
00FF3F80
01FC1FC0
01F007E0
00C00180
00000000
00000000
00000000
00000000
00000000
001FFC00
007FFF00
01FFFFC0
03FFFFE0
07FFFFF0
0FFFFFF8
1FF00FF8
3FC003FC
3F8001FE
7F0000FE
7E0000FE
FE00007F
FE00007F
FC00007F
FFFFFFFF
FFFFFFFF
FFFFFFFF
FFFFFFFF
FFFFFFFF
FC000000
FC000000
FE000000
FE000000
FF000000
7F000000
7F800030
3FE00070
3FF001F8
1FFF0FFC
0FFFFFFE
07FFFFF8
01FFFFF0
00FFFFC0
003FFF00
0001E000
ENDCHAR
STARTCHAR uni1EC2
ENCODING 7874
SWIDTH 614 0
DWIDTH 39 0
BBX 31 67 6 0
BITMAP
000007F0
00001FFC
00001FFE
00001FFE
00001C7E
0000003E
0000007E
000000FC
000001F0
000001E0
000FC1E0
001FE180
003FF000
00FFF800
01FFFE00
03FCFF00
07F03F80
03C00F00
01000200
00000000
00000000
00000000
FFFFFFF8
FFFFFFF8
FFFFFFF8
FFFFFFF8
FFFFFFF8
FFFFFFF8
FFFFFFF8
FE000000
FE000000
FE000000
FE000000
FE000000
FE000000
FE000000
FE000000
FE000000
FE000000
FE000000
FE000000
FFFFFF80
FFFFFF80
FFFFFF80
FFFFFF80
FFFFFF80
FFFFFF80
FE000000
FE000000
FE000000
FE000000
FE000000
FE000000
FE000000
FE000000
FE000000
FE000000
FE000000
FE000000
FE000000
FFFFFFF8
FFFFFFF8
FFFFFFF8
FFFFFFF8
FFFFFFF8
FFFFFFF8
FFFFFFF8
ENDCHAR
STARTCHAR uni1EC3
ENCODING 7875
SWIDTH 586 0
DWIDTH 38 0
BBX 34 60 3 -1
BITMAP
000003FE00
000007FF00
000007FF80
000003FF80
0000030FC0
0000000F80
0000001F80
0000003F00
0000007E00
0000007800
0000007800
0007F07000
000FF80000
001FFC0000
003FFE0000
007FFF0000
00FF7F8000
01FC1FC000
03F007E000
00C0018000
0000000000
0000000000
0000000000
0000000000
0000000000
001FFC0000
007FFF0000
01FFFFC000
03FFFFE000
07FFFFF000
0FFFFFF800
1FF00FF800
3FC003FC00
3F8001FE00
7F0000FE00
7E0000FE00
FE00007F00
FE00007F00
FC00007F00
FFFFFFFF00
FFFFFFFF00
FFFFFFFF00
FFFFFFFF00
FFFFFFFF00
FC00000000
FC00000000
FE00000000
FE00000000
FF00000000
7F00000000
7F80003000
3FE0007000
3FF001F800
1FFF0FFC00
0FFFFFFE00
07FFFFF800
01FFFFF000
00FFFFC000
003FFF0000
0001E00000
ENDCHAR
STARTCHAR uni1EC4
ENCODING 7876
SWIDTH 614 0
DWIDTH 39 0
BBX 29 67 6 0
BITMAP
00FC0780
01FF8F80
03FFFF80
07FFFF80
07FFFF00
07C3FF00
03807C00
00000000
00000000
00000000
000FC000
001FE000
003FF000
007FFC00
01FFFE00
03FCFF00
07F03F80
03C00F00
01000200
00000000
00000000
00000000
FFFFFFF8
FFFFFFF8
FFFFFFF8
FFFFFFF8
FFFFFFF8
FFFFFFF8
FFFFFFF8
FE000000
FE000000
FE000000
FE000000
FE000000
FE000000
FE000000
FE000000
FE000000
FE000000
FE000000
FE000000
FFFFFF80
FFFFFF80
FFFFFF80
FFFFFF80
FFFFFF80
FFFFFF80
FE000000
FE000000
FE000000
FE000000
FE000000
FE000000
FE000000
FE000000
FE000000
FE000000
FE000000
FE000000
FE000000
FFFFFFF8
FFFFFFF8
FFFFFFF8
FFFFFFF8
FFFFFFF8
FFFFFFF8
FFFFFFF8
ENDCHAR
STARTCHAR uni1EC5
ENCODING 7877
SWIDTH 586 0
DWIDTH 38 0
BBX 32 60 3 -1
BITMAP
003F01E0
007FC3E0
00FFFFE0
01FFFFE0
01FFFFC0
01F0FFC0
01E03F80
00000000
00000000
00000000
00000000
0003F000
0007F800
000FFC00
003FFF00
007FFF80
00FF3FC0
01FC0FE0
01F003E0
00600180
00000000
00000000
00000000
00000000
00000000
001FFC00
007FFF00
01FFFFC0
03FFFFE0
07FFFFF0
0FFFFFF8
1FF00FF8
3FC003FC
3F8001FE
7F0000FE
7E0000FE
FE00007F
FE00007F
FC00007F
FFFFFFFF
FFFFFFFF
FFFFFFFF
FFFFFFFF
FFFFFFFF
FC000000
FC000000
FE000000
FE000000
FF000000
7F000000
7F800030
3FE00070
3FF001F8
1FFF0FFC
0FFFFFFE
07FFFFF8
01FFFFF0
00FFFFC0
003FFF00
0001E000
ENDCHAR
STARTCHAR uni1EC6
ENCODING 7878
SWIDTH 614 0
DWIDTH 39 0
BBX 29 70 6 -13
BITMAP
000FC000
001FE000
003FF000
00FFFC00
01FFFE00
03FCFF00
07F03F80
03C00F00
01000200
00000000
00000000
00000000
FFFFFFF8
FFFFFFF8
FFFFFFF8
FFFFFFF8
FFFFFFF8
FFFFFFF8
FFFFFFF8
FE000000
FE000000
FE000000
FE000000
FE000000
FE000000
FE000000
FE000000
FE000000
FE000000
FE000000
FE000000
FFFFFF80
FFFFFF80
FFFFFF80
FFFFFF80
FFFFFF80
FFFFFF80
FE000000
FE000000
FE000000
FE000000
FE000000
FE000000
FE000000
FE000000
FE000000
FE000000
FE000000
FE000000
FE000000
FFFFFFF8
FFFFFFF8
FFFFFFF8
FFFFFFF8
FFFFFFF8
FFFFFFF8
FFFFFFF8
00000000
00000000
00000000
00000000
00000000
001F8000
003FC000
003FC000
003FC000
003FC000
003FC000
003FC000
001F8000
ENDCHAR
STARTCHAR uni1EC7
ENCODING 7879
SWIDTH 586 0
DWIDTH 38 0
BBX 32 61 3 -13
BITMAP
0003F000
0007F800
000FFC00
003FFF00
007FFF80
00FF3FC0
01FC0FE0
01F003E0
00600180
00000000
00000000
00000000
00000000
00000000
001FFC00
007FFF00
01FFFFC0
03FFFFE0
07FFFFF0
0FFFFFF8
1FF00FF8
3FC003FC
3F8001FE
7F0000FE
7E0000FE
FE00007F
FE00007F
FC00007F
FFFFFFFF
FFFFFFFF
FFFFFFFF
FFFFFFFF
FFFFFFFF
FC000000
FC000000
FE000000
FE000000
FF000000
7F000000
7F800030
3FE00070
3FF001F8
1FFF0FFC
0FFFFFFE
07FFFFF8
01FFFFF0
00FFFFC0
003FFF00
0001E000
00000000
00000000
00000000
00000000
0003F000
0007F800
0007F800
0007F800
0007F800
0007F800
0007F800
0003F000
ENDCHAR
STARTCHAR uni1EC8
ENCODING 7880
SWIDTH 478 0
DWIDTH 31 0
BBX 21 61 5 0
BITMAP
03F800
0FFE00
0FFF00
0FFF00
073F00
081F00
001F00
007E00
00FC00
00F800
00F000
00F000
000000
000000
000000
000000
FFFFF8
FFFFF8
FFFFF8
FFFFF8
FFFFF8
FFFFF8
FFFFF8
01FC00
01FC00
01FC00
01FC00
01FC00
01FC00
01FC00
01FC00
01FC00
01FC00
01FC00
01FC00
01FC00
01FC00
01FC00
01FC00
01FC00
01FC00
01FC00
01FC00
01FC00
01FC00
01FC00
01FC00
01FC00
01FC00
01FC00
01FC00
01FC00
01FC00
01FC00
01FC00
FFFFF8
FFFFF8
FFFFF8
FFFFF8
FFFFF8
FFFFF8
ENDCHAR
STARTCHAR uni1EC9
ENCODING 7881
SWIDTH 243 0
DWIDTH 16 0
BBX 12 51 2 0
BITMAP
0400
7FC0
FFE0
FFF0
FFF0
41F0
01F0
03F0
07E0
0FC0
0F00
0F00
0E00
0000
0000
0000
0000
3F80
3F80
3F80
3F80
3F80
3F80
3F80
3F80
3F80
3F80
3F80
3F80
3F80
3F80
3F80
3F80
3F80
3F80
3F80
3F80
3F80
3F80
3F80
3F80
3F80
3F80
3F80
3F80
3F80
3F80
3F80
3F80
3F80
3F80
ENDCHAR
STARTCHAR uni1ECA
ENCODING 7882
SWIDTH 478 0
DWIDTH 31 0
BBX 21 58 5 -13
BITMAP
FFFFF8
FFFFF8
FFFFF8
FFFFF8
FFFFF8
FFFFF8
FFFFF8
01FC00
01FC00
01FC00
01FC00
01FC00
01FC00
01FC00
01FC00
01FC00
01FC00
01FC00
01FC00
01FC00
01FC00
01FC00
01FC00
01FC00
01FC00
01FC00
01FC00
01FC00
01FC00
01FC00
01FC00
01FC00
01FC00
01FC00
01FC00
01FC00
01FC00
01FC00
01FC00
FFFFF8
FFFFF8
FFFFF8
FFFFF8
FFFFF8
FFFFF8
000000
000000
000000
000000
000000
01F800
03FC00
03FC00
03FC00
03FC00
03FC00
03FC00
01F800
ENDCHAR
STARTCHAR uni1ECB
ENCODING 7883
SWIDTH 278 0
DWIDTH 18 0
BBX 9 62 4 -13
BITMAP
3F00
7F80
7F80
FF80
7F80
7F80
7F00
3E00
0000
0000
0000
0000
0000
0000
0000
3F00
3F00
3F00
3F00
3F00
3F00
3F00
3F00
3F00
3F00
3F00
3F00
3F00
3F00
3F00
3F00
3F00
3F00
3F00
3F00
3F00
3F00
3F00
3F00
3F00
3F00
3F00
3F00
3F00
3F00
3F00
3F00
3F00
3F00
0000
0000
0000
0000
0000
3F00
7F80
7F80
7F80
7F80
7F80
7F80
3F00
ENDCHAR
STARTCHAR uni1ECC
ENCODING 7884
SWIDTH 782 0
DWIDTH 50 0
BBX 44 58 3 -13
BITMAP
0001FFF80000
0007FFFE0000
001FFFFF8000
007FFFFFE000
00FFFFFFF000
01FFFFFFF800
03FFF07FFC00
07FF000FFE00
0FFC0003FF00
0FF80001FF00
1FF00000FF80
1FE000007F80
3FC000003FC0
3F8000001FC0
7F8000001FE0
7F0000000FE0
7F0000000FE0
7F0000000FF0
FE0000000FF0
FE00000007F0
FE00000007F0
FE00000007F0
FE00000007F0
FE00000007F0
FE00000007F0
FE00000007F0
FE00000007F0
FF0000000FF0
7F0000000FE0
7F0000000FE0
7F8000001FE0
3F8000001FC0
3FC000003FC0
3FE000007FC0
1FE00000FF80
0FF80001FF80
0FFC0003FF00
07FF000FFE00
03FFC03FFC00
01FFFFFFF800
00FFFFFFF000
007FFFFFE000
001FFFFF8000
000FFFFF0000
0001FFF80000
00001F800000
000000000000
000000000000
000000000000
000000000000
00001F800000
00003FC00000
00003FC00000
00003FC00000
00003FC00000
00003FC00000
00003FC00000
00001F800000
ENDCHAR
STARTCHAR uni1ECD
ENCODING 7885
SWIDTH 615 0
DWIDTH 39 0
BBX 34 47 3 -13
BITMAP
001FFC0000
007FFF8000
01FFFFC000
03FFFFF000
07FFFFF800
0FFFFFFC00
1FF807FC00
3FE001FE00
3FC000FF00
7F80007F00
7F00007F80
FE00003F80
FE00003F80
FE00001F80
FC00001FC0
FC00001FC0
FC00001FC0
FC00001FC0
FC00001FC0
FC00001FC0
FE00001FC0
FE00003F80
FE00003F80
7F00003F80
7F00007F00
7F8000FF00
3FC001FE00
1FF007FE00
1FFE3FFC00
0FFFFFF800
07FFFFF000
01FFFFE000
00FFFF8000
003FFE0000
0003E00000
0000000000
0000000000
0000000000
0000000000
0003F00000
0007F80000
0007F80000
0007F80000
0007F80000
0007F80000
0007F80000
0003F00000
ENDCHAR
STARTCHAR uni1ECE
ENCODING 7886
SWIDTH 782 0
DWIDTH 50 0
BBX 44 62 3 -1
BITMAP
00003F800000
0000FFE00000
0000FFF00000
0000FFF00000
000073F00000
000081F00000
000001F00000
000007E00000
00000FC00000
00000F800000
00000F000000
00000F000000
000000000000
000000000000
000000000000
000000000000
0001FFF80000
0007FFFE0000
001FFFFF8000
007FFFFFE000
00FFFFFFF000
01FFFFFFF800
03FFF07FFC00
07FF000FFE00
0FFC0003FF00
0FF80001FF00
1FF00000FF80
1FE000007F80
3FC000003FC0
3F8000001FC0
7F8000001FE0
7F0000000FE0
7F0000000FE0
7F0000000FF0
FE0000000FF0
FE00000007F0
FE00000007F0
FE00000007F0
FE00000007F0
FE00000007F0
FE00000007F0
FE00000007F0
FE00000007F0
FF0000000FF0
7F0000000FE0
7F0000000FE0
7F8000001FE0
3F8000001FC0
3FC000003FC0
3FE000007FC0
1FE00000FF80
0FF80001FF80
0FFC0003FF00
07FF000FFE00
03FFC03FFC00
01FFFFFFF800
00FFFFFFF000
007FFFFFE000
001FFFFF8000
000FFFFF0000
0001FFF80000
00001F800000
ENDCHAR
STARTCHAR uni1ECF
ENCODING 7887
SWIDTH 615 0
DWIDTH 39 0
BBX 34 52 3 -1
BITMAP
0000800000
000FF80000
001FFC0000
001FFE0000
001FFE0000
00083E0000
00003E0000
00007E0000
0000FC0000
0001F80000
0001E00000
0001E00000
0001C00000
0000000000
0000000000
0000000000
0000000000
001FFC0000
007FFF8000
01FFFFC000
03FFFFF000
07FFFFF800
0FFFFFFC00
1FF807FC00
3FE001FE00
3FC000FF00
7F80007F00
7F00007F80
FE00003F80
FE00003F80
FE00001F80
FC00001FC0
FC00001FC0
FC00001FC0
FC00001FC0
FC00001FC0
FC00001FC0
FE00001FC0
FE00003F80
FE00003F80
7F00003F80
7F00007F00
7F8000FF00
3FC001FE00
1FF007FE00
1FFE3FFC00
0FFFFFF800
07FFFFF000
01FFFFE000
00FFFF8000
003FFE0000
0003E00000
ENDCHAR
STARTCHAR uni1ED0
ENCODING 7888
SWIDTH 782 0
DWIDTH 50 0
BBX 44 68 3 -1
BITMAP
000000002000
000000003000
000000007C00
00000000FE00
00000000FF00
00000001FE00
00000001FC00
00000003F800
00000003F000
00000007E000
00001F81C000
00003FC08000
00007FE00000
0000FFF80000
0003FFFC0000
0007F9FE0000
000FE07F0000
0007801E0000
000200040000
000000000000
000000000000
000000000000
0001FFF80000
0007FFFE0000
001FFFFF8000
007FFFFFE000
00FFFFFFF000
01FFFFFFF800
03FFF07FFC00
07FF000FFE00
0FFC0003FF00
0FF80001FF00
1FF00000FF80
1FE000007F80
3FC000003FC0
3F8000001FC0
7F8000001FE0
7F0000000FE0
7F0000000FE0
7F0000000FF0
FE0000000FF0
FE00000007F0
FE00000007F0
FE00000007F0
FE00000007F0
FE00000007F0
FE00000007F0
FE00000007F0
FE00000007F0
FF0000000FF0
7F0000000FE0
7F0000000FE0
7F8000001FE0
3F8000001FC0
3FC000003FC0
3FE000007FC0
1FE00000FF80
0FF80001FF80
0FFC0003FF00
07FF000FFE00
03FFC03FFC00
01FFFFFFF800
00FFFFFFF000
007FFFFFE000
001FFFFF8000
000FFFFF0000
0001FFF80000
00001F800000
ENDCHAR
STARTCHAR uni1ED1
ENCODING 7889
SWIDTH 615 0
DWIDTH 39 0
BBX 35 60 3 -1
BITMAP
0000000600
0000000700
0000000FC0
0000001FE0
0000001FC0
0000003F80
0000003F00
0000007E00
000000FC00
0000007800
0000003000
0003F00000
000FF80000
001FFC0000
003FFE0000
007FFF8000
00FF3FC000
01FC0FE000
01F003E000
0060018000
0000000000
0000000000
0000000000
0000000000
0000000000
001FFC0000
007FFF8000
01FFFFC000
03FFFFF000
07FFFFF800
0FFFFFFC00
1FF807FC00
3FE001FE00
3FC000FF00
7F80007F00
7F00007F80
FE00003F80
FE00003F80
FE00001F80
FC00001FC0
FC00001FC0
FC00001FC0
FC00001FC0
FC00001FC0
FC00001FC0
FE00001FC0
FE00003F80
FE00003F80
7F00003F80
7F00007F00
7F8000FF00
3FC001FE00
1FF007FE00
1FFE3FFC00
0FFFFFF800
07FFFFF000
01FFFFE000
00FFFF8000
003FFE0000
0003E00000
ENDCHAR
STARTCHAR uni1ED2
ENCODING 7890
SWIDTH 782 0
DWIDTH 50 0
BBX 44 68 3 -1
BITMAP
000000020000
0000000E0000
0000001F0000
0000007F8000
0000003F8000
0000001FC000
0000000FC000
00000007E000
00000003E000
00000001F000
00001F80C000
00003FC08000
00007FE00000
0000FFF80000
0003FFFC0000
0007F9FE0000
000FE07F0000
0007801E0000
000200040000
000000000000
000000000000
000000000000
0001FFF80000
0007FFFE0000
001FFFFF8000
007FFFFFE000
00FFFFFFF000
01FFFFFFF800
03FFF07FFC00
07FF000FFE00
0FFC0003FF00
0FF80001FF00
1FF00000FF80
1FE000007F80
3FC000003FC0
3F8000001FC0
7F8000001FE0
7F0000000FE0
7F0000000FE0
7F0000000FF0
FE0000000FF0
FE00000007F0
FE00000007F0
FE00000007F0
FE00000007F0
FE00000007F0
FE00000007F0
FE00000007F0
FE00000007F0
FF0000000FF0
7F0000000FE0
7F0000000FE0
7F8000001FE0
3F8000001FC0
3FC000003FC0
3FE000007FC0
1FE00000FF80
0FF80001FF80
0FFC0003FF00
07FF000FFE00
03FFC03FFC00
01FFFFFFF800
00FFFFFFF000
007FFFFFE000
001FFFFF8000
000FFFFF0000
0001FFF80000
00001F800000
ENDCHAR
STARTCHAR uni1ED3
ENCODING 7891
SWIDTH 615 0
DWIDTH 39 0
BBX 34 60 3 -1
BITMAP
0000018000
0000038000
00000FC000
00001FC000
00001FE000
00000FF000
000007F000
000003F800
000001F800
000000FC00
0000007000
0007F00000
000FF80000
001FFC0000
003FFE0000
007FFF0000
00FF3F8000
01FC1FC000
01F007E000
00C0018000
0000000000
0000000000
0000000000
0000000000
0000000000
001FFC0000
007FFF8000
01FFFFC000
03FFFFF000
07FFFFF800
0FFFFFFC00
1FF807FC00
3FE001FE00
3FC000FF00
7F80007F00
7F00007F80
FE00003F80
FE00003F80
FE00001F80
FC00001FC0
FC00001FC0
FC00001FC0
FC00001FC0
FC00001FC0
FC00001FC0
FE00001FC0
FE00003F80
FE00003F80
7F00003F80
7F00007F00
7F8000FF00
3FC001FE00
1FF007FE00
1FFE3FFC00
0FFFFFF800
07FFFFF000
01FFFFE000
00FFFF8000
003FFE0000
0003E00000
ENDCHAR
STARTCHAR uni1ED4
ENCODING 7892
SWIDTH 782 0
DWIDTH 50 0
BBX 44 68 3 -1
BITMAP
0000000FE000
0000003FF800
0000003FFC00
0000003FFC00
00000038FC00
000000007C00
00000000FC00
00000001F800
00000003E000
00000003C000
00001F83C000
00003FC30000
00007FE00000
0001FFF00000
0003FFFC0000
0007F9FE0000
000FE07F0000
0007801E0000
000200040000
000000000000
000000000000
000000000000
0001FFF80000
0007FFFE0000
001FFFFF8000
007FFFFFE000
00FFFFFFF000
01FFFFFFF800
03FFF07FFC00
07FF000FFE00
0FFC0003FF00
0FF80001FF00
1FF00000FF80
1FE000007F80
3FC000003FC0
3F8000001FC0
7F8000001FE0
7F0000000FE0
7F0000000FE0
7F0000000FF0
FE0000000FF0
FE00000007F0
FE00000007F0
FE00000007F0
FE00000007F0
FE00000007F0
FE00000007F0
FE00000007F0
FE00000007F0
FF0000000FF0
7F0000000FE0
7F0000000FE0
7F8000001FE0
3F8000001FC0
3FC000003FC0
3FE000007FC0
1FE00000FF80
0FF80001FF80
0FFC0003FF00
07FF000FFE00
03FFC03FFC00
01FFFFFFF800
00FFFFFFF000
007FFFFFE000
001FFFFF8000
000FFFFF0000
0001FFF80000
00001F800000
ENDCHAR
STARTCHAR uni1ED5
ENCODING 7893
SWIDTH 615 0
DWIDTH 39 0
BBX 34 60 3 -1
BITMAP
000003FE00
000007FF00
000007FF80
000003FF80
0000030FC0
0000000F80
0000001F80
0000003F00
0000007E00
0000007800
0000007800
0007F07000
000FF80000
001FFC0000
003FFE0000
007FFF0000
00FF7F8000
01FC1FC000
03F007E000
00C0018000
0000000000
0000000000
0000000000
0000000000
0000000000
001FFC0000
007FFF8000
01FFFFC000
03FFFFF000
07FFFFF800
0FFFFFFC00
1FF807FC00
3FE001FE00
3FC000FF00
7F80007F00
7F00007F80
FE00003F80
FE00003F80
FE00001F80
FC00001FC0
FC00001FC0
FC00001FC0
FC00001FC0
FC00001FC0
FC00001FC0
FE00001FC0
FE00003F80
FE00003F80
7F00003F80
7F00007F00
7F8000FF00
3FC001FE00
1FF007FE00
1FFE3FFC00
0FFFFFF800
07FFFFF000
01FFFFE000
00FFFF8000
003FFE0000
0003E00000
ENDCHAR
STARTCHAR uni1ED6
ENCODING 7894
SWIDTH 782 0
DWIDTH 50 0
BBX 44 68 3 -1
BITMAP
0001F80F0000
0003FF1F0000
0007FFFF0000
000FFFFF0000
000FFFFE0000
000F87FE0000
000700F80000
000000000000
000000000000
000000000000
00001F800000
00003FC00000
00007FE00000
0000FFF80000
0003FFFC0000
0007F9FE0000
000FE07F0000
0007801E0000
000200040000
000000000000
000000000000
000000000000
0001FFF80000
0007FFFE0000
001FFFFF8000
007FFFFFE000
00FFFFFFF000
01FFFFFFF800
03FFF07FFC00
07FF000FFE00
0FFC0003FF00
0FF80001FF00
1FF00000FF80
1FE000007F80
3FC000003FC0
3F8000001FC0
7F8000001FE0
7F0000000FE0
7F0000000FE0
7F0000000FF0
FE0000000FF0
FE00000007F0
FE00000007F0
FE00000007F0
FE00000007F0
FE00000007F0
FE00000007F0
FE00000007F0
FE00000007F0
FF0000000FF0
7F0000000FE0
7F0000000FE0
7F8000001FE0
3F8000001FC0
3FC000003FC0
3FE000007FC0
1FE00000FF80
0FF80001FF80
0FFC0003FF00
07FF000FFE00
03FFC03FFC00
01FFFFFFF800
00FFFFFFF000
007FFFFFE000
001FFFFF8000
000FFFFF0000
0001FFF80000
00001F800000
ENDCHAR
STARTCHAR uni1ED7
ENCODING 7895
SWIDTH 615 0
DWIDTH 39 0
BBX 34 60 3 -1
BITMAP
003F01E000
007FC3E000
00FFFFE000
01FFFFE000
01FFFFC000
01F0FFC000
01E03F8000
0000000000
0000000000
0000000000
0000000000
0003F00000
0007F80000
000FFC0000
003FFF0000
007FFF8000
00FF3FC000
01FC0FE000
01F003E000
0060018000
0000000000
0000000000
0000000000
0000000000
0000000000
001FFC0000
007FFF8000
01FFFFC000
03FFFFF000
07FFFFF800
0FFFFFFC00
1FF807FC00
3FE001FE00
3FC000FF00
7F80007F00
7F00007F80
FE00003F80
FE00003F80
FE00001F80
FC00001FC0
FC00001FC0
FC00001FC0
FC00001FC0
FC00001FC0
FC00001FC0
FE00001FC0
FE00003F80
FE00003F80
7F00003F80
7F00007F00
7F8000FF00
3FC001FE00
1FF007FE00
1FFE3FFC00
0FFFFFF800
07FFFFF000
01FFFFE000
00FFFF8000
003FFE0000
0003E00000
ENDCHAR
STARTCHAR uni1ED8
ENCODING 7896
SWIDTH 782 0
DWIDTH 50 0
BBX 44 70 3 -13
BITMAP
00001F800000
00003FC00000
00007FE00000
0001FFF80000
0003FFFC0000
0007F9FE0000
000FE07F0000
0007801E0000
000200040000
000000000000
000000000000
000000000000
0001FFF80000
0007FFFE0000
001FFFFF8000
007FFFFFE000
00FFFFFFF000
01FFFFFFF800
03FFF07FFC00
07FF000FFE00
0FFC0003FF00
0FF80001FF00
1FF00000FF80
1FE000007F80
3FC000003FC0
3F8000001FC0
7F8000001FE0
7F0000000FE0
7F0000000FE0
7F0000000FF0
FE0000000FF0
FE00000007F0
FE00000007F0
FE00000007F0
FE00000007F0
FE00000007F0
FE00000007F0
FE00000007F0
FE00000007F0
FF0000000FF0
7F0000000FE0
7F0000000FE0
7F8000001FE0
3F8000001FC0
3FC000003FC0
3FE000007FC0
1FE00000FF80
0FF80001FF80
0FFC0003FF00
07FF000FFE00
03FFC03FFC00
01FFFFFFF800
00FFFFFFF000
007FFFFFE000
001FFFFF8000
000FFFFF0000
0001FFF80000
00001F800000
000000000000
000000000000
000000000000
000000000000
00001F800000
00003FC00000
00003FC00000
00003FC00000
00003FC00000
00003FC00000
00003FC00000
00001F800000
ENDCHAR
STARTCHAR uni1ED9
ENCODING 7897
SWIDTH 615 0
DWIDTH 39 0
BBX 34 61 3 -13
BITMAP
0003F00000
0007F80000
000FFC0000
003FFF0000
007FFF8000
00FF3FC000
01FC0FE000
01F003E000
0060018000
0000000000
0000000000
0000000000
0000000000
0000000000
001FFC0000
007FFF8000
01FFFFC000
03FFFFF000
07FFFFF800
0FFFFFFC00
1FF807FC00
3FE001FE00
3FC000FF00
7F80007F00
7F00007F80
FE00003F80
FE00003F80
FE00001F80
FC00001FC0
FC00001FC0
FC00001FC0
FC00001FC0
FC00001FC0
FC00001FC0
FE00001FC0
FE00003F80
FE00003F80
7F00003F80
7F00007F00
7F8000FF00
3FC001FE00
1FF007FE00
1FFE3FFC00
0FFFFFF800
07FFFFF000
01FFFFE000
00FFFF8000
003FFE0000
0003E00000
0000000000
0000000000
0000000000
0000000000
0003F00000
0007F80000
0007F80000
0007F80000
0007F80000
0007F80000
0007F80000
0003F00000
ENDCHAR
STARTCHAR uni1EDA
ENCODING 7898
SWIDTH 782 0
DWIDTH 50 0
BBX 44 60 3 -1
BITMAP
000000100000
000000700000
000001F80000
000003F80000
00000FFC0000
00001FFC0000
00007FF80000
0000FFC00FC0
0000FE000FC0
000078000FC0
000040001F80
000000001F80
000000001F80
000000003F80
0001FFFDFF00
0007FFFFFE00
001FFFFFFE00
007FFFFFF800
00FFFFFFF000
01FFFFFFF800
03FFF07FFC00
07FF000FFE00
0FFC0003FF00
0FF80001FF00
1FF00000FF80
1FE000007F80
3FC000003FC0
3F8000001FC0
7F8000001FE0
7F0000000FE0
7F0000000FE0
7F0000000FF0
FE0000000FF0
FE00000007F0
FE00000007F0
FE00000007F0
FE00000007F0
FE00000007F0
FE00000007F0
FE00000007F0
FE00000007F0
FF0000000FF0
7F0000000FE0
7F0000000FE0
7F8000001FE0
3F8000001FC0
3FC000003FC0
3FE000007FC0
1FE00000FF80
0FF80001FF80
0FFC0003FF00
07FF000FFE00
03FFC03FFC00
01FFFFFFF800
00FFFFFFF000
007FFFFFE000
001FFFFF8000
000FFFFF0000
0001FFF80000
00001F800000
ENDCHAR
STARTCHAR uni1EDB
ENCODING 7899
SWIDTH 615 0
DWIDTH 39 0
BBX 34 51 3 -1
BITMAP
0000100000
0000380000
00007C0000
0001FC0000
0003FE0000
0007FF0000
000FF80000
001FE00000
003FC00000
001F000FC0
000C000FC0
0000000F80
0000000F80
0000000F80
0000001F80
0000003F00
001FFCFF00
007FFFFE00
01FFFFFC00
03FFFFF800
07FFFFF800
0FFFFFFC00
1FF807FC00
3FE001FE00
3FC000FF00
7F80007F00
7F00007F80
FE00003F80
FE00003F80
FE00001F80
FC00001FC0
FC00001FC0
FC00001FC0
FC00001FC0
FC00001FC0
FC00001FC0
FE00001FC0
FE00003F80
FE00003F80
7F00003F80
7F00007F00
7F8000FF00
3FC001FE00
1FF007FE00
1FFE3FFC00
0FFFFFF800
07FFFFF000
01FFFFE000
00FFFF8000
003FFE0000
0003E00000
ENDCHAR
STARTCHAR uni1EDC
ENCODING 7900
SWIDTH 782 0
DWIDTH 50 0
BBX 44 60 3 -1
BITMAP
000080000000
0000E0000000
0001F8000000
0001FC000000
0003FF000000
0003FF800000
0001FFE00000
00003FF00FC0
000007F00FC0
000001E00FC0
000000201F80
000000001F80
000000001F80
000000003F80
0001FFFDFF00
0007FFFFFE00
001FFFFFFE00
007FFFFFF800
00FFFFFFF000
01FFFFFFF800
03FFF07FFC00
07FF000FFE00
0FFC0003FF00
0FF80001FF00
1FF00000FF80
1FE000007F80
3FC000003FC0
3F8000001FC0
7F8000001FE0
7F0000000FE0
7F0000000FE0
7F0000000FF0
FE0000000FF0
FE00000007F0
FE00000007F0
FE00000007F0
FE00000007F0
FE00000007F0
FE00000007F0
FE00000007F0
FE00000007F0
FF0000000FF0
7F0000000FE0
7F0000000FE0
7F8000001FE0
3F8000001FC0
3FC000003FC0
3FE000007FC0
1FE00000FF80
0FF80001FF80
0FFC0003FF00
07FF000FFE00
03FFC03FFC00
01FFFFFFF800
00FFFFFFF000
007FFFFFE000
001FFFFF8000
000FFFFF0000
0001FFF80000
00001F800000
ENDCHAR
STARTCHAR uni1EDD
ENCODING 7901
SWIDTH 615 0
DWIDTH 39 0
BBX 34 51 3 -1
BITMAP
0008000000
001C000000
003E000000
003F800000
007FC00000
00FFE00000
001FF00000
0007F80000
0003FC0000
0000F80FC0
0000300FC0
0000000F80
0000000F80
0000000F80
0000001F80
0000003F00
001FFCFF00
007FFFFE00
01FFFFFC00
03FFFFF800
07FFFFF800
0FFFFFFC00
1FF807FC00
3FE001FE00
3FC000FF00
7F80007F00
7F00007F80
FE00003F80
FE00003F80
FE00001F80
FC00001FC0
FC00001FC0
FC00001FC0
FC00001FC0
FC00001FC0
FC00001FC0
FE00001FC0
FE00003F80
FE00003F80
7F00003F80
7F00007F00
7F8000FF00
3FC001FE00
1FF007FE00
1FFE3FFC00
0FFFFFF800
07FFFFF000
01FFFFE000
00FFFF8000
003FFE0000
0003E00000
ENDCHAR
STARTCHAR uni1EDE
ENCODING 7902
SWIDTH 782 0
DWIDTH 50 0
BBX 44 62 3 -1
BITMAP
00003F800000
0000FFE00000
0000FFF00000
0000FFF00000
000073F00000
000081F00000
000001F00000
000007E00000
00000FC00000
00000F800FC0
00000F000FC0
00000F000FC0
000000001F80
000000001F80
000000001F80
000000003F80
0001FFFDFF00
0007FFFFFE00
001FFFFFFE00
007FFFFFF800
00FFFFFFF000
01FFFFFFF800
03FFF07FFC00
07FF000FFE00
0FFC0003FF00
0FF80001FF00
1FF00000FF80
1FE000007F80
3FC000003FC0
3F8000001FC0
7F8000001FE0
7F0000000FE0
7F0000000FE0
7F0000000FF0
FE0000000FF0
FE00000007F0
FE00000007F0
FE00000007F0
FE00000007F0
FE00000007F0
FE00000007F0
FE00000007F0
FE00000007F0
FF0000000FF0
7F0000000FE0
7F0000000FE0
7F8000001FE0
3F8000001FC0
3FC000003FC0
3FE000007FC0
1FE00000FF80
0FF80001FF80
0FFC0003FF00
07FF000FFE00
03FFC03FFC00
01FFFFFFF800
00FFFFFFF000
007FFFFFE000
001FFFFF8000
000FFFFF0000
0001FFF80000
00001F800000
ENDCHAR
STARTCHAR uni1EDF
ENCODING 7903
SWIDTH 615 0
DWIDTH 39 0
BBX 34 52 3 -1
BITMAP
0000800000
000FF80000
001FFC0000
001FFE0000
001FFE0000
00083E0000
00003E0000
00007E0000
0000FC0000
0001F80000
0001E00FC0
0001E00FC0
0001C00F80
0000000F80
0000000F80
0000001F80
0000003F00
001FFCFF00
007FFFFE00
01FFFFFC00
03FFFFF800
07FFFFF800
0FFFFFFC00
1FF807FC00
3FE001FE00
3FC000FF00
7F80007F00
7F00007F80
FE00003F80
FE00003F80
FE00001F80
FC00001FC0
FC00001FC0
FC00001FC0
FC00001FC0
FC00001FC0
FC00001FC0
FE00001FC0
FE00003F80
FE00003F80
7F00003F80
7F00007F00
7F8000FF00
3FC001FE00
1FF007FE00
1FFE3FFC00
0FFFFFF800
07FFFFF000
01FFFFE000
00FFFF8000
003FFE0000
0003E00000
ENDCHAR
STARTCHAR uni1EE0
ENCODING 7904
SWIDTH 782 0
DWIDTH 50 0
BBX 44 57 3 -1
BITMAP
0001FC0F8000
0007FF8F8000
000FFFFF8000
000FFFFF0000
001FBFFF0FC0
001F07FE0FC0
001F00F80FC0
000000001F80
000000001F80
000000001F80
000000003F80
0001FFFDFF00
0007FFFFFE00
001FFFFFFE00
007FFFFFF800
00FFFFFFF000
01FFFFFFF800
03FFF07FFC00
07FF000FFE00
0FFC0003FF00
0FF80001FF00
1FF00000FF80
1FE000007F80
3FC000003FC0
3F8000001FC0
7F8000001FE0
7F0000000FE0
7F0000000FE0
7F0000000FF0
FE0000000FF0
FE00000007F0
FE00000007F0
FE00000007F0
FE00000007F0
FE00000007F0
FE00000007F0
FE00000007F0
FE00000007F0
FF0000000FF0
7F0000000FE0
7F0000000FE0
7F8000001FE0
3F8000001FC0
3FC000003FC0
3FE000007FC0
1FE00000FF80
0FF80001FF80
0FFC0003FF00
07FF000FFE00
03FFC03FFC00
01FFFFFFF800
00FFFFFFF000
007FFFFFE000
001FFFFF8000
000FFFFF0000
0001FFF80000
00001F800000
ENDCHAR
STARTCHAR uni1EE1
ENCODING 7905
SWIDTH 615 0
DWIDTH 39 0
BBX 34 49 3 -1
BITMAP
000E018000
003F81E000
007FC3E000
00FFF3E000
01FFFFE000
01F1FFC000
01F0FF8000
01E07F0FC0
00201C0FC0
0000000F80
0000000F80
0000000F80
0000001F80
0000003F00
001FFCFF00
007FFFFE00
01FFFFFC00
03FFFFF800
07FFFFF800
0FFFFFFC00
1FF807FC00
3FE001FE00
3FC000FF00
7F80007F00
7F00007F80
FE00003F80
FE00003F80
FE00001F80
FC00001FC0
FC00001FC0
FC00001FC0
FC00001FC0
FC00001FC0
FC00001FC0
FE00001FC0
FE00003F80
FE00003F80
7F00003F80
7F00007F00
7F8000FF00
3FC001FE00
1FF007FE00
1FFE3FFC00
0FFFFFF800
07FFFFF000
01FFFFE000
00FFFF8000
003FFE0000
0003E00000
ENDCHAR
STARTCHAR uni1EE2
ENCODING 7906
SWIDTH 782 0
DWIDTH 50 0
BBX 44 65 3 -13
BITMAP
000000000FC0
000000000FC0
000000000FC0
000000001F80
000000001F80
000000001F80
000000003F80
0001FFFDFF00
0007FFFFFE00
001FFFFFFE00
007FFFFFF800
00FFFFFFF000
01FFFFFFF800
03FFF07FFC00
07FF000FFE00
0FFC0003FF00
0FF80001FF00
1FF00000FF80
1FE000007F80
3FC000003FC0
3F8000001FC0
7F8000001FE0
7F0000000FE0
7F0000000FE0
7F0000000FF0
FE0000000FF0
FE00000007F0
FE00000007F0
FE00000007F0
FE00000007F0
FE00000007F0
FE00000007F0
FE00000007F0
FE00000007F0
FF0000000FF0
7F0000000FE0
7F0000000FE0
7F8000001FE0
3F8000001FC0
3FC000003FC0
3FE000007FC0
1FE00000FF80
0FF80001FF80
0FFC0003FF00
07FF000FFE00
03FFC03FFC00
01FFFFFFF800
00FFFFFFF000
007FFFFFE000
001FFFFF8000
000FFFFF0000
0001FFF80000
00001F800000
000000000000
000000000000
000000000000
000000000000
00001F800000
00003FC00000
00003FC00000
00003FC00000
00003FC00000
00003FC00000
00003FC00000
00001F800000
ENDCHAR
STARTCHAR uni1EE3
ENCODING 7907
SWIDTH 615 0
DWIDTH 39 0
BBX 34 54 3 -13
BITMAP
0000000FC0
0000000FC0
0000000F80
0000000F80
0000000F80
0000001F80
0000003F00
001FFCFF00
007FFFFE00
01FFFFFC00
03FFFFF800
07FFFFF800
0FFFFFFC00
1FF807FC00
3FE001FE00
3FC000FF00
7F80007F00
7F00007F80
FE00003F80
FE00003F80
FE00001F80
FC00001FC0
FC00001FC0
FC00001FC0
FC00001FC0
FC00001FC0
FC00001FC0
FE00001FC0
FE00003F80
FE00003F80
7F00003F80
7F00007F00
7F8000FF00
3FC001FE00
1FF007FE00
1FFE3FFC00
0FFFFFF800
07FFFFF000
01FFFFE000
00FFFF8000
003FFE0000
0003E00000
0000000000
0000000000
0000000000
0000000000
0003F00000
0007F80000
0007F80000
0007F80000
0007F80000
0007F80000
0007F80000
0003F00000
ENDCHAR
STARTCHAR uni1EE4
ENCODING 7908
SWIDTH 740 0
DWIDTH 47 0
BBX 36 58 6 -13
BITMAP
FE000007F0
FE000007F0
FE000007F0
FE000007F0
FE000007F0
FE000007F0
FE000007F0
FE000007F0
FE000007F0
FE000007F0
FE000007F0
FE000007F0
FE000007F0
FE000007F0
FE000007F0
FE000007F0
FE000007F0
FE000007F0
FE000007F0
FE000007F0
FE000007F0
FE000007F0
FE000007F0
FE000007F0
FE000007F0
FE000007F0
FE000007F0
FE000007F0
FE000007F0
FE000007F0
FE000007F0
FE00000FE0
FF00000FE0
FF00001FE0
7F80001FC0
7FC0003FC0
3FE0007FC0
3FF801FF80
1FFE0FFF00
0FFFFFFE00
07FFFFFE00
03FFFFF800
01FFFFF000
007FFFC000
000FFF0000
0000000000
0000000000
0000000000
0000000000
0000000000
0001F80000
0003FC0000
0003FC0000
0003FC0000
0003FC0000
0003FC0000
0003FC0000
0001F80000
ENDCHAR
STARTCHAR uni1EE5
ENCODING 7909
SWIDTH 605 0
DWIDTH 39 0
BBX 29 47 5 -13
BITMAP
FC0001F8
FC0001F8
FC0001F8
FC0001F8
FC0001F8
FC0001F8
FC0001F8
FC0001F8
FC0001F8
FC0001F8
FC0001F8
FC0001F8
FC0001F8
FC0001F8
FC0001F8
FC0001F8
FC0001F8
FC0001F8
FC0001F8
FC0001F8
FC0001F8
FC0003F8
FE0003F8
FE0003F8
FE0003F8
FF0007F8
FF000FF8
7F801FF8
7FF07FF8
3FFFFDF8
3FFFF9F8
1FFFF1F8
0FFFE1F8
03FF81F8
007C0000
00000000
00000000
00000000
00000000
001F8000
003FC000
003FC000
003FC000
003FC000
003FC000
003FC000
001F8000
ENDCHAR
STARTCHAR uni1EE6
ENCODING 7910
SWIDTH 740 0
DWIDTH 47 0
BBX 36 61 6 0
BITMAP
0003F80000
000FFE0000
000FFF0000
000FFF0000
00073F0000
00081F0000
00001F0000
00007E0000
0000FC0000
0000F80000
0000F00000
0000F00000
0000000000
0000000000
0000000000
0000000000
FE000007F0
FE000007F0
FE000007F0
FE000007F0
FE000007F0
FE000007F0
FE000007F0
FE000007F0
FE000007F0
FE000007F0
FE000007F0
FE000007F0
FE000007F0
FE000007F0
FE000007F0
FE000007F0
FE000007F0
FE000007F0
FE000007F0
FE000007F0
FE000007F0
FE000007F0
FE000007F0
FE000007F0
FE000007F0
FE000007F0
FE000007F0
FE000007F0
FE000007F0
FE000007F0
FE000007F0
FE00000FE0
FF00000FE0
FF00001FE0
7F80001FC0
7FC0003FC0
3FE0007FC0
3FF801FF80
1FFE0FFF00
0FFFFFFE00
07FFFFFE00
03FFFFF800
01FFFFF000
007FFFC000
000FFF0000
ENDCHAR
STARTCHAR uni1EE7
ENCODING 7911
SWIDTH 605 0
DWIDTH 39 0
BBX 29 52 5 -1
BITMAP
00040000
007FC000
00FFE000
00FFF000
00FFF000
0041F000
0001F000
0003F000
0007E000
000FC000
000F0000
000F0000
000E0000
00000000
00000000
00000000
00000000
FC0001F8
FC0001F8
FC0001F8
FC0001F8
FC0001F8
FC0001F8
FC0001F8
FC0001F8
FC0001F8
FC0001F8
FC0001F8
FC0001F8
FC0001F8
FC0001F8
FC0001F8
FC0001F8
FC0001F8
FC0001F8
FC0001F8
FC0001F8
FC0001F8
FC0003F8
FE0003F8
FE0003F8
FE0003F8
FF0007F8
FF000FF8
7F801FF8
7FF07FF8
3FFFFDF8
3FFFF9F8
1FFFF1F8
0FFFE1F8
03FF81F8
007C0000
ENDCHAR
STARTCHAR uni1EE8
ENCODING 7912
SWIDTH 740 0
DWIDTH 47 0
BBX 43 59 6 0
BITMAP
000001000000
000007000000
00001F800000
00003F800000
0000FFC00000
0001FFC00000
0007FF800000
000FFC0007E0
000FE00007E0
0007800007E0
0004000007E0
000000000FC0
000000000FC0
000000003FC0
FE000007FF80
FE000007FF00
FE000007FF00
FE000007FC00
FE000007F800
FE000007F000
FE000007F000
FE000007F000
FE000007F000
FE000007F000
FE000007F000
FE000007F000
FE000007F000
FE000007F000
FE000007F000
FE000007F000
FE000007F000
FE000007F000
FE000007F000
FE000007F000
FE000007F000
FE000007F000
FE000007F000
FE000007F000
FE000007F000
FE000007F000
FE000007F000
FE000007F000
FE000007F000
FE000007F000
FE000007F000
FE00000FE000
FF00000FE000
FF00001FE000
7F80001FC000
7FC0003FC000
3FE0007FC000
3FF801FF8000
1FFE0FFF0000
0FFFFFFE0000
07FFFFFE0000
03FFFFF80000
01FFFFF00000
007FFFC00000
000FFF000000
ENDCHAR
STARTCHAR uni1EE9
ENCODING 7913
SWIDTH 605 0
DWIDTH 39 0
BBX 34 51 5 -1
BITMAP
0000800000
0001C00000
0003E00000
000FE00000
001FF00000
003FF80000
007FC00000
00FF000000
01FE000000
00F80007C0
00600007C0
00000007C0
0000000FC0
0000000F80
0000001F80
0000003F80
FC0001FF00
FC0001FE00
FC0001FC00
FC0001F800
FC0001F800
FC0001F800
FC0001F800
FC0001F800
FC0001F800
FC0001F800
FC0001F800
FC0001F800
FC0001F800
FC0001F800
FC0001F800
FC0001F800
FC0001F800
FC0001F800
FC0001F800
FC0001F800
FC0001F800
FC0003F800
FE0003F800
FE0003F800
FE0003F800
FF0007F800
FF000FF800
7F801FF800
7FF07FF800
3FFFFDF800
3FFFF9F800
1FFFF1F800
0FFFE1F800
03FF81F800
007C000000
ENDCHAR
STARTCHAR uni1EEA
ENCODING 7914
SWIDTH 740 0
DWIDTH 47 0
BBX 43 59 6 0
BITMAP
000800000000
000E00000000
001F80000000
001FC0000000
003FF0000000
003FF8000000
001FFE000000
0003FF0007E0
00007F0007E0
00001E0007E0
0000020007E0
000000000FC0
000000000FC0
000000003FC0
FE000007FF80
FE000007FF00
FE000007FF00
FE000007FC00
FE000007F800
FE000007F000
FE000007F000
FE000007F000
FE000007F000
FE000007F000
FE000007F000
FE000007F000
FE000007F000
FE000007F000
FE000007F000
FE000007F000
FE000007F000
FE000007F000
FE000007F000
FE000007F000
FE000007F000
FE000007F000
FE000007F000
FE000007F000
FE000007F000
FE000007F000
FE000007F000
FE000007F000
FE000007F000
FE000007F000
FE000007F000
FE00000FE000
FF00000FE000
FF00001FE000
7F80001FC000
7FC0003FC000
3FE0007FC000
3FF801FF8000
1FFE0FFF0000
0FFFFFFE0000
07FFFFFE0000
03FFFFF80000
01FFFFF00000
007FFFC00000
000FFF000000
ENDCHAR
STARTCHAR uni1EEB
ENCODING 7915
SWIDTH 605 0
DWIDTH 39 0
BBX 34 51 5 -1
BITMAP
0020000000
0070000000
00F8000000
00FE000000
01FF000000
03FF800000
007FC00000
001FE00000
000FF00000
0003E007C0
0000C007C0
00000007C0
0000000FC0
0000000F80
0000001F80
0000003F80
FC0001FF00
FC0001FE00
FC0001FC00
FC0001F800
FC0001F800
FC0001F800
FC0001F800
FC0001F800
FC0001F800
FC0001F800
FC0001F800
FC0001F800
FC0001F800
FC0001F800
FC0001F800
FC0001F800
FC0001F800
FC0001F800
FC0001F800
FC0001F800
FC0001F800
FC0003F800
FE0003F800
FE0003F800
FE0003F800
FF0007F800
FF000FF800
7F801FF800
7FF07FF800
3FFFFDF800
3FFFF9F800
1FFFF1F800
0FFFE1F800
03FF81F800
007C000000
ENDCHAR
STARTCHAR uni1EEC
ENCODING 7916
SWIDTH 740 0
DWIDTH 47 0
BBX 43 61 6 0
BITMAP
0003F8000000
000FFE000000
000FFF000000
000FFF000000
00073F000000
00081F000000
00001F000000
00007E000000
0000FC000000
0000F80007E0
0000F00007E0
0000F00007E0
0000000007E0
000000000FC0
000000000FC0
000000003FC0
FE000007FF80
FE000007FF00
FE000007FF00
FE000007FC00
FE000007F800
FE000007F000
FE000007F000
FE000007F000
FE000007F000
FE000007F000
FE000007F000
FE000007F000
FE000007F000
FE000007F000
FE000007F000
FE000007F000
FE000007F000
FE000007F000
FE000007F000
FE000007F000
FE000007F000
FE000007F000
FE000007F000
FE000007F000
FE000007F000
FE000007F000
FE000007F000
FE000007F000
FE000007F000
FE000007F000
FE000007F000
FE00000FE000
FF00000FE000
FF00001FE000
7F80001FC000
7FC0003FC000
3FE0007FC000
3FF801FF8000
1FFE0FFF0000
0FFFFFFE0000
07FFFFFE0000
03FFFFF80000
01FFFFF00000
007FFFC00000
000FFF000000
ENDCHAR
STARTCHAR uni1EED
ENCODING 7917
SWIDTH 605 0
DWIDTH 39 0
BBX 34 52 5 -1
BITMAP
0004000000
007FC00000
00FFE00000
00FFF00000
00FFF00000
0041F00000
0001F00000
0003F00000
0007E00000
000FC00000
000F0007C0
000F0007C0
000E0007C0
0000000FC0
0000000F80
0000001F80
0000003F80
FC0001FF00
FC0001FE00
FC0001FC00
FC0001F800
FC0001F800
FC0001F800
FC0001F800
FC0001F800
FC0001F800
FC0001F800
FC0001F800
FC0001F800
FC0001F800
FC0001F800
FC0001F800
FC0001F800
FC0001F800
FC0001F800
FC0001F800
FC0001F800
FC0001F800
FC0003F800
FE0003F800
FE0003F800
FE0003F800
FF0007F800
FF000FF800
7F801FF800
7FF07FF800
3FFFFDF800
3FFFF9F800
1FFFF1F800
0FFFE1F800
03FF81F800
007C000000
ENDCHAR
STARTCHAR uni1EEE
ENCODING 7918
SWIDTH 740 0
DWIDTH 47 0
BBX 43 56 6 0
BITMAP
001FC0F80000
007FF8F80000
00FFFFF80000
00FFFFF00000
01FBFFF007E0
01F07FE007E0
01F00F8007E0
0000000007E0
000000000FC0
000000000FC0
000000003FC0
FE000007FF80
FE000007FF00
FE000007FF00
FE000007FC00
FE000007F800
FE000007F000
FE000007F000
FE000007F000
FE000007F000
FE000007F000
FE000007F000
FE000007F000
FE000007F000
FE000007F000
FE000007F000
FE000007F000
FE000007F000
FE000007F000
FE000007F000
FE000007F000
FE000007F000
FE000007F000
FE000007F000
FE000007F000
FE000007F000
FE000007F000
FE000007F000
FE000007F000
FE000007F000
FE000007F000
FE000007F000
FE00000FE000
FF00000FE000
FF00001FE000
7F80001FC000
7FC0003FC000
3FE0007FC000
3FF801FF8000
1FFE0FFF0000
0FFFFFFE0000
07FFFFFE0000
03FFFFF80000
01FFFFF00000
007FFFC00000
000FFF000000
ENDCHAR
STARTCHAR uni1EEF
ENCODING 7919
SWIDTH 605 0
DWIDTH 39 0
BBX 34 49 5 -1
BITMAP
00700C0000
01FC0F0000
03FE1F0000
07FF9F0000
0FFFFF0000
0F8FFE0000
0F87FC0000
0F03F807C0
0100E007C0
00000007C0
0000000FC0
0000000F80
0000001F80
0000003F80
FC0001FF00
FC0001FE00
FC0001FC00
FC0001F800
FC0001F800
FC0001F800
FC0001F800
FC0001F800
FC0001F800
FC0001F800
FC0001F800
FC0001F800
FC0001F800
FC0001F800
FC0001F800
FC0001F800
FC0001F800
FC0001F800
FC0001F800
FC0001F800
FC0001F800
FC0003F800
FE0003F800
FE0003F800
FE0003F800
FF0007F800
FF000FF800
7F801FF800
7FF07FF800
3FFFFDF800
3FFFF9F800
1FFFF1F800
0FFFE1F800
03FF81F800
007C000000
ENDCHAR
STARTCHAR uni1EF0
ENCODING 7920
SWIDTH 740 0
DWIDTH 47 0
BBX 43 65 6 -13
BITMAP
0000000007E0
0000000007E0
0000000007E0
0000000007E0
000000000FC0
000000000FC0
000000003FC0
FE000007FF80
FE000007FF00
FE000007FF00
FE000007FC00
FE000007F800
FE000007F000
FE000007F000
FE000007F000
FE000007F000
FE000007F000
FE000007F000
FE000007F000
FE000007F000
FE000007F000
FE000007F000
FE000007F000
FE000007F000
FE000007F000
FE000007F000
FE000007F000
FE000007F000
FE000007F000
FE000007F000
FE000007F000
FE000007F000
FE000007F000
FE000007F000
FE000007F000
FE000007F000
FE000007F000
FE000007F000
FE00000FE000
FF00000FE000
FF00001FE000
7F80001FC000
7FC0003FC000
3FE0007FC000
3FF801FF8000
1FFE0FFF0000
0FFFFFFE0000
07FFFFFE0000
03FFFFF80000
01FFFFF00000
007FFFC00000
000FFF000000
000000000000
000000000000
000000000000
000000000000
000000000000
0001F8000000
0003FC000000
0003FC000000
0003FC000000
0003FC000000
0003FC000000
0003FC000000
0001F8000000
ENDCHAR
STARTCHAR uni1EF1
ENCODING 7921
SWIDTH 605 0
DWIDTH 39 0
BBX 34 54 5 -13
BITMAP
00000007C0
00000007C0
00000007C0
0000000FC0
0000000F80
0000001F80
0000003F80
FC0001FF00
FC0001FE00
FC0001FC00
FC0001F800
FC0001F800
FC0001F800
FC0001F800
FC0001F800
FC0001F800
FC0001F800
FC0001F800
FC0001F800
FC0001F800
FC0001F800
FC0001F800
FC0001F800
FC0001F800
FC0001F800
FC0001F800
FC0001F800
FC0001F800
FC0003F800
FE0003F800
FE0003F800
FE0003F800
FF0007F800
FF000FF800
7F801FF800
7FF07FF800
3FFFFDF800
3FFFF9F800
1FFFF1F800
0FFFE1F800
03FF81F800
007C000000
0000000000
0000000000
0000000000
0000000000
001F800000
003FC00000
003FC00000
003FC00000
003FC00000
003FC00000
003FC00000
001F800000
ENDCHAR
STARTCHAR Ygrave
ENCODING 7922
SWIDTH 660 0
DWIDTH 42 0
BBX 41 59 1 0
BITMAP
000200000000
000380000000
0007E0000000
0007F0000000
000FFC000000
000FFE000000
0007FF800000
0000FFC00000
00001FC00000
000007800000
000000800000
000000000000
000000000000
000000000000
FF000000FF80
7F800000FF00
7FC00001FE00
3FC00001FC00
1FE00003FC00
1FF00007F800
0FF00007F000
07F8000FF000
03FC001FE000
03FC001FC000
01FE003FC000
00FF007F8000
00FF807F0000
007F80FF0000
003FC0FE0000
003FE1FE0000
001FE3FC0000
000FF3F80000
0007FFF80000
0007FFF00000
0003FFE00000
0001FFE00000
0001FFC00000
0000FF800000
00007F800000
00007F000000
00007F000000
00007F000000
00007F000000
00007F000000
00007F000000
00007F000000
00007F000000
00007F000000
00007F000000
00007F000000
00007F000000
00007F000000
00007F000000
00007F000000
00007F000000
00007F000000
00007F000000
00007F000000
00007F000000
ENDCHAR
STARTCHAR ygrave
ENCODING 7923
SWIDTH 581 0
DWIDTH 37 0
BBX 37 65 0 -15
BITMAP
0002000000
0007000000
000F800000
000FE00000
001FF00000
003FF80000
0007FC0000
0001FE0000
0000FF0000
00003E0000
00000C0000
0000000000
0000000000
0000000000
0000000000
0000000000
FF000007F8
7F000007F0
7F80000FF0
3F80000FF0
3FC0000FE0
1FC0001FE0
1FE0001FC0
1FE0003FC0
0FE0003FC0
0FF0003F80
07F0007F80
07F8007F00
03F8007F00
03FC00FE00
01FC00FE00
01FC00FE00
01FE01FC00
00FE01FC00
00FF03F800
007F03F800
007F83F800
003F87F000
003F87F000
001FC7E000
001FCFE000
001FEFE000
000FEFC000
000FFFC000
0007FF8000
0007FF8000
0003FF8000
0003FF0000
0001FF0000
0001FE0000
0001FE0000
0000FC0000
0000FC0000
0001FC0000
0001F80000
0003F80000
0003F80000
0007F00000
0007F00000
000FE00000
000FE00000
000FE00000
001FC00000
001FC00000
003F800000
ENDCHAR
STARTCHAR uni1EF4
ENCODING 7924
SWIDTH 660 0
DWIDTH 42 0
BBX 41 58 1 -13
BITMAP
FF000000FF80
7F800000FF00
7FC00001FE00
3FC00001FC00
1FE00003FC00
1FF00007F800
0FF00007F000
07F8000FF000
03FC001FE000
03FC001FC000
01FE003FC000
00FF007F8000
00FF807F0000
007F80FF0000
003FC0FE0000
003FE1FE0000
001FE3FC0000
000FF3F80000
0007FFF80000
0007FFF00000
0003FFE00000
0001FFE00000
0001FFC00000
0000FF800000
00007F800000
00007F000000
00007F000000
00007F000000
00007F000000
00007F000000
00007F000000
00007F000000
00007F000000
00007F000000
00007F000000
00007F000000
00007F000000
00007F000000
00007F000000
00007F000000
00007F000000
00007F000000
00007F000000
00007F000000
00007F000000
000000000000
000000000000
000000000000
000000000000
000000000000
00007E000000
0000FF000000
0000FF000000
0000FF000000
0000FF000000
0000FF000000
0000FF000000
00007E000000
ENDCHAR
STARTCHAR uni1EF5
ENCODING 7925
SWIDTH 581 0
DWIDTH 37 0
BBX 37 49 0 -15
BITMAP
FF000007F8
7F000007F0
7F80000FF0
3F80000FF0
3FC0000FE0
1FC0001FE0
1FE0001FC0
1FE0003FC0
0FE0003FC0
0FF0003F80
07F0007F80
07F8007F00
03F8007F00
03FC00FE00
01FC00FE00
01FC00FE00
01FE01FC00
00FE01FC00
00FF03F800
007F03F800
007F83F800
003F87F000
003F87F000
001FC7E000
001FCFE000
001FEFE000
000FEFC000
000FFFC000
0007FF8000
0007FF8000
0003FF8000
0003FF0000
0001FF0000
0001FE0000
0001FE0000
0000FC0000
0000FC0000
0001FC0000
0001F80000
0003F81F80
0003F83FC0
0007F03FC0
0007F03FC0
000FE03FC0
000FE03FC0
000FE03FC0
001FC01F80
001FC00000
003F800000
ENDCHAR
STARTCHAR uni1EF6
ENCODING 7926
SWIDTH 660 0
DWIDTH 42 0
BBX 41 61 1 0
BITMAP
0000FE000000
0003FF800000
0003FFC00000
0003FFC00000
0001CFC00000
000207C00000
000007C00000
00001F800000
00003F000000
00003E000000
00003C000000
00003C000000
000000000000
000000000000
000000000000
000000000000
FF000000FF80
7F800000FF00
7FC00001FE00
3FC00001FC00
1FE00003FC00
1FF00007F800
0FF00007F000
07F8000FF000
03FC001FE000
03FC001FC000
01FE003FC000
00FF007F8000
00FF807F0000
007F80FF0000
003FC0FE0000
003FE1FE0000
001FE3FC0000
000FF3F80000
0007FFF80000
0007FFF00000
0003FFE00000
0001FFE00000
0001FFC00000
0000FF800000
00007F800000
00007F000000
00007F000000
00007F000000
00007F000000
00007F000000
00007F000000
00007F000000
00007F000000
00007F000000
00007F000000
00007F000000
00007F000000
00007F000000
00007F000000
00007F000000
00007F000000
00007F000000
00007F000000
00007F000000
00007F000000
ENDCHAR
STARTCHAR uni1EF7
ENCODING 7927
SWIDTH 581 0
DWIDTH 37 0
BBX 37 66 0 -15
BITMAP
0000200000
0003FE0000
0007FF0000
0007FF8000
0007FF8000
00020F8000
00000F8000
00001F8000
00003F0000
00007E0000
0000780000
0000780000
0000700000
0000000000
0000000000
0000000000
0000000000
FF000007F8
7F000007F0
7F80000FF0
3F80000FF0
3FC0000FE0
1FC0001FE0
1FE0001FC0
1FE0003FC0
0FE0003FC0
0FF0003F80
07F0007F80
07F8007F00
03F8007F00
03FC00FE00
01FC00FE00
01FC00FE00
01FE01FC00
00FE01FC00
00FF03F800
007F03F800
007F83F800
003F87F000
003F87F000
001FC7E000
001FCFE000
001FEFE000
000FEFC000
000FFFC000
0007FF8000
0007FF8000
0003FF8000
0003FF0000
0001FF0000
0001FE0000
0001FE0000
0000FC0000
0000FC0000
0001FC0000
0001F80000
0003F80000
0003F80000
0007F00000
0007F00000
000FE00000
000FE00000
000FE00000
001FC00000
001FC00000
003F800000
ENDCHAR
STARTCHAR uni1EF8
ENCODING 7928
SWIDTH 660 0
DWIDTH 42 0
BBX 41 56 1 0
BITMAP
0007F03E0000
001FFE3E0000
003FFFFE0000
003FFFFC0000
007EFFFC0000
007C1FF80000
007C03E00000
000000000000
000000000000
000000000000
000000000000
FF000000FF80
7F800000FF00
7FC00001FE00
3FC00001FC00
1FE00003FC00
1FF00007F800
0FF00007F000
07F8000FF000
03FC001FE000
03FC001FC000
01FE003FC000
00FF007F8000
00FF807F0000
007F80FF0000
003FC0FE0000
003FE1FE0000
001FE3FC0000
000FF3F80000
0007FFF80000
0007FFF00000
0003FFE00000
0001FFE00000
0001FFC00000
0000FF800000
00007F800000
00007F000000
00007F000000
00007F000000
00007F000000
00007F000000
00007F000000
00007F000000
00007F000000
00007F000000
00007F000000
00007F000000
00007F000000
00007F000000
00007F000000
00007F000000
00007F000000
00007F000000
00007F000000
00007F000000
00007F000000
ENDCHAR
STARTCHAR uni1EF9
ENCODING 7929
SWIDTH 581 0
DWIDTH 37 0
BBX 37 63 0 -15
BITMAP
0003806000
000FE07800
001FF0F800
003FFCF800
007FFFF800
007C7FF000
007C3FE000
00781FC000
0008070000
0000000000
0000000000
0000000000
0000000000
0000000000
FF000007F8
7F000007F0
7F80000FF0
3F80000FF0
3FC0000FE0
1FC0001FE0
1FE0001FC0
1FE0003FC0
0FE0003FC0
0FF0003F80
07F0007F80
07F8007F00
03F8007F00
03FC00FE00
01FC00FE00
01FC00FE00
01FE01FC00
00FE01FC00
00FF03F800
007F03F800
007F83F800
003F87F000
003F87F000
001FC7E000
001FCFE000
001FEFE000
000FEFC000
000FFFC000
0007FF8000
0007FF8000
0003FF8000
0003FF0000
0001FF0000
0001FE0000
0001FE0000
0000FC0000
0000FC0000
0001FC0000
0001F80000
0003F80000
0003F80000
0007F00000
0007F00000
000FE00000
000FE00000
000FE00000
001FC00000
001FC00000
003F800000
ENDCHAR
STARTCHAR uni2007
ENCODING 8199
SWIDTH 550 0
DWIDTH 35 0
BBX 1 1 0 0
BITMAP
00
ENDCHAR
STARTCHAR uni2008
ENCODING 8200
SWIDTH 260 0
DWIDTH 17 0
BBX 1 1 0 0
BITMAP
00
ENDCHAR
STARTCHAR uni2009
ENCODING 8201
SWIDTH 205 0
DWIDTH 13 0
BBX 1 1 0 0
BITMAP
00
ENDCHAR
STARTCHAR uni200A
ENCODING 8202
SWIDTH 102 0
DWIDTH 7 0
BBX 1 1 0 0
BITMAP
00
ENDCHAR
STARTCHAR uni200B
ENCODING 8203
SWIDTH 0 0
DWIDTH 0 0
BBX 1 1 0 0
BITMAP
00
ENDCHAR
STARTCHAR uni2010
ENCODING 8208
SWIDTH 394 0
DWIDTH 25 0
BBX 19 7 3 15
BITMAP
FFFFE0
FFFFE0
FFFFE0
FFFFE0
FFFFE0
FFFFE0
FFFFE0
ENDCHAR
STARTCHAR figuredash
ENCODING 8210
SWIDTH 514 0
DWIDTH 33 0
BBX 27 7 3 15
BITMAP
FFFFFFE0
FFFFFFE0
FFFFFFE0
FFFFFFE0
FFFFFFE0
FFFFFFE0
FFFFFFE0
ENDCHAR
STARTCHAR endash
ENCODING 8211
SWIDTH 514 0
DWIDTH 33 0
BBX 27 7 3 15
BITMAP
FFFFFFE0
FFFFFFE0
FFFFFFE0
FFFFFFE0
FFFFFFE0
FFFFFFE0
FFFFFFE0
ENDCHAR
STARTCHAR emdash
ENCODING 8212
SWIDTH 868 0
DWIDTH 56 0
BBX 49 7 3 15
BITMAP
FFFFFFFFFFFF80
FFFFFFFFFFFF80
FFFFFFFFFFFF80
FFFFFFFFFFFF80
FFFFFFFFFFFF80
FFFFFFFFFFFF80
FFFFFFFFFFFF80
ENDCHAR
STARTCHAR uni2015
ENCODING 8213
SWIDTH 868 0
DWIDTH 56 0
BBX 49 7 3 15
BITMAP
FFFFFFFFFFFF80
FFFFFFFFFFFF80
FFFFFFFFFFFF80
FFFFFFFFFFFF80
FFFFFFFFFFFF80
FFFFFFFFFFFF80
FFFFFFFFFFFF80
ENDCHAR
STARTCHAR quoteleft
ENCODING 8216
SWIDTH 241 0
DWIDTH 15 0
BBX 11 17 3 31
BITMAP
0380
07C0
1FE0
3F80
3F00
7E00
FC00
F800
FC00
FC00
FF00
FF80
FF80
FFC0
7FC0
3F80
1F00
ENDCHAR
STARTCHAR quoteright
ENCODING 8217
SWIDTH 241 0
DWIDTH 15 0
BBX 12 18 1 30
BITMAP
1F00
3FC0
3FC0
3FE0
3FE0
3FF0
0FF0
07F0
03F0
03E0
03E0
07E0
0FC0
3F80
FF00
7E00
3800
2000
ENDCHAR
STARTCHAR quotesinglbase
ENCODING 8218
SWIDTH 267 0
DWIDTH 17 0
BBX 11 18 3 -11
BITMAP
1F00
3F80
3FC0
3FE0
3FE0
3FE0
1FE0
0FE0
07E0
07E0
07C0
07C0
0FC0
1F80
3F00
FE00
7C00
3800
ENDCHAR
STARTCHAR quotedblleft
ENCODING 8220
SWIDTH 448 0
DWIDTH 29 0
BBX 24 17 3 31
BITMAP
03801C
07C03E
1FE0FF
3F81FC
3F01F8
7E03F0
FC07E0
F807C0
FC07E0
FC07E0
FF07F8
FF87FC
FF87FC
FFC7FE
7FC3FE
3F81FC
1F00F8
ENDCHAR
STARTCHAR quotedblright
ENCODING 8221
SWIDTH 445 0
DWIDTH 28 0
BBX 25 18 1 30
BITMAP
1F00F800
3FC1FE00
3FC1FE00
3FE1FF00
3FE1FF00
3FF1FF80
0FF07F80
07F03F80
03F01F80
03E01F00
03E01F00
07E03F00
0FC07E00
3F81FC00
FF07F800
7E03F000
3801C000
20010000
ENDCHAR
STARTCHAR quotedblbase
ENCODING 8222
SWIDTH 492 0
DWIDTH 31 0
BBX 25 18 3 -11
BITMAP
1F007C00
3F80FE00
3FC0FF00
3FE0FF80
3FE0FF80
3FE0FF80
1FE07F80
0FE03F80
07E01F80
07E01F80
07C01F00
07C01F00
0FC03F00
1F807E00
3F00FC00
FE03F800
7C01F000
3800E000
ENDCHAR
STARTCHAR dagger
ENCODING 8224
SWIDTH 440 0
DWIDTH 28 0
BBX 22 32 3 14
BITMAP
00FC00
00FC00
00FC00
00FC00
00FC00
00FC00
00FC00
00FC00
00FC00
FFFFFC
FFFFFC
FFFFFC
FFFFFC
FFFFFC
00FC00
00FC00
00FC00
00FC00
00FC00
00FC00
00FC00
00FC00
00FC00
00FC00
00FC00
00FC00
00FC00
00FC00
00FC00
00FC00
00FC00
00FC00
ENDCHAR
STARTCHAR daggerdbl
ENCODING 8225
SWIDTH 404 0
DWIDTH 26 0
BBX 20 34 3 12
BITMAP
01F800
01F800
01F800
01F800
01F800
01F800
01F800
01F800
FFFFF0
FFFFF0
FFFFF0
FFFFF0
FFFFF0
01F800
01F800
01F800
01F800
FFFFF0
FFFFF0
FFFFF0
FFFFF0
FFFFF0
01F800
01F800
01F800
01F800
01F800
01F800
01F800
01F800
01F800
01F800
01F800
01F800
ENDCHAR
STARTCHAR bullet
ENCODING 8226
SWIDTH 346 0
DWIDTH 22 0
BBX 18 17 2 14
BITMAP
03F800
0FFC00
1FFE00
3FFF00
7FFF80
7FFF80
7FFFC0
FFFFC0
FFFFC0
FFFFC0
7FFFC0
7FFF80
7FFF80
3FFF00
1FFE00
0FFC00
03F000
ENDCHAR
STARTCHAR ellipsis
ENCODING 8230
SWIDTH 605 0
DWIDTH 39 0
BBX 33 10 3 -1
BITMAP
3C03C03C00
7F07F07F00
FF0FF0FF00
FF8FF8FF80
FF8FF8FF80
FF8FF8FF80
FF0FF0FF00
FF0FF0FF00
7E07E07E00
1C01C01C00
ENDCHAR
STARTCHAR perthousand
ENCODING 8240
SWIDTH 1190 0
DWIDTH 76 0
BBX 70 46 3 -1
BITMAP
07F800001FC0000000
0FFE00001F80000000
1FFF00003F80000000
3FFF80007F00000000
7FBF80007E00000000
7E0FC000FE00000000
FC07C001FC00000000
FC07E001F800000000
F807E003F800000000
F803E007F000000000
F803E007E000000000
F803E00FE000000000
F803E01FC000000000
F803E01F8000000000
F803E03F8000000000
F807E07F0000000000
FC07C07E0000000000
7C0FC0FE0000000000
7E1FC1FC0000000000
3FFF81F80000000000
3FFF03F80000000000
1FFE07F00F00003C00
0FFC07E07FC000FF80
03F00FE0FFF003FFC0
00001FC1FFF807FFE0
00001F83FFF80FFFF0
00003F07F1FC0FC3F0
00007F07E0FC1F81F8
00007E07C07E1F80F8
0000FC0FC03E1F00FC
0001FC0F803E1F00FC
0001F80F803E3F00FC
0003F00F803E3F007C
0007F00F803F3F007C
0007E00F803E3F007C
000FC00F803E3F007C
001FC00F803E1F00FC
001F800FC03E1F00F8
003F0007C07E1F80F8
007F0007E0FC1F81F8
007E0003F1FC0FE3F0
00FC0003FFF807FFF0
01FC0001FFF007FFE0
01F80000FFE003FFC0
03F000007FC000FF00
000000000E00001C00
ENDCHAR
STARTCHAR second
ENCODING 8243
SWIDTH 412 0
DWIDTH 26 0
BBX 23 17 2 28
BITMAP
3F81FE
3F81FC
3F81FC
3F01FC
7F01F8
7F01F8
7E01F8
7E01F0
7E03F0
7C03F0
7C03E0
7C03E0
7C03E0
7803E0
7803C0
F803C0
F003C0
ENDCHAR
STARTCHAR guilsinglleft
ENCODING 8249
SWIDTH 273 0
DWIDTH 17 0
BBX 14 27 1 3
BITMAP
0060
0070
00FC
01F8
03F8
03F0
07E0
0FE0
1FC0
1F80
3F00
7F00
FE00
FE00
FE00
7F00
3F80
1F80
1FC0
0FE0
07F0
03F0
01F8
01FC
00F8
0070
0040
ENDCHAR
STARTCHAR guilsinglright
ENCODING 8250
SWIDTH 275 0
DWIDTH 18 0
BBX 14 27 3 3
BITMAP
1000
7800
FC00
FC00
7E00
7F00
3F80
1F80
0FC0
0FE0
07F0
03F8
03F8
01FC
03F8
07F0
07E0
0FE0
1FC0
1F80
3F00
7F00
7E00
FC00
F800
3800
1000
ENDCHAR
STARTCHAR fraction
ENCODING 8260
SWIDTH 606 0
DWIDTH 39 0
BBX 37 45 1 0
BITMAP
00000003F8
00000007F0
00000007E0
0000000FC0
0000001FC0
0000001F80
0000003F00
0000007F00
0000007E00
000000FC00
000001FC00
000001F800
000003F000
000007F000
000007E000
00000FC000
00001FC000
00001F8000
00003F0000
00007F0000
00007E0000
0000FC0000
0001FC0000
0001F80000
0003F00000
0007F00000
0007E00000
000FC00000
001FC00000
001F800000
003F000000
007F000000
007E000000
00FC000000
01FC000000
01F8000000
03F0000000
07F0000000
07E0000000
0FC0000000
1FC0000000
1F80000000
3F00000000
7F00000000
FE00000000
ENDCHAR
STARTCHAR uni2070
ENCODING 8304
SWIDTH 364 0
DWIDTH 23 0
BBX 19 24 2 26
BITMAP
01F800
07FE00
1FFF00
1FFF80
3FFFC0
7E0FC0
7E07C0
FC07E0
FC03E0
F803E0
F803E0
F803E0
F803E0
F803E0
F803E0
FC03E0
7C07E0
7E07C0
7F1FC0
3FFF80
1FFF00
0FFE00
07FC00
00E000
ENDCHAR
STARTCHAR uni2074
ENCODING 8308
SWIDTH 390 0
DWIDTH 25 0
BBX 19 23 3 27
BITMAP
003E00
003E00
007E00
00FE00
01FE00
03FE00
07FE00
07FE00
0FBE00
1FBE00
3F3E00
7E3E00
7C3E00
FFFFE0
FFFFE0
FFFFE0
7FFFE0
7FFFE0
003E00
003E00
003E00
003E00
003E00
ENDCHAR
STARTCHAR uni2075
ENCODING 8309
SWIDTH 358 0
DWIDTH 23 0
BBX 17 23 3 26
BITMAP
3FFF00
3FFF00
3FFF00
3FFF00
3E0000
3C0000
3C0000
7DF000
7FFC00
7FFE00
7FFF00
3E7F00
101F00
001F80
001F80
001F00
201F00
303F00
7FFE00
7FFE00
FFFC00
3FF000
038000
ENDCHAR
STARTCHAR uni2076
ENCODING 8310
SWIDTH 343 0
DWIDTH 22 0
BBX 17 24 2 26
BITMAP
01F000
07FE00
0FFF00
1FFE00
3FFE00
3E0400
7C0000
7C0000
7C6000
FBFC00
FFFE00
FFFF00
FF7F80
FC1F80
FC0F80
F80F80
780F80
7C0F80
7C1F00
3FFF00
3FFE00
1FFC00
07F800
00C000
ENDCHAR
STARTCHAR uni2077
ENCODING 8311
SWIDTH 326 0
DWIDTH 21 0
BBX 16 22 3 27
BITMAP
FFFE
FFFE
FFFF
FFFF
003E
003E
007C
007C
00F8
00F8
01F8
01F0
03F0
03E0
03E0
07C0
07C0
0F80
0F80
1F00
1F00
3E00
ENDCHAR
STARTCHAR uni2078
ENCODING 8312
SWIDTH 353 0
DWIDTH 23 0
BBX 17 24 3 26
BITMAP
03E000
1FF800
3FFC00
7FFE00
7E3F00
7C1F00
F81F00
F81F00
7C1F00
7FFE00
3FFC00
0FF800
3FFE00
7E7F00
FC1F00
F80F80
F80F80
F80F80
FC1F80
FE7F00
7FFE00
3FFC00
0FF800
03C000
ENDCHAR
STARTCHAR uni2079
ENCODING 8313
SWIDTH 333 0
DWIDTH 21 0
BBX 17 24 2 26
BITMAP
03E000
0FF800
1FFC00
3FFE00
7E3F00
7C1F00
F80F80
F80F80
F80F80
FC0F80
7E1F80
7FFF80
3FFF80
1FFF80
0FCF80
000F80
001F00
101F00
187E00
3FFE00
7FFC00
3FF800
1FF000
010000
ENDCHAR
STARTCHAR uni2080
ENCODING 8320
SWIDTH 364 0
DWIDTH 23 0
BBX 19 24 2 -13
BITMAP
01F800
07FE00
1FFF00
1FFF80
3FFFC0
7E0FC0
7E07C0
FC07E0
FC03E0
F803E0
F803E0
F803E0
F803E0
F803E0
F803E0
FC03E0
7C07E0
7E07C0
7F1FC0
3FFF80
1FFF00
0FFE00
07FC00
00E000
ENDCHAR
STARTCHAR uni2081
ENCODING 8321
SWIDTH 281 0
DWIDTH 18 0
BBX 10 22 3 -13
BITMAP
07C0
1FC0
3FC0
FFC0
7FC0
7FC0
37C0
27C0
07C0
07C0
07C0
07C0
07C0
07C0
07C0
07C0
07C0
07C0
07C0
07C0
07C0
07C0
ENDCHAR
STARTCHAR uni2082
ENCODING 8322
SWIDTH 346 0
DWIDTH 22 0
BBX 16 23 3 -13
BITMAP
07F0
1FF8
3FFC
7FFE
FFFE
F83F
703F
303F
003E
007E
007C
00FC
01F8
03F0
07E0
0FC0
1F80
3F00
7E00
7FFF
7FFF
7FFF
7FFF
ENDCHAR
STARTCHAR uni2083
ENCODING 8323
SWIDTH 342 0
DWIDTH 22 0
BBX 15 23 4 -13
BITMAP
7FF8
7FF8
7FF8
7FF8
01F8
03E0
07C0
0F80
3FE0
3FF8
3FFC
3FFC
107E
003E
003E
003E
003E
607E
7FFC
FFF8
FFF8
7FE0
0700
ENDCHAR
STARTCHAR uni2084
ENCODING 8324
SWIDTH 390 0
DWIDTH 25 0
BBX 19 23 3 -13
BITMAP
003E00
003E00
007E00
00FE00
01FE00
03FE00
07FE00
07FE00
0FBE00
1FBE00
3F3E00
7E3E00
7C3E00
FFFFE0
FFFFE0
FFFFE0
7FFFE0
7FFFE0
003E00
003E00
003E00
003E00
003E00
ENDCHAR
STARTCHAR uni2085
ENCODING 8325
SWIDTH 358 0
DWIDTH 23 0
BBX 17 23 3 -14
BITMAP
3FFF00
3FFF00
3FFF00
3FFF00
3E0000
3C0000
3C0000
7DF000
7FFC00
7FFE00
7FFF00
3E7F00
101F00
001F80
001F80
001F00
201F00
303F00
7FFE00
7FFE00
FFFC00
3FF000
038000
ENDCHAR
STARTCHAR uni2086
ENCODING 8326
SWIDTH 343 0
DWIDTH 22 0
BBX 17 24 2 -13
BITMAP
01F000
07FE00
0FFF00
1FFE00
3FFE00
3E0400
7C0000
7C0000
7C6000
FBFC00
FFFE00
FFFF00
FF7F80
FC1F80
FC0F80
F80F80
780F80
7C0F80
7C1F00
3FFF00
3FFE00
1FFC00
07F800
00C000
ENDCHAR
STARTCHAR uni2087
ENCODING 8327
SWIDTH 326 0
DWIDTH 21 0
BBX 16 22 3 -13
BITMAP
FFFE
FFFE
FFFF
FFFF
003E
003E
007C
007C
00F8
00F8
01F8
01F0
03F0
03E0
03E0
07C0
07C0
0F80
0F80
1F00
1F00
3E00
ENDCHAR
STARTCHAR uni2088
ENCODING 8328
SWIDTH 353 0
DWIDTH 23 0
BBX 17 24 3 -13
BITMAP
03E000
1FF800
3FFC00
7FFE00
7E3F00
7C1F00
F81F00
F81F00
7C1F00
7FFE00
3FFC00
0FF800
3FFE00
7E7F00
FC1F00
F80F80
F80F80
F80F80
FC1F80
FE7F00
7FFE00
3FFC00
0FF800
03C000
ENDCHAR
STARTCHAR uni2089
ENCODING 8329
SWIDTH 333 0
DWIDTH 21 0
BBX 17 24 2 -13
BITMAP
03E000
0FF800
1FFC00
3FFE00
7E3F00
7C1F00
F80F80
F80F80
F80F80
FC0F80
7E1F80
7FFF80
3FFF80
1FFF80
0FCF80
000F80
001F00
101F00
187E00
3FFE00
7FFC00
3FF800
1FF000
010000
ENDCHAR
STARTCHAR colonmonetary
ENCODING 8353
SWIDTH 679 0
DWIDTH 43 0
BBX 42 60 2 -9
BITMAP
0000001C0000
0000003F0000
0000003F0700
0000007E07C0
0000007E0FC0
0000007C0F80
00007FFC1F80
0001FFFE1F00
000FFFFFBF00
001FFFFFFF00
003FFFFFFE00
00FFFFFFFE00
01FFFFFFFC00
03FFC7DFFE00
03FF0FC7FC00
07FC0F81F800
0FF81F83F000
0FF01F03F000
1FE03F07E000
1FE03E07E000
3FC07E0FC000
3FC07C0FC000
3F80FC1F8000
3F80F81F8000
7F81F83F0000
7F01F03F0000
7F03F07E0000
7F03E07E0000
7F07E0FC0000
7F07E0FC0000
7F0FC1F80000
7F0FC1F80000
7F1F83F00000
7F9F83F00000
3FBF07E00000
3FBF07E00000
3FFE0FC00000
3FFE0FC00000
1FFC1F800000
1FFC1F800000
0FF83F002000
0FFC3F007000
07FE7E01F000
03FFFE07F800
07FFFC3FFC00
07FFFFFFFC00
0FFFFFFFF800
0FFFFFFFF000
1F9FFFFFE000
1F87FFFF8000
3F03FFFC0000
3F07EF800000
7E07E0000000
7E0FC0000000
FC0FC0000000
FC1F80000000
381F80000000
083F00000000
000F00000000
000200000000
ENDCHAR
STARTCHAR franc
ENCODING 8355
SWIDTH 602 0
DWIDTH 39 0
BBX 33 45 2 0
BITMAP
0FFFFFFF80
0FFFFFFF80
0FFFFFFF80
0FFFFFFF80
0FFFFFFF80
0FFFFFFF80
0FFFFFFF80
0FE0000000
0FE0000000
0FE0000000
0FE0000000
0FE0000000
0FE0000000
0FE0000000
0FE0000000
0FE0000000
0FE0000000
0FE0000000
0FE0000000
0FFFFFFC00
0FFFFFFC00
0FFFFFFC00
0FFFFFFC00
0FFFFFFC00
0FFFFFFC00
0FFFFFFC00
0FE0000000
0FE0000000
0FE0000000
0FE0000000
0FE0000000
FFFF800000
FFFF800000
FFFF800000
FFFF800000
FFFF800000
FFFF800000
0FE0000000
0FE0000000
0FE0000000
0FE0000000
0FE0000000
0FE0000000
0FE0000000
0FE0000000
ENDCHAR
STARTCHAR lira
ENCODING 8356
SWIDTH 610 0
DWIDTH 39 0
BBX 36 46 2 -1
BITMAP
0003FFC000
000FFFF000
003FFFFC00
007FFFFE00
00FFFFFF00
00FFFFFE00
01FF00FC00
03FC003800
03F8001000
03F8000000
03F0000000
07F0000000
07F0000000
07F0000000
07F0000000
07F0000000
03F0000000
03F0000000
03F0000000
7FFFFFE000
7FFFFFE000
7FFFFFE000
7FFFFFE000
7FFFFFE000
00FC000000
00FE000000
00FE000000
7FFFFFE000
7FFFFFE000
7FFFFFE000
7FFFFFE000
7FFFFFE000
007E000000
007E000000
007E000000
007E000000
00FC000000
00FC000000
03FF800080
1FFFF00180
FFFFFE1FC0
FFFFFFFFE0
7FFFFFFFF0
7FC7FFFFE0
38007FFF80
000007FE00
ENDCHAR
STARTCHAR uni20A6
ENCODING 8358
SWIDTH 795 0
DWIDTH 51 0
BBX 49 45 1 0
BITMAP
07F0000007E000
07F0000007E000
07F8000007E000
07FC000007E000
07FE000007E000
07FE000007E000
07FF000007E000
07FF800007E000
07FFC00007E000
07FFC00007E000
07FFE00007E000
07EFF00007E000
07EFF80007E000
07E7F80007E000
07E3FC0007E000
07E1FE0007E000
07F1FF0007E000
07F0FF0007E000
07F07F8007E000
FFFFFFFFFFFF80
FFFFFFFFFFFF80
FFFFFFFFFFFF80
FFFFFFFFFFFF80
FFFFFFFFFFFF80
FFF007FC07FF80
07F003FC07E000
07F001FE07E000
07F000FF07E000
07F0007F87E000
07F0007F87E000
07F0003FC7E000
07F0001FE7E000
07F0000FF7E000
07F0000FF7E000
07F00007FFE000
07F00003FFE000
07F00001FFE000
07F00001FFE000
07F00000FFE000
07F000007FE000
07F000003FE000
07F000003FE000
07F000001FE000
07F000000FE000
07F0000007E000
ENDCHAR
STARTCHAR peseta
ENCODING 8359
SWIDTH 791 0
DWIDTH 51 0
BBX 41 45 6 0
BITMAP
07FFFFE00000
07FFFFF80000
07FFFFFE0000
07FFFFFF0000
07FFFFFF8000
07FFFFFFC000
07FFFFFFE000
07F0003FE000
07F0001FF000
07F0000FF000
07F00007F000
FFFFFFFFFF80
FFFFFFFFFF80
FFFFFFFFFF80
FFFFFFFFFF80
FFFFFFFFFF80
FFFFFFFFFF80
07F00007F000
07F0000FF000
07F0001FF000
07F0003FE000
07FFFFFFE000
07FFFFFFC000
07FFFFFF8000
07FFFFFF0000
07FFFFFE0000
07FFFFF80000
07FFFFE00000
07F000000000
07F000000000
07F000000000
07F000000000
07F000000000
07F000000000
07F000000000
07F000000000
07F000000000
07F000000000
07F000000000
07F000000000
07F000000000
07F000000000
07F000000000
07F000000000
07F000000000
ENDCHAR
STARTCHAR uni20A9
ENCODING 8361
SWIDTH 996 0
DWIDTH 64 0
BBX 60 45 2 0
BITMAP
FE000000000007F0
FE00000000000FF0
FF00000000000FE0
7F00000000000FE0
7F00000000001FE0
7F80000000001FE0
3F80000000001FC0
3F80000000001FC0
3F80001F80003FC0
3FC0003FC0003F80
1FC0003FC0003F80
1FC0007FC0007F80
1FE0007FE0007F00
0FE0007FE0007F00
0FE000FFF000FF00
0FF000FFF000FE00
07F001FFF000FE00
07F001FFF801FE00
7FF801FBF801FFE0
7FFFFFFFFFFFFFE0
7FFFFFFFFFFFFFE0
7FFFFFFFFFFFFFE0
7FFFFFFFFFFFFFE0
7FFFFFFFFFFFFFE0
01FC0FE0FE07F000
00FE0FC07F07F000
00FE1FC07F07F000
00FE1FC03F8FF000
007F1F803F8FE000
007F3F801F8FE000
007F3F001FCFE000
003F3F001FDFC000
003FFF000FDFC000
003FFE000FFFC000
003FFE0007FF8000
001FFC0007FF8000
001FFC0003FF8000
001FFC0003FF0000
000FF80003FF0000
000FF80001FF0000
000FF00001FE0000
0007F00000FE0000
0007F00000FE0000
0007E000007C0000
0003E000007C0000
ENDCHAR
STARTCHAR dong
ENCODING 8363
SWIDTH 491 0
DWIDTH 31 0
BBX 27 45 3 0
BITMAP
0000FC00
0000FC00
0000FC00
0000FC00
0000FC00
0000FC00
003FFFE0
003FFFE0
003FFFE0
003FFFE0
003FFFE0
0000FC00
0000FC00
01F0FC00
07FCFC00
1FFEFC00
3FFFFC00
3FFFFC00
7F8FFC00
7F03FC00
FE01FC00
FC00FC00
FC00FC00
FC00FC00
FC00FC00
FC00FC00
FC00FC00
FC01FC00
FE01FC00
7F03FC00
7FFFFC00
3FFFFC00
1FFEFC00
0FFCFC00
07F8FC00
00E00000
00000000
00000000
00000000
00000000
FFFFFF80
FFFFFF80
FFFFFF80
FFFFFF80
FFFFFF80
ENDCHAR
STARTCHAR Euro
ENCODING 8364
SWIDTH 646 0
DWIDTH 41 0
BBX 37 46 1 -1
BITMAP
000007FF00
00003FFFC0
0000FFFFF8
0003FFFFF0
0007FFFFF0
000FFFFFE0
001FFC03E0
003FF00040
007FC00000
007F800000
00FF000000
01FE000000
01FC000000
03F8000000
03F8000000
FFF0000000
FFFFFFC000
FFFFFFC000
FFFFFFC000
FFFFFFC000
FFFFFFC000
07E7FFC000
07E0000000
07E0000000
07E0000000
FFFFFFC000
FFFFFFC000
FFFFFFC000
FFFFFFC000
FFFFFFC000
FFFFFFC000
03F8000000
01FC000000
01FC000000
00FE000000
00FF000000
007F800000
007FE00040
003FF801C0
001FFFFFE0
000FFFFFF0
0007FFFFF0
0001FFFFF8
00007FFFE0
00001FFF80
000000F800
ENDCHAR
STARTCHAR uni20AD
ENCODING 8365
SWIDTH 759 0
DWIDTH 49 0
BBX 44 45 2 0
BITMAP
03F800001FF0
03F800003FE0
03F800007FC0
03F80000FF80
03F80001FF00
03F80003FE00
03F80007F800
03F8000FF000
03F8001FE000
03F8003FC000
03F8007F8000
03F800FF0000
03F801FE0000
03F803FC0000
03F807F80000
03F80FF00000
03F81FE00000
03F83FC00000
FFF87FFFFC00
FFF8FFFFFC00
FFF9FFFFFC00
FFFBFFFFFC00
FFFFFFFFFC00
FFFFFFFFFC00
FFFFEFFFFC00
03FFC7FC0000
03FF83FC0000
03FF01FE0000
03FE01FF0000
03FC00FF8000
03F8007F8000
03F8003FC000
03F8003FE000
03F8001FF000
03F8000FF000
03F80007F800
03F80007FC00
03F80003FE00
03F80001FE00
03F80000FF00
03F80000FF80
03F800007FC0
03F800003FC0
03F800001FE0
03F800001FF0
ENDCHAR
STARTCHAR uni20B1
ENCODING 8369
SWIDTH 795 0
DWIDTH 51 0
BBX 41 45 6 0
BITMAP
03FFFFE00000
03FFFFFC0000
03FFFFFE0000
03FFFFFF8000
03FFFFFFC000
03FFFFFFE000
03FFFFFFE000
03F8001FF000
FFF8000FFF80
FFFFFFFFFF80
FFFFFFFFFF80
FFFFFFFFFF80
03F80003F800
03F80003F800
03F80003F800
FFF80003FF80
FFFFFFFFFF80
FFFFFFFFFF80
FFFFFFFFFF80
FFF8000FFF80
03F8001FF000
03FFFFFFE000
03FFFFFFC000
03FFFFFFC000
03FFFFFF8000
03FFFFFE0000
03FFFFFC0000
03FFFFE00000
03F800000000
03F800000000
03F800000000
03F800000000
03F800000000
03F800000000
03F800000000
03F800000000
03F800000000
03F800000000
03F800000000
03F800000000
03F800000000
03F800000000
03F800000000
03F800000000
03F800000000
ENDCHAR
STARTCHAR uni20B2
ENCODING 8370
SWIDTH 766 0
DWIDTH 49 0
BBX 43 60 3 -9
BITMAP
00007F000000
00007F000000
00007F000000
00007F000000
00007F000000
00007F000000
00007FF80000
0003FFFF0000
000FFFFFC000
003FFFFFF000
007FFFFFF800
00FFFFFFFC00
01FFFFFFFE00
03FFFF0FFF00
07FE7F01FE00
0FFC7F00FC00
1FF07F003800
1FE07F001000
3FE07F000000
3FC07F000000
7F807F000000
7F807F000000
7F007F000000
7F007F000000
FF007F000000
FE007F000000
FE007F000000
FE007F000000
FE007FFFFFE0
FE007FFFFFE0
FE007FFFFFE0
FE007FFFFFE0
FF007FFFFFE0
7F007FFFFFE0
7F007FFFFFE0
7F807F000FE0
7F807F000FE0
3FC07F001FE0
3FE07F001FC0
1FE07F001FC0
1FF07F003F80
0FFC7F007F80
07FE7F00FF00
07FFFF03FF00
03FFFF1FFE00
01FFFFFFFC00
00FFFFFFF800
003FFFFFF000
001FFFFFE000
0007FFFF8000
0000FFFE0000
00007FC00000
00007F000000
00007F000000
00007F000000
00007F000000
00007F000000
00007F000000
00007F000000
00007F000000
ENDCHAR
STARTCHAR uni20B5
ENCODING 8373
SWIDTH 679 0
DWIDTH 43 0
BBX 38 55 3 -5
BITMAP
00003F0000
00003F0000
00003F0000
00003F0000
00003F0000
0000FFE000
0003FFFC00
001FFFFF00
003FFFFFC0
007FFFFFE0
01FFFFFFF0
03FFFFFFF8
07FFBF3FFC
07FE3F0FF8
0FF83F03F0
1FF03F01E0
1FE03F0040
3FC03F0000
3FC03F0000
7F803F0000
7F803F0000
7F003F0000
7F003F0000
FF003F0000
FE003F0000
FE003F0000
FE003F0000
FE003F0000
FE003F0000
FE003F0000
FE003F0000
FE003F0000
FF003F0000
7F003F0000
7F003F0000
7F803F0000
7F803F0000
3FC03F0000
3FE03F0000
1FF03F0040
1FF83F00E0
0FFC3F03E0
07FF3F0FF0
07FFFF7FF8
03FFFFFFF8
01FFFFFFF0
007FFFFFE0
003FFFFFC0
000FFFFF00
0003FFF800
00003F0000
00003F0000
00003F0000
00003F0000
00003F0000
ENDCHAR
STARTCHAR uni20B9
ENCODING 8377
SWIDTH 540 0
DWIDTH 35 0
BBX 29 45 4 0
BITMAP
FFFFFFF0
FFFFFFF0
FFFFFFF0
FFFFFFF0
FFFFFFF0
FFFFFFF0
FFFFFFF0
000FF800
0003FC00
0001FE00
0000FE00
0000FF00
001FFFF8
001FFFF8
001FFFF8
001FFFF8
001FFFF8
0000FF00
0000FE00
0001FE00
0003FC00
001FFC00
0FFFF800
0FFFF000
0FFFE000
0FFFC000
07FF8000
03FC0000
03FE0000
01FE0000
00FF0000
007F8000
007FC000
003FC000
001FE000
001FF000
000FF000
0007F800
0003FC00
0003FE00
0001FE00
0000FF00
0000FF80
00007F80
00003FE0
ENDCHAR
STARTCHAR uni20BA
ENCODING 8378
SWIDTH 609 0
DWIDTH 39 0
BBX 34 46 2 -1
BITMAP
00FC000000
00FC000000
00FC000000
00FC000000
00FC000000
00FC000000
00FC000000
00FC040000
00FC1E0000
00FC7E0000
00FDFF0000
00FFFF0000
00FFFC0000
00FFF00000
00FFC00000
03FF800000
0FFE000000
1FFC020000
7FFC0F0000
FFFC1F0000
7FFC7F8000
7CFDFFC000
30FFFF0000
20FFFC0000
00FFF00000
00FFC00000
03FF800000
0FFE000000
1FFC000000
7FFC000000
3FFC000000
3FFC000C00
1CFC001F80
10FC001FC0
00FC003F80
00FC007F80
00FC00FF00
00FC03FF00
00FC0FFE00
00FFFFFC00
00FFFFF800
00FFFFE000
00FFFF8000
00FFFE0000
00FFF80000
003F000000
ENDCHAR
STARTCHAR uni20BC
ENCODING 8380
SWIDTH 760 0
DWIDTH 49 0
BBX 36 51 6 0
BITMAP
0001F80000
0001F80000
0001F80000
0001F80000
0001F80000
0001F80000
0007FF0000
003FFFE000
00FFFFF000
01FFFFFC00
03FFFFFE00
07FFFFFF00
0FFFFFFF80
1FF9F9FFC0
3FF1F87FC0
3FC1F83FE0
3F81F81FE0
7F81F80FE0
7F01F80FF0
7F01F807F0
FE01F807F0
FE01F807F0
FE01F807F0
FE01F807F0
FE01F807F0
FE01F807F0
FE01F807F0
FE01F807F0
FE01F807F0
FE01F807F0
FE01F807F0
FE01F807F0
FE01F807F0
FE01F807F0
FE01F807F0
FE000007F0
FE000007F0
FE000007F0
FE000007F0
FE000007F0
FE000007F0
FE000007F0
FE000007F0
FE000007F0
FE000007F0
FE000007F0
FE000007F0
FE000007F0
FE000007F0
FE000007F0
FE000007F0
ENDCHAR
STARTCHAR uni20BD
ENCODING 8381
SWIDTH 727 0
DWIDTH 47 0
BBX 38 45 6 0
BITMAP
03FFFFE000
03FFFFFC00
03FFFFFF00
03FFFFFF80
03FFFFFFC0
03FFFFFFE0
03FFFFFFF0
03F8001FF0
03F8000FF8
03F80007F8
03F80003F8
03F80003F8
03F80003FC
03F80001FC
03F80001FC
03F80003FC
03F80003F8
03F80003F8
03F80007F8
03F8000FF8
03F8001FF0
03FFFFFFE0
FFFFFFFFE0
FFFFFFFFC0
FFFFFFFF80
FFFFFFFF00
FFFFFFFC00
FFFFFFE000
03F8000000
03F8000000
03F8000000
03F8000000
FFFF800000
FFFF800000
FFFF800000
FFFF800000
FFFF800000
FFFF800000
03F8000000
03F8000000
03F8000000
03F8000000
03F8000000
03F8000000
03F8000000
ENDCHAR
STARTCHAR uni2113
ENCODING 8467
SWIDTH 539 0
DWIDTH 35 0
BBX 31 49 2 -1
BITMAP
00001FE0
00007FF0
0000FFF8
0001FFFC
0003FDFC
0007F07E
000FE03E
000FC03E
001F803E
003F803E
003F003E
003F003E
007E007E
007E007E
00FC007C
00FC00FC
00FC00FC
00F801F8
01F801F8
01F803F0
01F803F0
01F007E0
03F00FC0
03F00FC0
03F01F80
03E03F00
03E07F00
03E0FE00
03E1FC00
03E3F800
07E7F000
07EFE000
07FFC000
07FF8000
03FF0000
03FE0000
07F80000
0FF00000
3FF00000
FFF00000
FFF80000
79FC0180
60FE0780
00FF9FC0
007FFFC0
003FFF80
001FFF00
000FFC00
0001E000
ENDCHAR
STARTCHAR uni2116
ENCODING 8470
SWIDTH 1177 0
DWIDTH 75 0
BBX 67 45 6 0
BITMAP
FE000000FC001FF000
FE000000FC007FFC00
FF000000FC00FFFE00
FF800000FC01FFFF00
FFC00000FC03FFFF80
FFC00000FC03F83F80
FFE00000FC07F01FC0
FFF00000FC07E00FC0
FFF80000FC07E00FC0
FFF80000FC07C007C0
FFFC0000FC0FC007E0
FDFE0000FC0FC007C0
FDFF0000FC0FC007C0
FCFF0000FC07E00FC0
FC7F8000FC07E00FC0
FC3FC000FC07F01FC0
FE3FE000FC03FC7F80
FE1FE000FC03FFFF80
FE0FF000FC01FFFF00
FE07F800FC00FFFE00
FE07FC00FC007FF800
FE03FC00FC000FE000
FE01FE00FC00000000
FE00FF00FC00000000
FE00FF80FC00000000
FE007F80FC00000000
FE003FC0FC00000000
FE001FE0FC07FFFFE0
FE000FF0FC07FFFFE0
FE000FF0FC07FFFFE0
FE0007F8FC07FFFFE0
FE0003FCFC07FFFFE0
FE0001FEFC07FFFFE0
FE0001FEFC00000000
FE0000FFFC00000000
FE00007FFC00000000
FE00003FFC00000000
FE00003FFC00000000
FE00001FFC00000000
FE00000FFC00000000
FE000007FC00000000
FE000007FC00000000
FE000003FC00000000
FE000001FC00000000
FE000000FC00000000
ENDCHAR
STARTCHAR trademark
ENCODING 8482
SWIDTH 794 0
DWIDTH 51 0
BBX 45 23 2 22
BITMAP
FFFF878000F8
FFFF87C000F8
FFFF87E001F8
FFFF87E003F8
FFFF87F003F8
03E007F007F8
03E007F807F8
03E007F80FF8
03E007FC1FF8
03E007FE1FF8
03E007FE3EF8
03E007DF3EF8
03E007DF7CF8
03E007CFFCF8
03E007CFF8F8
03E007C7F0F8
03E007C3F0F8
03E007C3E0F8
03E007C000F8
03E007C000F8
03E007C000F8
03E007C000F8
03E007C000F8
ENDCHAR
STARTCHAR uni2126
ENCODING 8486
SWIDTH 675 0
DWIDTH 43 0
BBX 40 45 2 0
BITMAP
0007FFC000
001FFFF800
007FFFFE00
01FFFFFF00
03FFFFFF80
07FFFFFFC0
0FFE00FFE0
1FF8003FF0
1FE0000FF8
3FC00007F8
7F800003FC
7F000001FC
7F000000FE
FE000000FE
FE0000007E
FC0000007E
FC0000007E
FC0000007F
FC0000007F
FC0000007F
FC0000007F
FC0000007E
FC0000007E
FC0000007E
FC0000007E
FE0000007E
7E000000FC
7E000000FC
3F000000FC
3F000001F8
3F800001F8
1F800003F0
1FC00003F0
0FC00007E0
07E0000FC0
07F0001FC0
03F8001F80
01F8003F00
00FC007F00
FFFE00FFFE
FFFF01FFFE
FFFF01FFFE
FFFF01FFFE
FFFF01FFFE
FFFF01FFFE
ENDCHAR
STARTCHAR estimated
ENCODING 8494
SWIDTH 629 0
DWIDTH 40 0
BBX 35 38 3 -1
BITMAP
000FFE0000
003FFF8000
00FC0FE000
03E001F800
0780007C00
0F00001E00
0E00000E00
1E00000F00
3E00000F80
3E00000F80
7E00000FC0
7E00000FC0
7E00000FC0
FE00000FE0
FE00000FE0
FE00000FE0
FFFFFFFFE0
FFFFFFFFE0
FFFFFFFFC0
FE00000000
FE00000000
FE00000000
FE00000000
FE00000000
FE00000000
7E00000000
7E00000000
7E00000100
3E00000380
1E00000700
1E00000F00
0F00001E00
0780003C00
03E0007800
01F803F000
007FFFC000
001FFF8000
0003F00000
ENDCHAR
STARTCHAR oneeighth
ENCODING 8539
SWIDTH 792 0
DWIDTH 51 0
BBX 44 46 4 -1
BITMAP
07C00001FC00
1FC00003F800
3FC00003F000
FFC00007E000
7FC0000FE000
7FC0000FC000
37C0001F8000
27C0003F8000
07C0003F0000
07C0007E0000
07C000FE0000
07C000FC0000
07C001F80000
07C003F80000
07C003F00000
07C007E00000
07C00FE00000
07C00FC00000
07C01F800000
07C03F800000
07C03F000000
07C07E000000
0000FE007C00
0000FC03FF00
0001F807FF80
0003F80FFFC0
0003F00FC7E0
0007E00F83E0
000FE01F03E0
000FC01F03E0
001F800F83E0
003F800FFFC0
003F0007FF80
007E0001FF00
00FE0007FFC0
00FC000FCFE0
01F8001F83E0
03F8001F01F0
03F0001F01F0
07E0001F01F0
0FE0001F83F0
0FC0001FCFE0
1F80000FFFC0
3F800007FF80
7F000001FF00
000000007800
ENDCHAR
STARTCHAR threeeighths
ENCODING 8540
SWIDTH 805 0
DWIDTH 52 0
BBX 46 46 2 -1
BITMAP
7FF800003F80
7FF800007F00
7FF800007E00
7FF80000FC00
01F80001FC00
03E00001F800
07C00003F000
0F800007F000
3FE00007E000
3FF8000FC000
3FFC001FC000
3FFC001F8000
107E003F0000
003E007F0000
003E007E0000
003E00FC0000
003E01FC0000
607E01F80000
7FFC03F00000
FFF807F00000
FFF807E00000
7FE00FC00000
07001FC01F00
00001F80FFC0
00003F01FFE0
00007F03FFF0
00007E03F1F8
0000FC03E0F8
0001FC07C0F8
0001F807C0F8
0003F003E0F8
0007F003FFF0
0007E001FFE0
000FC0007FC0
001FC001FFF0
001F8003F3F8
003F0007E0F8
007F0007C07C
007E0007C07C
00FC0007C07C
01FC0007E0FC
01F80007F3F8
03F00003FFF0
07F00001FFE0
0FE000007FC0
000000001E00
ENDCHAR
STARTCHAR fiveeighths
ENCODING 8541
SWIDTH 847 0
DWIDTH 54 0
BBX 49 46 2 -1
BITMAP
3FFF000007F000
3FFF00000FE000
3FFF00000FC000
3FFF00001F8000
3E0000003F8000
3C0000003F0000
3C0000007E0000
7DF00000FE0000
7FFC0000FC0000
7FFE0001F80000
7FFF0003F80000
3E7F0003F00000
101F0007E00000
001F800FE00000
001F800FC00000
001F001F800000
201F003F800000
303F003F000000
7FFE007E000000
7FFE00FE000000
FFFC00FC000000
3FF001F8000000
038003F803E000
000003F01FF800
000007E03FFC00
00000FE07FFE00
00000FC07E3F00
00001F807C1F00
00003F80F81F00
00003F00F81F00
00007E007C1F00
0000FE007FFE00
0000FC003FFC00
0001F8000FF800
0003F8003FFE00
0003F0007E7F00
0007E000FC1F00
000FE000F80F80
000FC000F80F80
001F8000F80F80
003F8000FC1F80
003F0000FE7F00
007E00007FFE00
00FE00003FFC00
01FC00000FF800
0000000003C000
ENDCHAR
STARTCHAR seveneighths
ENCODING 8542
SWIDTH 817 0
DWIDTH 52 0
BBX 46 46 3 -1
BITMAP
FFFE00003F80
FFFE00007F00
FFFF00007E00
FFFF0000FC00
003E0001FC00
003E0001F800
007C0003F000
007C0007F000
00F80007E000
00F8000FC000
01F8001FC000
01F0001F8000
03F0003F0000
03E0007F0000
03E0007E0000
07C000FC0000
07C001FC0000
0F8001F80000
0F8003F00000
1F0007F00000
1F0007E00000
3E000FC00000
00001FC01F00
00001F80FFC0
00003F01FFE0
00007F03FFF0
00007E03F1F8
0000FC03E0F8
0001FC07C0F8
0001F807C0F8
0003F003E0F8
0007F003FFF0
0007E001FFE0
000FC0007FC0
001FC001FFF0
001F8003F3F8
003F0007E0F8
007F0007C07C
007E0007C07C
00FC0007C07C
01FC0007E0FC
01F80007F3F8
03F00003FFF0
07F00001FFE0
0FE000007FC0
000000001E00
ENDCHAR
STARTCHAR partialdiff
ENCODING 8706
SWIDTH 590 0
DWIDTH 38 0
BBX 32 47 3 0
BITMAP
000C0000
001F0000
001FC000
001FE000
003FF800
001FFC00
0007FE00
0001FF00
0000FF80
00003F80
00001FC0
00000FE0
000007E0
001FF3F0
00FFFFF0
01FFFFF8
03FFFFF8
07FFFFFC
0FFE7FFC
1FF00FFE
3FC003FE
3F8001FE
7F0000FE
7E00007F
FE00007F
FC00003F
FC00003F
FC00003F
FC00003F
FC00003F
FC00003F
FC00003F
FC00003F
FC00003F
FC00003F
FE00007E
7E00007E
7F0000FC
3F8001FC
3FC003F8
1FE007F8
1FFC3FF0
0FFFFFE0
07FFFFC0
01FFFF80
00FFFE00
003FF800
ENDCHAR
STARTCHAR emptyset
ENCODING 8709
SWIDTH 615 0
DWIDTH 39 0
BBX 36 35 2 -1
BITMAP
000FFE0180
003FFFC3C0
00FFFFE7E0
01FFFFFFF0
03FFFFFFE0
07FFFFFFC0
0FFC03FF80
1FF000FF00
1FE001FF80
3FC003FF80
3F8007FFC0
7F000FFFC0
7F001FFFC0
7F003FCFC0
7E007F8FE0
7E00FF0FE0
7E01FE0FE0
7E03FC0FE0
7E07F80FE0
7E0FF00FE0
7F1FE00FE0
7F3FC01FC0
7F7F801FC0
3FFF001FC0
3FFE003F80
3FFC007F80
1FF800FF00
1FF803FF00
3FFF1FFE00
7FFFFFFC00
FFFFFFF800
7FFFFFF000
3E7FFFC000
1C1FFF0000
0801F00000
ENDCHAR
STARTCHAR uni2206
ENCODING 8710
SWIDTH 711 0
DWIDTH 46 0
BBX 44 46 1 0
BITMAP
000004000000
000004000000
000006000000
00000E000000
00000F000000
00001F000000
00001F800000
00003F800000
00003FC00000
00007FC00000
00007FE00000
0000FFE00000
0000FFF00000
0001FFF00000
0001FBF80000
0003F9F80000
0003F1FC0000
0007F0FC0000
0007E0FE0000
000FE07E0000
000FC07F0000
000FC03F0000
001F803F8000
001F801F8000
003F001F8000
003F000FC000
007E000FC000
007E0007E000
00FC0007E000
00FC0003F000
01F80003F000
01F80001F800
03F00001F800
03F00000FC00
07E00000FC00
07E00000FE00
0FE000007E00
0FC000007F00
1FC000003F00
1F8000003F80
3F8000001F80
3FFFFFFFFFC0
3FFFFFFFFFC0
7FFFFFFFFFE0
7FFFFFFFFFE0
FFFFFFFFFFF0
ENDCHAR
STARTCHAR product
ENCODING 8719
SWIDTH 708 0
DWIDTH 45 0
BBX 42 58 2 -13
BITMAP
FFFFFFFFFFC0
FFFFFFFFFFC0
FFFFFFFFFFC0
FFFFFFFFFFC0
FFFFFFFFFFC0
FFFFFFFFFFC0
03F8000FE000
03F8000FE000
03F8000FE000
03F8000FE000
03F8000FE000
03F8000FE000
03F8000FE000
03F8000FE000
03F8000FE000
03F8000FE000
03F8000FE000
03F8000FE000
03F8000FE000
03F8000FE000
03F8000FE000
03F8000FE000
03F8000FE000
03F8000FE000
03F8000FE000
03F8000FE000
03F8000FE000
03F8000FE000
03F8000FE000
03F8000FE000
03F8000FE000
03F8000FE000
03F8000FE000
03F8000FE000
03F8000FE000
03F8000FE000
03F8000FE000
03F8000FE000
03F8000FE000
03F8000FE000
03F8000FE000
03F8000FE000
03F8000FE000
03F8000FE000
03F8000FE000
03F8000FE000
03F8000FE000
03F8000FE000
03F8000FE000
03F8000FE000
03F8000FE000
03F8000FE000
03F8000FE000
03F8000FE000
03F8000FE000
03F8000FE000
03F8000FE000
03F8000FE000
ENDCHAR
STARTCHAR summation
ENCODING 8721
SWIDTH 523 0
DWIDTH 33 0
BBX 27 43 4 0
BITMAP
3FFFFFE0
3FFFFFE0
7FFFFFE0
7FFFFFE0
7FFFFFE0
FE000000
FE000000
7F000000
3F800000
1FC00000
0FE00000
0FE00000
07F00000
03F80000
01FC0000
00FE0000
007F0000
003F0000
001F8000
001FC000
000FE000
0007E000
000FE000
001FC000
003F8000
007F0000
00FE0000
00FE0000
01FC0000
03F80000
07F00000
0FE00000
1FC00000
1FC00000
3F800000
7F000000
FE000000
FC000000
7FFFFFE0
7FFFFFE0
3FFFFFE0
3FFFFFE0
3FFFFFE0
ENDCHAR
STARTCHAR minus
ENCODING 8722
SWIDTH 580 0
DWIDTH 37 0
BBX 31 6 3 16
BITMAP
FFFFFFFE
FFFFFFFE
FFFFFFFE
FFFFFFFE
FFFFFFFE
FFFFFFFE
ENDCHAR
STARTCHAR uni2215
ENCODING 8725
SWIDTH 551 0
DWIDTH 35 0
BBX 33 55 1 -7
BITMAP
0000001F80
0000001F00
0000003E00
0000003E00
0000007C00
0000007C00
000000F800
000000F800
000001F800
000001F000
000003F000
000003E000
000007E000
000007C000
00000FC000
00000F8000
00001F8000
00001F0000
00003F0000
00003E0000
00007E0000
00007C0000
0000FC0000
0000F80000
0001F80000
0001F00000
0003F00000
0003E00000
0007E00000
0007C00000
000FC00000
000F800000
001F800000
001F000000
003F000000
003E000000
007E000000
007C000000
00FC000000
00F8000000
00F8000000
01F0000000
01F0000000
03E0000000
03E0000000
07C0000000
07C0000000
0F80000000
0F80000000
1F00000000
1F00000000
3E00000000
3E00000000
7C00000000
FC00000000
ENDCHAR
STARTCHAR uni2219
ENCODING 8729
SWIDTH 244 0
DWIDTH 16 0
BBX 9 9 3 15
BITMAP
1E00
3F00
7F80
FF80
FF80
FF80
7F80
7F80
3E00
ENDCHAR
STARTCHAR radical
ENCODING 8730
SWIDTH 684 0
DWIDTH 44 0
BBX 42 53 1 -8
BITMAP
00000007FFC0
00000007FFC0
0000000FFFC0
0000000FFFC0
0000000FFFC0
0000001FFFC0
0000001FC000
0000001FC000
0000003F8000
0000003F8000
0000003F8000
0000007F0000
0000007F0000
0000007E0000
000000FE0000
000000FE0000
000000FC0000
000001FC0000
000001FC0000
000003F80000
000003F80000
000003F80000
000007F00000
000007F00000
000007E00000
FE000FE00000
FE000FE00000
7F000FC00000
7F001FC00000
3F001FC00000
3F801F800000
3F803F800000
1F803F800000
1FC03F000000
0FC07F000000
0FC07E000000
0FE07E000000
07E0FE000000
07E0FC000000
03F1FC000000
03F1FC000000
03F1F8000000
01FBF8000000
01FBF8000000
00FFF0000000
00FFF0000000
00FFE0000000
007FE0000000
007FE0000000
003FC0000000
003FC0000000
003FC0000000
001F80000000
ENDCHAR
STARTCHAR infinity
ENCODING 8734
SWIDTH 867 0
DWIDTH 55 0
BBX 50 25 3 3
BITMAP
01FC00001FC000
07FF80007FF000
0FFFC001FFFC00
1FFFE003FFFE00
3FFFF007FFFE00
7FC7F80FF8FF00
7F01FC1FC03F80
7E007E3F801F80
FC003F7F001F80
FC001FFE000F80
F8000FFC000FC0
F80007F8000FC0
F80007F0000FC0
F8000FF8000FC0
F8000FFC000F80
FC001FFE000F80
FC003F7F001F80
7E007E3F801F80
7F01FC1FC03F80
7F87F80FF0FF00
3FFFF007FFFE00
1FFFE003FFFE00
0FFFC001FFFC00
07FF80007FF000
01FC00001FC000
ENDCHAR
STARTCHAR integral
ENCODING 8747
SWIDTH 553 0
DWIDTH 35 0
BBX 36 56 0 -8
BITMAP
0000003E00
000000FFC0
000003FFF0
000007FFF0
00000FFFE0
00000FFFE0
00001FFFE0
00001FC0C0
00003F8040
00003F8000
00003F0000
00007F0000
00007F0000
00007F0000
00007E0000
00007E0000
00007E0000
0000FE0000
0000FE0000
0000FE0000
0000FC0000
0000FC0000
0000FC0000
0001FC0000
0001FC0000
0001FC0000
0001F80000
0001F80000
0001F80000
0003F80000
0003F80000
0003F80000
0003F00000
0003F00000
0007F00000
0007F00000
0007F00000
0007F00000
0007E00000
0007E00000
000FE00000
000FE00000
000FE00000
000FE00000
000FC00000
001FC00000
001FC00000
001FC00000
103F800000
3FFF800000
3FFF000000
7FFF000000
FFFE000000
FFFC000000
3FF8000000
0FE0000000
ENDCHAR
STARTCHAR approxequal
ENCODING 8776
SWIDTH 559 0
DWIDTH 36 0
BBX 30 22 3 6
BITMAP
03C00000
1FF8001C
3FFE007C
7FFFC078
7FFFF0F8
7C7FFFF8
F80FFFF0
F803FFF0
00007FE0
00000F80
00000000
00000000
07E00000
1FFC007C
3FFF007C
7FFFC078
7FFFF8F8
FC3FFFF8
F807FFF0
F801FFF0
00003FC0
00000600
ENDCHAR
STARTCHAR notequal
ENCODING 8800
SWIDTH 566 0
DWIDTH 36 0
BBX 30 32 3 2
BITMAP
00000FC0
00000F80
00001F80
00001F00
00003E00
00007E00
00007C00
FFFFFFFC
FFFFFFFC
FFFFFFFC
FFFFFFFC
FFFFFFFC
FFFFFFFC
0007E000
0007C000
000FC000
000F8000
001F0000
001F0000
FFFFFFFC
FFFFFFFC
FFFFFFFC
FFFFFFFC
FFFFFFFC
FFFFFFFC
01F00000
03F00000
03E00000
07E00000
07C00000
0FC00000
1F800000
ENDCHAR
STARTCHAR lessequal
ENCODING 8804
SWIDTH 627 0
DWIDTH 40 0
BBX 32 33 4 0
BITMAP
00000030
000001F0
00000FF8
00003FF8
0001FFFC
000FFFE0
007FFF80
01FFFC00
0FFFE000
7FFF0000
FFFC0000
FFE00000
FFF00000
FFFC0000
7FFF8000
0FFFF000
01FFFE00
003FFF80
000FFFF0
0001FFF8
00003FF8
00000FF8
000001F0
00000030
00000000
00000000
00000000
FFFFFFFF
FFFFFFFF
FFFFFFFF
FFFFFFFF
FFFFFFFF
FFFFFFFF
ENDCHAR
STARTCHAR greaterequal
ENCODING 8805
SWIDTH 627 0
DWIDTH 40 0
BBX 32 33 4 0
BITMAP
0C000000
0F800000
1FF00000
1FFC0000
3FFF8000
07FFF000
00FFFE00
003FFF80
0007FFF0
0000FFFE
00003FFF
000007FF
00000FFF
00003FFF
0001FFFE
000FFFF0
003FFF80
01FFFE00
0FFFF000
1FFF8000
1FFC0000
0FF00000
0F800000
0C000000
00000000
00000000
00000000
FFFFFFFF
FFFFFFFF
FFFFFFFF
FFFFFFFF
FFFFFFFF
FFFFFFFF
ENDCHAR
STARTCHAR lozenge
ENCODING 9674
SWIDTH 596 0
DWIDTH 38 0
BBX 34 47 2 -3
BITMAP
0000400000
0000C00000
0001E00000
0003F00000
0003F00000
0007F80000
000FFC0000
000FFE0000
001FFE0000
003FBF0000
007F3F8000
007E1FC000
00FC0FC000
01FC0FE000
03F807F000
03F003F800
07F001F800
0FE001FC00
0FC000FE00
1F80007E00
3F80003F00
7F00003F80
7E00001FC0
FE00001F80
7F00003F80
3F00003F00
1F80007E00
1FC000FE00
0FE000FC00
07E001F800
03F003F800
03F803F000
01F807E000
00FC0FC000
00FE1FC000
007E1F8000
003F3F0000
003FFF0000
001FFE0000
000FFC0000
0007F80000
0007F80000
0003F00000
0001E00000
0001E00000
0000C00000
0000400000
ENDCHAR
STARTCHAR fi
ENCODING 64257
SWIDTH 671 0
DWIDTH 43 0
BBX 35 49 3 0
BITMAP
0000000FC0
0000001FE0
001FE01FE0
007FF83FE0
00FFFC1FE0
01FFFC1FE0
01FFF81FC0
03FFF80F80
03F8300000
07F0100000
07F0000000
07F0000000
07F0000000
07F0000000
07F0000000
07F0000FC0
FFFFF00FC0
FFFFF00FC0
FFFFF00FC0
FFFFF00FC0
FFFFF00FC0
FFFFF00FC0
07F0000FC0
07F0000FC0
07F0000FC0
07F0000FC0
07F0000FC0
07F0000FC0
07F0000FC0
07F0000FC0
07F0000FC0
07F0000FC0
07F0000FC0
07F0000FC0
07F0000FC0
07F0000FC0
07F0000FC0
07F0000FC0
07F0000FC0
07F0000FC0
07F0000FC0
07F0000FC0
07F0000FC0
07F0000FC0
07F0000FC0
07F0000FC0
07F0000FC0
07F0000FC0
07F0000FC0
ENDCHAR
STARTCHAR fl
ENCODING 64258
SWIDTH 644 0
DWIDTH 41 0
BBX 33 47 3 0
BITMAP
001FE01F80
007FF81F80
00FFFC1F80
01FFFC1F80
01FFF81F80
03FFF81F80
03F8301F80
07F0101F80
07F0001F80
07F0001F80
07F0001F80
07F0001F80
07F0001F80
07F0001F80
FFFFF01F80
FFFFF01F80
FFFFF01F80
FFFFF01F80
FFFFF01F80
FFFFF01F80
07F0001F80
07F0001F80
07F0001F80
07F0001F80
07F0001F80
07F0001F80
07F0001F80
07F0001F80
07F0001F80
07F0001F80
07F0001F80
07F0001F80
07F0001F80
07F0001F80
07F0001F80
07F0001F80
07F0001F80
07F0001F80
07F0001F80
07F0001F80
07F0001F80
07F0001F80
07F0001F80
07F0001F80
07F0001F80
07F0001F80
07F0001F80
ENDCHAR
STARTCHAR .notdef
ENCODING -1
SWIDTH 584 0
DWIDTH 37 0
BBX 32 45 3 0
BITMAP
FFFFFFFE
FFFFFFFF
E0000003
F0000003
B0000003
98000003
9C000003
8C000003
86000003
87000003
83000003
81800003
81C00003
80E00003
80600003
80300003
80380003
80180003
800C0003
800E0003
80060003
80030003
80038003
80018003
8000C003
8000E003
80007003
80003003
80001803
80001C03
80000C03
80000603
80000703
80000303
80000183
800001C3
800000E3
80000063
80000073
8000003B
8000001B
8000000F
8000000F
FFFFFFFF
FFFFFFFE
ENDCHAR
STARTCHAR Iacute_J.loclNLD
ENCODING -1
SWIDTH 1120 0
DWIDTH 72 0
BBX 64 60 5 -1
BITMAP
0000800000000020
00038000000000E0
000FC000000003F0
001FC000000007F0
007FE00000001FF8
00FFE00000003FF8
03FFC0000000FFF0
07FE00000001FF80
07F000000001FC00
03C000000000F000
0200000000008000
0000000000000000
0000000000000000
0000000000000000
FFFFF800003FFFFF
FFFFF800003FFFFF
FFFFF800003FFFFF
FFFFF800003FFFFF
FFFFF800003FFFFF
FFFFF800003FFFFF
FFFFF800003FFFFF
01FC000000003F80
01FC000000003F80
01FC000000003F80
01FC000000003F80
01FC000000003F80
01FC000000003F80
01FC000000003F80
01FC000000003F80
01FC000000003F80
01FC000000003F80
01FC000000003F80
01FC000000003F80
01FC000000003F80
01FC000000003F80
01FC000000003F80
01FC000000003F80
01FC000000003F80
01FC000000003F80
01FC000000003F80
01FC000000003F80
01FC000000003F80
01FC000000003F80
01FC000000003F80
01FC000000003F80
01FC000000003F80
01FC000000003F80
01FC000040003F80
01FC0000E0007F80
01FC0001F0007F00
01FC0003F000FF00
01FC0007FC01FF00
01FC0003FF07FE00
FFFFF803FFFFFE00
FFFFF801FFFFFC00
FFFFF800FFFFF800
FFFFF8007FFFF000
FFFFF8001FFFC000
FFFFF80007FF8000
0000000000F00000
ENDCHAR
STARTCHAR I.ss01
ENCODING -1
SWIDTH 308 0
DWIDTH 20 0
BBX 7 45 6 0
BITMAP
FE
FE
FE
FE
FE
FE
FE
FE
FE
FE
FE
FE
FE
FE
FE
FE
FE
FE
FE
FE
FE
FE
FE
FE
FE
FE
FE
FE
FE
FE
FE
FE
FE
FE
FE
FE
FE
FE
FE
FE
FE
FE
FE
FE
FE
ENDCHAR
STARTCHAR IJ.ss01
ENCODING -1
SWIDTH 890 0
DWIDTH 57 0
BBX 45 46 6 -1
BITMAP
FE00000003F8
FE00000003F8
FE00000003F8
FE00000003F8
FE00000003F8
FE00000003F8
FE00000003F8
FE00000003F8
FE00000003F8
FE00000003F8
FE00000003F8
FE00000003F8
FE00000003F8
FE00000003F8
FE00000003F8
FE00000003F8
FE00000003F8
FE00000003F8
FE00000003F8
FE00000003F8
FE00000003F8
FE00000003F8
FE00000003F8
FE00000003F8
FE00000003F8
FE00000003F8
FE00000003F8
FE00000003F8
FE00000003F8
FE00000003F8
FE00000003F8
FE00000003F8
FE00000003F8
FE00040003F8
FE000E0007F8
FE001F0007F0
FE003F800FF0
FE007FC01FF0
FE003FF07FE0
FE003FFFFFE0
FE001FFFFFC0
FE000FFFFF80
FE0007FFFF00
FE0001FFFC00
FE00007FF800
0000000F0000
ENDCHAR
STARTCHAR Iacute.ss01
ENCODING -1
SWIDTH 308 0
DWIDTH 20 0
BBX 14 59 4 0
BITMAP
0010
0070
01F8
03F8
0FFC
1FFC
7FF8
FFC0
FE00
7800
4000
0000
0000
0000
3F80
3F80
3F80
3F80
3F80
3F80
3F80
3F80
3F80
3F80
3F80
3F80
3F80
3F80
3F80
3F80
3F80
3F80
3F80
3F80
3F80
3F80
3F80
3F80
3F80
3F80
3F80
3F80
3F80
3F80
3F80
3F80
3F80
3F80
3F80
3F80
3F80
3F80
3F80
3F80
3F80
3F80
3F80
3F80
3F80
ENDCHAR
STARTCHAR Ibreve.ss01
ENCODING -1
SWIDTH 308 0
DWIDTH 20 0
BBX 20 57 0 0
BITMAP
F801F0
FC03F0
FE07F0
7F0FE0
3FFFC0
3FFFC0
1FFF80
07FE00
01F800
000000
000000
000000
03F800
03F800
03F800
03F800
03F800
03F800
03F800
03F800
03F800
03F800
03F800
03F800
03F800
03F800
03F800
03F800
03F800
03F800
03F800
03F800
03F800
03F800
03F800
03F800
03F800
03F800
03F800
03F800
03F800
03F800
03F800
03F800
03F800
03F800
03F800
03F800
03F800
03F800
03F800
03F800
03F800
03F800
03F800
03F800
03F800
ENDCHAR
STARTCHAR uni01CF.ss01
ENCODING -1
SWIDTH 308 0
DWIDTH 20 0
BBX 20 57 0 0
BITMAP
600060
FC03F0
FF0FF0
7FFFE0
1FFF80
0FFF00
07FE00
03FC00
01F800
000000
000000
000000
03F800
03F800
03F800
03F800
03F800
03F800
03F800
03F800
03F800
03F800
03F800
03F800
03F800
03F800
03F800
03F800
03F800
03F800
03F800
03F800
03F800
03F800
03F800
03F800
03F800
03F800
03F800
03F800
03F800
03F800
03F800
03F800
03F800
03F800
03F800
03F800
03F800
03F800
03F800
03F800
03F800
03F800
03F800
03F800
03F800
ENDCHAR
STARTCHAR Icircumflex.ss01
ENCODING -1
SWIDTH 308 0
DWIDTH 20 0
BBX 20 57 0 0
BITMAP
01F800
03FC00
07FE00
1FFF80
3FFFC0
7F9FE0
FE07F0
7801E0
200040
000000
000000
000000
03F800
03F800
03F800
03F800
03F800
03F800
03F800
03F800
03F800
03F800
03F800
03F800
03F800
03F800
03F800
03F800
03F800
03F800
03F800
03F800
03F800
03F800
03F800
03F800
03F800
03F800
03F800
03F800
03F800
03F800
03F800
03F800
03F800
03F800
03F800
03F800
03F800
03F800
03F800
03F800
03F800
03F800
03F800
03F800
03F800
ENDCHAR
STARTCHAR uni0208.ss01
ENCODING -1
SWIDTH 308 0
DWIDTH 20 0
BBX 26 60 -6 0
BITMAP
08004000
1C00E000
1E01F000
3F03F800
FF87FC00
7FC3FE00
3FE1FF00
0FF07F80
07F83FC0
01F80F80
00F00780
00200100
00000000
00000000
00000000
000FE000
000FE000
000FE000
000FE000
000FE000
000FE000
000FE000
000FE000
000FE000
000FE000
000FE000
000FE000
000FE000
000FE000
000FE000
000FE000
000FE000
000FE000
000FE000
000FE000
000FE000
000FE000
000FE000
000FE000
000FE000
000FE000
000FE000
000FE000
000FE000
000FE000
000FE000
000FE000
000FE000
000FE000
000FE000
000FE000
000FE000
000FE000
000FE000
000FE000
000FE000
000FE000
000FE000
000FE000
000FE000
ENDCHAR
STARTCHAR Idieresis.ss01
ENCODING -1
SWIDTH 308 0
DWIDTH 20 0
BBX 22 57 -1 0
BITMAP
3E01F0
7F03F8
FF83FC
FF87FC
FF87FC
FF87FC
FF03F8
7E03F8
000000
000000
000000
000000
01FC00
01FC00
01FC00
01FC00
01FC00
01FC00
01FC00
01FC00
01FC00
01FC00
01FC00
01FC00
01FC00
01FC00
01FC00
01FC00
01FC00
01FC00
01FC00
01FC00
01FC00
01FC00
01FC00
01FC00
01FC00
01FC00
01FC00
01FC00
01FC00
01FC00
01FC00
01FC00
01FC00
01FC00
01FC00
01FC00
01FC00
01FC00
01FC00
01FC00
01FC00
01FC00
01FC00
01FC00
01FC00
ENDCHAR
STARTCHAR uni1E2E.ss01
ENCODING -1
SWIDTH 308 0
DWIDTH 20 0
BBX 22 69 -1 0
BITMAP
000080
000380
000FC0
001FC0
007FE0
01FFF0
03FF80
07FE00
03F000
038000
000000
000000
3E01F0
7F03F8
FF83FC
FF87FC
FF87FC
FF87FC
FF03F8
7E03F8
000000
000000
000000
000000
01FC00
01FC00
01FC00
01FC00
01FC00
01FC00
01FC00
01FC00
01FC00
01FC00
01FC00
01FC00
01FC00
01FC00
01FC00
01FC00
01FC00
01FC00
01FC00
01FC00
01FC00
01FC00
01FC00
01FC00
01FC00
01FC00
01FC00
01FC00
01FC00
01FC00
01FC00
01FC00
01FC00
01FC00
01FC00
01FC00
01FC00
01FC00
01FC00
01FC00
01FC00
01FC00
01FC00
01FC00
01FC00
ENDCHAR
STARTCHAR Idotaccent.ss01
ENCODING -1
SWIDTH 308 0
DWIDTH 20 0
BBX 8 57 6 0
BITMAP
3C
7F
FF
FF
FF
FF
FF
7E
00
00
00
00
FE
FE
FE
FE
FE
FE
FE
FE
FE
FE
FE
FE
FE
FE
FE
FE
FE
FE
FE
FE
FE
FE
FE
FE
FE
FE
FE
FE
FE
FE
FE
FE
FE
FE
FE
FE
FE
FE
FE
FE
FE
FE
FE
FE
FE
ENDCHAR
STARTCHAR uni1ECA.ss01
ENCODING -1
SWIDTH 308 0
DWIDTH 20 0
BBX 8 58 6 -13
BITMAP
FE
FE
FE
FE
FE
FE
FE
FE
FE
FE
FE
FE
FE
FE
FE
FE
FE
FE
FE
FE
FE
FE
FE
FE
FE
FE
FE
FE
FE
FE
FE
FE
FE
FE
FE
FE
FE
FE
FE
FE
FE
FE
FE
FE
FE
00
00
00
00
00
7E
FF
FF
FF
FF
FF
FF
7E
ENDCHAR
STARTCHAR Igrave.ss01
ENCODING -1
SWIDTH 308 0
DWIDTH 20 0
BBX 14 59 2 0
BITMAP
2000
3800
7E00
7F00
FFC0
FFE0
7FF8
0FFC
01FC
0078
0008
0000
0000
0000
0FE0
0FE0
0FE0
0FE0
0FE0
0FE0
0FE0
0FE0
0FE0
0FE0
0FE0
0FE0
0FE0
0FE0
0FE0
0FE0
0FE0
0FE0
0FE0
0FE0
0FE0
0FE0
0FE0
0FE0
0FE0
0FE0
0FE0
0FE0
0FE0
0FE0
0FE0
0FE0
0FE0
0FE0
0FE0
0FE0
0FE0
0FE0
0FE0
0FE0
0FE0
0FE0
0FE0
0FE0
0FE0
ENDCHAR
STARTCHAR uni1EC8.ss01
ENCODING -1
SWIDTH 308 0
DWIDTH 20 0
BBX 12 61 4 0
BITMAP
3F80
FFE0
FFF0
FFF0
73F0
81F0
01F0
07E0
0FC0
0F80
0F00
0F00
0000
0000
0000
0000
3F80
3F80
3F80
3F80
3F80
3F80
3F80
3F80
3F80
3F80
3F80
3F80
3F80
3F80
3F80
3F80
3F80
3F80
3F80
3F80
3F80
3F80
3F80
3F80
3F80
3F80
3F80
3F80
3F80
3F80
3F80
3F80
3F80
3F80
3F80
3F80
3F80
3F80
3F80
3F80
3F80
3F80
3F80
3F80
3F80
ENDCHAR
STARTCHAR uni020A.ss01
ENCODING -1
SWIDTH 308 0
DWIDTH 20 0
BBX 20 57 0 0
BITMAP
03FC00
0FFF00
1FFF80
3FFFC0
7FFFE0
7E07E0
FC03F0
F801F0
3801C0
000000
000000
000000
03F800
03F800
03F800
03F800
03F800
03F800
03F800
03F800
03F800
03F800
03F800
03F800
03F800
03F800
03F800
03F800
03F800
03F800
03F800
03F800
03F800
03F800
03F800
03F800
03F800
03F800
03F800
03F800
03F800
03F800
03F800
03F800
03F800
03F800
03F800
03F800
03F800
03F800
03F800
03F800
03F800
03F800
03F800
03F800
03F800
ENDCHAR
STARTCHAR Imacron.ss01
ENCODING -1
SWIDTH 308 0
DWIDTH 20 0
BBX 22 55 -1 0
BITMAP
FFFFFC
FFFFFC
FFFFFC
FFFFFC
FFFFFC
000000
000000
000000
000000
000000
01FC00
01FC00
01FC00
01FC00
01FC00
01FC00
01FC00
01FC00
01FC00
01FC00
01FC00
01FC00
01FC00
01FC00
01FC00
01FC00
01FC00
01FC00
01FC00
01FC00
01FC00
01FC00
01FC00
01FC00
01FC00
01FC00
01FC00
01FC00
01FC00
01FC00
01FC00
01FC00
01FC00
01FC00
01FC00
01FC00
01FC00
01FC00
01FC00
01FC00
01FC00
01FC00
01FC00
01FC00
01FC00
ENDCHAR
STARTCHAR Iogonek.ss01
ENCODING -1
SWIDTH 308 0
DWIDTH 20 0
BBX 14 58 1 -13
BITMAP
07F0
07F0
07F0
07F0
07F0
07F0
07F0
07F0
07F0
07F0
07F0
07F0
07F0
07F0
07F0
07F0
07F0
07F0
07F0
07F0
07F0
07F0
07F0
07F0
07F0
07F0
07F0
07F0
07F0
07F0
07F0
07F0
07F0
07F0
07F0
07F0
07F0
07F0
07F0
07F0
07F0
07F0
07F0
07F0
0FF8
1FE0
3F80
7F00
7E00
FC00
FC00
FC20
FE70
FFFC
7FFC
3FF8
1FF0
0780
ENDCHAR
STARTCHAR Itilde.ss01
ENCODING -1
SWIDTH 308 0
DWIDTH 20 0
BBX 22 56 -1 0
BITMAP
0FE07C
3FFC7C
7FFFFC
7FFFF8
FDFFF8
F83FF0
F807C0
000000
000000
000000
000000
01FC00
01FC00
01FC00
01FC00
01FC00
01FC00
01FC00
01FC00
01FC00
01FC00
01FC00
01FC00
01FC00
01FC00
01FC00
01FC00
01FC00
01FC00
01FC00
01FC00
01FC00
01FC00
01FC00
01FC00
01FC00
01FC00
01FC00
01FC00
01FC00
01FC00
01FC00
01FC00
01FC00
01FC00
01FC00
01FC00
01FC00
01FC00
01FC00
01FC00
01FC00
01FC00
01FC00
01FC00
01FC00
ENDCHAR
STARTCHAR J.ss01
ENCODING -1
SWIDTH 582 0
DWIDTH 37 0
BBX 28 46 3 -1
BITMAP
000007F0
000007F0
000007F0
000007F0
000007F0
000007F0
000007F0
000007F0
000007F0
000007F0
000007F0
000007F0
000007F0
000007F0
000007F0
000007F0
000007F0
000007F0
000007F0
000007F0
000007F0
000007F0
000007F0
000007F0
000007F0
000007F0
000007F0
000007F0
000007F0
000007F0
000007F0
000007F0
000007F0
080007F0
1C000FF0
3E000FE0
7F001FE0
FF803FE0
7FE0FFC0
7FFFFFC0
3FFFFF80
1FFFFF00
0FFFFE00
03FFF800
00FFF000
001E0000
ENDCHAR
STARTCHAR Jcircumflex.ss01
ENCODING -1
SWIDTH 582 0
DWIDTH 37 0
BBX 35 58 3 -1
BITMAP
000003F000
000007F800
00000FFC00
00003FFF00
00007FFF80
0000FF3FC0
0001FC0FE0
0000F003C0
0000400080
0000000000
0000000000
0000000000
000007F000
000007F000
000007F000
000007F000
000007F000
000007F000
000007F000
000007F000
000007F000
000007F000
000007F000
000007F000
000007F000
000007F000
000007F000
000007F000
000007F000
000007F000
000007F000
000007F000
000007F000
000007F000
000007F000
000007F000
000007F000
000007F000
000007F000
000007F000
000007F000
000007F000
000007F000
000007F000
000007F000
080007F000
1C000FF000
3E000FE000
7F001FE000
FF803FE000
7FE0FFC000
7FFFFFC000
3FFFFF8000
1FFFFF0000
0FFFFE0000
03FFF80000
00FFF00000
001E000000
ENDCHAR
STARTCHAR uni01C7.ss01
ENCODING -1
SWIDTH 1181 0
DWIDTH 76 0
BBX 63 46 6 -1
BITMAP
FE000000000000FE
FE000000000000FE
FE000000000000FE
FE000000000000FE
FE000000000000FE
FE000000000000FE
FE000000000000FE
FE000000000000FE
FE000000000000FE
FE000000000000FE
FE000000000000FE
FE000000000000FE
FE000000000000FE
FE000000000000FE
FE000000000000FE
FE000000000000FE
FE000000000000FE
FE000000000000FE
FE000000000000FE
FE000000000000FE
FE000000000000FE
FE000000000000FE
FE000000000000FE
FE000000000000FE
FE000000000000FE
FE000000000000FE
FE000000000000FE
FE000000000000FE
FE000000000000FE
FE000000000000FE
FE000000000000FE
FE000000000000FE
FE000000000000FE
FE000000010000FE
FE000000038001FE
FE00000007C001FC
FE0000000FE003FC
FE0000001FF007FC
FFFFFFF00FFC1FF8
FFFFFFF00FFFFFF8
FFFFFFF007FFFFF0
FFFFFFF003FFFFE0
FFFFFFF001FFFFC0
FFFFFFF0007FFF00
FFFFFFF0001FFE00
000000000003C000
ENDCHAR
STARTCHAR uni01CA.ss01
ENCODING -1
SWIDTH 1375 0
DWIDTH 88 0
BBX 76 46 6 -1
BITMAP
FE000000FC00000007F0
FE000000FC00000007F0
FF000000FC00000007F0
FF800000FC00000007F0
FFC00000FC00000007F0
FFC00000FC00000007F0
FFE00000FC00000007F0
FFF00000FC00000007F0
FFF80000FC00000007F0
FFF80000FC00000007F0
FFFC0000FC00000007F0
FDFE0000FC00000007F0
FDFF0000FC00000007F0
FCFF0000FC00000007F0
FC7F8000FC00000007F0
FC3FC000FC00000007F0
FE3FE000FC00000007F0
FE1FE000FC00000007F0
FE0FF000FC00000007F0
FE07F800FC00000007F0
FE07FC00FC00000007F0
FE03FC00FC00000007F0
FE01FE00FC00000007F0
FE00FF00FC00000007F0
FE00FF80FC00000007F0
FE007F80FC00000007F0
FE003FC0FC00000007F0
FE001FE0FC00000007F0
FE000FF0FC00000007F0
FE000FF0FC00000007F0
FE0007F8FC00000007F0
FE0003FCFC00000007F0
FE0001FEFC00000007F0
FE0001FEFC00080007F0
FE0000FFFC001C000FF0
FE00007FFC003E000FE0
FE00003FFC007F001FE0
FE00003FFC00FF803FE0
FE00001FFC007FE0FFC0
FE00000FFC007FFFFFC0
FE000007FC003FFFFF80
FE000007FC001FFFFF00
FE000003FC000FFFFE00
FE000001FC0003FFF800
FE000000FC0000FFF000
000000000000001E0000
ENDCHAR
STARTCHAR i.loclTRK
ENCODING -1
SWIDTH 243 0
DWIDTH 16 0
BBX 8 49 4 0
BITMAP
7E
FF
FF
FF
FF
FF
FF
3C
00
00
00
00
00
00
00
FE
FE
FE
FE
FE
FE
FE
FE
FE
FE
FE
FE
FE
FE
FE
FE
FE
FE
FE
FE
FE
FE
FE
FE
FE
FE
FE
FE
FE
FE
FE
FE
FE
FE
ENDCHAR
STARTCHAR iacute_j.loclNLD
ENCODING -1
SWIDTH 506 0
DWIDTH 32 0
BBX 30 63 1 -13
BITMAP
00400040
00E000E0
01F001F0
07F007F0
0FF80FF8
1FFC1FFC
3FE03FE0
7F807F80
FF00FF00
7C007C00
30003000
00000000
00000000
00000000
00000000
00000000
1FC00FE0
1FC00FE0
1FC00FE0
1FC00FE0
1FC00FE0
1FC00FE0
1FC00FE0
1FC00FE0
1FC00FE0
1FC00FE0
1FC00FE0
1FC00FE0
1FC00FE0
1FC00FE0
1FC00FE0
1FC00FE0
1FC00FE0
1FC00FE0
1FC00FE0
1FC00FE0
1FC00FE0
1FC00FE0
1FC00FE0
1FC00FE0
1FC00FE0
1FC00FE0
1FC00FE0
1FC00FE0
1FC00FE0
1FC00FE0
1FC00FE0
1FC00FE0
1FC00FE0
1FC00FE0
00000FE0
00000FE0
00000FE0
00000FE0
00001FE0
00001FC0
00007FC0
0003FF80
0007FF80
0003FF00
0003FE00
0001F800
0001C000
ENDCHAR
STARTCHAR a.ss01
ENCODING -1
SWIDTH 534 0
DWIDTH 34 0
BBX 27 35 3 -1
BITMAP
003FF000
01FFFE00
07FFFF00
0FFFFF80
1FFFFFC0
3FFFFFC0
7FC03FE0
3F001FE0
1E000FE0
0C0007E0
000007E0
000007E0
000003E0
000003E0
00FFFFE0
07FFFFE0
0FFFFFE0
1FFFFFE0
3FFFFFE0
7FC003E0
7F0003E0
FE0003E0
FE0003E0
FC0003E0
FC0007E0
FC000FE0
FE001FE0
FF003FE0
7F81FFE0
7FFFFFE0
3FFFFBE0
1FFFF3E0
0FFFE3E0
03FF83E0
007C0000
ENDCHAR
STARTCHAR aacute.ss01
ENCODING -1
SWIDTH 534 0
DWIDTH 34 0
BBX 27 51 3 -1
BITMAP
00008000
0001C000
0003E000
000FE000
001FF000
003FF800
007FC000
00FF0000
01FE0000
00F80000
00600000
00000000
00000000
00000000
00000000
00000000
003FF000
01FFFE00
07FFFF00
0FFFFF80
1FFFFFC0
3FFFFFC0
7FC03FE0
3F001FE0
1E000FE0
0C0007E0
000007E0
000007E0
000003E0
000003E0
00FFFFE0
07FFFFE0
0FFFFFE0
1FFFFFE0
3FFFFFE0
7FC003E0
7F0003E0
FE0003E0
FE0003E0
FC0003E0
FC0007E0
FC000FE0
FE001FE0
FF003FE0
7F81FFE0
7FFFFFE0
3FFFFBE0
1FFFF3E0
0FFFE3E0
03FF83E0
007C0000
ENDCHAR
STARTCHAR abreve.ss01
ENCODING -1
SWIDTH 534 0
DWIDTH 34 0
BBX 27 49 3 -1
BITMAP
0F801F00
0F801F00
0FC03F00
0FE07F00
07F0FE00
07FFFE00
03FFFC00
01FFF800
00FFF000
003FC000
00000000
00000000
00000000
00000000
003FF000
01FFFE00
07FFFF00
0FFFFF80
1FFFFFC0
3FFFFFC0
7FC03FE0
3F001FE0
1E000FE0
0C0007E0
000007E0
000007E0
000003E0
000003E0
00FFFFE0
07FFFFE0
0FFFFFE0
1FFFFFE0
3FFFFFE0
7FC003E0
7F0003E0
FE0003E0
FE0003E0
FC0003E0
FC0007E0
FC000FE0
FE001FE0
FF003FE0
7F81FFE0
7FFFFFE0
3FFFFBE0
1FFFF3E0
0FFFE3E0
03FF83E0
007C0000
ENDCHAR
STARTCHAR uni1EAF.ss01
ENCODING -1
SWIDTH 534 0
DWIDTH 34 0
BBX 27 61 3 -1
BITMAP
00008000
0000C000
0001F000
0003F800
0003FC00
0007F000
0007F000
000FE000
000FC000
001F8000
00070000
00020000
00000000
07801E00
0F801F00
0FC03F00
07E07E00
07FFFE00
03FFFC00
01FFF800
00FFF000
003FC000
00000000
00000000
00000000
00000000
003FF000
01FFFE00
07FFFF00
0FFFFF80
1FFFFFC0
3FFFFFC0
7FC03FE0
3F001FE0
1E000FE0
0C0007E0
000007E0
000007E0
000003E0
000003E0
00FFFFE0
07FFFFE0
0FFFFFE0
1FFFFFE0
3FFFFFE0
7FC003E0
7F0003E0
FE0003E0
FE0003E0
FC0003E0
FC0007E0
FC000FE0
FE001FE0
FF003FE0
7F81FFE0
7FFFFFE0
3FFFFBE0
1FFFF3E0
0FFFE3E0
03FF83E0
007C0000
ENDCHAR
STARTCHAR uni1EB7.ss01
ENCODING -1
SWIDTH 534 0
DWIDTH 34 0
BBX 27 61 3 -13
BITMAP
0F801F00
0F801F00
0FC03F00
0FE07F00
07F0FE00
07FFFE00
03FFFC00
01FFF800
00FFF000
003FC000
00000000
00000000
00000000
00000000
003FF000
01FFFE00
07FFFF00
0FFFFF80
1FFFFFC0
3FFFFFC0
7FC03FE0
3F001FE0
1E000FE0
0C0007E0
000007E0
000007E0
000003E0
000003E0
00FFFFE0
07FFFFE0
0FFFFFE0
1FFFFFE0
3FFFFFE0
7FC003E0
7F0003E0
FE0003E0
FE0003E0
FC0003E0
FC0007E0
FC000FE0
FE001FE0
FF003FE0
7F81FFE0
7FFFFFE0
3FFFFBE0
1FFFF3E0
0FFFE3E0
03FF83E0
007C0000
00000000
00000000
00000000
00000000
001F8000
003FC000
003FC000
003FC000
003FC000
003FC000
003FC000
001F8000
ENDCHAR
STARTCHAR uni1EB1.ss01
ENCODING -1
SWIDTH 534 0
DWIDTH 34 0
BBX 27 61 3 -1
BITMAP
00100000
00380000
00780000
01FC0000
03FE0000
00FE0000
007F0000
003F0000
001F8000
000F8000
00070000
00020000
01000800
0F801F00
0FC03F00
0FC03F00
07F0FE00
07FFFE00
03FFFC00
01FFF800
00FFF000
003FC000
00000000
00000000
00000000
00000000
003FF000
01FFFE00
07FFFF00
0FFFFF80
1FFFFFC0
3FFFFFC0
7FC03FE0
3F001FE0
1E000FE0
0C0007E0
000007E0
000007E0
000003E0
000003E0
00FFFFE0
07FFFFE0
0FFFFFE0
1FFFFFE0
3FFFFFE0
7FC003E0
7F0003E0
FE0003E0
FE0003E0
FC0003E0
FC0007E0
FC000FE0
FE001FE0
FF003FE0
7F81FFE0
7FFFFFE0
3FFFFBE0
1FFFF3E0
0FFFE3E0
03FF83E0
007C0000
ENDCHAR
STARTCHAR uni1EB3.ss01
ENCODING -1
SWIDTH 534 0
DWIDTH 34 0
BBX 27 62 3 -1
BITMAP
003F8000
00FFC000
00FFE000
00FFF000
00FFF000
0081F000
0001F000
0007E000
000FE000
000F8000
000F0000
000F0000
00080000
01000800
0F801F00
0FC03F00
0FC03F00
07F0FE00
07FFFE00
03FFFC00
01FFF800
00FFF000
003FC000
00000000
00000000
00000000
00000000
003FF000
01FFFE00
07FFFF00
0FFFFF80
1FFFFFC0
3FFFFFC0
7FC03FE0
3F001FE0
1E000FE0
0C0007E0
000007E0
000007E0
000003E0
000003E0
00FFFFE0
07FFFFE0
0FFFFFE0
1FFFFFE0
3FFFFFE0
7FC003E0
7F0003E0
FE0003E0
FE0003E0
FC0003E0
FC0007E0
FC000FE0
FE001FE0
FF003FE0
7F81FFE0
7FFFFFE0
3FFFFBE0
1FFFF3E0
0FFFE3E0
03FF83E0
007C0000
ENDCHAR
STARTCHAR uni1EB5.ss01
ENCODING -1
SWIDTH 534 0
DWIDTH 34 0
BBX 27 61 3 -1
BITMAP
00F00800
03FC0F00
07FF1F00
07FFFF00
0FFFFF00
0F8FFE00
0F03FC00
00007000
00000000
00000000
00000000
00000000
01000800
0F801F00
0FC03F00
0FC03F00
07F0FE00
07FFFE00
03FFFC00
01FFF800
00FFF000
003FC000
00000000
00000000
00000000
00000000
003FF000
01FFFE00
07FFFF00
0FFFFF80
1FFFFFC0
3FFFFFC0
7FC03FE0
3F001FE0
1E000FE0
0C0007E0
000007E0
000007E0
000003E0
000003E0
00FFFFE0
07FFFFE0
0FFFFFE0
1FFFFFE0
3FFFFFE0
7FC003E0
7F0003E0
FE0003E0
FE0003E0
FC0003E0
FC0007E0
FC000FE0
FE001FE0
FF003FE0
7F81FFE0
7FFFFFE0
3FFFFBE0
1FFFF3E0
0FFFE3E0
03FF83E0
007C0000
ENDCHAR
STARTCHAR uni01CE.ss01
ENCODING -1
SWIDTH 534 0
DWIDTH 34 0
BBX 27 49 3 -1
BITMAP
03000C00
07C03E00
07F0FE00
03F9FC00
01FFF800
00FFF000
007FE000
003FC000
001F8000
00000000
00000000
00000000
00000000
00000000
003FF000
01FFFE00
07FFFF00
0FFFFF80
1FFFFFC0
3FFFFFC0
7FC03FE0
3F001FE0
1E000FE0
0C0007E0
000007E0
000007E0
000003E0
000003E0
00FFFFE0
07FFFFE0
0FFFFFE0
1FFFFFE0
3FFFFFE0
7FC003E0
7F0003E0
FE0003E0
FE0003E0
FC0003E0
FC0007E0
FC000FE0
FE001FE0
FF003FE0
7F81FFE0
7FFFFFE0
3FFFFBE0
1FFFF3E0
0FFFE3E0
03FF83E0
007C0000
ENDCHAR
STARTCHAR acircumflex.ss01
ENCODING -1
SWIDTH 534 0
DWIDTH 34 0
BBX 27 49 3 -1
BITMAP
001F8000
003FC000
007FE000
01FFF800
03FFFC00
07F9FE00
0FE07F00
0F801F00
03000C00
00000000
00000000
00000000
00000000
00000000
003FF000
01FFFE00
07FFFF00
0FFFFF80
1FFFFFC0
3FFFFFC0
7FC03FE0
3F001FE0
1E000FE0
0C0007E0
000007E0
000007E0
000003E0
000003E0
00FFFFE0
07FFFFE0
0FFFFFE0
1FFFFFE0
3FFFFFE0
7FC003E0
7F0003E0
FE0003E0
FE0003E0
FC0003E0
FC0007E0
FC000FE0
FE001FE0
FF003FE0
7F81FFE0
7FFFFFE0
3FFFFBE0
1FFFF3E0
0FFFE3E0
03FF83E0
007C0000
ENDCHAR
STARTCHAR uni1EA5.ss01
ENCODING -1
SWIDTH 534 0
DWIDTH 34 0
BBX 32 60 3 -1
BITMAP
00000030
00000038
0000007E
000000FF
000000FE
000001FC
000001F8
000003F0
000007E0
000003C0
00000180
001F8000
007FC000
00FFE000
01FFF000
03FFFC00
07F9FE00
0FE07F00
0F801F00
03000C00
00000000
00000000
00000000
00000000
00000000
003FF000
01FFFE00
07FFFF00
0FFFFF80
1FFFFFC0
3FFFFFC0
7FC03FE0
3F001FE0
1E000FE0
0C0007E0
000007E0
000007E0
000003E0
000003E0
00FFFFE0
07FFFFE0
0FFFFFE0
1FFFFFE0
3FFFFFE0
7FC003E0
7F0003E0
FE0003E0
FE0003E0
FC0003E0
FC0007E0
FC000FE0
FE001FE0
FF003FE0
7F81FFE0
7FFFFFE0
3FFFFBE0
1FFFF3E0
0FFFE3E0
03FF83E0
007C0000
ENDCHAR
STARTCHAR uni1EAD.ss01
ENCODING -1
SWIDTH 534 0
DWIDTH 34 0
BBX 27 61 3 -13
BITMAP
001F8000
003FC000
007FE000
01FFF800
03FFFC00
07F9FE00
0FE07F00
0F801F00
03000C00
00000000
00000000
00000000
00000000
00000000
003FF000
01FFFE00
07FFFF00
0FFFFF80
1FFFFFC0
3FFFFFC0
7FC03FE0
3F001FE0
1E000FE0
0C0007E0
000007E0
000007E0
000003E0
000003E0
00FFFFE0
07FFFFE0
0FFFFFE0
1FFFFFE0
3FFFFFE0
7FC003E0
7F0003E0
FE0003E0
FE0003E0
FC0003E0
FC0007E0
FC000FE0
FE001FE0
FF003FE0
7F81FFE0
7FFFFFE0
3FFFFBE0
1FFFF3E0
0FFFE3E0
03FF83E0
007C0000
00000000
00000000
00000000
00000000
001F8000
003FC000
003FC000
003FC000
003FC000
003FC000
003FC000
001F8000
ENDCHAR
STARTCHAR uni1EA7.ss01
ENCODING -1
SWIDTH 534 0
DWIDTH 34 0
BBX 27 60 3 -1
BITMAP
00000C00
00001C00
00007E00
0000FE00
0000FF00
00007F80
00003F80
00001FC0
00000FC0
000007E0
00000380
003F8000
007FC000
00FFE000
01FFF000
03FFF800
07F9FC00
0FE0FE00
0F803F00
06000C00
00000000
00000000
00000000
00000000
00000000
003FF000
01FFFE00
07FFFF00
0FFFFF80
1FFFFFC0
3FFFFFC0
7FC03FE0
3F001FE0
1E000FE0
0C0007E0
000007E0
000007E0
000003E0
000003E0
00FFFFE0
07FFFFE0
0FFFFFE0
1FFFFFE0
3FFFFFE0
7FC003E0
7F0003E0
FE0003E0
FE0003E0
FC0003E0
FC0007E0
FC000FE0
FE001FE0
FF003FE0
7F81FFE0
7FFFFFE0
3FFFFBE0
1FFFF3E0
0FFFE3E0
03FF83E0
007C0000
ENDCHAR
STARTCHAR uni1EA9.ss01
ENCODING -1
SWIDTH 534 0
DWIDTH 34 0
BBX 31 60 3 -1
BITMAP
00001FF0
00003FF8
00003FFC
00001FFC
0000187E
0000007C
000000FC
000001F8
000003F0
000003C0
000003C0
003F8380
007FC000
00FFE000
01FFF000
03FFF800
07FBFC00
0FE0FE00
1F803F00
06000C00
00000000
00000000
00000000
00000000
00000000
003FF000
01FFFE00
07FFFF00
0FFFFF80
1FFFFFC0
3FFFFFC0
7FC03FE0
3F001FE0
1E000FE0
0C0007E0
000007E0
000007E0
000003E0
000003E0
00FFFFE0
07FFFFE0
0FFFFFE0
1FFFFFE0
3FFFFFE0
7FC003E0
7F0003E0
FE0003E0
FE0003E0
FC0003E0
FC0007E0
FC000FE0
FE001FE0
FF003FE0
7F81FFE0
7FFFFFE0
3FFFFBE0
1FFFF3E0
0FFFE3E0
03FF83E0
007C0000
ENDCHAR
STARTCHAR uni1EAB.ss01
ENCODING -1
SWIDTH 534 0
DWIDTH 34 0
BBX 27 60 3 -1
BITMAP
01F80F00
03FE1F00
07FFFF00
0FFFFF00
0FFFFE00
0F87FE00
0F01FC00
00000000
00000000
00000000
00000000
001F8000
003FC000
007FE000
01FFF800
03FFFC00
07F9FE00
0FE07F00
0F801F00
03000C00
00000000
00000000
00000000
00000000
00000000
003FF000
01FFFE00
07FFFF00
0FFFFF80
1FFFFFC0
3FFFFFC0
7FC03FE0
3F001FE0
1E000FE0
0C0007E0
000007E0
000007E0
000003E0
000003E0
00FFFFE0
07FFFFE0
0FFFFFE0
1FFFFFE0
3FFFFFE0
7FC003E0
7F0003E0
FE0003E0
FE0003E0
FC0003E0
FC0007E0
FC000FE0
FE001FE0
FF003FE0
7F81FFE0
7FFFFFE0
3FFFFBE0
1FFFF3E0
0FFFE3E0
03FF83E0
007C0000
ENDCHAR
STARTCHAR uni0201.ss01
ENCODING -1
SWIDTH 534 0
DWIDTH 34 0
BBX 30 51 0 -1
BITMAP
0800C000
1C00E000
3E01F000
7F03F800
7F87FC00
FFE7FE00
3FF1FF00
0FF87FC0
03F81FC0
00F00780
00300100
00000000
00000000
00000000
00000000
00000000
0007FE00
003FFFC0
00FFFFE0
01FFFFF0
03FFFFF8
07FFFFF8
0FF807FC
07E003FC
03C001FC
018000FC
000000FC
000000FC
0000007C
0000007C
001FFFFC
00FFFFFC
01FFFFFC
03FFFFFC
07FFFFFC
0FF8007C
0FE0007C
1FC0007C
1FC0007C
1F80007C
1F8000FC
1F8001FC
1FC003FC
1FE007FC
0FF03FFC
0FFFFFFC
07FFFF7C
03FFFE7C
01FFFC7C
007FF07C
000F8000
ENDCHAR
STARTCHAR adieresis.ss01
ENCODING -1
SWIDTH 534 0
DWIDTH 34 0
BBX 27 50 3 -1
BITMAP
07E07E00
0FF07F00
1FF0FF80
1FF0FF80
1FF0FF80
1FF0FF00
0FE07F00
07C03C00
00000000
00000000
00000000
00000000
00000000
00000000
00000000
003FF000
01FFFE00
07FFFF00
0FFFFF80
1FFFFFC0
3FFFFFC0
7FC03FE0
3F001FE0
1E000FE0
0C0007E0
000007E0
000007E0
000003E0
000003E0
00FFFFE0
07FFFFE0
0FFFFFE0
1FFFFFE0
3FFFFFE0
7FC003E0
7F0003E0
FE0003E0
FE0003E0
FC0003E0
FC0007E0
FC000FE0
FE001FE0
FF003FE0
7F81FFE0
7FFFFFE0
3FFFFBE0
1FFFF3E0
0FFFE3E0
03FF83E0
007C0000
ENDCHAR
STARTCHAR uni1EA1.ss01
ENCODING -1
SWIDTH 534 0
DWIDTH 34 0
BBX 27 47 3 -13
BITMAP
003FF000
01FFFE00
07FFFF00
0FFFFF80
1FFFFFC0
3FFFFFC0
7FC03FE0
3F001FE0
1E000FE0
0C0007E0
000007E0
000007E0
000003E0
000003E0
00FFFFE0
07FFFFE0
0FFFFFE0
1FFFFFE0
3FFFFFE0
7FC003E0
7F0003E0
FE0003E0
FE0003E0
FC0003E0
FC0007E0
FC000FE0
FE001FE0
FF003FE0
7F81FFE0
7FFFFFE0
3FFFFBE0
1FFFF3E0
0FFFE3E0
03FF83E0
007C0000
00000000
00000000
00000000
00000000
001F8000
003FC000
003FC000
003FC000
003FC000
003FC000
003FC000
001F8000
ENDCHAR
STARTCHAR agrave.ss01
ENCODING -1
SWIDTH 534 0
DWIDTH 34 0
BBX 27 51 3 -1
BITMAP
00200000
00700000
00F80000
00FE0000
01FF0000
03FF8000
007FC000
001FE000
000FF000
0003E000
0000C000
00000000
00000000
00000000
00000000
00000000
003FF000
01FFFE00
07FFFF00
0FFFFF80
1FFFFFC0
3FFFFFC0
7FC03FE0
3F001FE0
1E000FE0
0C0007E0
000007E0
000007E0
000003E0
000003E0
00FFFFE0
07FFFFE0
0FFFFFE0
1FFFFFE0
3FFFFFE0
7FC003E0
7F0003E0
FE0003E0
FE0003E0
FC0003E0
FC0007E0
FC000FE0
FE001FE0
FF003FE0
7F81FFE0
7FFFFFE0
3FFFFBE0
1FFFF3E0
0FFFE3E0
03FF83E0
007C0000
ENDCHAR
STARTCHAR uni1EA3.ss01
ENCODING -1
SWIDTH 534 0
DWIDTH 34 0
BBX 27 52 3 -1
BITMAP
00040000
007FC000
00FFE000
00FFF000
00FFF000
0041F000
0001F000
0003F000
0007E000
000FC000
000F0000
000F0000
000E0000
00000000
00000000
00000000
00000000
003FF000
01FFFE00
07FFFF00
0FFFFF80
1FFFFFC0
3FFFFFC0
7FC03FE0
3F001FE0
1E000FE0
0C0007E0
000007E0
000007E0
000003E0
000003E0
00FFFFE0
07FFFFE0
0FFFFFE0
1FFFFFE0
3FFFFFE0
7FC003E0
7F0003E0
FE0003E0
FE0003E0
FC0003E0
FC0007E0
FC000FE0
FE001FE0
FF003FE0
7F81FFE0
7FFFFFE0
3FFFFBE0
1FFFF3E0
0FFFE3E0
03FF83E0
007C0000
ENDCHAR
STARTCHAR uni0203.ss01
ENCODING -1
SWIDTH 534 0
DWIDTH 34 0
BBX 27 50 3 -1
BITMAP
001F8000
007FE000
01FFF800
03FFFC00
03FFFC00
07F8FE00
07E07E00
0FC03F00
0F801F00
0F801F00
01000800
00000000
00000000
00000000
00000000
003FF000
01FFFE00
07FFFF00
0FFFFF80
1FFFFFC0
3FFFFFC0
7FC03FE0
3F001FE0
1E000FE0
0C0007E0
000007E0
000007E0
000003E0
000003E0
00FFFFE0
07FFFFE0
0FFFFFE0
1FFFFFE0
3FFFFFE0
7FC003E0
7F0003E0
FE0003E0
FE0003E0
FC0003E0
FC0007E0
FC000FE0
FE001FE0
FF003FE0
7F81FFE0
7FFFFFE0
3FFFFBE0
1FFFF3E0
0FFFE3E0
03FF83E0
007C0000
ENDCHAR
STARTCHAR amacron.ss01
ENCODING -1
SWIDTH 534 0
DWIDTH 34 0
BBX 27 47 3 -1
BITMAP
07FFFE00
07FFFE00
07FFFE00
07FFFE00
07FFFE00
00000000
00000000
00000000
00000000
00000000
00000000
00000000
003FF000
01FFFE00
07FFFF00
0FFFFF80
1FFFFFC0
3FFFFFC0
7FC03FE0
3F001FE0
1E000FE0
0C0007E0
000007E0
000007E0
000003E0
000003E0
00FFFFE0
07FFFFE0
0FFFFFE0
1FFFFFE0
3FFFFFE0
7FC003E0
7F0003E0
FE0003E0
FE0003E0
FC0003E0
FC0007E0
FC000FE0
FE001FE0
FF003FE0
7F81FFE0
7FFFFFE0
3FFFFBE0
1FFFF3E0
0FFFE3E0
03FF83E0
007C0000
ENDCHAR
STARTCHAR aogonek.ss01
ENCODING -1
SWIDTH 534 0
DWIDTH 34 0
BBX 29 47 3 -13
BITMAP
003FF000
01FFFE00
07FFFF00
0FFFFF80
1FFFFFC0
3FFFFFC0
7FC03FE0
3F001FE0
1E000FE0
0C0007E0
000007E0
000007E0
000003E0
000003E0
00FFFFE0
07FFFFE0
0FFFFFE0
1FFFFFE0
3FFFFFE0
7FC003E0
7F0003E0
FE0003E0
FE0003E0
FC0003E0
FC0007E0
FC000FE0
FE001FE0
FF003FE0
7F81FFE0
7FFFFFE0
3FFFFBE0
1FFFF3E0
0FFFE3E0
03FF8FF0
007C3FC0
00007F00
0000FE00
0000FC00
0001F800
0001F800
0001F840
0001FCE0
0001FFF8
0000FFF8
00007FF0
00003FE0
00000F00
ENDCHAR
STARTCHAR aring.ss01
ENCODING -1
SWIDTH 534 0
DWIDTH 34 0
BBX 27 53 3 -1
BITMAP
001F8000
007FE000
00FFF000
00FFF000
01F0F800
01E07800
01E07800
01E07800
01F0F800
00F9F000
00FFF000
007FE000
001F8000
00000000
00000000
00000000
00000000
00000000
003FF000
01FFFE00
07FFFF00
0FFFFF80
1FFFFFC0
3FFFFFC0
7FC03FE0
3F001FE0
1E000FE0
0C0007E0
000007E0
000007E0
000003E0
000003E0
00FFFFE0
07FFFFE0
0FFFFFE0
1FFFFFE0
3FFFFFE0
7FC003E0
7F0003E0
FE0003E0
FE0003E0
FC0003E0
FC0007E0
FC000FE0
FE001FE0
FF003FE0
7F81FFE0
7FFFFFE0
3FFFFBE0
1FFFF3E0
0FFFE3E0
03FF83E0
007C0000
ENDCHAR
STARTCHAR aringacute.ss01
ENCODING -1
SWIDTH 534 0
DWIDTH 34 0
BBX 27 66 3 -1
BITMAP
00008000
0001C000
0003E000
000FE000
001FF000
003FF800
007FC000
00FF0000
01FE0000
00F80000
00600000
00000000
00000000
001F8000
007FE000
00FFF000
00FFF000
01F0F800
01E07800
01E07800
01E07800
01F0F800
00F9F000
00FFF000
007FE000
001F8000
00000000
00000000
00000000
00000000
00000000
003FF000
01FFFE00
07FFFF00
0FFFFF80
1FFFFFC0
3FFFFFC0
7FC03FE0
3F001FE0
1E000FE0
0C0007E0
000007E0
000007E0
000003E0
000003E0
00FFFFE0
07FFFFE0
0FFFFFE0
1FFFFFE0
3FFFFFE0
7FC003E0
7F0003E0
FE0003E0
FE0003E0
FC0003E0
FC0007E0
FC000FE0
FE001FE0
FF003FE0
7F81FFE0
7FFFFFE0
3FFFFBE0
1FFFF3E0
0FFFE3E0
03FF83E0
007C0000
ENDCHAR
STARTCHAR atilde.ss01
ENCODING -1
SWIDTH 534 0
DWIDTH 34 0
BBX 27 49 3 -1
BITMAP
00700C00
01FC0F00
03FE1F00
07FF9F00
0FFFFF00
0F8FFE00
0F87FC00
0F03F800
0100E000
00000000
00000000
00000000
00000000
00000000
003FF000
01FFFE00
07FFFF00
0FFFFF80
1FFFFFC0
3FFFFFC0
7FC03FE0
3F001FE0
1E000FE0
0C0007E0
000007E0
000007E0
000003E0
000003E0
00FFFFE0
07FFFFE0
0FFFFFE0
1FFFFFE0
3FFFFFE0
7FC003E0
7F0003E0
FE0003E0
FE0003E0
FC0003E0
FC0007E0
FC000FE0
FE001FE0
FF003FE0
7F81FFE0
7FFFFFE0
3FFFFBE0
1FFFF3E0
0FFFE3E0
03FF83E0
007C0000
ENDCHAR
STARTCHAR g.ss01
ENCODING -1
SWIDTH 538 0
DWIDTH 34 0
BBX 31 49 2 -15
BITMAP
001FC000
00FFFFFC
03FFFFFC
07FFFFFC
0FFFFFFC
1FFFFFFC
1FE03FC0
3FC01FE0
3F800FE0
7F000FE0
7F0007E0
7F0007F0
7F0007E0
7F0007E0
3F800FE0
3F800FE0
3FC01FC0
1FF07FC0
0FFFFF80
07FFFF00
07FFFE00
1FFFFC00
3FFFF000
7FFF8000
7F000000
FF000000
7F000000
7F000000
7FFFE000
3FFFFE00
1FFFFFC0
07FFFFE0
1FFFFFF0
3FFFFFF8
7FE01FFC
7F8003FC
FE0001FC
FE0000FC
FE0000FE
FE0000FC
FE0001FC
FF0001FC
7F8007FC
7FF87FF8
3FFFFFF8
1FFFFFE0
0FFFFFC0
03FFFF00
00FFFC00
ENDCHAR
STARTCHAR gbreve.ss01
ENCODING -1
SWIDTH 538 0
DWIDTH 34 0
BBX 31 63 2 -15
BITMAP
07C00F80
07C00F80
07E01F80
07F03F80
03F87F00
03FFFF00
01FFFE00
00FFFC00
007FF800
001FE000
00000000
00000000
00000000
00000000
001FC000
00FFFFFC
03FFFFFC
07FFFFFC
0FFFFFFC
1FFFFFFC
1FE03FC0
3FC01FE0
3F800FE0
7F000FE0
7F0007E0
7F0007F0
7F0007E0
7F0007E0
3F800FE0
3F800FE0
3FC01FC0
1FF07FC0
0FFFFF80
07FFFF00
07FFFE00
1FFFFC00
3FFFF000
7FFF8000
7F000000
FF000000
7F000000
7F000000
7FFFE000
3FFFFE00
1FFFFFC0
07FFFFE0
1FFFFFF0
3FFFFFF8
7FE01FFC
7F8003FC
FE0001FC
FE0000FC
FE0000FE
FE0000FC
FE0001FC
FF0001FC
7F8007FC
7FF87FF8
3FFFFFF8
1FFFFFE0
0FFFFFC0
03FFFF00
00FFFC00
ENDCHAR
STARTCHAR gcaron.ss01
ENCODING -1
SWIDTH 538 0
DWIDTH 34 0
BBX 31 63 2 -15
BITMAP
01800600
03E01F00
03F87F00
01FCFE00
00FFFC00
007FF800
003FF000
001FE000
000FC000
00000000
00000000
00000000
00000000
00000000
001FC000
00FFFFFC
03FFFFFC
07FFFFFC
0FFFFFFC
1FFFFFFC
1FE03FC0
3FC01FE0
3F800FE0
7F000FE0
7F0007E0
7F0007F0
7F0007E0
7F0007E0
3F800FE0
3F800FE0
3FC01FC0
1FF07FC0
0FFFFF80
07FFFF00
07FFFE00
1FFFFC00
3FFFF000
7FFF8000
7F000000
FF000000
7F000000
7F000000
7FFFE000
3FFFFE00
1FFFFFC0
07FFFFE0
1FFFFFF0
3FFFFFF8
7FE01FFC
7F8003FC
FE0001FC
FE0000FC
FE0000FE
FE0000FC
FE0001FC
FF0001FC
7F8007FC
7FF87FF8
3FFFFFF8
1FFFFFE0
0FFFFFC0
03FFFF00
00FFFC00
ENDCHAR
STARTCHAR gcircumflex.ss01
ENCODING -1
SWIDTH 538 0
DWIDTH 34 0
BBX 31 63 2 -15
BITMAP
000FC000
001FE000
003FF000
00FFFC00
01FFFE00
03FCFF00
07F03F80
07C00F80
01800600
00000000
00000000
00000000
00000000
00000000
001FC000
00FFFFFC
03FFFFFC
07FFFFFC
0FFFFFFC
1FFFFFFC
1FE03FC0
3FC01FE0
3F800FE0
7F000FE0
7F0007E0
7F0007F0
7F0007E0
7F0007E0
3F800FE0
3F800FE0
3FC01FC0
1FF07FC0
0FFFFF80
07FFFF00
07FFFE00
1FFFFC00
3FFFF000
7FFF8000
7F000000
FF000000
7F000000
7F000000
7FFFE000
3FFFFE00
1FFFFFC0
07FFFFE0
1FFFFFF0
3FFFFFF8
7FE01FFC
7F8003FC
FE0001FC
FE0000FC
FE0000FE
FE0000FC
FE0001FC
FF0001FC
7F8007FC
7FF87FF8
3FFFFFF8
1FFFFFE0
0FFFFFC0
03FFFF00
00FFFC00
ENDCHAR
STARTCHAR uni0123.ss01
ENCODING -1
SWIDTH 538 0
DWIDTH 34 0
BBX 31 66 2 -15
BITMAP
0000E000
0003E000
0007F000
000F8000
001F8000
001F0000
003F8000
003FE000
003FE000
001FE000
001FE000
0007C000
00000000
00000000
00000000
00000000
00000000
001FC000
00FFFFFC
03FFFFFC
07FFFFFC
0FFFFFFC
1FFFFFFC
1FE03FC0
3FC01FE0
3F800FE0
7F000FE0
7F0007E0
7F0007F0
7F0007E0
7F0007E0
3F800FE0
3F800FE0
3FC01FC0
1FF07FC0
0FFFFF80
07FFFF00
07FFFE00
1FFFFC00
3FFFF000
7FFF8000
7F000000
FF000000
7F000000
7F000000
7FFFE000
3FFFFE00
1FFFFFC0
07FFFFE0
1FFFFFF0
3FFFFFF8
7FE01FFC
7F8003FC
FE0001FC
FE0000FC
FE0000FE
FE0000FC
FE0001FC
FF0001FC
7F8007FC
7FF87FF8
3FFFFFF8
1FFFFFE0
0FFFFFC0
03FFFF00
00FFFC00
ENDCHAR
STARTCHAR gdotaccent.ss01
ENCODING -1
SWIDTH 538 0
DWIDTH 34 0
BBX 31 64 2 -15
BITMAP
000FC000
001FE000
001FE000
001FE000
001FE000
001FE000
001FE000
00078000
00000000
00000000
00000000
00000000
00000000
00000000
00000000
001FC000
00FFFFFC
03FFFFFC
07FFFFFC
0FFFFFFC
1FFFFFFC
1FE03FC0
3FC01FE0
3F800FE0
7F000FE0
7F0007E0
7F0007F0
7F0007E0
7F0007E0
3F800FE0
3F800FE0
3FC01FC0
1FF07FC0
0FFFFF80
07FFFF00
07FFFE00
1FFFFC00
3FFFF000
7FFF8000
7F000000
FF000000
7F000000
7F000000
7FFFE000
3FFFFE00
1FFFFFC0
07FFFFE0
1FFFFFF0
3FFFFFF8
7FE01FFC
7F8003FC
FE0001FC
FE0000FC
FE0000FE
FE0000FC
FE0001FC
FF0001FC
7F8007FC
7FF87FF8
3FFFFFF8
1FFFFFE0
0FFFFFC0
03FFFF00
00FFFC00
ENDCHAR
STARTCHAR uni1E21.ss01
ENCODING -1
SWIDTH 538 0
DWIDTH 34 0
BBX 31 61 2 -15
BITMAP
03FFFF00
03FFFF00
03FFFF00
03FFFF00
03FFFF00
00000000
00000000
00000000
00000000
00000000
00000000
00000000
001FC000
00FFFFFC
03FFFFFC
07FFFFFC
0FFFFFFC
1FFFFFFC
1FE03FC0
3FC01FE0
3F800FE0
7F000FE0
7F0007E0
7F0007F0
7F0007E0
7F0007E0
3F800FE0
3F800FE0
3FC01FC0
1FF07FC0
0FFFFF80
07FFFF00
07FFFE00
1FFFFC00
3FFFF000
7FFF8000
7F000000
FF000000
7F000000
7F000000
7FFFE000
3FFFFE00
1FFFFFC0
07FFFFE0
1FFFFFF0
3FFFFFF8
7FE01FFC
7F8003FC
FE0001FC
FE0000FC
FE0000FE
FE0000FC
FE0001FC
FF0001FC
7F8007FC
7FF87FF8
3FFFFFF8
1FFFFFE0
0FFFFFC0
03FFFF00
00FFFC00
ENDCHAR
STARTCHAR f_f
ENCODING -1
SWIDTH 786 0
DWIDTH 50 0
BBX 47 47 3 0
BITMAP
001FE0000FF0
007FF8003FFC
00FFFC007FFE
01FFFC00FFFE
01FFF800FFFC
03FFF801FFFC
03F83001FC18
07F01003F808
07F00003F800
07F00003F800
07F00003F800
07F00003F800
07F00003F800
07F00003F800
FFFFF07FFFF8
FFFFF07FFFF8
FFFFF07FFFF8
FFFFF07FFFF8
FFFFF07FFFF8
FFFFF07FFFF8
07F00003F800
07F00003F800
07F00003F800
07F00003F800
07F00003F800
07F00003F800
07F00003F800
07F00003F800
07F00003F800
07F00003F800
07F00003F800
07F00003F800
07F00003F800
07F00003F800
07F00003F800
07F00003F800
07F00003F800
07F00003F800
07F00003F800
07F00003F800
07F00003F800
07F00003F800
07F00003F800
07F00003F800
07F00003F800
07F00003F800
07F00003F800
ENDCHAR
STARTCHAR f_f_i
ENCODING -1
SWIDTH 1064 0
DWIDTH 68 0
BBX 60 49 3 0
BITMAP
00000000000007E0
0000000000000FF0
001FE0000FF00FF0
007FF8003FFC1FF0
00FFFC007FFE0FF0
01FFFC00FFFE0FF0
01FFF800FFFC0FE0
03FFF801FFFC07C0
03F83001FC180000
07F01003F8080000
07F00003F8000000
07F00003F8000000
07F00003F8000000
07F00003F8000000
07F00003F8000000
07F00003F80007E0
FFFFF07FFFF807E0
FFFFF07FFFF807E0
FFFFF07FFFF807E0
FFFFF07FFFF807E0
FFFFF07FFFF807E0
FFFFF07FFFF807E0
07F00003F80007E0
07F00003F80007E0
07F00003F80007E0
07F00003F80007E0
07F00003F80007E0
07F00003F80007E0
07F00003F80007E0
07F00003F80007E0
07F00003F80007E0
07F00003F80007E0
07F00003F80007E0
07F00003F80007E0
07F00003F80007E0
07F00003F80007E0
07F00003F80007E0
07F00003F80007E0
07F00003F80007E0
07F00003F80007E0
07F00003F80007E0
07F00003F80007E0
07F00003F80007E0
07F00003F80007E0
07F00003F80007E0
07F00003F80007E0
07F00003F80007E0
07F00003F80007E0
07F00003F80007E0
ENDCHAR
STARTCHAR f_f_ij
ENCODING -1
SWIDTH 1329 0
DWIDTH 85 0
BBX 78 62 3 -13
BITMAP
00000000000007E001F8
0000000000000FF003FC
001FE0000FF00FF003FC
007FF8003FFC1FF003FC
00FFFC007FFE0FF003FC
01FFFC00FFFE0FF003FC
01FFF800FFFC0FE003F8
03FFF801FFFC07C000F0
03F83001FC1800000000
07F01003F80800000000
07F00003F80000000000
07F00003F80000000000
07F00003F80000000000
07F00003F80000000000
07F00003F80000000000
07F00003F80007E003F8
FFFFF07FFFF807E003F8
FFFFF07FFFF807E003F8
FFFFF07FFFF807E003F8
FFFFF07FFFF807E003F8
FFFFF07FFFF807E003F8
FFFFF07FFFF807E003F8
07F00003F80007E003F8
07F00003F80007E003F8
07F00003F80007E003F8
07F00003F80007E003F8
07F00003F80007E003F8
07F00003F80007E003F8
07F00003F80007E003F8
07F00003F80007E003F8
07F00003F80007E003F8
07F00003F80007E003F8
07F00003F80007E003F8
07F00003F80007E003F8
07F00003F80007E003F8
07F00003F80007E003F8
07F00003F80007E003F8
07F00003F80007E003F8
07F00003F80007E003F8
07F00003F80007E003F8
07F00003F80007E003F8
07F00003F80007E003F8
07F00003F80007E003F8
07F00003F80007E003F8
07F00003F80007E003F8
07F00003F80007E003F8
07F00003F80007E003F8
07F00003F80007E003F8
07F00003F80007E003F8
000000000000000003F8
000000000000000003F8
000000000000000003F8
000000000000000003F8
000000000000000007F8
000000000000000007F0
00000000000000000FF0
0000000000000001FFF0
0000000000000000FFE0
0000000000000000FFC0
00000000000000007F80
00000000000000007E00
00000000000000002000
ENDCHAR
STARTCHAR f_f_l
ENCODING -1
SWIDTH 1037 0
DWIDTH 66 0
BBX 58 47 3 0
BITMAP
001FE0000FF00FC0
007FF8003FFC0FC0
00FFFC007FFE0FC0
01FFFC00FFFE0FC0
01FFF800FFFC0FC0
03FFF801FFFC0FC0
03F83001FC180FC0
07F01003F8080FC0
07F00003F8000FC0
07F00003F8000FC0
07F00003F8000FC0
07F00003F8000FC0
07F00003F8000FC0
07F00003F8000FC0
FFFFF07FFFF80FC0
FFFFF07FFFF80FC0
FFFFF07FFFF80FC0
FFFFF07FFFF80FC0
FFFFF07FFFF80FC0
FFFFF07FFFF80FC0
07F00003F8000FC0
07F00003F8000FC0
07F00003F8000FC0
07F00003F8000FC0
07F00003F8000FC0
07F00003F8000FC0
07F00003F8000FC0
07F00003F8000FC0
07F00003F8000FC0
07F00003F8000FC0
07F00003F8000FC0
07F00003F8000FC0
07F00003F8000FC0
07F00003F8000FC0
07F00003F8000FC0
07F00003F8000FC0
07F00003F8000FC0
07F00003F8000FC0
07F00003F8000FC0
07F00003F8000FC0
07F00003F8000FC0
07F00003F8000FC0
07F00003F8000FC0
07F00003F8000FC0
07F00003F8000FC0
07F00003F8000FC0
07F00003F8000FC0
ENDCHAR
STARTCHAR f_ij
ENCODING -1
SWIDTH 936 0
DWIDTH 60 0
BBX 53 62 3 -13
BITMAP
0000000FC003F0
0000001FE007F8
001FE01FE007F8
007FF83FE007F8
00FFFC1FE007F8
01FFFC1FE007F8
01FFF81FC007F0
03FFF80F8001E0
03F83000000000
07F01000000000
07F00000000000
07F00000000000
07F00000000000
07F00000000000
07F00000000000
07F0000FC007F0
FFFFF00FC007F0
FFFFF00FC007F0
FFFFF00FC007F0
FFFFF00FC007F0
FFFFF00FC007F0
FFFFF00FC007F0
07F0000FC007F0
07F0000FC007F0
07F0000FC007F0
07F0000FC007F0
07F0000FC007F0
07F0000FC007F0
07F0000FC007F0
07F0000FC007F0
07F0000FC007F0
07F0000FC007F0
07F0000FC007F0
07F0000FC007F0
07F0000FC007F0
07F0000FC007F0
07F0000FC007F0
07F0000FC007F0
07F0000FC007F0
07F0000FC007F0
07F0000FC007F0
07F0000FC007F0
07F0000FC007F0
07F0000FC007F0
07F0000FC007F0
07F0000FC007F0
07F0000FC007F0
07F0000FC007F0
07F0000FC007F0
000000000007F0
000000000007F0
000000000007F0
000000000007F0
00000000000FF0
00000000000FE0
00000000001FE0
0000000003FFE0
0000000001FFC0
0000000001FF80
0000000000FF00
0000000000FC00
00000000004000
ENDCHAR
STARTCHAR zero.zero
ENCODING -1
SWIDTH 607 0
DWIDTH 39 0
BBX 33 46 3 -1
BITMAP
001FFC0000
007FFF0000
01FFFF8000
03FFFFE000
07FFFFF000
07FFFFF000
0FF80FF800
1FE007FC00
1FC003FC00
3FC001FE00
3F8000FE00
3F0000FE00
7F00007F00
7F00007F00
7E00007F00
7E00003F00
FE00003F00
FE03C03F80
FE07F03F80
FE0FF03F80
FE0FF83F80
FE0FF83F80
FE0FF83F80
FE0FF03F80
FE0FF03F80
FE07E03F80
FE01C03F80
FE00003F80
FE00003F80
FE00003F00
7E00007F00
7F00007F00
7F00007F00
7F0000FE00
3F8000FE00
3F8001FE00
1FC001FC00
1FE003FC00
0FF80FF800
0FFFFFF000
07FFFFF000
03FFFFE000
01FFFFC000
007FFF0000
003FFC0000
0003C00000
ENDCHAR
STARTCHAR zero.dnom
ENCODING -1
SWIDTH 364 0
DWIDTH 23 0
BBX 19 24 2 -1
BITMAP
01F800
07FE00
1FFF00
1FFF80
3FFFC0
7E0FC0
7E07C0
FC07E0
FC03E0
F803E0
F803E0
F803E0
F803E0
F803E0
F803E0
FC03E0
7C07E0
7E07C0
7F1FC0
3FFF80
1FFF00
0FFE00
07FC00
00E000
ENDCHAR
STARTCHAR one.dnom
ENCODING -1
SWIDTH 281 0
DWIDTH 18 0
BBX 10 22 3 0
BITMAP
07C0
1FC0
3FC0
FFC0
7FC0
7FC0
37C0
27C0
07C0
07C0
07C0
07C0
07C0
07C0
07C0
07C0
07C0
07C0
07C0
07C0
07C0
07C0
ENDCHAR
STARTCHAR two.dnom
ENCODING -1
SWIDTH 346 0
DWIDTH 22 0
BBX 16 23 3 0
BITMAP
07F0
1FF8
3FFC
7FFE
FFFE
F83F
703F
303F
003E
007E
007C
00FC
01F8
03F0
07E0
0FC0
1F80
3F00
7E00
7FFF
7FFF
7FFF
7FFF
ENDCHAR
STARTCHAR three.dnom
ENCODING -1
SWIDTH 342 0
DWIDTH 22 0
BBX 15 23 4 -1
BITMAP
7FF8
7FF8
7FF8
7FF8
01F8
03E0
07C0
0F80
3FE0
3FF8
3FFC
3FFC
107E
003E
003E
003E
003E
607E
7FFC
FFF8
FFF8
7FE0
0700
ENDCHAR
STARTCHAR four.dnom
ENCODING -1
SWIDTH 390 0
DWIDTH 25 0
BBX 19 23 3 0
BITMAP
003E00
003E00
007E00
00FE00
01FE00
03FE00
07FE00
07FE00
0FBE00
1FBE00
3F3E00
7E3E00
7C3E00
FFFFE0
FFFFE0
FFFFE0
7FFFE0
7FFFE0
003E00
003E00
003E00
003E00
003E00
ENDCHAR
STARTCHAR five.dnom
ENCODING -1
SWIDTH 358 0
DWIDTH 23 0
BBX 17 23 3 -1
BITMAP
3FFF00
3FFF00
3FFF00
3FFF00
3E0000
3C0000
3C0000
7DF000
7FFC00
7FFE00
7FFF00
3E7F00
101F00
001F80
001F80
001F00
201F00
303F00
7FFE00
7FFE00
FFFC00
3FF000
038000
ENDCHAR
STARTCHAR six.dnom
ENCODING -1
SWIDTH 343 0
DWIDTH 22 0
BBX 17 24 2 -1
BITMAP
01F000
07FE00
0FFF00
1FFE00
3FFE00
3E0400
7C0000
7C0000
7C6000
FBFC00
FFFE00
FFFF00
FF7F80
FC1F80
FC0F80
F80F80
780F80
7C0F80
7C1F00
3FFF00
3FFE00
1FFC00
07F800
00C000
ENDCHAR
STARTCHAR seven.dnom
ENCODING -1
SWIDTH 326 0
DWIDTH 21 0
BBX 16 22 3 0
BITMAP
FFFE
FFFE
FFFF
FFFF
003E
003E
007C
007C
00F8
00F8
01F8
01F0
03F0
03E0
03E0
07C0
07C0
0F80
0F80
1F00
1F00
3E00
ENDCHAR
STARTCHAR eight.dnom
ENCODING -1
SWIDTH 353 0
DWIDTH 23 0
BBX 17 24 3 -1
BITMAP
03E000
1FF800
3FFC00
7FFE00
7E3F00
7C1F00
F81F00
F81F00
7C1F00
7FFE00
3FFC00
0FF800
3FFE00
7E7F00
FC1F00
F80F80
F80F80
F80F80
FC1F80
FE7F00
7FFE00
3FFC00
0FF800
03C000
ENDCHAR
STARTCHAR nine.dnom
ENCODING -1
SWIDTH 333 0
DWIDTH 21 0
BBX 17 24 2 -1
BITMAP
03E000
0FF800
1FFC00
3FFE00
7E3F00
7C1F00
F80F80
F80F80
F80F80
FC0F80
7E1F80
7FFF80
3FFF80
1FFF80
0FCF80
000F80
001F00
101F00
187E00
3FFE00
7FFC00
3FF800
1FF000
010000
ENDCHAR
STARTCHAR zero.numr
ENCODING -1
SWIDTH 364 0
DWIDTH 23 0
BBX 19 24 2 22
BITMAP
01F800
07FE00
1FFF00
1FFF80
3FFFC0
7E0FC0
7E07C0
FC07E0
FC03E0
F803E0
F803E0
F803E0
F803E0
F803E0
F803E0
FC03E0
7C07E0
7E07C0
7F1FC0
3FFF80
1FFF00
0FFE00
07FC00
00E000
ENDCHAR
STARTCHAR one.numr
ENCODING -1
SWIDTH 281 0
DWIDTH 18 0
BBX 10 22 3 23
BITMAP
07C0
1FC0
3FC0
FFC0
7FC0
7FC0
37C0
27C0
07C0
07C0
07C0
07C0
07C0
07C0
07C0
07C0
07C0
07C0
07C0
07C0
07C0
07C0
ENDCHAR
STARTCHAR two.numr
ENCODING -1
SWIDTH 346 0
DWIDTH 22 0
BBX 16 23 3 22
BITMAP
07F0
1FF8
3FFC
7FFE
FFFE
F83F
703F
303F
003E
007E
007C
00FC
01F8
03F0
07E0
0FC0
1F80
3F00
7E00
7FFF
7FFF
7FFF
7FFF
ENDCHAR
STARTCHAR three.numr
ENCODING -1
SWIDTH 342 0
DWIDTH 22 0
BBX 15 23 4 22
BITMAP
7FF8
7FF8
7FF8
7FF8
01F8
03E0
07C0
0F80
3FE0
3FF8
3FFC
3FFC
107E
003E
003E
003E
003E
607E
7FFC
FFF8
FFF8
7FE0
0700
ENDCHAR
STARTCHAR four.numr
ENCODING -1
SWIDTH 390 0
DWIDTH 25 0
BBX 19 23 3 22
BITMAP
003E00
003E00
007E00
00FE00
01FE00
03FE00
07FE00
07FE00
0FBE00
1FBE00
3F3E00
7E3E00
7C3E00
FFFFE0
FFFFE0
FFFFE0
7FFFE0
7FFFE0
003E00
003E00
003E00
003E00
003E00
ENDCHAR
STARTCHAR five.numr
ENCODING -1
SWIDTH 358 0
DWIDTH 23 0
BBX 17 23 3 22
BITMAP
3FFF00
3FFF00
3FFF00
3FFF00
3E0000
3C0000
3C0000
7DF000
7FFC00
7FFE00
7FFF00
3E7F00
101F00
001F80
001F80
001F00
201F00
303F00
7FFE00
7FFE00
FFFC00
3FF000
038000
ENDCHAR
STARTCHAR six.numr
ENCODING -1
SWIDTH 343 0
DWIDTH 22 0
BBX 17 24 2 22
BITMAP
01F000
07FE00
0FFF00
1FFE00
3FFE00
3E0400
7C0000
7C0000
7C6000
FBFC00
FFFE00
FFFF00
FF7F80
FC1F80
FC0F80
F80F80
780F80
7C0F80
7C1F00
3FFF00
3FFE00
1FFC00
07F800
00C000
ENDCHAR
STARTCHAR seven.numr
ENCODING -1
SWIDTH 326 0
DWIDTH 21 0
BBX 16 22 3 23
BITMAP
FFFE
FFFE
FFFF
FFFF
003E
003E
007C
007C
00F8
00F8
01F8
01F0
03F0
03E0
03E0
07C0
07C0
0F80
0F80
1F00
1F00
3E00
ENDCHAR
STARTCHAR eight.numr
ENCODING -1
SWIDTH 353 0
DWIDTH 23 0
BBX 17 24 3 22
BITMAP
03E000
1FF800
3FFC00
7FFE00
7E3F00
7C1F00
F81F00
F81F00
7C1F00
7FFE00
3FFC00
0FF800
3FFE00
7E7F00
FC1F00
F80F80
F80F80
F80F80
FC1F80
FE7F00
7FFE00
3FFC00
0FF800
03C000
ENDCHAR
STARTCHAR nine.numr
ENCODING -1
SWIDTH 333 0
DWIDTH 21 0
BBX 17 24 2 22
BITMAP
03E000
0FF800
1FFC00
3FFE00
7E3F00
7C1F00
F80F80
F80F80
F80F80
FC0F80
7E1F80
7FFF80
3FFF80
1FFF80
0FCF80
000F80
001F00
101F00
187E00
3FFE00
7FFC00
3FF800
1FF000
010000
ENDCHAR
STARTCHAR periodcentered.case
ENCODING -1
SWIDTH 228 0
DWIDTH 15 0
BBX 9 10 3 19
BITMAP
3C00
7F00
FF00
FF80
FF80
FF80
FF00
FF00
7E00
1C00
ENDCHAR
STARTCHAR bullet.case
ENCODING -1
SWIDTH 363 0
DWIDTH 23 0
BBX 18 17 3 14
BITMAP
03F800
0FFC00
1FFE00
3FFF00
7FFF80
7FFF80
7FFFC0
FFFFC0
FFFFC0
FFFFC0
7FFFC0
7FFF80
7FFF80
3FFF00
1FFE00
0FFC00
03F000
ENDCHAR
STARTCHAR slash.case
ENCODING -1
SWIDTH 544 0
DWIDTH 35 0
BBX 33 53 1 -8
BITMAP
0000003F80
0000003F00
0000007F00
0000007E00
000000FE00
000000FC00
000001FC00
000001F800
000003F800
000003F000
000007F000
000007E000
00000FE000
00000FC000
00001FC000
00001F8000
00003F8000
00003F0000
00007F0000
00007E0000
0000FE0000
0000FC0000
0001FC0000
0001F80000
0003F80000
0003F00000
0007F00000
0007E00000
000FE00000
000FC00000
000FC00000
001F800000
001F800000
003F000000
003F000000
007E000000
007E000000
00FC000000
00FC000000
01F8000000
01F8000000
03F0000000
03F0000000
07E0000000
07E0000000
0FC0000000
0FC0000000
1FC0000000
1F80000000
3F80000000
3F00000000
7F00000000
FE00000000
ENDCHAR
STARTCHAR backslash.case
ENCODING -1
SWIDTH 544 0
DWIDTH 35 0
BBX 32 52 3 -7
BITMAP
FE000000
7E000000
7F000000
3F000000
3F800000
1F800000
1FC00000
0FC00000
0FE00000
07E00000
07F00000
03F00000
03F80000
01F80000
01FC0000
00FC0000
00FC0000
007E0000
007E0000
003F0000
003F0000
001F8000
001F8000
000FC000
000FC000
0007E000
0007E000
0003F000
0003F000
0001F800
0001F800
0000FC00
0000FC00
0000FE00
00007E00
00007F00
00003F00
00003F80
00001F80
00001FC0
00000FC0
00000FE0
000007E0
000007F0
000003F0
000003F8
000001F8
000001FC
000000FC
000000FE
0000007E
0000007F
ENDCHAR
STARTCHAR periodcentered.loclCAT
ENCODING -1
SWIDTH 108 0
DWIDTH 7 0
BBX 9 10 -1 19
BITMAP
3C00
7F00
FF00
FF80
FF80
FF80
FF00
FF00
7E00
1C00
ENDCHAR
STARTCHAR periodcentered.loclCAT.case
ENCODING -1
SWIDTH 0 0
DWIDTH 0 0
BBX 9 10 -13 19
BITMAP
3C00
7F00
FF00
FF80
FF80
FF80
FF00
FF00
7E00
1C00
ENDCHAR
STARTCHAR hyphen.case
ENCODING -1
SWIDTH 394 0
DWIDTH 25 0
BBX 19 7 3 18
BITMAP
FFFFE0
FFFFE0
FFFFE0
FFFFE0
FFFFE0
FFFFE0
FFFFE0
ENDCHAR
STARTCHAR endash.case
ENCODING -1
SWIDTH 514 0
DWIDTH 33 0
BBX 27 7 3 18
BITMAP
FFFFFFE0
FFFFFFE0
FFFFFFE0
FFFFFFE0
FFFFFFE0
FFFFFFE0
FFFFFFE0
ENDCHAR
STARTCHAR emdash.case
ENCODING -1
SWIDTH 868 0
DWIDTH 56 0
BBX 49 7 3 18
BITMAP
FFFFFFFFFFFF80
FFFFFFFFFFFF80
FFFFFFFFFFFF80
FFFFFFFFFFFF80
FFFFFFFFFFFF80
FFFFFFFFFFFF80
FFFFFFFFFFFF80
ENDCHAR
STARTCHAR parenleft.case
ENCODING -1
SWIDTH 357 0
DWIDTH 23 0
BBX 19 57 3 -9
BITMAP
000100
000780
000FC0
001FE0
003FC0
007F80
00FF00
01FE00
03FC00
07F800
07F000
0FE000
0FE000
1FC000
1F8000
3F8000
3F0000
7F0000
7F0000
7E0000
FE0000
FE0000
FC0000
FC0000
FC0000
FC0000
FC0000
FC0000
FC0000
FC0000
FC0000
FC0000
FC0000
FC0000
FC0000
FE0000
FE0000
7E0000
7F0000
7F0000
3F0000
3F8000
3F8000
1FC000
1FE000
0FE000
07F000
07F800
03FC00
01FE00
00FF00
007F80
003FE0
001FE0
000FC0
000780
000100
ENDCHAR
STARTCHAR parenright.case
ENCODING -1
SWIDTH 357 0
DWIDTH 23 0
BBX 20 57 1 -9
BITMAP
180000
1C0000
3E0000
7F8000
FFC000
3FE000
1FF000
0FF800
07F800
03FC00
01FE00
00FE00
007F00
007F00
003F80
001F80
001FC0
001FC0
000FC0
000FE0
0007E0
0007E0
0007E0
0007F0
0007F0
0007F0
0003F0
0003F0
0003F0
0003F0
0003F0
0007F0
0007F0
0007E0
0007E0
0007E0
0007E0
000FE0
000FC0
001FC0
001FC0
001F80
003F80
007F00
007F00
00FE00
01FE00
03FC00
03F800
07F000
1FF000
3FE000
FFC000
7F0000
3E0000
1C0000
100000
ENDCHAR
STARTCHAR braceleft.case
ENCODING -1
SWIDTH 411 0
DWIDTH 26 0
BBX 22 58 3 -10
BITMAP
000018
0000F8
0003F8
0007F8
001FFC
001FE0
003FC0
003F00
007F00
007E00
007E00
007E00
007E00
007E00
007E00
007E00
007E00
007E00
007E00
007E00
007E00
007E00
00FC00
00FC00
01FC00
03F800
0FF000
FFE000
FFC000
FFC000
FFE000
1FF000
03F800
01FC00
00FC00
00FC00
00FE00
007E00
007E00
007E00
007E00
007E00
007E00
007E00
007E00
007E00
007E00
007E00
007E00
007F00
003F00
003FC0
001FF0
001FFC
000FF8
0003F8
0000F8
000018
ENDCHAR
STARTCHAR braceright.case
ENCODING -1
SWIDTH 411 0
DWIDTH 26 0
BBX 21 58 2 -10
BITMAP
400000
F80000
FE0000
FF8000
FFC000
3FE000
0FE000
07F000
03F000
03F000
03F000
01F800
01F800
01F800
01F800
01F800
01F800
01F000
01F000
01F000
01F800
01F800
01F800
01FC00
00FC00
00FE00
007FC0
003FF8
000FF8
000FF8
003FF8
007FC0
00FE00
00FC00
01F800
01F800
01F800
01F800
01F000
01F000
01F000
01F000
01F800
01F800
01F800
01F800
01F000
03F000
03F000
03F000
07F000
0FE000
3FE000
FFC000
FF8000
FE0000
F80000
400000
ENDCHAR
STARTCHAR bracketleft.case
ENCODING -1
SWIDTH 403 0
DWIDTH 26 0
BBX 17 57 5 -9
BITMAP
FFFF80
FFFF80
FFFF80
FFFF80
FFFF80
FC0000
FC0000
FC0000
FC0000
FC0000
FC0000
FC0000
FC0000
FC0000
FC0000
FC0000
FC0000
FC0000
FC0000
FC0000
FC0000
FC0000
FC0000
FC0000
FC0000
FC0000
FC0000
FC0000
FC0000
FC0000
FC0000
FC0000
FC0000
FC0000
FC0000
FC0000
FC0000
FC0000
FC0000
FC0000
FC0000
FC0000
FC0000
FC0000
FC0000
FC0000
FC0000
FC0000
FC0000
FC0000
FC0000
FC0000
FFFF80
FFFF80
FFFF80
FFFF80
FFFF80
ENDCHAR
STARTCHAR bracketright.case
ENCODING -1
SWIDTH 403 0
DWIDTH 26 0
BBX 17 57 4 -9
BITMAP
FFFF80
FFFF80
FFFF80
FFFF80
FFFF80
001F80
001F80
001F80
001F80
001F80
001F80
001F80
001F80
001F80
001F80
001F80
001F80
001F80
001F80
001F80
001F80
001F80
001F80
001F80
001F80
001F80
001F80
001F80
001F80
001F80
001F80
001F80
001F80
001F80
001F80
001F80
001F80
001F80
001F80
001F80
001F80
001F80
001F80
001F80
001F80
001F80
001F80
001F80
001F80
001F80
001F80
001F80
FFFF80
FFFF80
FFFF80
FFFF80
FFFF80
ENDCHAR
STARTCHAR guillemotleft.case
ENCODING -1
SWIDTH 486 0
DWIDTH 31 0
BBX 28 27 1 8
BITMAP
00600180
007001C0
00FC03F0
01F807E0
03F80FE0
03F00FC0
07E01F80
0FE03F80
1FC07F00
1F807E00
3F00FC00
7F01FC00
FE03F800
FE03F800
FE03F800
7F01FC00
3F80FE00
1F807E00
1FC07F00
0FE03F80
07F01FC0
03F00FC0
01F807E0
01FC07F0
00F803E0
007001C0
00400100
ENDCHAR
STARTCHAR guillemotright.case
ENCODING -1
SWIDTH 491 0
DWIDTH 31 0
BBX 28 27 3 8
BITMAP
10004000
7801E000
FC03F000
FC03F000
7E01F800
7F01FC00
3F80FE00
1F807E00
0FC03F00
0FE03F80
07F01FC0
03F80FE0
03F80FE0
01FC07F0
03F80FE0
07F01FC0
07E01F80
0FE03F80
1FC07F00
1F807E00
3F00FC00
7F01FC00
7E01F800
FC03F000
F803E000
3800E000
10004000
ENDCHAR
STARTCHAR guilsinglleft.case
ENCODING -1
SWIDTH 273 0
DWIDTH 17 0
BBX 14 27 1 8
BITMAP
0060
0070
00FC
01F8
03F8
03F0
07E0
0FE0
1FC0
1F80
3F00
7F00
FE00
FE00
FE00
7F00
3F80
1F80
1FC0
0FE0
07F0
03F0
01F8
01FC
00F8
0070
0040
ENDCHAR
STARTCHAR guilsinglright.case
ENCODING -1
SWIDTH 275 0
DWIDTH 18 0
BBX 14 27 3 8
BITMAP
1000
7800
FC00
FC00
7E00
7F00
3F80
1F80
0FC0
0FE0
07F0
03F8
03F8
01FC
03F8
07F0
07E0
0FE0
1FC0
1F80
3F00
7F00
7E00
FC00
F800
3800
1000
ENDCHAR
STARTCHAR at.case
ENCODING -1
SWIDTH 965 0
DWIDTH 62 0
BBX 56 55 3 -4
BITMAP
0000007FFF8000
000007FFFFF000
00001FFFFFFC00
0000FFFFFFFF00
0001FFFFFFFF80
0007FF8000FFE0
000FFC00001FE0
003FE0000007F0
007F80000003F8
00FF00000001FC
01FC00000000FC
03F8000000007E
03F0003C00007E
07E001FF0FC03E
0FC007FF8FC03F
0FC00FFFDFC03F
1F801FFFFFC01F
1F003FFFFFC01F
3F007FC0FF801F
3E00FF007F801F
7E00FE007F801F
7C01FC003F801F
7C01FC003F801F
FC03F8003F801F
FC03F8003F001F
F803F0003F003F
F807F0003F003E
F807F0007F003E
F807F0007F007E
F807F0007F007C
F807F000FE007C
F807F001FE00FC
F807F001FE00F8
F807F003FE01F0
F803F80FFE03F0
F803FC1FFF07E0
F801FFFFFFFFC0
FC01FFFE7FFF80
FC00FFFC7FFF00
7C007FF83FFE00
7E003FE01FF800
7E000000000000
3F000000000000
3F000000000000
1F800000000000
1FC00000000000
0FE00000040000
07F800001C0000
03FC00007E0000
01FF8003FE0000
00FFFFFFFF0000
007FFFFFFC0000
001FFFFFF00000
0007FFFFC00000
0000FFFE000000
ENDCHAR
STARTCHAR uni03060301
ENCODING -1
SWIDTH 0 0
DWIDTH 0 0
BBX 20 22 6 38
BITMAP
000800
000C00
001F00
003F80
003FC0
007F00
007F00
00FE00
00FC00
01F800
007000
002000
000000
7801E0
F801F0
FC03F0
7E07E0
7FFFE0
3FFFC0
1FFF80
0FFF00
03FC00
ENDCHAR
STARTCHAR uni03060300
ENCODING -1
SWIDTH 0 0
DWIDTH 0 0
BBX 20 22 6 38
BITMAP
010000
038000
078000
1FC000
3FE000
0FE000
07F000
03F000
01F800
00F800
007000
002000
100080
F801F0
FC03F0
FC03F0
7F0FE0
7FFFE0
3FFFC0
1FFF80
0FFF00
03FC00
ENDCHAR
STARTCHAR uni03060309
ENCODING -1
SWIDTH 0 0
DWIDTH 0 0
BBX 20 23 6 38
BITMAP
03F800
0FFC00
0FFE00
0FFF00
0FFF00
081F00
001F00
007E00
00FE00
00F800
00F000
00F000
008000
100080
F801F0
FC03F0
FC03F0
7F0FE0
7FFFE0
3FFFC0
1FFF80
0FFF00
03FC00
ENDCHAR
STARTCHAR uni03060303
ENCODING -1
SWIDTH 0 0
DWIDTH 0 0
BBX 20 22 6 38
BITMAP
0F0080
3FC0F0
7FF1F0
7FFFF0
FFFFF0
F8FFE0
F03FC0
000700
000000
000000
000000
000000
100080
F801F0
FC03F0
FC03F0
7F0FE0
7FFFE0
3FFFC0
1FFF80
0FFF00
03FC00
ENDCHAR
STARTCHAR uni03020301
ENCODING -1
SWIDTH 0 0
DWIDTH 0 0
BBX 28 20 2 39
BITMAP
00000300
00000380
000007E0
00000FF0
00000FE0
00001FC0
00001F80
00003F00
00007E00
00003C00
00001800
01F80000
07FC0000
0FFE0000
1FFF0000
3FFFC000
7F9FE000
FE07F000
F801F000
3000C000
ENDCHAR
STARTCHAR uni03020300
ENCODING -1
SWIDTH 0 0
DWIDTH 0 0
BBX 23 20 5 39
BITMAP
0000C0
0001C0
0007E0
000FE0
000FF0
0007F8
0003F8
0001FC
0000FC
00007E
000038
03F800
07FC00
0FFE00
1FFF00
3FFF80
7F9FC0
FE0FE0
F803F0
6000C0
ENDCHAR
STARTCHAR uni03020309
ENCODING -1
SWIDTH 0 0
DWIDTH 0 0
BBX 28 20 2 39
BITMAP
0000FF80
0001FFC0
0001FFE0
0000FFE0
0000C3F0
000003E0
000007E0
00000FC0
00001F80
00001E00
00001E00
01FC1C00
03FE0000
07FF0000
0FFF8000
1FFFC000
3FDFE000
7F07F000
FC01F800
30006000
ENDCHAR
STARTCHAR uni03020303
ENCODING -1
SWIDTH 0 0
DWIDTH 0 0
BBX 20 20 6 39
BITMAP
1F80F0
3FE1F0
7FFFF0
FFFFF0
FFFFE0
F87FE0
F01FC0
000000
000000
000000
000000
01F800
03FC00
07FE00
1FFF80
3FFFC0
7F9FE0
FE07F0
F801F0
3000C0
ENDCHAR
STARTCHAR uni03080301
ENCODING -1
SWIDTH 0 0
DWIDTH 0 0
BBX 22 21 5 41
BITMAP
000400
000600
000F00
000FC0
001FE0
001FC0
003F80
007F00
007E00
00FC00
007800
001000
000000
3E01F0
7F03F8
FF87FC
FF87FC
FF87FC
FF87FC
7F07F8
3E03F0
ENDCHAR
STARTCHAR uni03080304
ENCODING -1
SWIDTH 0 0
DWIDTH 0 0
BBX 22 17 5 41
BITMAP
3FFFF0
3FFFF0
3FFFF0
3FFFF0
3FFFF0
000000
000000
000000
000000
3F03F0
7F83F8
FF87FC
FF87FC
FF87FC
FF87F8
7F03F8
3E01E0
ENDCHAR
STARTCHAR uni03070304
ENCODING -1
SWIDTH 0 0
DWIDTH 0 0
BBX 18 17 7 41
BITMAP
FFFFC0
FFFFC0
FFFFC0
FFFFC0
FFFFC0
000000
000000
000000
000000
03F000
07F800
07F800
07F800
07F800
07F800
07F800
01E000
ENDCHAR
STARTCHAR uni03010307
ENCODING -1
SWIDTH 0 0
DWIDTH 0 0
BBX 22 11 5 40
BITMAP
0000C0
0000F0
3E01F8
7F03FC
FF83F8
FF87F0
FF8FE0
FF8FC0
7F1F80
7E0F00
000200
ENDCHAR
STARTCHAR uni030C.alt
ENCODING -1
SWIDTH 0 0
DWIDTH 0 0
BBX 10 13 11 31
BITMAP
3E00
7F00
7F80
7FC0
7FC0
3FC0
0F80
0F80
1F00
7F00
FC00
7800
2000
ENDCHAR
STARTCHAR uni030C0307
ENCODING -1
SWIDTH 0 0
DWIDTH 0 0
BBX 18 19 7 39
BITMAP
00C000
03F000
07F800
07F800
07F800
07F800
07F800
03F000
01E000
000000
600180
F807C0
FE1FC0
7F3F80
3FFF00
1FFE00
0FFC00
07F800
03F000
ENDCHAR
STARTCHAR uni03030308
ENCODING -1
SWIDTH 0 0
DWIDTH 0 0
BBX 22 20 5 39
BITMAP
3F01F0
7F03F8
FF87FC
FF87FC
FF87FC
FF87FC
7F03F8
3E01F0
000000
000000
000000
038060
0FE078
1FF0F8
3FF8F8
7FFFF0
7C7FF0
7C3FE0
781FC0
080700
ENDCHAR
STARTCHAR tildecomb_acutecomb
ENCODING -1
SWIDTH 0 0
DWIDTH 0 0
BBX 20 21 6 39
BITMAP
000600
000F00
001F80
001FC0
003F80
007F00
007E00
00FC00
01F800
007000
002000
000000
0700C0
1FC0F0
3FE1F0
7FF9F0
FFFFF0
F8FFE0
F87FC0
F03F80
100E00
ENDCHAR
STARTCHAR uni03030304
ENCODING -1
SWIDTH 0 0
DWIDTH 0 0
BBX 20 19 6 39
BITMAP
7FFFE0
7FFFE0
7FFFE0
7FFFE0
7FFFE0
000000
000000
000000
000000
000000
0700C0
1FC0F0
3FE1F0
7FF9F0
FFFFF0
F8FFE0
F87FC0
F03F80
100E00
ENDCHAR
STARTCHAR uni03040308
ENCODING -1
SWIDTH 0 0
DWIDTH 0 0
BBX 22 17 5 41
BITMAP
3F03F0
7F83F8
FF87FC
FF87FC
FF87FC
FF87F8
7F03F8
3E01E0
000000
000000
000000
000000
3FFFF0
3FFFF0
3FFFF0
3FFFF0
3FFFF0
ENDCHAR
STARTCHAR uni03040300
ENCODING -1
SWIDTH 0 0
DWIDTH 0 0
BBX 18 19 7 40
BITMAP
010000
070000
0F8000
3FC000
1FC000
0FE000
07F000
03F000
01F800
00F000
006000
000000
000000
000000
FFFFC0
FFFFC0
FFFFC0
FFFFC0
FFFFC0
ENDCHAR
STARTCHAR uni03040301
ENCODING -1
SWIDTH 0 0
DWIDTH 0 0
BBX 18 19 7 40
BITMAP
001000
003C00
003E00
007F00
007F00
00FE00
01FC00
01F800
03F000
01E000
00C000
000000
000000
000000
FFFFC0
FFFFC0
FFFFC0
FFFFC0
FFFFC0
ENDCHAR
STARTCHAR uni0308.case
ENCODING -1
SWIDTH 0 0
DWIDTH 0 0
BBX 22 8 5 49
BITMAP
3E01F0
7F03F8
FF83FC
FF87FC
FF87FC
FF87FC
FF03F8
7E03F8
ENDCHAR
STARTCHAR uni03080301.case
ENCODING -1
SWIDTH 0 0
DWIDTH 0 0
BBX 22 20 5 49
BITMAP
000080
000380
000FC0
001FC0
007FE0
01FFF0
03FF80
07FE00
03F000
038000
000000
000000
3E01F0
7F03F8
FF83FC
FF87FC
FF87FC
FF87FC
FF03F8
7E03F8
ENDCHAR
STARTCHAR uni03080304.case
ENCODING -1
SWIDTH 0 0
DWIDTH 0 0
BBX 22 16 5 49
BITMAP
FFFFFC
FFFFFC
FFFFFC
FFFFFC
FFFFFC
000000
000000
000000
3E01F0
7F03F8
FF83FC
FF87FC
FF87FC
FF87FC
FF03F8
7E03F8
ENDCHAR
STARTCHAR uni0307.case
ENCODING -1
SWIDTH 0 0
DWIDTH 0 0
BBX 8 8 12 49
BITMAP
3C
7F
FF
FF
FF
FF
FF
7E
ENDCHAR
STARTCHAR uni03070304.case
ENCODING -1
SWIDTH 0 0
DWIDTH 0 0
BBX 22 16 5 49
BITMAP
FFFFFC
FFFFFC
FFFFFC
FFFFFC
FFFFFC
000000
000000
000000
007800
00FE00
01FE00
01FE00
01FE00
01FE00
01FE00
00FC00
ENDCHAR
STARTCHAR gravecomb.case
ENCODING -1
SWIDTH 0 0
DWIDTH 0 0
BBX 14 11 9 48
BITMAP
2000
3800
7E00
7F00
FFC0
FFE0
7FF8
0FFC
01FC
0078
0008
ENDCHAR
STARTCHAR acutecomb.case
ENCODING -1
SWIDTH 0 0
DWIDTH 0 0
BBX 14 11 9 48
BITMAP
0010
0070
01F8
03F8
0FFC
1FFC
7FF8
FFC0
FE00
7800
4000
ENDCHAR
STARTCHAR uni03010307.case
ENCODING -1
SWIDTH 0 0
DWIDTH 0 0
BBX 22 11 5 48
BITMAP
0000C0
0000F0
3E01F8
7F03FC
FF83F8
FF87F0
FF8FE0
FF8FC0
7F1F80
7E0F00
000200
ENDCHAR
STARTCHAR uni030B.case
ENCODING -1
SWIDTH 0 0
DWIDTH 0 0
BBX 26 12 3 48
BITMAP
00800400
01C00E00
03E01E00
07F03F00
0FF87FC0
1FF0FF80
3FE1FF00
7F83FC00
FF07F800
7C07E000
7803C000
20010000
ENDCHAR
STARTCHAR uni0302.case
ENCODING -1
SWIDTH 0 0
DWIDTH 0 0
BBX 20 9 6 48
BITMAP
01F800
03FC00
07FE00
1FFF80
3FFFC0
7F9FE0
FE07F0
7801E0
200040
ENDCHAR
STARTCHAR uni03020300.case
ENCODING -1
SWIDTH 0 0
DWIDTH 0 0
BBX 24 19 4 48
BITMAP
000020
0000E0
0001F0
0007F8
0003F8
0001FC
0000FC
00007E
00003E
00001F
01F80C
03FC08
07FE00
0FFF80
3FFFC0
7F9FE0
FE07F0
7801E0
200040
ENDCHAR
STARTCHAR uni03020301.case
ENCODING -1
SWIDTH 0 0
DWIDTH 0 0
BBX 28 19 2 48
BITMAP
00000200
00000300
000007C0
00000FE0
00000FF0
00001FE0
00001FC0
00003F80
00003F00
00007E00
01F81C00
03FC0800
07FE0000
0FFF8000
3FFFC000
7F9FE000
FE07F000
7801E000
20004000
ENDCHAR
STARTCHAR uni03020303.case
ENCODING -1
SWIDTH 0 0
DWIDTH 0 0
BBX 20 19 6 48
BITMAP
1F80F0
3FF1F0
7FFFF0
FFFFF0
FFFFE0
F87FE0
700F80
000000
000000
000000
01F800
03FC00
07FE00
0FFF80
3FFFC0
7F9FE0
FE07F0
7801E0
200040
ENDCHAR
STARTCHAR uni03020309.case
ENCODING -1
SWIDTH 0 0
DWIDTH 0 0
BBX 26 19 3 48
BITMAP
0000FE00
0003FF80
0003FFC0
0003FFC0
00038FC0
000007C0
00000FC0
00001F80
00003E00
00003C00
01F83C00
03FC3000
07FE0000
1FFF0000
3FFFC000
7F9FE000
FE07F000
7801E000
20004000
ENDCHAR
STARTCHAR uni030C.case
ENCODING -1
SWIDTH 0 0
DWIDTH 0 0
BBX 20 9 6 48
BITMAP
600060
FC03F0
FF0FF0
7FFFE0
1FFF80
0FFF00
07FE00
03FC00
01F800
ENDCHAR
STARTCHAR uni0306.case
ENCODING -1
SWIDTH 0 0
DWIDTH 0 0
BBX 20 9 6 48
BITMAP
F801F0
FC03F0
FE07F0
7F0FE0
3FFFC0
3FFFC0
1FFF80
07FE00
01F800
ENDCHAR
STARTCHAR uni03060300.case
ENCODING -1
SWIDTH 0 0
DWIDTH 0 0
BBX 20 20 6 48
BITMAP
030000
078000
0F8000
3FC000
1FE000
0FE000
07F000
03F000
01F800
00F000
006000
F801F0
F801F0
FC03F0
7E0FE0
7FFFE0
3FFFC0
1FFF80
0FFF00
01F800
ENDCHAR
STARTCHAR uni03060301.case
ENCODING -1
SWIDTH 0 0
DWIDTH 0 0
BBX 20 20 6 48
BITMAP
000C00
000E00
001F80
003FC0
003F80
007F00
007E00
00FC00
01F800
00F000
006000
F801F0
F801F0
FC03F0
7E0FE0
7FFFE0
3FFFC0
1FFF80
0FFF00
01F800
ENDCHAR
STARTCHAR uni03060303.case
ENCODING -1
SWIDTH 0 0
DWIDTH 0 0
BBX 20 19 6 48
BITMAP
1F80F0
3FF1F0
7FFFF0
FFFFF0
FFFFE0
F87FE0
700F80
000000
000000
000000
1000C0
F801F0
FC03F0
FE07E0
7FFFE0
3FFFC0
1FFF80
0FFF00
01F800
ENDCHAR
STARTCHAR uni03060309.case
ENCODING -1
SWIDTH 0 0
DWIDTH 0 0
BBX 20 21 6 48
BITMAP
006000
07FC00
0FFE00
0FFF00
07FF00
041F00
001F00
003F00
00FC00
00F800
00F000
00F000
F801F0
F801F0
FC03F0
7E0FE0
7FFFE0
3FFFC0
1FFF80
0FFF00
01F800
ENDCHAR
STARTCHAR uni030A.case
ENCODING -1
SWIDTH 0 0
DWIDTH 0 0
BBX 14 14 9 43
BITMAP
07C0
1FE0
3FF0
7FF8
F87C
F03C
F03C
F03C
F03C
7CF8
7FF8
3FF0
1FE0
0300
ENDCHAR
STARTCHAR tildecomb.case
ENCODING -1
SWIDTH 0 0
DWIDTH 0 0
BBX 22 7 5 49
BITMAP
0FE07C
3FFC7C
7FFFFC
7FFFF8
FDFFF8
F83FF0
F807C0
ENDCHAR
STARTCHAR uni03030308.case
ENCODING -1
SWIDTH 0 0
DWIDTH 0 0
BBX 22 18 5 49
BITMAP
3E01F0
7F03F8
FF83FC
FF87FC
FF87FC
FF87FC
FF03F8
7E03F8
000000
000000
000000
0FE07C
3FFC7C
7FFFFC
7FFFF8
FDFFF8
F83FF0
F807C0
ENDCHAR
STARTCHAR tildecomb_acutecomb.case
ENCODING -1
SWIDTH 0 0
DWIDTH 0 0
BBX 22 20 5 49
BITMAP
000080
000380
000FC0
001FC0
007FE0
00FFE0
03FFC0
07FE00
07F000
03C000
020000
000000
000000
0FE07C
3FFC7C
7FFFFC
7FFFF8
FDFFF8
F83FF0
F807C0
ENDCHAR
STARTCHAR uni03030304.case
ENCODING -1
SWIDTH 0 0
DWIDTH 0 0
BBX 22 16 5 49
BITMAP
FFFFFC
FFFFFC
FFFFFC
FFFFFC
FFFFFC
000000
000000
000000
000000
0FE07C
3FFC7C
7FFFFC
7FFFF8
FDFFF8
F83FF0
F807C0
ENDCHAR
STARTCHAR uni0304.case
ENCODING -1
SWIDTH 0 0
DWIDTH 0 0
BBX 22 5 5 50
BITMAP
FFFFFC
FFFFFC
FFFFFC
FFFFFC
FFFFFC
ENDCHAR
STARTCHAR uni03040308.case
ENCODING -1
SWIDTH 0 0
DWIDTH 0 0
BBX 22 17 5 50
BITMAP
3E01F0
7F03F8
FF83FC
FF87FC
FF87FC
FF87FC
FF03F8
7E03F8
000000
000000
000000
000000
FFFFFC
FFFFFC
FFFFFC
FFFFFC
FFFFFC
ENDCHAR
STARTCHAR uni03040300.case
ENCODING -1
SWIDTH 0 0
DWIDTH 0 0
BBX 22 19 5 50
BITMAP
040000
070000
0FC000
0FE000
1FF800
1FFC00
0FFF00
01FF80
003F80
000F00
000100
000000
000000
000000
FFFFFC
FFFFFC
FFFFFC
FFFFFC
FFFFFC
ENDCHAR
STARTCHAR uni03040301.case
ENCODING -1
SWIDTH 0 0
DWIDTH 0 0
BBX 22 19 5 50
BITMAP
000080
000380
000FC0
001FC0
007FE0
00FFE0
03FFC0
07FE00
07F000
03C000
020000
000000
000000
000000
FFFFFC
FFFFFC
FFFFFC
FFFFFC
FFFFFC
ENDCHAR
STARTCHAR hookabovecomb.case
ENCODING -1
SWIDTH 0 0
DWIDTH 0 0
BBX 12 12 10 49
BITMAP
3F80
FFE0
FFF0
FFF0
73F0
81F0
01F0
07E0
0FC0
0F80
0F00
0F00
ENDCHAR
STARTCHAR uni030F.case
ENCODING -1
SWIDTH 0 0
DWIDTH 0 0
BBX 26 12 3 48
BITMAP
08004000
1C00E000
1E01F000
3F03F800
FF87FC00
7FC3FE00
3FE1FF00
0FF07F80
07F83FC0
01F80F80
00F00780
00200100
ENDCHAR
STARTCHAR uni0311.case
ENCODING -1
SWIDTH 0 0
DWIDTH 0 0
BBX 20 9 6 48
BITMAP
03FC00
0FFF00
1FFF80
3FFFC0
7FFFE0
7E07E0
FC03F0
F801F0
3801C0
ENDCHAR
STARTCHAR uni031B.case
ENCODING -1
SWIDTH 0 0
DWIDTH 0 0
BBX 12 12 10 27
BITMAP
03F0
03F0
03F0
07E0
07E0
0FE0
1FC0
FFC0
FF80
FF00
FE00
F000
ENDCHAR
STARTCHAR uni0326.case
ENCODING -1
SWIDTH 0 0
DWIDTH 0 0
BBX 10 13 11 -16
BITMAP
3E00
7F80
7F80
7FC0
7FC0
1FC0
0F80
1F80
1F00
7E00
FC00
7000
4000
ENDCHAR
STARTCHAR uni0327.case
ENCODING -1
SWIDTH 0 0
DWIDTH 0 0
BBX 12 18 10 -16
BITMAP
0780
0F00
0E00
1E00
3C00
3F00
7FC0
FFE0
3FF0
03F0
01F0
01F0
03F0
1FE0
FFE0
FF80
FE00
E000
ENDCHAR
STARTCHAR uni0328.case
ENCODING -1
SWIDTH 0 0
DWIDTH 0 0
BBX 14 16 9 -13
BITMAP
00E0
07E0
0FF8
1FE0
3F80
7F00
7E00
FC00
FC00
FC20
FE70
FFFC
7FFC
3FF8
1FF0
0780
ENDCHAR
ENDFONT
