STARTFONT 2.1
FONT -FontForge-Lexend Medium-Medium-R-Normal--32-310-75-75-P-172-ISO10646-1
SIZE 31 75 75
FONTBOUNDINGBOX 52 44 -7 -8
COMMENT "Generated by fontforge, http://fontforge.sourceforge.net"
COMMENT "Copyright 2019 The Lexend Project Authors (https://github.com/googlefonts/lexend)"
STARTPROPERTIES 39
FOUNDRY "FontForge"
FAMILY_NAME "Lexend Medium"
WEIGHT_NAME "Medium"
SLANT "R"
SETWIDTH_NAME "Normal"
ADD_STYLE_NAME ""
PIXEL_SIZE 32
POINT_SIZE 310
RESOLUTION_X 75
RESOLUTION_Y 75
SPACING "P"
AVERAGE_WIDTH 172
CHARSET_REGISTRY "ISO10646"
CHARSET_ENCODING "1"
FONTNAME_REGISTRY ""
CHARSET_COLLECTIONS "ISO8859-2 ISO8859-9 ISO8859-4 ISO10646-1"
FONT_NAME "Lexend-Medium"
FACE_NAME "Lexend Medium"
COPYRIGHT "Copyright 2019 The Lexend Project Authors (https://github.com/googlefonts/lexend)"
FONT_VERSION "1.007"
FONT_ASCENT 26
FONT_DESCENT 6
UNDERLINE_POSITION -4
UNDERLINE_THICKNESS 2
X_HEIGHT 16
CAP_HEIGHT 21
RAW_ASCENT 800
RAW_DESCENT 200
NORM_SPACE 9
RELATIVE_WEIGHT 50
RELATIVE_SETWIDTH 50
SUPERSCRIPT_X 0
SUPERSCRIPT_Y 11
SUPERSCRIPT_SIZE 19
SUBSCRIPT_X 0
SUBSCRIPT_Y 2
SUBSCRIPT_SIZE 19
AVG_LOWERCASE_WIDTH 181
AVG_UPPERCASE_WIDTH 229
ENDPROPERTIES
CHARS 845
STARTCHAR CR
ENCODING 13
SWIDTH 277 0
DWIDTH 9 0
BBX 1 1 0 0
BITMAP
00
ENDCHAR
STARTCHAR space
ENCODING 32
SWIDTH 294 0
DWIDTH 9 0
BBX 1 1 0 0
BITMAP
00
ENDCHAR
STARTCHAR exclam
ENCODING 33
SWIDTH 262 0
DWIDTH 8 0
BBX 5 23 2 0
BITMAP
F0
F0
F0
F0
F0
F0
F0
F0
F0
F0
F0
70
70
70
60
00
00
00
60
F0
F8
F0
F0
ENDCHAR
STARTCHAR quotedbl
ENCODING 34
SWIDTH 435 0
DWIDTH 14 0
BBX 12 8 1 14
BITMAP
78F0
78F0
70E0
71E0
71E0
E1C0
E1C0
E1C0
ENDCHAR
STARTCHAR numbersign
ENCODING 35
SWIDTH 698 0
DWIDTH 22 0
BBX 20 22 1 0
BITMAP
03C3C0
0383C0
0383C0
078380
078380
7FFFF0
7FFFF0
7FFFF0
070780
0F0700
0F0700
0F0700
0E0F00
0E0F00
FFFFE0
FFFFE0
FFFFE0
1E0E00
1C1E00
1C1E00
1C1E00
3C1C00
ENDCHAR
STARTCHAR dollar
ENCODING 36
SWIDTH 628 0
DWIDTH 20 0
BBX 18 28 1 -3
BITMAP
00E000
00E000
01F000
07FE00
1FFF00
3FFF80
3EEF80
3CE300
7CE200
7CE000
3EE000
3FE000
1FF800
1FFE00
07FF00
01FF80
01DF80
01C780
21C7C0
31C780
79C780
FFDF80
7FFF00
1FFE00
07F800
01C000
01C000
01C000
ENDCHAR
STARTCHAR percent
ENCODING 37
SWIDTH 885 0
DWIDTH 28 0
BBX 26 23 1 0
BITMAP
0E000000
3F803C00
7FC07800
71C0F000
F1C0F000
E1E1E000
E1E1C000
E1E3C000
71C78000
7BC70000
7F8F0000
3F1E3E00
001C7F00
003CFF80
0078E380
0070E3C0
00F1E1C0
01E1E1C0
01C0E1C0
03C0E380
0780F780
07007F00
0F003E00
ENDCHAR
STARTCHAR ampersand
ENCODING 38
SWIDTH 752 0
DWIDTH 24 0
BBX 21 23 2 0
BITMAP
00F000
03FC00
07FE00
0FFF00
0F0F80
1F0600
1F0000
0F0000
0F0000
0F8000
3FC000
7FE000
79F0E0
F0F9E0
F07DE0
F07DC0
F03FC0
F01FC0
F80F80
7C1FC0
7FFFE0
3FFDF0
0FF0F8
ENDCHAR
STARTCHAR quotesingle
ENCODING 39
SWIDTH 221 0
DWIDTH 7 0
BBX 5 8 1 14
BITMAP
78
78
70
70
70
E0
E0
E0
ENDCHAR
STARTCHAR parenleft
ENCODING 40
SWIDTH 374 0
DWIDTH 12 0
BBX 10 28 1 -6
BITMAP
0180
03C0
0780
0F00
1E00
3E00
3C00
7800
7800
7800
7000
F000
F000
F000
F000
F000
F000
7800
7800
7800
3C00
3C00
1E00
1F00
0F80
07C0
03C0
0080
ENDCHAR
STARTCHAR parenright
ENCODING 41
SWIDTH 374 0
DWIDTH 12 0
BBX 10 28 1 -6
BITMAP
6000
F000
F800
3C00
1E00
1F00
0F00
0F80
0780
0780
0380
03C0
03C0
03C0
03C0
03C0
0380
0780
0780
0780
0F00
0F00
1E00
3E00
7C00
F800
F000
4000
ENDCHAR
STARTCHAR asterisk
ENCODING 42
SWIDTH 406 0
DWIDTH 13 0
BBX 11 11 1 12
BITMAP
0E00
0E00
4E40
FFE0
7FC0
1F00
3F80
FFE0
EEC0
4E40
0E00
ENDCHAR
STARTCHAR plus
ENCODING 43
SWIDTH 593 0
DWIDTH 19 0
BBX 17 16 1 1
BITMAP
01C000
01C000
01C000
01C000
01C000
01C000
FFFF80
FFFF80
FFFF80
FFFF80
01C000
01C000
01C000
01C000
01C000
01C000
ENDCHAR
STARTCHAR comma
ENCODING 44
SWIDTH 274 0
DWIDTH 9 0
BBX 6 10 1 -6
BITMAP
38
7C
7C
3C
1C
1C
1C
38
F0
60
ENDCHAR
STARTCHAR hyphen
ENCODING 45
SWIDTH 413 0
DWIDTH 13 0
BBX 10 4 2 7
BITMAP
FFC0
FFC0
FFC0
FFC0
ENDCHAR
STARTCHAR period
ENCODING 46
SWIDTH 238 0
DWIDTH 8 0
BBX 5 5 1 0
BITMAP
30
78
F8
F8
78
ENDCHAR
STARTCHAR slash
ENCODING 47
SWIDTH 570 0
DWIDTH 18 0
BBX 18 26 0 -4
BITMAP
0007C0
000780
000F00
000F00
001E00
001E00
003C00
003C00
007800
007800
00F000
00F000
01E000
01E000
03C000
03C000
078000
078000
0F0000
0F0000
1E0000
1E0000
3C0000
3C0000
780000
F80000
ENDCHAR
STARTCHAR zero
ENCODING 48
SWIDTH 631 0
DWIDTH 20 0
BBX 18 23 1 0
BITMAP
01E000
07FC00
1FFE00
1FFF00
3E1F00
7C0F80
780780
780780
7807C0
7003C0
F003C0
F003C0
F003C0
F003C0
7803C0
780780
780780
7C0780
3C0F00
3F3F00
1FFE00
0FFC00
07F800
ENDCHAR
STARTCHAR one
ENCODING 49
SWIDTH 522 0
DWIDTH 17 0
BBX 12 23 3 0
BITMAP
0700
1F00
7F00
FF00
FF00
FF00
CF00
0F00
0F00
0F00
0F00
0F00
0F00
0F00
0F00
0F00
0F00
0F00
0F00
FFF0
FFF0
FFF0
FFF0
ENDCHAR
STARTCHAR two
ENCODING 50
SWIDTH 548 0
DWIDTH 18 0
BBX 16 23 1 0
BITMAP
03C0
0FF8
1FFC
3FFC
7C3E
781E
F01E
301E
003E
003C
007C
00F8
00F8
01F0
03E0
07C0
0F80
1F00
3E00
7FFF
7FFF
7FFF
7FFF
ENDCHAR
STARTCHAR three
ENCODING 51
SWIDTH 551 0
DWIDTH 18 0
BBX 15 22 1 0
BITMAP
7FFE
7FFE
7FFC
00F8
00F0
01E0
03C0
0780
0FF0
1FF8
0FFC
0C3E
001E
001E
000E
201E
701E
F01E
FC7C
7FFC
3FF8
0FE0
ENDCHAR
STARTCHAR four
ENCODING 52
SWIDTH 635 0
DWIDTH 20 0
BBX 18 22 1 0
BITMAP
003C00
007C00
007C00
00FC00
01FC00
03FC00
07FC00
0FBC00
0F3C00
1E3C00
3E3C00
7C3C00
F83C00
FFFFC0
7FFFC0
7FFFC0
003C00
003C00
003C00
003C00
003C00
003C00
ENDCHAR
STARTCHAR five
ENCODING 53
SWIDTH 578 0
DWIDTH 19 0
BBX 16 22 1 0
BITMAP
3FFE
3FFE
3FFE
3C00
3800
3800
3800
7FE0
7FF8
7FFC
3FFE
103E
001E
000F
000F
000F
201E
703E
FEFE
7FFC
3FF8
0FE0
ENDCHAR
STARTCHAR six
ENCODING 54
SWIDTH 565 0
DWIDTH 18 0
BBX 16 23 1 0
BITMAP
01E0
03C0
03C0
0780
0F80
0F00
1E00
1EE0
3FF8
3FFC
7FFE
7C3E
781F
F00F
F00F
F00F
F00F
780F
7C1E
7FFE
3FFC
1FF8
07E0
ENDCHAR
STARTCHAR seven
ENCODING 55
SWIDTH 546 0
DWIDTH 17 0
BBX 14 22 2 0
BITMAP
FFFC
FFFC
FFFC
003C
0078
0078
00F0
00F0
01E0
01E0
03E0
03C0
03C0
0780
0780
0F00
0F00
1F00
1E00
3E00
3C00
7C00
ENDCHAR
STARTCHAR eight
ENCODING 56
SWIDTH 586 0
DWIDTH 19 0
BBX 15 23 2 0
BITMAP
0100
1FE0
3FF8
7FFC
787C
F03C
F01E
F01C
783C
7FFC
3FF0
3FF0
7FFC
F87C
F01E
F01E
F01E
F01E
F83E
FEFC
7FFC
3FF8
0FE0
ENDCHAR
STARTCHAR nine
ENCODING 57
SWIDTH 560 0
DWIDTH 18 0
BBX 16 23 1 0
BITMAP
03C0
1FF0
3FFC
7FFE
783E
F81F
F01F
F00F
F00F
F01F
F81F
7C7E
7FFE
3FFE
0FFC
007C
0078
00F8
00F0
01F0
01E0
03E0
03C0
ENDCHAR
STARTCHAR colon
ENCODING 58
SWIDTH 238 0
DWIDTH 8 0
BBX 5 17 1 0
BITMAP
30
78
F8
F8
78
00
00
00
00
00
00
00
30
78
F8
F8
78
ENDCHAR
STARTCHAR semicolon
ENCODING 59
SWIDTH 272 0
DWIDTH 9 0
BBX 6 23 1 -6
BITMAP
18
3C
7C
7C
3C
00
00
00
00
00
00
00
00
38
7C
7C
3C
1C
1C
1C
38
F0
60
ENDCHAR
STARTCHAR less
ENCODING 60
SWIDTH 524 0
DWIDTH 17 0
BBX 14 16 1 0
BITMAP
0018
0078
01FC
03F8
0FE0
3F80
FE00
F800
FC00
7F00
1F80
0FE0
03F8
00FC
0038
0018
ENDCHAR
STARTCHAR equal
ENCODING 61
SWIDTH 586 0
DWIDTH 19 0
BBX 15 10 2 4
BITMAP
FFFE
FFFE
FFFE
0000
0000
0000
0000
FFFE
FFFE
FFFE
ENDCHAR
STARTCHAR greater
ENCODING 62
SWIDTH 525 0
DWIDTH 17 0
BBX 13 16 2 0
BITMAP
6000
F800
FC00
7F00
1FC0
07F0
01F8
00F8
00F8
03F8
0FE0
1FC0
7F00
FC00
7000
6000
ENDCHAR
STARTCHAR question
ENCODING 63
SWIDTH 520 0
DWIDTH 17 0
BBX 14 23 1 0
BITMAP
0780
1FF0
3FF8
7FF8
F87C
703C
203C
003C
003C
007C
01F8
0FF0
07E0
0780
0700
0700
0000
0000
0700
0F80
0F80
0F80
0700
ENDCHAR
STARTCHAR at
ENCODING 64
SWIDTH 965 0
DWIDTH 31 0
BBX 29 28 1 -5
BITMAP
0003F000
003FFE00
00FFFF80
01F007C0
07C001E0
0F0000E0
1E000070
1C1FBC70
383FFC30
307FF838
70F87838
70F07838
61E07830
E1E07830
E1E07870
E1E0F070
E1E0F0E0
E1E1F0E0
E1FFFFC0
60FF7F80
707E3F00
70000000
38000000
3C000000
1E003000
0FC3F000
07FFE000
00FF8000
ENDCHAR
STARTCHAR A
ENCODING 65
SWIDTH 698 0
DWIDTH 22 0
BBX 21 22 1 0
BITMAP
00F800
01F800
01F800
01FC00
03FC00
03FC00
039E00
079E00
079F00
0F0F00
0F0F00
0F0780
1E0780
1FFFC0
3FFFC0
3FFFC0
3FFFE0
7801E0
7801E0
F800F0
F000F0
F000F8
ENDCHAR
STARTCHAR B
ENCODING 66
SWIDTH 688 0
DWIDTH 22 0
BBX 18 22 3 0
BITMAP
FFFC00
FFFE00
FFFF00
F03F00
F00F00
F00F00
F00F00
F00F00
F01E00
FFFC00
FFFE00
FFFF00
F01F80
F00780
F007C0
F007C0
F00780
F00F80
FFFF80
FFFF00
FFFE00
FFF800
ENDCHAR
STARTCHAR C
ENCODING 67
SWIDTH 684 0
DWIDTH 22 0
BBX 20 23 1 0
BITMAP
003C00
01FF80
07FFC0
0FFFE0
1FC7F0
3F01E0
3E0040
7C0000
780000
780000
780000
F80000
F80000
780000
780000
7C0000
7C0000
3E0040
3F81E0
1FFFE0
0FFFF0
07FFC0
01FF00
ENDCHAR
STARTCHAR D
ENCODING 68
SWIDTH 757 0
DWIDTH 24 0
BBX 20 22 3 0
BITMAP
FFFC00
FFFE00
FFFF80
F03F80
F007C0
F003E0
F003E0
F001E0
F001F0
F001F0
F001F0
F001F0
F001F0
F001E0
F001E0
F003E0
F007E0
F00FC0
FFFF80
FFFF00
FFFE00
FFF800
ENDCHAR
STARTCHAR E
ENCODING 69
SWIDTH 625 0
DWIDTH 20 0
BBX 15 22 3 0
BITMAP
FFFE
FFFE
FFFE
F000
F000
F000
F000
F000
F000
FFF8
FFF8
FFF8
F000
F000
F000
F000
F000
F000
FFFE
FFFE
FFFE
FFFE
ENDCHAR
STARTCHAR F
ENCODING 70
SWIDTH 608 0
DWIDTH 19 0
BBX 15 22 3 0
BITMAP
FFFE
FFFE
FFFE
F000
F000
F000
F000
F000
F000
FFF8
FFF8
FFF8
FFF8
F000
F000
F000
F000
F000
F000
F000
F000
F000
ENDCHAR
STARTCHAR G
ENCODING 71
SWIDTH 771 0
DWIDTH 25 0
BBX 22 23 1 0
BITMAP
003C00
01FF80
07FFE0
0FFFF0
1FC3F8
3F00E0
3E0020
7C0000
780000
780000
780000
F80FFC
F80FFC
780FFC
780FFC
7C003C
7C003C
3E007C
3F80F8
1FFFF0
0FFFE0
03FFC0
00FF00
ENDCHAR
STARTCHAR H
ENCODING 72
SWIDTH 768 0
DWIDTH 25 0
BBX 19 22 3 0
BITMAP
F003E0
F003E0
F003E0
F003E0
F003E0
F003E0
F003E0
F003E0
F003E0
FFFFE0
FFFFE0
FFFFE0
FFFFE0
F003E0
F003E0
F003E0
F003E0
F003E0
F003E0
F003E0
F003E0
F003E0
ENDCHAR
STARTCHAR I
ENCODING 73
SWIDTH 505 0
DWIDTH 16 0
BBX 12 22 2 0
BITMAP
FFF0
FFF0
FFF0
0F00
0F00
0F00
0F00
0F00
0F00
0F00
0F00
0F00
0F00
0F00
0F00
0F00
0F00
0F00
FFF0
FFF0
FFF0
FFF0
ENDCHAR
STARTCHAR J
ENCODING 74
SWIDTH 650 0
DWIDTH 21 0
BBX 18 22 1 0
BITMAP
03FFC0
03FFC0
03FFC0
003E00
003E00
003E00
003E00
003E00
003E00
003E00
003E00
003E00
003E00
003E00
003E00
003E00
303C00
787C00
FFFC00
7FF800
3FF000
0FE000
ENDCHAR
STARTCHAR K
ENCODING 75
SWIDTH 734 0
DWIDTH 23 0
BBX 20 22 3 0
BITMAP
F007E0
F00F80
F01F00
F03E00
F07C00
F0F800
F1F000
F3E000
F7C000
FFC000
FFE000
FFF000
FCF000
F8F800
F07C00
F03E00
F01F00
F01F00
F00F80
F007C0
F003E0
F003F0
ENDCHAR
STARTCHAR L
ENCODING 76
SWIDTH 602 0
DWIDTH 19 0
BBX 15 22 3 0
BITMAP
F000
F000
F000
F000
F000
F000
F000
F000
F000
F000
F000
F000
F000
F000
F000
F000
F000
F000
FFFE
FFFE
FFFE
FFFE
ENDCHAR
STARTCHAR M
ENCODING 77
SWIDTH 869 0
DWIDTH 28 0
BBX 22 22 3 0
BITMAP
F8007C
F8007C
FC00FC
FC00FC
FE01FC
FF03FC
FF03FC
FF87BC
F78FBC
F3CF3C
F3FE3C
F1FE3C
F0FC3C
F0F83C
F0783C
F0703C
F0003C
F0003C
F0003C
F0003C
F0003C
F0003C
ENDCHAR
STARTCHAR N
ENCODING 78
SWIDTH 798 0
DWIDTH 26 0
BBX 20 22 3 0
BITMAP
F001F0
F801F0
FC01F0
FE01F0
FE01F0
FF01F0
FF81F0
F7C1F0
F7C1F0
F3E1F0
F1F1F0
F0F8F0
F078F0
F07CF0
F03EF0
F01FF0
F00FF0
F00FF0
F007F0
F003F0
F001F0
F001F0
ENDCHAR
STARTCHAR O
ENCODING 79
SWIDTH 793 0
DWIDTH 25 0
BBX 23 23 1 0
BITMAP
007C00
03FF80
07FFE0
0FFFF0
1FC3F8
3F00F8
3E007C
7C007C
78003C
78003E
78001E
F8001E
F8001E
78003E
78003E
7C003C
7C007C
3E00F8
3F01F8
1FFFF0
0FFFE0
07FFC0
01FF00
ENDCHAR
STARTCHAR P
ENCODING 80
SWIDTH 644 0
DWIDTH 21 0
BBX 16 22 3 0
BITMAP
FFF8
FFFC
FFFE
F03F
F01F
F00F
F00F
F00F
F01F
F01F
FFFE
FFFC
FFF8
FFE0
F000
F000
F000
F000
F000
F000
F000
F000
ENDCHAR
STARTCHAR Q
ENCODING 81
SWIDTH 793 0
DWIDTH 25 0
BBX 23 27 1 -4
BITMAP
007C00
03FF80
07FFE0
0FFFF0
1FC3F8
3F00F8
3E007C
7C007C
78003C
78003E
78001E
F8001E
F8001E
78043E
781C3E
7C3E3C
7C1F7C
3E0FF8
3F07F8
1FFFF0
0FFFE0
07FFF0
01FFF0
0000F8
00007C
000030
000020
ENDCHAR
STARTCHAR R
ENCODING 82
SWIDTH 697 0
DWIDTH 22 0
BBX 18 22 3 0
BITMAP
FFF800
FFFE00
FFFF00
F03F00
F00F80
F00780
F00780
F00780
F00F80
F00F00
FFFF00
FFFE00
FFFC00
FFF800
F07C00
F07C00
F03E00
F03E00
F01F00
F00F00
F00F80
F007C0
ENDCHAR
STARTCHAR S
ENCODING 83
SWIDTH 627 0
DWIDTH 20 0
BBX 18 23 1 0
BITMAP
01F000
07FE00
1FFF00
3FFF80
3E0F80
3C0700
7C0200
7C0000
3E0000
3F8000
1FF800
1FFE00
07FF00
00FF80
001F80
000780
2007C0
300780
F80780
7F1F80
3FFF00
1FFE00
07F800
ENDCHAR
STARTCHAR T
ENCODING 84
SWIDTH 604 0
DWIDTH 19 0
BBX 17 22 1 0
BITMAP
FFFF80
FFFF80
FFFF80
03E000
03E000
03E000
03E000
03E000
03E000
03E000
03E000
03E000
03E000
03E000
03E000
03E000
03E000
03E000
03E000
03E000
03E000
03E000
ENDCHAR
STARTCHAR U
ENCODING 85
SWIDTH 749 0
DWIDTH 24 0
BBX 18 22 3 0
BITMAP
F003C0
F003C0
F003C0
F003C0
F003C0
F003C0
F003C0
F003C0
F003C0
F003C0
F003C0
F003C0
F003C0
F003C0
F003C0
F003C0
F807C0
7C0F80
7FFF80
3FFF00
1FFE00
07F800
ENDCHAR
STARTCHAR V
ENCODING 86
SWIDTH 714 0
DWIDTH 23 0
BBX 21 22 1 0
BITMAP
F000F8
F800F8
7800F0
7C01F0
3C01E0
3C01E0
3E03E0
1E03C0
1F07C0
1F0780
0F0780
0F8F80
078F00
07CF00
07DE00
03DE00
03FE00
01FC00
01FC00
01F800
00F800
00F000
ENDCHAR
STARTCHAR W
ENCODING 87
SWIDTH 995 0
DWIDTH 32 0
BBX 30 22 1 0
BITMAP
F000003C
F000007C
F8000078
78078078
780780F8
7C0FC0F0
3C0FC0F0
3C1FC0F0
3E1FE1F0
1E1FE1E0
1E3DF1E0
1E3CF3E0
0F38F3C0
0F787BC0
0F787BC0
0F703F80
07F03F80
07E03F80
07E01F00
03E01F00
03C00F00
03C00E00
ENDCHAR
STARTCHAR X
ENCODING 88
SWIDTH 692 0
DWIDTH 22 0
BBX 22 22 0 0
BITMAP
7C00F8
3E01F0
1F01E0
1F83E0
0F87C0
07C780
03EF80
03FF00
01FE00
00FE00
00FC00
00FC00
01FE00
03FF00
03FF00
07CF80
0F87C0
0F07C0
1F03E0
3E01F0
3C01F8
FC00FC
ENDCHAR
STARTCHAR Y
ENCODING 89
SWIDTH 670 0
DWIDTH 21 0
BBX 21 22 0 0
BITMAP
FC00F8
7C01F0
3E01E0
1F03E0
0F03C0
0F8780
07CF80
03EF00
03FE00
01FE00
00FC00
007800
007800
007800
007800
007800
007800
007800
007800
007800
007800
007800
ENDCHAR
STARTCHAR Z
ENCODING 90
SWIDTH 668 0
DWIDTH 21 0
BBX 18 22 2 0
BITMAP
7FFF80
7FFF80
7FFF80
7FFF00
001F00
003E00
007C00
007C00
00F800
01F000
03E000
03E000
07C000
0F8000
1F0000
1F0000
3E0000
7C0000
FFFFC0
FFFFC0
FFFFC0
FFFFC0
ENDCHAR
STARTCHAR bracketleft
ENCODING 91
SWIDTH 409 0
DWIDTH 13 0
BBX 8 28 3 -6
BITMAP
FF
FF
FF
E0
E0
E0
E0
E0
E0
E0
E0
E0
E0
E0
E0
E0
E0
E0
E0
E0
E0
E0
E0
E0
E0
FF
FF
FF
ENDCHAR
STARTCHAR backslash
ENCODING 92
SWIDTH 567 0
DWIDTH 18 0
BBX 17 25 1 -3
BITMAP
F80000
780000
3C0000
3C0000
1E0000
1E0000
0F0000
0F0000
078000
078000
03C000
03C000
01C000
01E000
00E000
00F000
007000
007800
003800
003C00
001C00
001E00
000E00
000F00
000F80
ENDCHAR
STARTCHAR bracketright
ENCODING 93
SWIDTH 409 0
DWIDTH 13 0
BBX 9 28 2 -6
BITMAP
FF80
FF80
FF80
0780
0780
0780
0780
0780
0780
0780
0780
0780
0780
0780
0780
0780
0780
0780
0780
0780
0780
0780
0780
0780
0780
FF80
FF80
FF80
ENDCHAR
STARTCHAR asciicircum
ENCODING 94
SWIDTH 584 0
DWIDTH 19 0
BBX 17 11 1 12
BITMAP
03E000
07E000
07F000
0FF000
0F7800
1E7C00
1E3C00
3C1E00
7C1E00
780F00
F00F80
ENDCHAR
STARTCHAR underscore
ENCODING 95
SWIDTH 689 0
DWIDTH 22 0
BBX 18 3 2 -5
BITMAP
FFFFC0
FFFFC0
FFFFC0
ENDCHAR
STARTCHAR grave
ENCODING 96
SWIDTH 500 0
DWIDTH 16 0
BBX 8 6 4 19
BITMAP
20
78
FC
3F
0E
02
ENDCHAR
STARTCHAR a
ENCODING 97
SWIDTH 642 0
DWIDTH 21 0
BBX 17 17 1 0
BITMAP
07E780
1FF780
3FFF80
7E3F80
7C0F80
780780
F00780
F00780
F00780
F00780
F00780
780780
7C0F80
7E1F80
3FFF80
1FF780
0FE780
ENDCHAR
STARTCHAR b
ENCODING 98
SWIDTH 640 0
DWIDTH 20 0
BBX 17 24 2 0
BITMAP
F00000
F00000
F00000
F00000
F00000
F00000
F00000
F1F800
F7FC00
FFFE00
FE3F00
FC0F00
F80780
F00780
F00780
F00780
F00780
F00780
F80780
FC0F80
FE1F00
FFFE00
F7FC00
F3F800
ENDCHAR
STARTCHAR c
ENCODING 99
SWIDTH 539 0
DWIDTH 17 0
BBX 16 17 1 0
BITMAP
07F0
1FFC
3FFE
3E3F
7C0C
7804
F000
F000
F000
F000
F000
7804
7C0C
3E1E
3FFF
1FFC
07F0
ENDCHAR
STARTCHAR d
ENCODING 100
SWIDTH 641 0
DWIDTH 21 0
BBX 17 24 1 0
BITMAP
000780
000780
000780
000780
000780
000780
000780
07E780
1FFF80
3FFF80
3E1F80
7C0F80
780780
F00780
F00780
F00380
F00780
F00780
780780
7C0F80
7E1F80
3FFF80
1FFF80
07E380
ENDCHAR
STARTCHAR e
ENCODING 101
SWIDTH 586 0
DWIDTH 19 0
BBX 17 17 1 0
BITMAP
07F000
1FFC00
3FFE00
3E3E00
780F00
780F00
F00700
FFFF80
FFFF80
F00000
F00000
780000
7C0400
3F0E00
3FFF00
1FFE00
07F800
ENDCHAR
STARTCHAR f
ENCODING 102
SWIDTH 393 0
DWIDTH 13 0
BBX 12 24 1 0
BITMAP
01C0
07F0
0FE0
1FE0
1E20
1E00
1E00
FFE0
FFE0
FFE0
FFE0
1E00
1E00
1E00
1E00
1E00
1E00
1E00
1E00
1E00
1E00
1E00
1E00
1E00
ENDCHAR
STARTCHAR g
ENCODING 103
SWIDTH 656 0
DWIDTH 21 0
BBX 18 24 1 -7
BITMAP
07F3C0
1FFBC0
3FFFC0
3E1FC0
7C0FC0
7807C0
F803C0
F003C0
F003C0
F003C0
F003C0
7807C0
7C0FC0
3E1FC0
3FFFC0
1FFBC0
07E3C0
0003C0
000780
100780
1C1F80
3FFF00
3FFE00
0FF800
ENDCHAR
STARTCHAR h
ENCODING 104
SWIDTH 609 0
DWIDTH 19 0
BBX 15 24 2 0
BITMAP
F000
F000
F000
F000
F000
F000
F000
F1F8
F7FC
FFFE
FE3E
F81E
F01E
F01E
F01E
F01E
F01E
F01E
F01E
F01E
F01E
F01E
F01E
F01E
ENDCHAR
STARTCHAR i
ENCODING 105
SWIDTH 293 0
DWIDTH 9 0
BBX 5 25 2 0
BITMAP
70
F8
F8
F8
20
00
00
00
78
78
78
78
78
78
78
78
78
78
78
78
78
78
78
78
78
ENDCHAR
STARTCHAR j
ENCODING 106
SWIDTH 283 0
DWIDTH 9 0
BBX 8 31 -1 -6
BITMAP
0F
1F
1F
0F
04
00
00
00
0F
0F
0F
0F
0F
0F
0F
0F
0F
0F
0F
0F
0F
0F
0F
0F
0F
0F
1F
1E
FE
FC
78
ENDCHAR
STARTCHAR k
ENCODING 107
SWIDTH 589 0
DWIDTH 19 0
BBX 17 24 2 0
BITMAP
F00000
F00000
F00000
F00000
F00000
F00000
F00000
F01F00
F03E00
F07C00
F0F800
F1F000
F3E000
F7C000
FF8000
FF8000
FFC000
FBE000
F1F000
F0F800
F07C00
F03C00
F03E00
F01F80
ENDCHAR
STARTCHAR l
ENCODING 108
SWIDTH 270 0
DWIDTH 9 0
BBX 4 24 2 0
BITMAP
F0
F0
F0
F0
F0
F0
F0
F0
F0
F0
F0
F0
F0
F0
F0
F0
F0
F0
F0
F0
F0
F0
F0
F0
ENDCHAR
STARTCHAR m
ENCODING 109
SWIDTH 936 0
DWIDTH 30 0
BBX 26 17 2 0
BITMAP
F1F07E00
F7F8FF00
FFFDFF80
FE7FCF80
F83F07C0
F01E03C0
F01E03C0
F01E03C0
F01E03C0
F01E03C0
F01E03C0
F01E03C0
F01E03C0
F01E03C0
F01E03C0
F01E03C0
F01E03C0
ENDCHAR
STARTCHAR n
ENCODING 110
SWIDTH 609 0
DWIDTH 19 0
BBX 15 17 2 0
BITMAP
F1F8
F7FC
FFFE
FE3E
F81E
F01E
F01E
F01E
F01E
F01E
F01E
F01E
F01E
F01E
F01E
F01E
F01E
ENDCHAR
STARTCHAR o
ENCODING 111
SWIDTH 624 0
DWIDTH 20 0
BBX 18 17 1 0
BITMAP
07F800
0FFC00
3FFF00
3E3F00
7C0F80
780780
F807C0
F003C0
F003C0
F003C0
F807C0
780780
7C0F80
3E1F00
3FFF00
1FFC00
07F800
ENDCHAR
STARTCHAR p
ENCODING 112
SWIDTH 641 0
DWIDTH 21 0
BBX 17 24 2 -7
BITMAP
F1F800
F7FC00
FFFE00
FE3F00
FC0F80
F80780
F00780
F00780
F00780
F00780
F00780
F80780
FC0F80
FE3F00
FFFE00
F7FC00
F3F800
F00000
F00000
F00000
F00000
F00000
F00000
F00000
ENDCHAR
STARTCHAR q
ENCODING 113
SWIDTH 640 0
DWIDTH 20 0
BBX 17 24 1 -7
BITMAP
07E780
1FFF80
3FFF80
7E3F80
7C0F80
780780
F00780
F00780
F00780
F00780
F00780
780780
780F80
7E3F80
3FFF80
1FFF80
07E780
000780
000780
000780
000780
000780
000780
000780
ENDCHAR
STARTCHAR r
ENCODING 114
SWIDTH 421 0
DWIDTH 13 0
BBX 11 17 2 0
BITMAP
F1E0
F7E0
F7E0
FFC0
FC00
F800
F800
F000
F000
F000
F000
F000
F000
F000
F000
F000
F000
ENDCHAR
STARTCHAR s
ENCODING 115
SWIDTH 485 0
DWIDTH 16 0
BBX 13 17 1 0
BITMAP
1FC0
3FF0
7FF8
7870
F010
7800
7C00
7FC0
3FF0
0FF8
01F8
0078
2038
7078
FFF8
7FF0
1FC0
ENDCHAR
STARTCHAR t
ENCODING 116
SWIDTH 389 0
DWIDTH 12 0
BBX 11 21 1 0
BITMAP
1E00
1E00
1E00
1E00
FFE0
FFE0
FFE0
FFE0
1E00
1E00
1E00
1E00
1E00
1E00
1E00
1E00
1E00
1E00
1E00
1E00
1E00
ENDCHAR
STARTCHAR u
ENCODING 117
SWIDTH 618 0
DWIDTH 20 0
BBX 15 17 2 0
BITMAP
F00E
F00E
F00E
F00E
F00E
F00E
F00E
F00E
F00E
F00E
F00E
F01E
F81E
7C3E
7FFE
3FEE
1F8E
ENDCHAR
STARTCHAR v
ENCODING 118
SWIDTH 584 0
DWIDTH 19 0
BBX 17 17 1 0
BITMAP
F00780
F00F80
780F00
780F00
7C1E00
3C1E00
3C3C00
1E3C00
1E3800
0E7800
0F7800
0FF000
07F000
07E000
03E000
03C000
01C000
ENDCHAR
STARTCHAR w
ENCODING 119
SWIDTH 812 0
DWIDTH 26 0
BBX 24 17 1 0
BITMAP
F0000F
F0000F
F0000F
783C1E
783C1E
783C1E
3C7E3C
3C7E3C
3CFF3C
1EE778
1FE7F8
1FC3F8
0FC3F0
0FC3F0
0F81F0
0781E0
0700E0
ENDCHAR
STARTCHAR x
ENCODING 120
SWIDTH 578 0
DWIDTH 19 0
BBX 17 17 1 0
BITMAP
F80F00
781F00
7C3E00
3E3C00
1F7800
0F7800
0FF000
07E000
03E000
07E000
0FF000
0FF800
1E7C00
3E3C00
7C3E00
781F00
F80F80
ENDCHAR
STARTCHAR y
ENCODING 121
SWIDTH 595 0
DWIDTH 19 0
BBX 19 24 0 -7
BITMAP
F803E0
7803C0
7C07C0
3C0780
3E0780
1E0F80
1E0F00
1F0F00
0F1E00
0F9E00
079E00
07FC00
03FC00
03F800
01F800
01F000
01F000
00F000
01E000
01E000
01C000
03C000
03C000
078000
ENDCHAR
STARTCHAR z
ENCODING 122
SWIDTH 507 0
DWIDTH 16 0
BBX 13 17 2 0
BITMAP
FFF8
FFF8
FFF8
00F0
01E0
03E0
07C0
0780
0F00
1F00
3E00
3C00
7800
F800
FFF8
FFF8
FFF8
ENDCHAR
STARTCHAR braceleft
ENCODING 123
SWIDTH 416 0
DWIDTH 13 0
BBX 12 28 1 -6
BITMAP
00E0
03E0
07F0
0780
0700
0700
0700
0700
0700
0700
0F00
0F00
FE00
FC00
FC00
FE00
0F00
0F00
0700
0700
0700
0700
0700
0700
0780
07F0
03E0
00E0
ENDCHAR
STARTCHAR bar
ENCODING 124
SWIDTH 262 0
DWIDTH 8 0
BBX 4 30 2 -6
BITMAP
F0
F0
F0
F0
F0
F0
F0
F0
F0
F0
F0
F0
F0
F0
F0
F0
F0
F0
F0
F0
F0
F0
F0
F0
F0
F0
F0
F0
F0
F0
ENDCHAR
STARTCHAR braceright
ENCODING 125
SWIDTH 416 0
DWIDTH 13 0
BBX 11 28 1 -6
BITMAP
F000
F800
FC00
3C00
1E00
1E00
1E00
1E00
1E00
1E00
1E00
0E00
0FE0
07E0
07E0
0FE0
0E00
1E00
1E00
1E00
1E00
1E00
1E00
1E00
3C00
FC00
F800
F000
ENDCHAR
STARTCHAR asciitilde
ENCODING 126
SWIDTH 527 0
DWIDTH 17 0
BBX 15 5 1 7
BITMAP
3E0E
7FDE
7FFC
F3FC
E0F8
ENDCHAR
STARTCHAR uni00A0
ENCODING 160
SWIDTH 294 0
DWIDTH 9 0
BBX 1 1 0 0
BITMAP
00
ENDCHAR
STARTCHAR exclamdown
ENCODING 161
SWIDTH 262 0
DWIDTH 8 0
BBX 5 23 2 -6
BITMAP
F0
F0
F8
F0
60
00
00
00
60
60
60
F0
F0
F0
F0
F0
F0
F0
F0
F0
F0
F0
F0
ENDCHAR
STARTCHAR cent
ENCODING 162
SWIDTH 545 0
DWIDTH 17 0
BBX 16 22 1 0
BITMAP
01C0
01C0
03F0
0FFC
1FFE
3FFF
7DCE
79C4
79C0
F1C0
F1C0
F1C0
F1C0
79C0
7DC4
3FDE
3FFF
1FFE
07F8
01C0
01C0
01C0
ENDCHAR
STARTCHAR sterling
ENCODING 163
SWIDTH 620 0
DWIDTH 20 0
BBX 18 24 1 -1
BITMAP
00F800
07FE00
0FFF00
0FFF00
1F0C00
1E0000
1C0000
1C0000
1C0000
1E0000
FFFC00
FFFC00
FFFC00
0F0000
0F0000
0F0000
070000
070000
0F0000
3F8080
FFFF80
FFFFC0
70FF80
001E00
ENDCHAR
STARTCHAR currency
ENCODING 164
SWIDTH 554 0
DWIDTH 18 0
BBX 15 15 1 2
BITMAP
200C
799E
FFFE
7FFC
3FF8
3C3C
3C3C
383C
3C3C
3C3C
3FFC
7FFE
7FFE
300C
1000
ENDCHAR
STARTCHAR yen
ENCODING 165
SWIDTH 670 0
DWIDTH 21 0
BBX 21 22 0 0
BITMAP
FC00F8
7C01F0
3E01E0
1F03E0
0F03C0
0F8780
07CF80
03EF00
03FE00
01FE00
00FC00
007800
07FFC0
07FFC0
007FC0
007800
07FFC0
07FFC0
07FFC0
007800
007800
007800
ENDCHAR
STARTCHAR brokenbar
ENCODING 166
SWIDTH 269 0
DWIDTH 9 0
BBX 4 30 2 -6
BITMAP
F0
F0
F0
F0
F0
F0
F0
F0
F0
F0
F0
F0
F0
00
00
00
00
00
F0
F0
F0
F0
F0
F0
F0
F0
F0
F0
F0
F0
ENDCHAR
STARTCHAR section
ENCODING 167
SWIDTH 558 0
DWIDTH 18 0
BBX 16 27 1 -4
BITMAP
03E0
0FF8
1FFE
3F7C
3C08
3C00
3C00
3E00
1FC0
1FF8
3FFC
7DFE
783F
F00F
F80F
7C0E
7FFE
3FFC
0FF8
01FC
003C
001E
201E
783C
7FFC
3FF8
0FF0
ENDCHAR
STARTCHAR dieresis
ENCODING 168
SWIDTH 500 0
DWIDTH 16 0
BBX 12 5 2 20
BITMAP
70E0
F9F0
F9F0
F9F0
30C0
ENDCHAR
STARTCHAR copyright
ENCODING 169
SWIDTH 788 0
DWIDTH 25 0
BBX 23 23 1 0
BITMAP
007C00
03FF80
07FFC0
0F00F0
1C0078
383C38
70FF1C
61FF0C
63E60E
E3800E
C78006
C78006
C78006
E78006
E3C10E
63FF0E
71FF1C
70FF1C
380038
1E0070
0F81E0
07FFC0
01FF00
ENDCHAR
STARTCHAR ordfeminine
ENCODING 170
SWIDTH 374 0
DWIDTH 12 0
BBX 10 10 1 13
BITMAP
3DC0
7FC0
F7C0
E3C0
E1C0
E1C0
E1C0
E3C0
FFC0
7DC0
ENDCHAR
STARTCHAR guillemotleft
ENCODING 171
SWIDTH 513 0
DWIDTH 16 0
BBX 15 14 0 1
BITMAP
060C
0F1E
1E3C
1C38
3C78
78F0
F1E0
78F0
3C78
3C78
1E3C
0F1E
060C
0408
ENDCHAR
STARTCHAR logicalnot
ENCODING 172
SWIDTH 670 0
DWIDTH 21 0
BBX 19 9 1 4
BITMAP
FFFFE0
FFFFE0
FFFFE0
FFFFE0
0001E0
0001E0
0001E0
0001E0
0001E0
ENDCHAR
STARTCHAR uni00AD
ENCODING 173
SWIDTH 415 0
DWIDTH 13 0
BBX 10 4 2 7
BITMAP
FFC0
FFC0
FFC0
FFC0
ENDCHAR
STARTCHAR registered
ENCODING 174
SWIDTH 507 0
DWIDTH 16 0
BBX 15 15 1 8
BITMAP
07C0
1FF0
3878
701C
EFCC
CCCE
CCC6
CFC6
CD86
CCCE
ECCC
603C
3838
1FF0
07C0
ENDCHAR
STARTCHAR macron
ENCODING 175
SWIDTH 424 0
DWIDTH 14 0
BBX 10 3 3 20
BITMAP
FFC0
FFC0
FFC0
ENDCHAR
STARTCHAR degree
ENCODING 176
SWIDTH 532 0
DWIDTH 17 0
BBX 11 10 3 13
BITMAP
0E00
3F80
7FC0
71C0
E0E0
E0E0
60E0
71C0
3F80
1F00
ENDCHAR
STARTCHAR plusminus
ENCODING 177
SWIDTH 603 0
DWIDTH 19 0
BBX 16 18 2 0
BITMAP
03C0
03C0
03C0
03C0
03C0
FFFE
FFFE
FFFE
FFFE
03C0
03C0
03C0
03C0
0000
0000
FFFF
FFFF
FFFF
ENDCHAR
STARTCHAR uni00B2
ENCODING 178
SWIDTH 353 0
DWIDTH 11 0
BBX 9 12 1 13
BITMAP
1E00
3F00
7F80
E380
2380
0700
0E00
1C00
3800
7000
7F80
7F80
ENDCHAR
STARTCHAR uni00B3
ENCODING 179
SWIDTH 347 0
DWIDTH 11 0
BBX 8 11 2 14
BITMAP
FE
FE
1C
38
7C
7E
0F
07
8F
FE
FC
ENDCHAR
STARTCHAR acute
ENCODING 180
SWIDTH 500 0
DWIDTH 16 0
BBX 8 6 4 19
BITMAP
04
1E
3F
7C
F0
40
ENDCHAR
STARTCHAR uni00B5
ENCODING 181
SWIDTH 605 0
DWIDTH 19 0
BBX 15 22 2 -5
BITMAP
F01E
F01E
F01E
F01E
F01E
F01E
F01E
F01E
F01E
F01E
F01E
F01E
F83E
FC7E
FFFE
FFFE
FFDE
F000
F000
F000
F000
F000
ENDCHAR
STARTCHAR paragraph
ENCODING 182
SWIDTH 730 0
DWIDTH 23 0
BBX 19 22 1 0
BITMAP
0FFFE0
3FFFE0
3FFFE0
7FE1E0
7FE1E0
7FE1E0
FFE1E0
7FE1E0
7FE1E0
7FE1E0
3FE1E0
3FE1E0
0FE1E0
01E1E0
01E1E0
01E1E0
01E1E0
01E1E0
01E1E0
01E1E0
01E1E0
01E1E0
ENDCHAR
STARTCHAR periodcentered
ENCODING 183
SWIDTH 238 0
DWIDTH 8 0
BBX 5 5 1 8
BITMAP
30
78
F8
F8
78
ENDCHAR
STARTCHAR cedilla
ENCODING 184
SWIDTH 500 0
DWIDTH 16 0
BBX 6 9 5 -8
BITMAP
30
70
60
F8
3C
1C
3C
F8
E0
ENDCHAR
STARTCHAR uni00B9
ENCODING 185
SWIDTH 284 0
DWIDTH 9 0
BBX 6 11 1 14
BITMAP
3C
FC
7C
5C
1C
1C
1C
1C
1C
1C
1C
ENDCHAR
STARTCHAR ordmasculine
ENCODING 186
SWIDTH 370 0
DWIDTH 12 0
BBX 10 10 1 13
BITMAP
1E00
7F00
7F80
E3C0
E1C0
E1C0
E1C0
F3C0
7F80
3F00
ENDCHAR
STARTCHAR guillemotright
ENCODING 187
SWIDTH 517 0
DWIDTH 17 0
BBX 15 14 1 1
BITMAP
60C0
F1E0
78F0
3C78
3C78
1E3C
0F1E
1E3C
1E3C
3C78
78F0
F1E0
60C0
2040
ENDCHAR
STARTCHAR onequarter
ENCODING 188
SWIDTH 803 0
DWIDTH 26 0
BBX 23 23 1 0
BITMAP
3C0008
FC0070
7C00F0
5C01E0
1C01C0
1C03C0
1C0780
1C0700
1C0F00
1C1E00
1C1C00
003C18
007838
007078
00F0F8
01E1D8
01C1D8
03C398
0787FE
0703FE
0F03FE
1E0038
3C0038
ENDCHAR
STARTCHAR onehalf
ENCODING 189
SWIDTH 800 0
DWIDTH 26 0
BBX 24 23 1 0
BITMAP
3C0008
FC0070
7C00F0
5C01E0
1C01C0
1C03C0
1C0780
1C0700
1C0F00
1C1E00
1C1C00
003C3C
00787E
0070FF
00F1C7
01E047
01C00E
03C01C
078038
070070
0F00E0
1E00FF
3C00FF
ENDCHAR
STARTCHAR threequarters
ENCODING 190
SWIDTH 812 0
DWIDTH 26 0
BBX 24 22 1 0
BITMAP
FE003C
FE0078
1C00F0
3800E0
7C01E0
7E03C0
0F0380
070780
8F0F00
FE0E00
FC1E0C
003C1C
00383C
00787C
00F0EC
00E0EC
01E1CC
03C3FF
0381FF
0781FF
0F001C
1E001C
ENDCHAR
STARTCHAR questiondown
ENCODING 191
SWIDTH 520 0
DWIDTH 17 0
BBX 14 23 1 -6
BITMAP
03C0
07C0
07C0
07C0
0180
0000
0000
0380
0380
0780
1FC0
3F80
7E00
F800
F000
F000
F018
F03C
F87C
7FF8
7FF0
1FE0
0700
ENDCHAR
STARTCHAR Agrave
ENCODING 192
SWIDTH 698 0
DWIDTH 22 0
BBX 21 30 1 0
BITMAP
010000
01C000
01F000
03F800
007C00
000800
000000
000000
00F800
01F800
01F800
01FC00
03FC00
03FC00
039E00
079E00
079F00
0F0F00
0F0F00
0F0780
1E0780
1FFFC0
3FFFC0
3FFFC0
3FFFE0
7801E0
7801E0
F800F0
F000F0
F000F8
ENDCHAR
STARTCHAR Aacute
ENCODING 193
SWIDTH 698 0
DWIDTH 22 0
BBX 21 30 1 0
BITMAP
000400
001C00
003C00
00FE00
01F000
008000
000000
000000
00F800
01F800
01F800
01FC00
03FC00
03FC00
039E00
079E00
079F00
0F0F00
0F0F00
0F0780
1E0780
1FFFC0
3FFFC0
3FFFC0
3FFFE0
7801E0
7801E0
F800F0
F000F0
F000F8
ENDCHAR
STARTCHAR Acircumflex
ENCODING 194
SWIDTH 698 0
DWIDTH 22 0
BBX 21 29 1 0
BITMAP
00F000
01F800
03FC00
079E00
020400
000000
000000
00F800
01F800
01F800
01FC00
03FC00
03FC00
039E00
079E00
079F00
0F0F00
0F0F00
0F0780
1E0780
1FFFC0
3FFFC0
3FFFC0
3FFFE0
7801E0
7801E0
F800F0
F000F0
F000F8
ENDCHAR
STARTCHAR Atilde
ENCODING 195
SWIDTH 698 0
DWIDTH 22 0
BBX 21 29 1 0
BITMAP
008700
07E700
07FE00
0E7E00
000000
000000
000000
00F800
01F800
01F800
01FC00
03FC00
03FC00
039E00
079E00
079F00
0F0F00
0F0F00
0F0780
1E0780
1FFFC0
3FFFC0
3FFFC0
3FFFE0
7801E0
7801E0
F800F0
F000F0
F000F8
ENDCHAR
STARTCHAR Adieresis
ENCODING 196
SWIDTH 698 0
DWIDTH 22 0
BBX 21 29 1 0
BITMAP
070E00
0F9F00
0F9F00
0F9F00
070E00
000000
000000
00F800
01F800
01F800
01FC00
03FC00
03FC00
039E00
079E00
079F00
0F0F00
0F0F00
0F0780
1E0780
1FFFC0
3FFFC0
3FFFC0
3FFFE0
7801E0
7801E0
F800F0
F000F0
F000F8
ENDCHAR
STARTCHAR Aring
ENCODING 197
SWIDTH 698 0
DWIDTH 22 0
BBX 21 29 1 0
BITMAP
00F000
01F800
039C00
039C00
039C00
01F800
00F000
00F800
01F800
01F800
01FC00
03FC00
03FC00
039E00
079E00
079F00
0F0F00
0F0F00
0F0780
1E0780
1FFFC0
3FFFC0
3FFFC0
3FFFE0
7801E0
7801E0
F800F0
F000F0
F000F8
ENDCHAR
STARTCHAR AE
ENCODING 198
SWIDTH 1007 0
DWIDTH 32 0
BBX 30 22 0 0
BITMAP
0001FFFC
0003FFFC
0003FFFC
0007E000
000FE000
001FE000
001EE000
003CE000
007CE000
0078FFF8
00F0FFF8
01F0FFF8
01E0E000
03C0E000
07FFE000
07FFE000
0FFFE000
1E00E000
3E00FFFC
3C00FFFC
7800FFFC
F800FFFC
ENDCHAR
STARTCHAR Ccedilla
ENCODING 199
SWIDTH 684 0
DWIDTH 22 0
BBX 20 31 1 -8
BITMAP
003C00
01FF80
07FFC0
0FFFE0
1FC7F0
3F01E0
3E0040
7C0000
780000
780000
780000
F80000
F80000
780000
780000
7C0000
7C0000
3E0040
3F81E0
1FFFE0
0FFFF0
07FFC0
01FF00
007000
006000
00F800
003C00
001C00
003C00
00F800
00E000
ENDCHAR
STARTCHAR Egrave
ENCODING 200
SWIDTH 625 0
DWIDTH 20 0
BBX 15 30 3 0
BITMAP
0800
0E00
0F80
1FC0
03E0
0040
0000
0000
FFFE
FFFE
FFFE
F000
F000
F000
F000
F000
F000
FFF8
FFF8
FFF8
F000
F000
F000
F000
F000
F000
FFFE
FFFE
FFFE
FFFE
ENDCHAR
STARTCHAR Eacute
ENCODING 201
SWIDTH 625 0
DWIDTH 20 0
BBX 15 30 3 0
BITMAP
0020
00E0
01E0
07F0
0F80
0400
0000
0000
FFFE
FFFE
FFFE
F000
F000
F000
F000
F000
F000
FFF8
FFF8
FFF8
F000
F000
F000
F000
F000
F000
FFFE
FFFE
FFFE
FFFE
ENDCHAR
STARTCHAR Ecircumflex
ENCODING 202
SWIDTH 625 0
DWIDTH 20 0
BBX 15 29 3 0
BITMAP
03C0
07E0
0FF0
1E78
0810
0000
0000
FFFE
FFFE
FFFE
F000
F000
F000
F000
F000
F000
FFF8
FFF8
FFF8
F000
F000
F000
F000
F000
F000
FFFE
FFFE
FFFE
FFFE
ENDCHAR
STARTCHAR Edieresis
ENCODING 203
SWIDTH 625 0
DWIDTH 20 0
BBX 15 29 3 0
BITMAP
1C38
3E7C
3E7C
3E7C
1C38
0000
0000
FFFE
FFFE
FFFE
F000
F000
F000
F000
F000
F000
FFF8
FFF8
FFF8
F000
F000
F000
F000
F000
F000
FFFE
FFFE
FFFE
FFFE
ENDCHAR
STARTCHAR Igrave
ENCODING 204
SWIDTH 505 0
DWIDTH 16 0
BBX 12 30 2 0
BITMAP
1000
1C00
1F00
3F80
07C0
0080
0000
0000
FFF0
FFF0
FFF0
0F00
0F00
0F00
0F00
0F00
0F00
0F00
0F00
0F00
0F00
0F00
0F00
0F00
0F00
0F00
FFF0
FFF0
FFF0
FFF0
ENDCHAR
STARTCHAR Iacute
ENCODING 205
SWIDTH 505 0
DWIDTH 16 0
BBX 12 30 2 0
BITMAP
0040
01C0
03C0
0FE0
1F00
0800
0000
0000
FFF0
FFF0
FFF0
0F00
0F00
0F00
0F00
0F00
0F00
0F00
0F00
0F00
0F00
0F00
0F00
0F00
0F00
0F00
FFF0
FFF0
FFF0
FFF0
ENDCHAR
STARTCHAR Icircumflex
ENCODING 206
SWIDTH 505 0
DWIDTH 16 0
BBX 12 29 2 0
BITMAP
0F00
1F80
3FC0
79E0
2040
0000
0000
FFF0
FFF0
FFF0
0F00
0F00
0F00
0F00
0F00
0F00
0F00
0F00
0F00
0F00
0F00
0F00
0F00
0F00
0F00
FFF0
FFF0
FFF0
FFF0
ENDCHAR
STARTCHAR Idieresis
ENCODING 207
SWIDTH 505 0
DWIDTH 16 0
BBX 12 29 2 0
BITMAP
70E0
F9F0
F9F0
F9F0
70E0
0000
0000
FFF0
FFF0
FFF0
0F00
0F00
0F00
0F00
0F00
0F00
0F00
0F00
0F00
0F00
0F00
0F00
0F00
0F00
0F00
FFF0
FFF0
FFF0
FFF0
ENDCHAR
STARTCHAR Eth
ENCODING 208
SWIDTH 757 0
DWIDTH 24 0
BBX 22 22 1 0
BITMAP
3FFF00
3FFF80
3FFFE0
3C0FE0
3C01F0
3C00F8
3C00F8
3C0078
3C007C
FFC07C
FFC07C
FFC07C
3C007C
3C0078
3C0078
3C00F8
3C01F8
3C03F0
3FFFE0
3FFFC0
3FFF80
3FFE00
ENDCHAR
STARTCHAR Ntilde
ENCODING 209
SWIDTH 798 0
DWIDTH 26 0
BBX 20 29 3 0
BITMAP
008700
07E700
07FE00
0E7E00
000000
000000
000000
F001F0
F801F0
FC01F0
FE01F0
FE01F0
FF01F0
FF81F0
F7C1F0
F7C1F0
F3E1F0
F1F1F0
F0F8F0
F078F0
F07CF0
F03EF0
F01FF0
F00FF0
F00FF0
F007F0
F003F0
F001F0
F001F0
ENDCHAR
STARTCHAR Ograve
ENCODING 210
SWIDTH 793 0
DWIDTH 25 0
BBX 23 30 1 0
BITMAP
004000
007000
007C00
00FE00
001F00
000200
000000
007C00
03FF80
07FFE0
0FFFF0
1FC3F8
3F00F8
3E007C
7C007C
78003C
78003E
78001E
F8001E
F8001E
78003E
78003E
7C003C
7C007C
3E00F8
3F01F8
1FFFF0
0FFFE0
07FFC0
01FF00
ENDCHAR
STARTCHAR Oacute
ENCODING 211
SWIDTH 793 0
DWIDTH 25 0
BBX 23 30 1 0
BITMAP
000200
000E00
001E00
007F00
00F800
004000
000000
007C00
03FF80
07FFE0
0FFFF0
1FC3F8
3F00F8
3E007C
7C007C
78003C
78003E
78001E
F8001E
F8001E
78003E
78003E
7C003C
7C007C
3E00F8
3F01F8
1FFFF0
0FFFE0
07FFC0
01FF00
ENDCHAR
STARTCHAR Ocircumflex
ENCODING 212
SWIDTH 793 0
DWIDTH 25 0
BBX 23 29 1 0
BITMAP
003C00
007E00
00FF00
01E780
008100
000000
007C00
03FF80
07FFE0
0FFFF0
1FC3F8
3F00F8
3E007C
7C007C
78003C
78003E
78001E
F8001E
F8001E
78003E
78003E
7C003C
7C007C
3E00F8
3F01F8
1FFFF0
0FFFE0
07FFC0
01FF00
ENDCHAR
STARTCHAR Otilde
ENCODING 213
SWIDTH 793 0
DWIDTH 25 0
BBX 23 29 1 0
BITMAP
0021C0
01F9C0
01FF80
039F80
000000
000000
007C00
03FF80
07FFE0
0FFFF0
1FC3F8
3F00F8
3E007C
7C007C
78003C
78003E
78001E
F8001E
F8001E
78003E
78003E
7C003C
7C007C
3E00F8
3F01F8
1FFFF0
0FFFE0
07FFC0
01FF00
ENDCHAR
STARTCHAR Odieresis
ENCODING 214
SWIDTH 793 0
DWIDTH 25 0
BBX 23 29 1 0
BITMAP
01C380
03E7C0
03E7C0
03E7C0
01C380
000000
007C00
03FF80
07FFE0
0FFFF0
1FC3F8
3F00F8
3E007C
7C007C
78003C
78003E
78001E
F8001E
F8001E
78003E
78003E
7C003C
7C007C
3E00F8
3F01F8
1FFFF0
0FFFE0
07FFC0
01FF00
ENDCHAR
STARTCHAR multiply
ENCODING 215
SWIDTH 501 0
DWIDTH 16 0
BBX 14 14 1 2
BITMAP
2010
7038
F87C
7CF8
3FF0
1FE0
0FC0
0FC0
1FE0
3FF0
7CF8
F87C
7038
2010
ENDCHAR
STARTCHAR Oslash
ENCODING 216
SWIDTH 783 0
DWIDTH 25 0
BBX 23 25 1 -1
BITMAP
000008
007C1C
03FFBC
07FFF8
0FFFF0
1FC3F8
3F01F8
3C03FC
7C07FC
780F3C
780E3E
781C3E
F8381E
F8781E
78F03E
78E03E
7DC03C
7F807C
3F80F8
3F01F8
1FFFF0
1FFFE0
3FFFC0
71FF00
300000
ENDCHAR
STARTCHAR Ugrave
ENCODING 217
SWIDTH 749 0
DWIDTH 24 0
BBX 18 30 3 0
BITMAP
020000
038000
03E000
07F000
00F800
001000
000000
000000
F003C0
F003C0
F003C0
F003C0
F003C0
F003C0
F003C0
F003C0
F003C0
F003C0
F003C0
F003C0
F003C0
F003C0
F003C0
F003C0
F807C0
7C0F80
7FFF80
3FFF00
1FFE00
07F800
ENDCHAR
STARTCHAR Uacute
ENCODING 218
SWIDTH 749 0
DWIDTH 24 0
BBX 18 30 3 0
BITMAP
001000
007000
00F000
03F800
07C000
020000
000000
000000
F003C0
F003C0
F003C0
F003C0
F003C0
F003C0
F003C0
F003C0
F003C0
F003C0
F003C0
F003C0
F003C0
F003C0
F003C0
F003C0
F807C0
7C0F80
7FFF80
3FFF00
1FFE00
07F800
ENDCHAR
STARTCHAR Ucircumflex
ENCODING 219
SWIDTH 749 0
DWIDTH 24 0
BBX 18 29 3 0
BITMAP
01E000
03F000
07F800
0F3C00
040800
000000
000000
F003C0
F003C0
F003C0
F003C0
F003C0
F003C0
F003C0
F003C0
F003C0
F003C0
F003C0
F003C0
F003C0
F003C0
F003C0
F003C0
F807C0
7C0F80
7FFF80
3FFF00
1FFE00
07F800
ENDCHAR
STARTCHAR Udieresis
ENCODING 220
SWIDTH 749 0
DWIDTH 24 0
BBX 18 29 3 0
BITMAP
0E1C00
1F3E00
1F3E00
1F3E00
0E1C00
000000
000000
F003C0
F003C0
F003C0
F003C0
F003C0
F003C0
F003C0
F003C0
F003C0
F003C0
F003C0
F003C0
F003C0
F003C0
F003C0
F003C0
F807C0
7C0F80
7FFF80
3FFF00
1FFE00
07F800
ENDCHAR
STARTCHAR Yacute
ENCODING 221
SWIDTH 670 0
DWIDTH 21 0
BBX 21 30 0 0
BITMAP
000400
001C00
003C00
00FE00
01F000
008000
000000
800000
7C00F8
7C01F0
3E01E0
1F03E0
0F03C0
0F8780
07CF80
03EF00
03FE00
01FE00
00FC00
007800
007800
007800
007800
007800
007800
007800
007800
007800
007800
007800
ENDCHAR
STARTCHAR Thorn
ENCODING 222
SWIDTH 644 0
DWIDTH 21 0
BBX 16 22 3 0
BITMAP
F000
F000
F000
FF80
FFF8
FFFC
FFFE
F03F
F01F
F00F
F00F
F00F
F01F
F03F
FFFE
FFFC
FFF8
FFE0
F000
F000
F000
F000
ENDCHAR
STARTCHAR germandbls
ENCODING 223
SWIDTH 665 0
DWIDTH 21 0
BBX 19 23 1 0
BITMAP
03FC00
07FF00
0FFF00
0F0F80
1E0780
1E0780
1E0780
FE0F00
FE1E00
FE3E00
FE3F00
1E1F80
1E07C0
1E03E0
1E01E0
1E01E0
1E01E0
1E01E0
1E01E0
1E63E0
1E7FC0
1EFF80
1E7F00
ENDCHAR
STARTCHAR agrave
ENCODING 224
SWIDTH 642 0
DWIDTH 21 0
BBX 17 25 1 0
BITMAP
010000
03C000
07E000
01F800
007000
001000
000000
000000
07E780
1FF780
3FFF80
7E3F80
7C0F80
780780
F00780
F00780
F00780
F00780
F00780
780780
7C0F80
7E1F80
3FFF80
1FF780
0FE780
ENDCHAR
STARTCHAR aacute
ENCODING 225
SWIDTH 642 0
DWIDTH 21 0
BBX 17 25 1 0
BITMAP
002000
00F000
01F800
03E000
078000
020000
000000
000000
07E780
1FF780
3FFF80
7E3F80
7C0F80
780780
F00780
F00780
F00780
F00780
F00780
780780
7C0F80
7E1F80
3FFF80
1FF780
0FE780
ENDCHAR
STARTCHAR acircumflex
ENCODING 226
SWIDTH 642 0
DWIDTH 21 0
BBX 17 24 1 0
BITMAP
01E000
03F000
07F800
0E1C00
040800
000000
000000
07E780
1FF780
3FFF80
7E3F80
7C0F80
780780
F00780
F00780
F00780
F00780
F00780
780780
7C0F80
7E1F80
3FFF80
1FF780
0FE780
ENDCHAR
STARTCHAR atilde
ENCODING 227
SWIDTH 642 0
DWIDTH 21 0
BBX 17 24 1 0
BITMAP
078C00
0FDC00
0FFC00
0C7800
000000
000000
000000
07E780
1FF780
3FFF80
7E3F80
7C0F80
780780
F00780
F00780
F00780
F00780
F00780
780780
7C0F80
7E1F80
3FFF80
1FF780
0FE780
ENDCHAR
STARTCHAR adieresis
ENCODING 228
SWIDTH 642 0
DWIDTH 21 0
BBX 17 25 1 0
BITMAP
0E1C00
1F3E00
1F3E00
1F3E00
061800
000000
000000
000000
07E780
1FF780
3FFF80
7E3F80
7C0F80
780780
F00780
F00780
F00780
F00780
F00780
780780
7C0F80
7E1F80
3FFF80
1FF780
0FE780
ENDCHAR
STARTCHAR aring
ENCODING 229
SWIDTH 642 0
DWIDTH 21 0
BBX 17 26 1 0
BITMAP
01E000
03F000
073800
073800
033000
03F000
00C000
000000
000000
07E780
1FF780
3FFF80
7E3F80
7C0F80
780780
F00780
F00780
F00780
F00780
F00780
780780
7C0F80
7E1F80
3FFF80
1FF780
0FE780
ENDCHAR
STARTCHAR ae
ENCODING 230
SWIDTH 899 0
DWIDTH 29 0
BBX 27 17 1 0
BITMAP
0FF0FC00
3FFBFF00
7FFFFF80
7C7F8F80
303F03C0
001E03C0
001C01C0
1FFFFFE0
3FFFFFE0
7FFFFFE0
F81E0000
F01E0000
F03F0080
F87FC380
7FF7FFC0
7FE3FF80
1F81FE00
ENDCHAR
STARTCHAR ccedilla
ENCODING 231
SWIDTH 539 0
DWIDTH 17 0
BBX 16 25 1 -8
BITMAP
07F0
1FFC
3FFE
3E3F
7C0C
7804
F000
F000
F000
F000
F000
7804
7C0C
3E1E
3FFF
1FFC
07F0
01C0
0180
03E0
00F0
0070
00F0
03E0
0380
ENDCHAR
STARTCHAR egrave
ENCODING 232
SWIDTH 586 0
DWIDTH 19 0
BBX 17 25 1 0
BITMAP
020000
078000
0FC000
03F000
00E000
002000
000000
000000
07F000
1FFC00
3FFE00
3E3E00
780F00
780F00
F00700
FFFF80
FFFF80
F00000
F00000
780000
7C0400
3F0E00
3FFF00
1FFE00
07F800
ENDCHAR
STARTCHAR eacute
ENCODING 233
SWIDTH 586 0
DWIDTH 19 0
BBX 17 25 1 0
BITMAP
002000
00F000
01F800
03E000
078000
020000
000000
000000
07F000
1FFC00
3FFE00
3E3E00
780F00
780F00
F00700
FFFF80
FFFF80
F00000
F00000
780000
7C0400
3F0E00
3FFF00
1FFE00
07F800
ENDCHAR
STARTCHAR ecircumflex
ENCODING 234
SWIDTH 586 0
DWIDTH 19 0
BBX 17 24 1 0
BITMAP
01E000
03F000
07F800
0E1C00
040800
000000
000000
07F000
1FFC00
3FFE00
3E3E00
780F00
780F00
F00700
FFFF80
FFFF80
F00000
F00000
780000
7C0400
3F0E00
3FFF00
1FFE00
07F800
ENDCHAR
STARTCHAR edieresis
ENCODING 235
SWIDTH 586 0
DWIDTH 19 0
BBX 17 25 1 0
BITMAP
0E1C00
1F3E00
1F3E00
1F3E00
061800
000000
000000
000000
07F000
1FFC00
3FFE00
3E3E00
780F00
780F00
F00700
FFFF80
FFFF80
F00000
F00000
780000
7C0400
3F0E00
3FFF00
1FFE00
07F800
ENDCHAR
STARTCHAR igrave
ENCODING 236
SWIDTH 259 0
DWIDTH 8 0
BBX 8 25 -1 0
BITMAP
20
78
FC
3F
0E
02
00
00
1E
1E
1E
1E
1E
1E
1E
1E
1E
1E
1E
1E
1E
1E
1E
1E
1E
ENDCHAR
STARTCHAR iacute
ENCODING 237
SWIDTH 259 0
DWIDTH 8 0
BBX 8 25 0 0
BITMAP
04
1E
3F
7C
F0
40
00
00
3C
3C
3C
3C
3C
3C
3C
3C
3C
3C
3C
3C
3C
3C
3C
3C
3C
ENDCHAR
STARTCHAR icircumflex
ENCODING 238
SWIDTH 259 0
DWIDTH 8 0
BBX 10 24 -1 0
BITMAP
1E00
3F00
7F80
E1C0
4080
0000
0000
1E00
1E00
1E00
1E00
1E00
1E00
1E00
1E00
1E00
1E00
1E00
1E00
1E00
1E00
1E00
1E00
1E00
ENDCHAR
STARTCHAR idieresis
ENCODING 239
SWIDTH 259 0
DWIDTH 8 0
BBX 12 25 -2 0
BITMAP
70E0
F9F0
F9F0
F9F0
30C0
0000
0000
0000
0F00
0F00
0F00
0F00
0F00
0F00
0F00
0F00
0F00
0F00
0F00
0F00
0F00
0F00
0F00
0F00
0F00
ENDCHAR
STARTCHAR eth
ENCODING 240
SWIDTH 582 0
DWIDTH 19 0
BBX 16 24 1 0
BITMAP
0200
0780
0FE6
03FE
03FC
0FFC
0E3C
03DE
0FFE
1FFF
3FFF
7C1F
780F
F00F
F007
F007
F007
F00F
780F
781E
3E3E
3FFC
1FF8
07F0
ENDCHAR
STARTCHAR ntilde
ENCODING 241
SWIDTH 609 0
DWIDTH 19 0
BBX 15 24 2 0
BITMAP
078C
0FDC
0FFC
0C78
0000
0000
0000
F1F8
F7FC
FFFE
FE3E
F81E
F01E
F01E
F01E
F01E
F01E
F01E
F01E
F01E
F01E
F01E
F01E
F01E
ENDCHAR
STARTCHAR ograve
ENCODING 242
SWIDTH 624 0
DWIDTH 20 0
BBX 18 25 1 0
BITMAP
020000
078000
0FC000
03F000
00E000
002000
000000
000000
07F800
0FFC00
3FFF00
3E3F00
7C0F80
780780
F807C0
F003C0
F003C0
F003C0
F807C0
780780
7C0F80
3E1F00
3FFF00
1FFC00
07F800
ENDCHAR
STARTCHAR oacute
ENCODING 243
SWIDTH 624 0
DWIDTH 20 0
BBX 18 25 1 0
BITMAP
002000
00F000
01F800
03E000
078000
020000
000000
000000
07F800
0FFC00
3FFF00
3E3F00
7C0F80
780780
F807C0
F003C0
F003C0
F003C0
F807C0
780780
7C0F80
3E1F00
3FFF00
1FFC00
07F800
ENDCHAR
STARTCHAR ocircumflex
ENCODING 244
SWIDTH 624 0
DWIDTH 20 0
BBX 18 24 1 0
BITMAP
01E000
03F000
07F800
0E1C00
040800
000000
000000
07F800
0FFC00
3FFF00
3E3F00
7C0F80
780780
F807C0
F003C0
F003C0
F003C0
F807C0
780780
7C0F80
3E1F00
3FFF00
1FFC00
07F800
ENDCHAR
STARTCHAR otilde
ENCODING 245
SWIDTH 624 0
DWIDTH 20 0
BBX 18 24 1 0
BITMAP
078C00
0FDC00
0FFC00
0C7800
000000
000000
000000
07F800
0FFC00
3FFF00
3E3F00
7C0F80
780780
F807C0
F003C0
F003C0
F003C0
F807C0
780780
7C0F80
3E1F00
3FFF00
1FFC00
07F800
ENDCHAR
STARTCHAR odieresis
ENCODING 246
SWIDTH 624 0
DWIDTH 20 0
BBX 18 25 1 0
BITMAP
0E1C00
1F3E00
1F3E00
1F3E00
061800
000000
000000
000000
07F800
0FFC00
3FFF00
3E3F00
7C0F80
780780
F807C0
F003C0
F003C0
F003C0
F807C0
780780
7C0F80
3E1F00
3FFF00
1FFC00
07F800
ENDCHAR
STARTCHAR divide
ENCODING 247
SWIDTH 597 0
DWIDTH 19 0
BBX 16 17 2 0
BITMAP
0100
0780
07C0
07C0
0380
0000
0000
FFFF
FFFF
FFFF
0000
0000
0300
0780
07C0
07C0
0380
ENDCHAR
STARTCHAR oslash
ENCODING 248
SWIDTH 624 0
DWIDTH 20 0
BBX 18 19 1 -1
BITMAP
000100
07FB80
0FFF80
3FFF00
3E3F00
7C1F80
783F80
F87FC0
F0F3C0
F1E3C0
F3C3C0
FB87C0
7F0780
7E0F80
3E1F00
3FFF00
7FFC00
F7F800
200000
ENDCHAR
STARTCHAR ugrave
ENCODING 249
SWIDTH 618 0
DWIDTH 20 0
BBX 15 25 2 0
BITMAP
0400
0F00
1F80
07E0
01C0
0040
0000
0000
F00E
F00E
F00E
F00E
F00E
F00E
F00E
F00E
F00E
F00E
F00E
F01E
F81E
7C3E
7FFE
3FEE
1F8E
ENDCHAR
STARTCHAR uacute
ENCODING 250
SWIDTH 618 0
DWIDTH 20 0
BBX 15 25 2 0
BITMAP
0040
01E0
03F0
07C0
0F00
0400
0000
0000
F00E
F00E
F00E
F00E
F00E
F00E
F00E
F00E
F00E
F00E
F00E
F01E
F81E
7C3E
7FFE
3FEE
1F8E
ENDCHAR
STARTCHAR ucircumflex
ENCODING 251
SWIDTH 618 0
DWIDTH 20 0
BBX 15 24 2 0
BITMAP
03C0
07E0
0FF0
1C38
0810
0000
0000
F00E
F00E
F00E
F00E
F00E
F00E
F00E
F00E
F00E
F00E
F00E
F01E
F81E
7C3E
7FFE
3FEE
1F8E
ENDCHAR
STARTCHAR udieresis
ENCODING 252
SWIDTH 618 0
DWIDTH 20 0
BBX 15 25 2 0
BITMAP
1C38
3E7C
3E7C
3E7C
0C30
0000
0000
0000
F00E
F00E
F00E
F00E
F00E
F00E
F00E
F00E
F00E
F00E
F00E
F01E
F81E
7C3E
7FFE
3FEE
1F8E
ENDCHAR
STARTCHAR yacute
ENCODING 253
SWIDTH 595 0
DWIDTH 19 0
BBX 19 32 0 -7
BITMAP
001000
007800
00FC00
01F000
03C000
010000
000000
000000
F803E0
7803C0
7C07C0
3C0780
3E0780
1E0F80
1E0F00
1F0F00
0F1E00
0F9E00
079E00
07FC00
03FC00
03F800
01F800
01F000
01F000
00F000
01E000
01E000
01C000
03C000
03C000
078000
ENDCHAR
STARTCHAR thorn
ENCODING 254
SWIDTH 641 0
DWIDTH 21 0
BBX 17 31 2 -7
BITMAP
F00000
F00000
F00000
F00000
F00000
F00000
F00000
F1F800
F7FC00
FFFE00
FE3F00
FC0F80
F80780
F00780
F00780
F00780
F00780
F00780
F80780
FC0F80
FE3F00
FFFE00
F7FC00
F3F800
F00000
F00000
F00000
F00000
F00000
F00000
F00000
ENDCHAR
STARTCHAR ydieresis
ENCODING 255
SWIDTH 595 0
DWIDTH 19 0
BBX 19 32 0 -7
BITMAP
070E00
0F9F00
0F9F00
0F9F00
030C00
000000
000000
000000
F803E0
7803C0
7C07C0
3C0780
3E0780
1E0F80
1E0F00
1F0F00
0F1E00
0F9E00
079E00
07FC00
03FC00
03F800
01F800
01F000
01F000
00F000
01E000
01E000
01C000
03C000
03C000
078000
ENDCHAR
STARTCHAR Amacron
ENCODING 256
SWIDTH 698 0
DWIDTH 22 0
BBX 21 28 1 0
BITMAP
07FE00
07FE00
07FE00
000000
000000
000000
00F800
01F800
01F800
01FC00
03FC00
03FC00
039E00
079E00
079F00
0F0F00
0F0F00
0F0780
1E0780
1FFFC0
3FFFC0
3FFFC0
3FFFE0
7801E0
7801E0
F800F0
F000F0
F000F8
ENDCHAR
STARTCHAR amacron
ENCODING 257
SWIDTH 642 0
DWIDTH 21 0
BBX 17 23 1 0
BITMAP
0FFC00
0FFC00
0FFC00
000000
000000
000000
07E780
1FF780
3FFF80
7E3F80
7C0F80
780780
F00780
F00780
F00780
F00780
F00780
780780
7C0F80
7E1F80
3FFF80
1FF780
0FE780
ENDCHAR
STARTCHAR Abreve
ENCODING 258
SWIDTH 698 0
DWIDTH 22 0
BBX 21 29 1 0
BITMAP
070E00
070E00
03FE00
03FC00
00F000
000000
000000
00F800
01F800
01F800
01FC00
03FC00
03FC00
039E00
079E00
079F00
0F0F00
0F0F00
0F0780
1E0780
1FFFC0
3FFFC0
3FFFC0
3FFFE0
7801E0
7801E0
F800F0
F000F0
F000F8
ENDCHAR
STARTCHAR abreve
ENCODING 259
SWIDTH 642 0
DWIDTH 21 0
BBX 17 24 1 0
BITMAP
0E1C00
0E1C00
0FF800
07F800
03E000
000000
000000
07E780
1FF780
3FFF80
7E3F80
7C0F80
780780
F00780
F00780
F00780
F00780
F00780
780780
7C0F80
7E1F80
3FFF80
1FF780
0FE780
ENDCHAR
STARTCHAR Aogonek
ENCODING 260
SWIDTH 698 0
DWIDTH 22 0
BBX 22 29 1 -7
BITMAP
00F800
01F800
01F800
01FC00
03FC00
03FC00
039E00
079E00
079F00
0F0F00
0F0F00
0F0780
1E0780
1FFFC0
3FFFC0
3FFFC0
3FFFE0
7801E0
7801E0
F800F0
F000F0
F000F8
0000E0
0001C0
0003C0
0003D0
0001FC
0001F8
000040
ENDCHAR
STARTCHAR aogonek
ENCODING 261
SWIDTH 642 0
DWIDTH 21 0
BBX 18 24 1 -7
BITMAP
07E780
1FF780
3FFF80
7E3F80
7C0F80
780780
F00780
F00780
F00780
F00780
F00780
780780
7C0F80
7E1F80
3FFF80
1FF780
0FE780
000E00
001C00
003C00
003D00
001FC0
001F80
000400
ENDCHAR
STARTCHAR Cacute
ENCODING 262
SWIDTH 684 0
DWIDTH 22 0
BBX 20 30 1 0
BITMAP
000200
000E00
001E00
007F00
00F800
004000
000000
003C00
01FF80
07FFC0
0FFFE0
1FC7F0
3F01E0
3E0040
7C0000
780000
780000
780000
F80000
F80000
780000
780000
7C0000
7C0000
3E0040
3F81E0
1FFFE0
0FFFF0
07FFC0
01FF00
ENDCHAR
STARTCHAR cacute
ENCODING 263
SWIDTH 539 0
DWIDTH 17 0
BBX 16 25 1 0
BITMAP
0020
00F0
01F8
03E0
0780
0200
0000
0000
07F0
1FFC
3FFE
3E3F
7C0C
7804
F000
F000
F000
F000
F000
7804
7C0C
3E1E
3FFF
1FFC
07F0
ENDCHAR
STARTCHAR Ccircumflex
ENCODING 264
SWIDTH 684 0
DWIDTH 22 0
BBX 20 29 1 0
BITMAP
003C00
007E00
00FF00
01E780
008100
000000
003C00
01FF80
07FFC0
0FFFE0
1FC7F0
3F01E0
3E0040
7C0000
780000
780000
780000
F80000
F80000
780000
780000
7C0000
7C0000
3E0040
3F81E0
1FFFE0
0FFFF0
07FFC0
01FF00
ENDCHAR
STARTCHAR ccircumflex
ENCODING 265
SWIDTH 539 0
DWIDTH 17 0
BBX 16 24 1 0
BITMAP
01E0
03F0
07F8
0E1C
0408
0000
0000
07F0
1FFC
3FFE
3E3F
7C0C
7804
F000
F000
F000
F000
F000
7804
7C0C
3E1E
3FFF
1FFC
07F0
ENDCHAR
STARTCHAR Cdotaccent
ENCODING 266
SWIDTH 684 0
DWIDTH 22 0
BBX 20 29 1 0
BITMAP
001800
003C00
007E00
003C00
001800
000000
003C00
01FF80
07FFC0
0FFFE0
1FC7F0
3F01E0
3E0040
7C0000
780000
780000
780000
F80000
F80000
780000
780000
7C0000
7C0000
3E0040
3F81E0
1FFFE0
0FFFF0
07FFC0
01FF00
ENDCHAR
STARTCHAR cdotaccent
ENCODING 267
SWIDTH 539 0
DWIDTH 17 0
BBX 16 25 1 0
BITMAP
01E0
01E0
03F0
01E0
00C0
0000
0000
0000
07F0
1FFC
3FFE
3E3F
7C0C
7804
F000
F000
F000
F000
F000
7804
7C0C
3E1E
3FFF
1FFC
07F0
ENDCHAR
STARTCHAR Ccaron
ENCODING 268
SWIDTH 684 0
DWIDTH 22 0
BBX 20 29 1 0
BITMAP
008100
01E780
00FF00
007E00
003C00
000000
003C00
01FF80
07FFC0
0FFFE0
1FC7F0
3F01E0
3E0040
7C0000
780000
780000
780000
F80000
F80000
780000
780000
7C0000
7C0000
3E0040
3F81E0
1FFFE0
0FFFF0
07FFC0
01FF00
ENDCHAR
STARTCHAR ccaron
ENCODING 269
SWIDTH 539 0
DWIDTH 17 0
BBX 16 24 1 0
BITMAP
0E1C
0FFC
07F8
03F0
01E0
0000
0000
07F0
1FFC
3FFE
3E3F
7C0C
7804
F000
F000
F000
F000
F000
7804
7C0C
3E1E
3FFF
1FFC
07F0
ENDCHAR
STARTCHAR Dcaron
ENCODING 270
SWIDTH 757 0
DWIDTH 24 0
BBX 20 29 3 0
BITMAP
040800
0F3C00
07F800
03F000
01E000
000000
000000
FFFC00
FFFE00
FFFF80
F03F80
F007C0
F003E0
F003E0
F001E0
F001F0
F001F0
F001F0
F001F0
F001F0
F001E0
F001E0
F003E0
F007E0
F00FC0
FFFF80
FFFF00
FFFE00
FFF800
ENDCHAR
STARTCHAR dcaron
ENCODING 271
SWIDTH 689 0
DWIDTH 22 0
BBX 25 24 1 0
BITMAP
00078F00
00078F00
00078F80
00078700
00078700
00079E00
00078800
07E78000
1FFF8000
3FFF8000
3E1F8000
7C0F8000
78078000
F0078000
F0078000
F0038000
F0078000
F0078000
78078000
7C0F8000
7E1F8000
3FFF8000
1FFF8000
07E38000
ENDCHAR
STARTCHAR Dcroat
ENCODING 272
SWIDTH 757 0
DWIDTH 24 0
BBX 22 22 1 0
BITMAP
3FFF00
3FFF80
3FFFE0
3C0FE0
3C01F0
3C00F8
3C00F8
3C0078
3C007C
FFC07C
FFC07C
FFC07C
3C007C
3C0078
3C0078
3C00F8
3C01F8
3C03F0
3FFFE0
3FFFC0
3FFF80
3FFE00
ENDCHAR
STARTCHAR dcroat
ENCODING 273
SWIDTH 641 0
DWIDTH 21 0
BBX 19 24 1 0
BITMAP
000780
000780
003FE0
003FE0
003FE0
000780
000780
07E780
1FFF80
3FFF80
3E1F80
7C0F80
780780
F00780
F00780
F00380
F00780
F00780
780780
7C0F80
7E1F80
3FFF80
1FFF80
07E380
ENDCHAR
STARTCHAR Emacron
ENCODING 274
SWIDTH 625 0
DWIDTH 20 0
BBX 15 28 3 0
BITMAP
1FF8
1FF8
1FF8
0000
0000
0000
FFFE
FFFE
FFFE
F000
F000
F000
F000
F000
F000
FFF8
FFF8
FFF8
F000
F000
F000
F000
F000
F000
FFFE
FFFE
FFFE
FFFE
ENDCHAR
STARTCHAR emacron
ENCODING 275
SWIDTH 586 0
DWIDTH 19 0
BBX 17 23 1 0
BITMAP
0FFC00
0FFC00
0FFC00
000000
000000
000000
07F000
1FFC00
3FFE00
3E3E00
780F00
780F00
F00700
FFFF80
FFFF80
F00000
F00000
780000
7C0400
3F0E00
3FFF00
1FFE00
07F800
ENDCHAR
STARTCHAR Ebreve
ENCODING 276
SWIDTH 625 0
DWIDTH 20 0
BBX 15 29 3 0
BITMAP
1C38
1C38
0FF8
0FF0
03C0
0000
0000
FFFE
FFFE
FFFE
F000
F000
F000
F000
F000
F000
FFF8
FFF8
FFF8
F000
F000
F000
F000
F000
F000
FFFE
FFFE
FFFE
FFFE
ENDCHAR
STARTCHAR ebreve
ENCODING 277
SWIDTH 586 0
DWIDTH 19 0
BBX 17 24 1 0
BITMAP
0E1C00
0E1C00
0FF800
07F800
03E000
000000
000000
07F000
1FFC00
3FFE00
3E3E00
780F00
780F00
F00700
FFFF80
FFFF80
F00000
F00000
780000
7C0400
3F0E00
3FFF00
1FFE00
07F800
ENDCHAR
STARTCHAR Edotaccent
ENCODING 278
SWIDTH 625 0
DWIDTH 20 0
BBX 15 29 3 0
BITMAP
0180
03C0
07E0
03C0
0180
0000
0000
FFFE
FFFE
FFFE
F000
F000
F000
F000
F000
F000
FFF8
FFF8
FFF8
F000
F000
F000
F000
F000
F000
FFFE
FFFE
FFFE
FFFE
ENDCHAR
STARTCHAR edotaccent
ENCODING 279
SWIDTH 586 0
DWIDTH 19 0
BBX 17 25 1 0
BITMAP
01E000
01E000
03F000
01E000
00C000
000000
000000
000000
07F000
1FFC00
3FFE00
3E3E00
780F00
780F00
F00700
FFFF80
FFFF80
F00000
F00000
780000
7C0400
3F0E00
3FFF00
1FFE00
07F800
ENDCHAR
STARTCHAR Eogonek
ENCODING 280
SWIDTH 625 0
DWIDTH 20 0
BBX 15 29 3 -7
BITMAP
FFFE
FFFE
FFFE
F000
F000
F000
F000
F000
F000
FFF8
FFF8
FFF8
F000
F000
F000
F000
F000
F000
FFFE
FFFE
FFFE
FFFE
0070
00E0
01E0
01E8
00FE
00FC
0020
ENDCHAR
STARTCHAR eogonek
ENCODING 281
SWIDTH 586 0
DWIDTH 19 0
BBX 17 23 1 -6
BITMAP
07F000
1FFC00
3FFE00
3E3E00
780F00
780F00
F00700
FFFF80
FFFF80
F00000
F00000
780000
7C0400
3F0E00
3FFF00
1FFE00
07F800
007000
00E000
00E000
00E400
00FE00
007C00
ENDCHAR
STARTCHAR Ecaron
ENCODING 282
SWIDTH 625 0
DWIDTH 20 0
BBX 15 29 3 0
BITMAP
0810
1E78
0FF0
07E0
03C0
0000
0000
FFFE
FFFE
FFFE
F000
F000
F000
F000
F000
F000
FFF8
FFF8
FFF8
F000
F000
F000
F000
F000
F000
FFFE
FFFE
FFFE
FFFE
ENDCHAR
STARTCHAR ecaron
ENCODING 283
SWIDTH 586 0
DWIDTH 19 0
BBX 17 24 1 0
BITMAP
0E1C00
0FFC00
07F800
03F000
01E000
000000
000000
07F000
1FFC00
3FFE00
3E3E00
780F00
780F00
F00700
FFFF80
FFFF80
F00000
F00000
780000
7C0400
3F0E00
3FFF00
1FFE00
07F800
ENDCHAR
STARTCHAR Gcircumflex
ENCODING 284
SWIDTH 771 0
DWIDTH 25 0
BBX 22 29 1 0
BITMAP
003C00
007E00
00FF00
01E780
008100
000000
003C00
01FF80
07FFE0
0FFFF0
1FC3F8
3F00E0
3E0020
7C0000
780000
780000
780000
F80FFC
F80FFC
780FFC
780FFC
7C003C
7C003C
3E007C
3F80F8
1FFFF0
0FFFE0
03FFC0
00FF00
ENDCHAR
STARTCHAR gcircumflex
ENCODING 285
SWIDTH 656 0
DWIDTH 21 0
BBX 18 31 1 -7
BITMAP
00F000
01F800
03FC00
070E00
020400
000000
000000
07F3C0
1FFBC0
3FFFC0
3E1FC0
7C0FC0
7807C0
F803C0
F003C0
F003C0
F003C0
F003C0
7807C0
7C0FC0
3E1FC0
3FFFC0
1FFBC0
07E3C0
0003C0
000780
100780
1C1F80
3FFF00
3FFE00
0FF800
ENDCHAR
STARTCHAR Gbreve
ENCODING 286
SWIDTH 771 0
DWIDTH 25 0
BBX 22 29 1 0
BITMAP
01C380
01C380
00FF80
00FF00
003C00
000000
003C00
01FF80
07FFE0
0FFFF0
1FC3F8
3F00E0
3E0020
7C0000
780000
780000
780000
F80FFC
F80FFC
780FFC
780FFC
7C003C
7C003C
3E007C
3F80F8
1FFFF0
0FFFE0
03FFC0
00FF00
ENDCHAR
STARTCHAR gbreve
ENCODING 287
SWIDTH 656 0
DWIDTH 21 0
BBX 18 31 1 -7
BITMAP
070E00
070E00
07FC00
03FC00
01F000
000000
000000
07F3C0
1FFBC0
3FFFC0
3E1FC0
7C0FC0
7807C0
F803C0
F003C0
F003C0
F003C0
F003C0
7807C0
7C0FC0
3E1FC0
3FFFC0
1FFBC0
07E3C0
0003C0
000780
100780
1C1F80
3FFF00
3FFE00
0FF800
ENDCHAR
STARTCHAR Gdotaccent
ENCODING 288
SWIDTH 771 0
DWIDTH 25 0
BBX 22 29 1 0
BITMAP
001800
003C00
007E00
003C00
001800
000000
003C00
01FF80
07FFE0
0FFFF0
1FC3F8
3F00E0
3E0020
7C0000
780000
780000
780000
F80FFC
F80FFC
780FFC
780FFC
7C003C
7C003C
3E007C
3F80F8
1FFFF0
0FFFE0
03FFC0
00FF00
ENDCHAR
STARTCHAR gdotaccent
ENCODING 289
SWIDTH 656 0
DWIDTH 21 0
BBX 18 32 1 -7
BITMAP
00F000
00F000
01F800
00F000
006000
000000
000000
000000
07F3C0
1FFBC0
3FFFC0
3E1FC0
7C0FC0
7807C0
F803C0
F003C0
F003C0
F003C0
F003C0
7807C0
7C0FC0
3E1FC0
3FFFC0
1FFBC0
07E3C0
0003C0
000780
100780
1C1F80
3FFF00
3FFE00
0FF800
ENDCHAR
STARTCHAR uni0122
ENCODING 290
SWIDTH 771 0
DWIDTH 25 0
BBX 22 31 1 -8
BITMAP
003C00
01FF80
07FFE0
0FFFF0
1FC3F8
3F00E0
3E0020
7C0000
780000
780000
780000
F80FFC
F80FFC
780FFC
780FFC
7C003C
7C003C
3E007C
3F80F8
1FFFF0
0FFFE0
03FFC0
00FF00
000000
003000
007800
007C00
003C00
003800
00F800
006000
ENDCHAR
STARTCHAR uni0123
ENCODING 291
SWIDTH 656 0
DWIDTH 21 0
BBX 18 33 1 -7
BITMAP
003000
007800
00E000
01E000
01F000
00F000
007000
000000
000000
07F3C0
1FFBC0
3FFFC0
3E1FC0
7C0FC0
7807C0
F803C0
F003C0
F003C0
F003C0
F003C0
7807C0
7C0FC0
3E1FC0
3FFFC0
1FFBC0
07E3C0
0003C0
000780
100780
1C1F80
3FFF00
3FFE00
0FF800
ENDCHAR
STARTCHAR Hcircumflex
ENCODING 292
SWIDTH 768 0
DWIDTH 25 0
BBX 19 29 3 0
BITMAP
01E000
03F000
07F800
0F3C00
040800
000000
000000
F003E0
F003E0
F003E0
F003E0
F003E0
F003E0
F003E0
F003E0
F003E0
FFFFE0
FFFFE0
FFFFE0
FFFFE0
F003E0
F003E0
F003E0
F003E0
F003E0
F003E0
F003E0
F003E0
F003E0
ENDCHAR
STARTCHAR hcircumflex
ENCODING 293
SWIDTH 609 0
DWIDTH 19 0
BBX 15 30 2 0
BITMAP
03C0
07E0
0FF0
1E78
0810
0000
F000
F000
F000
F000
F000
F000
F000
F1F8
F7FC
FFFE
FE3E
F81E
F01E
F01E
F01E
F01E
F01E
F01E
F01E
F01E
F01E
F01E
F01E
F01E
ENDCHAR
STARTCHAR Hbar
ENCODING 294
SWIDTH 844 0
DWIDTH 27 0
BBX 23 22 2 0
BITMAP
3C0078
3C0078
3C0078
FFFFFE
FFFFFE
FFFFFE
FFFFFE
3C0078
3C0078
3FFFF8
3FFFF8
3FFFF8
3FFFF8
3C0078
3C0078
3C0078
3C0078
3C0078
3C0078
3C0078
3C0078
3C0078
ENDCHAR
STARTCHAR hbar
ENCODING 295
SWIDTH 609 0
DWIDTH 19 0
BBX 17 24 0 0
BITMAP
3C0000
3C0000
FFC000
FFC000
FFC000
3C0000
3C0000
3C7E00
3DFF00
3FFF80
3F8F80
3E0780
3C0780
3C0780
3C0780
3C0780
3C0780
3C0780
3C0780
3C0780
3C0780
3C0780
3C0780
3C0780
ENDCHAR
STARTCHAR Itilde
ENCODING 296
SWIDTH 505 0
DWIDTH 16 0
BBX 12 29 2 0
BITMAP
0870
7E70
7FE0
E7E0
0000
0000
0000
FFF0
FFF0
FFF0
0F00
0F00
0F00
0F00
0F00
0F00
0F00
0F00
0F00
0F00
0F00
0F00
0F00
0F00
0F00
FFF0
FFF0
FFF0
FFF0
ENDCHAR
STARTCHAR itilde
ENCODING 297
SWIDTH 259 0
DWIDTH 8 0
BBX 10 24 -1 0
BITMAP
78C0
FDC0
FFC0
C780
0000
0000
0000
1E00
1E00
1E00
1E00
1E00
1E00
1E00
1E00
1E00
1E00
1E00
1E00
1E00
1E00
1E00
1E00
1E00
ENDCHAR
STARTCHAR Imacron
ENCODING 298
SWIDTH 505 0
DWIDTH 16 0
BBX 12 28 2 0
BITMAP
7FE0
7FE0
7FE0
0000
0000
0000
FFF0
FFF0
FFF0
0F00
0F00
0F00
0F00
0F00
0F00
0F00
0F00
0F00
0F00
0F00
0F00
0F00
0F00
0F00
FFF0
FFF0
FFF0
FFF0
ENDCHAR
STARTCHAR imacron
ENCODING 299
SWIDTH 259 0
DWIDTH 8 0
BBX 10 23 -1 0
BITMAP
FFC0
FFC0
FFC0
0000
0000
0000
1E00
1E00
1E00
1E00
1E00
1E00
1E00
1E00
1E00
1E00
1E00
1E00
1E00
1E00
1E00
1E00
1E00
ENDCHAR
STARTCHAR Ibreve
ENCODING 300
SWIDTH 505 0
DWIDTH 16 0
BBX 12 29 2 0
BITMAP
70E0
70E0
3FE0
3FC0
0F00
0000
0000
FFF0
FFF0
FFF0
0F00
0F00
0F00
0F00
0F00
0F00
0F00
0F00
0F00
0F00
0F00
0F00
0F00
0F00
0F00
FFF0
FFF0
FFF0
FFF0
ENDCHAR
STARTCHAR ibreve
ENCODING 301
SWIDTH 259 0
DWIDTH 8 0
BBX 10 24 -1 0
BITMAP
E1C0
E1C0
FF80
7F80
3E00
0000
0000
1E00
1E00
1E00
1E00
1E00
1E00
1E00
1E00
1E00
1E00
1E00
1E00
1E00
1E00
1E00
1E00
1E00
ENDCHAR
STARTCHAR Iogonek
ENCODING 302
SWIDTH 505 0
DWIDTH 16 0
BBX 12 29 2 -7
BITMAP
FFF0
FFF0
FFF0
0F00
0F00
0F00
0F00
0F00
0F00
0F00
0F00
0F00
0F00
0F00
0F00
0F00
0F00
0F00
FFF0
FFF0
FFF0
FFF0
0700
0E00
1E00
1E80
0FE0
0FC0
0200
ENDCHAR
STARTCHAR iogonek
ENCODING 303
SWIDTH 259 0
DWIDTH 8 0
BBX 8 32 -1 -7
BITMAP
1E
1E
3F
1E
0C
00
00
00
1E
1E
1E
1E
1E
1E
1E
1E
1E
1E
1E
1E
1E
1E
1E
1E
1E
38
70
F0
F4
7F
7E
10
ENDCHAR
STARTCHAR Idotaccent
ENCODING 304
SWIDTH 505 0
DWIDTH 16 0
BBX 12 29 2 0
BITMAP
0600
0F00
1F80
0F00
0600
0000
0000
FFF0
FFF0
FFF0
0F00
0F00
0F00
0F00
0F00
0F00
0F00
0F00
0F00
0F00
0F00
0F00
0F00
0F00
0F00
FFF0
FFF0
FFF0
FFF0
ENDCHAR
STARTCHAR dotlessi
ENCODING 305
SWIDTH 259 0
DWIDTH 8 0
BBX 4 17 2 0
BITMAP
F0
F0
F0
F0
F0
F0
F0
F0
F0
F0
F0
F0
F0
F0
F0
F0
F0
ENDCHAR
STARTCHAR IJ
ENCODING 306
SWIDTH 1155 0
DWIDTH 37 0
BBX 33 22 2 0
BITMAP
FFF007FF80
FFF007FF80
FFF007FF80
0F00007C00
0F00007C00
0F00007C00
0F00007C00
0F00007C00
0F00007C00
0F00007C00
0F00007C00
0F00007C00
0F00007C00
0F00007C00
0F00007C00
0F00007C00
0F00607800
0F00F0F800
FFF1FFF800
FFF0FFF000
FFF07FE000
FFF01FC000
ENDCHAR
STARTCHAR ij
ENCODING 307
SWIDTH 576 0
DWIDTH 18 0
BBX 14 31 2 -6
BITMAP
703C
F87C
F87C
F83C
2010
0000
0000
0000
783C
783C
783C
783C
783C
783C
783C
783C
783C
783C
783C
783C
783C
783C
783C
783C
783C
003C
007C
0078
03F8
03F0
01E0
ENDCHAR
STARTCHAR Jcircumflex
ENCODING 308
SWIDTH 650 0
DWIDTH 21 0
BBX 18 29 1 0
BITMAP
003C00
007E00
00FF00
01E780
008100
000000
000000
03FFC0
03FFC0
03FFC0
003E00
003E00
003E00
003E00
003E00
003E00
003E00
003E00
003E00
003E00
003E00
003E00
003E00
303C00
787C00
FFFC00
7FF800
3FF000
0FE000
ENDCHAR
STARTCHAR jcircumflex
ENCODING 309
SWIDTH 281 0
DWIDTH 9 0
BBX 11 30 -1 -6
BITMAP
0F00
1F80
3FC0
70E0
2040
0000
0000
0F00
0F00
0F00
0F00
0F00
0F00
0F00
0F00
0F00
0F00
0F00
0F00
0F00
0F00
0F00
0F00
0F00
0F00
1F00
1E00
FE00
FC00
7800
ENDCHAR
STARTCHAR uni0136
ENCODING 310
SWIDTH 734 0
DWIDTH 23 0
BBX 20 30 3 -8
BITMAP
F007E0
F00F80
F01F00
F03E00
F07C00
F0F800
F1F000
F3E000
F7C000
FFC000
FFE000
FFF000
FCF000
F8F800
F07C00
F03E00
F01F00
F01F00
F00F80
F007C0
F003E0
F003F0
000000
00C000
01E000
01F000
00F000
00E000
03E000
018000
ENDCHAR
STARTCHAR uni0137
ENCODING 311
SWIDTH 589 0
DWIDTH 19 0
BBX 17 32 2 -8
BITMAP
F00000
F00000
F00000
F00000
F00000
F00000
F00000
F01F00
F03E00
F07C00
F0F800
F1F000
F3E000
F7C000
FF8000
FF8000
FFC000
FBE000
F1F000
F0F800
F07C00
F03C00
F03E00
F01F80
000000
030000
078000
07C000
03C000
038000
0F8000
060000
ENDCHAR
STARTCHAR kgreenlandic
ENCODING 312
SWIDTH 581 0
DWIDTH 19 0
BBX 16 17 2 0
BITMAP
F01F
F03E
F07C
F0F8
F1F0
F3E0
F7C0
FF80
FF80
FFC0
FDE0
F9F0
F0F0
F078
F07C
F03E
F01F
ENDCHAR
STARTCHAR Lacute
ENCODING 313
SWIDTH 602 0
DWIDTH 19 0
BBX 16 30 2 0
BITMAP
0200
0E00
1E00
7F00
F800
4000
0000
0000
7800
7800
7800
7800
7800
7800
7800
7800
7800
7800
7800
7800
7800
7800
7800
7800
7800
7800
7FFF
7FFF
7FFF
7FFF
ENDCHAR
STARTCHAR lacute
ENCODING 314
SWIDTH 270 0
DWIDTH 9 0
BBX 8 31 1 0
BITMAP
02
0E
1E
7F
F8
40
00
78
78
78
78
78
78
78
78
78
78
78
78
78
78
78
78
78
78
78
78
78
78
78
78
ENDCHAR
STARTCHAR uni013B
ENCODING 315
SWIDTH 602 0
DWIDTH 19 0
BBX 15 30 3 -8
BITMAP
F000
F000
F000
F000
F000
F000
F000
F000
F000
F000
F000
F000
F000
F000
F000
F000
F000
F000
FFFE
FFFE
FFFE
FFFE
0000
0300
0780
07C0
03C0
0380
0F80
0600
ENDCHAR
STARTCHAR uni013C
ENCODING 316
SWIDTH 270 0
DWIDTH 9 0
BBX 6 32 1 -8
BITMAP
78
78
78
78
78
78
78
78
78
78
78
78
78
78
78
78
78
78
78
78
78
78
78
78
00
30
78
7C
3C
38
F8
60
ENDCHAR
STARTCHAR Lcaron
ENCODING 317
SWIDTH 602 0
DWIDTH 19 0
BBX 15 22 3 0
BITMAP
F0F0
F0F0
F0F8
F070
F070
F1E0
F080
F000
F000
F000
F000
F000
F000
F000
F000
F000
F000
F000
FFFE
FFFE
FFFE
FFFE
ENDCHAR
STARTCHAR lcaron
ENCODING 318
SWIDTH 318 0
DWIDTH 10 0
BBX 12 24 2 0
BITMAP
F1E0
F1E0
F1F0
F0E0
F0E0
F3C0
F100
F000
F000
F000
F000
F000
F000
F000
F000
F000
F000
F000
F000
F000
F000
F000
F000
F000
ENDCHAR
STARTCHAR Ldot
ENCODING 319
SWIDTH 602 0
DWIDTH 19 0
BBX 15 22 3 0
BITMAP
F000
F000
F000
F000
F000
F000
F000
F018
F03C
F07C
F07C
F03C
F000
F000
F000
F000
F000
F000
FFFE
FFFE
FFFE
FFFE
ENDCHAR
STARTCHAR ldot
ENCODING 320
SWIDTH 385 0
DWIDTH 12 0
BBX 11 24 2 0
BITMAP
F000
F000
F000
F000
F000
F000
F000
F000
F000
F0C0
F1E0
F3E0
F3E0
F1E0
F000
F000
F000
F000
F000
F000
F000
F000
F000
F000
ENDCHAR
STARTCHAR Lslash
ENCODING 321
SWIDTH 634 0
DWIDTH 20 0
BBX 18 22 1 0
BITMAP
1E0000
1E0000
1E0000
1E0000
1E0000
1E0000
1E0000
1EC000
1FE000
1FE000
7F8000
FE0000
FE0000
5E0000
1E0000
1E0000
1E0000
1E0000
1FFFC0
1FFFC0
1FFFC0
1FFFC0
ENDCHAR
STARTCHAR lslash
ENCODING 322
SWIDTH 297 0
DWIDTH 10 0
BBX 10 24 0 0
BITMAP
1E00
1E00
1E00
1E00
1E00
1E00
1E00
1E00
1E80
1F80
1F80
7FC0
FE00
7E00
7E00
1E00
1E00
1E00
1E00
1E00
1E00
1E00
1E00
1E00
ENDCHAR
STARTCHAR Nacute
ENCODING 323
SWIDTH 798 0
DWIDTH 26 0
BBX 20 30 3 0
BITMAP
000800
003800
007800
01FC00
03E000
010000
000000
000000
F001F0
F801F0
FC01F0
FE01F0
FE01F0
FF01F0
FF81F0
F7C1F0
F7C1F0
F3E1F0
F1F1F0
F0F8F0
F078F0
F07CF0
F03EF0
F01FF0
F00FF0
F00FF0
F007F0
F003F0
F001F0
F001F0
ENDCHAR
STARTCHAR nacute
ENCODING 324
SWIDTH 609 0
DWIDTH 19 0
BBX 15 25 2 0
BITMAP
0020
00F0
01F8
03E0
0780
0200
0000
0000
F1F8
F7FC
FFFE
FE3E
F81E
F01E
F01E
F01E
F01E
F01E
F01E
F01E
F01E
F01E
F01E
F01E
F01E
ENDCHAR
STARTCHAR uni0145
ENCODING 325
SWIDTH 798 0
DWIDTH 26 0
BBX 20 30 3 -8
BITMAP
F001F0
F801F0
FC01F0
FE01F0
FE01F0
FF01F0
FF81F0
F7C1F0
F7C1F0
F3E1F0
F1F1F0
F0F8F0
F078F0
F07CF0
F03EF0
F01FF0
F00FF0
F00FF0
F007F0
F003F0
F001F0
F001F0
000000
006000
00F000
00F800
007800
007000
01F000
00C000
ENDCHAR
STARTCHAR uni0146
ENCODING 326
SWIDTH 609 0
DWIDTH 19 0
BBX 15 25 2 -8
BITMAP
F1F8
F7FC
FFFE
FE3E
F81E
F01E
F01E
F01E
F01E
F01E
F01E
F01E
F01E
F01E
F01E
F01E
F01E
0000
0180
03C0
03E0
01E0
01C0
07C0
0300
ENDCHAR
STARTCHAR Ncaron
ENCODING 327
SWIDTH 798 0
DWIDTH 26 0
BBX 20 29 3 0
BITMAP
020400
079E00
03FC00
01F800
00F000
000000
000000
F001F0
F801F0
FC01F0
FE01F0
FE01F0
FF01F0
FF81F0
F7C1F0
F7C1F0
F3E1F0
F1F1F0
F0F8F0
F078F0
F07CF0
F03EF0
F01FF0
F00FF0
F00FF0
F007F0
F003F0
F001F0
F001F0
ENDCHAR
STARTCHAR ncaron
ENCODING 328
SWIDTH 609 0
DWIDTH 19 0
BBX 15 24 2 0
BITMAP
0E1C
0FFC
07F8
03F0
01E0
0000
0000
F1F8
F7FC
FFFE
FE3E
F81E
F01E
F01E
F01E
F01E
F01E
F01E
F01E
F01E
F01E
F01E
F01E
F01E
ENDCHAR
STARTCHAR napostrophe
ENCODING 329
SWIDTH 648 0
DWIDTH 21 0
BBX 20 22 -2 0
BITMAP
780000
780000
700000
700000
700000
E78FC0
E7BFE0
E7FFF0
07F1F0
07C0F0
0780F0
0780F0
0780F0
0780F0
0780F0
0780F0
0780F0
0780F0
0780F0
0780F0
0780F0
0780F0
ENDCHAR
STARTCHAR Eng
ENCODING 330
SWIDTH 798 0
DWIDTH 26 0
BBX 20 28 3 -6
BITMAP
F001F0
F801F0
FC01F0
FE01F0
FE01F0
FF01F0
FF81F0
F7C1F0
F7C1F0
F3E1F0
F1F1F0
F0F8F0
F078F0
F07CF0
F03EF0
F01FF0
F00FF0
F00FF0
F007F0
F003F0
F001F0
F001F0
0001F0
0001E0
0003E0
000FE0
000FC0
000780
ENDCHAR
STARTCHAR eng
ENCODING 331
SWIDTH 609 0
DWIDTH 19 0
BBX 15 23 2 -6
BITMAP
F1F8
F7FC
FFFE
FE3E
F81E
F01E
F01E
F01E
F01E
F01E
F01E
F01E
F01E
F01E
F01E
F01E
F01E
001E
001E
003E
00FE
00FC
0078
ENDCHAR
STARTCHAR Omacron
ENCODING 332
SWIDTH 793 0
DWIDTH 25 0
BBX 23 28 1 0
BITMAP
01FF80
01FF80
01FF80
000000
000000
007C00
03FF80
07FFE0
0FFFF0
1FC3F8
3F00F8
3E007C
7C007C
78003C
78003E
78001E
F8001E
F8001E
78003E
78003E
7C003C
7C007C
3E00F8
3F01F8
1FFFF0
0FFFE0
07FFC0
01FF00
ENDCHAR
STARTCHAR omacron
ENCODING 333
SWIDTH 624 0
DWIDTH 20 0
BBX 18 23 1 0
BITMAP
0FFC00
0FFC00
0FFC00
000000
000000
000000
07F800
0FFC00
3FFF00
3E3F00
7C0F80
780780
F807C0
F003C0
F003C0
F003C0
F807C0
780780
7C0F80
3E1F00
3FFF00
1FFC00
07F800
ENDCHAR
STARTCHAR Obreve
ENCODING 334
SWIDTH 793 0
DWIDTH 25 0
BBX 23 29 1 0
BITMAP
01C380
01C380
00FF80
00FF00
003C00
000000
007C00
03FF80
07FFE0
0FFFF0
1FC3F8
3F00F8
3E007C
7C007C
78003C
78003E
78001E
F8001E
F8001E
78003E
78003E
7C003C
7C007C
3E00F8
3F01F8
1FFFF0
0FFFE0
07FFC0
01FF00
ENDCHAR
STARTCHAR obreve
ENCODING 335
SWIDTH 624 0
DWIDTH 20 0
BBX 18 24 1 0
BITMAP
0E1C00
0E1C00
0FF800
07F800
03E000
000000
000000
07F800
0FFC00
3FFF00
3E3F00
7C0F80
780780
F807C0
F003C0
F003C0
F003C0
F807C0
780780
7C0F80
3E1F00
3FFF00
1FFC00
07F800
ENDCHAR
STARTCHAR Ohungarumlaut
ENCODING 336
SWIDTH 793 0
DWIDTH 25 0
BBX 23 30 1 0
BITMAP
002040
0070E0
00F9F0
01E3C0
03C780
010200
000000
007C00
03FF80
07FFE0
0FFFF0
1FC3F8
3F00F8
3E007C
7C007C
78003C
78003E
78001E
F8001E
F8001E
78003E
78003E
7C003C
7C007C
3E00F8
3F01F8
1FFFF0
0FFFE0
07FFC0
01FF00
ENDCHAR
STARTCHAR ohungarumlaut
ENCODING 337
SWIDTH 624 0
DWIDTH 20 0
BBX 18 25 1 0
BITMAP
030400
070E00
0F9F00
1E7C00
3C7000
102000
000000
000000
07F800
0FFC00
3FFF00
3E3F00
7C0F80
780780
F807C0
F003C0
F003C0
F003C0
F807C0
780780
7C0F80
3E1F00
3FFF00
1FFC00
07F800
ENDCHAR
STARTCHAR OE
ENCODING 338
SWIDTH 1045 0
DWIDTH 33 0
BBX 30 22 1 0
BITMAP
01FFFFFC
07FFFFFC
0FFFFFFC
1FE1F000
3F01F000
3E01F000
7C01F000
7801F000
7801F000
7801FFF0
F801FFF0
F801FFF0
7801F000
7801F000
7801F000
7C01F000
3E01F000
3F01F000
1FFFFFFC
0FFFFFFC
07FFFFFC
01FFFFFC
ENDCHAR
STARTCHAR oe
ENCODING 339
SWIDTH 1012 0
DWIDTH 32 0
BBX 30 17 1 0
BITMAP
07F81FC0
0FFC7FE0
3FFEFFF0
3E3FF8F8
7C0FE07C
7807C03C
F807C03C
F003FFFC
F003FFFC
F003C000
F807C000
7807C000
7C0FE010
3E1FF878
3FFEFFFC
1FFC7FF8
07F81FE0
ENDCHAR
STARTCHAR Racute
ENCODING 340
SWIDTH 697 0
DWIDTH 22 0
BBX 18 30 3 0
BITMAP
002000
00E000
01E000
07F000
0F8000
040000
000000
000000
FFF800
FFFE00
FFFF00
F03F00
F00F80
F00780
F00780
F00780
F00F80
F00F00
FFFF00
FFFE00
FFFC00
FFF800
F07C00
F07C00
F03E00
F03E00
F01F00
F00F00
F00F80
F007C0
ENDCHAR
STARTCHAR racute
ENCODING 341
SWIDTH 421 0
DWIDTH 13 0
BBX 11 25 2 0
BITMAP
0100
0780
0FC0
1F00
3C00
1000
0000
0000
F1E0
F7E0
F7E0
FFC0
FC00
F800
F800
F000
F000
F000
F000
F000
F000
F000
F000
F000
F000
ENDCHAR
STARTCHAR uni0156
ENCODING 342
SWIDTH 697 0
DWIDTH 22 0
BBX 18 30 3 -8
BITMAP
FFF800
FFFE00
FFFF00
F03F00
F00F80
F00780
F00780
F00780
F00F80
F00F00
FFFF00
FFFE00
FFFC00
FFF800
F07C00
F07C00
F03E00
F03E00
F01F00
F00F00
F00F80
F007C0
000000
018000
03C000
03E000
01E000
01C000
07C000
030000
ENDCHAR
STARTCHAR uni0157
ENCODING 343
SWIDTH 421 0
DWIDTH 13 0
BBX 12 25 1 -8
BITMAP
78F0
7BF0
7BF0
7FE0
7E00
7C00
7C00
7800
7800
7800
7800
7800
7800
7800
7800
7800
7800
0000
3000
7800
7C00
3C00
3800
F800
6000
ENDCHAR
STARTCHAR Rcaron
ENCODING 344
SWIDTH 697 0
DWIDTH 22 0
BBX 18 29 3 0
BITMAP
102000
3CF000
1FE000
0FC000
078000
000000
000000
FFF800
FFFE00
FFFF00
F03F00
F00F80
F00780
F00780
F00780
F00F80
F00F00
FFFF00
FFFE00
FFFC00
FFF800
F07C00
F07C00
F03E00
F03E00
F01F00
F00F00
F00F80
F007C0
ENDCHAR
STARTCHAR rcaron
ENCODING 345
SWIDTH 421 0
DWIDTH 13 0
BBX 11 24 2 0
BITMAP
70E0
7FE0
3FC0
1F80
0F00
0000
0000
F1E0
F7E0
F7E0
FFC0
FC00
F800
F800
F000
F000
F000
F000
F000
F000
F000
F000
F000
F000
ENDCHAR
STARTCHAR Sacute
ENCODING 346
SWIDTH 627 0
DWIDTH 20 0
BBX 18 30 1 0
BITMAP
000800
003800
007800
01FC00
03E000
010000
000000
01F000
07FE00
1FFF00
3FFF80
3E0F80
3C0700
7C0200
7C0000
3E0000
3F8000
1FF800
1FFE00
07FF00
00FF80
001F80
000780
2007C0
300780
F80780
7F1F80
3FFF00
1FFE00
07F800
ENDCHAR
STARTCHAR sacute
ENCODING 347
SWIDTH 485 0
DWIDTH 16 0
BBX 13 25 1 0
BITMAP
0080
03C0
07E0
0F80
1E00
0800
0000
0000
1FC0
3FF0
7FF8
7870
F010
7800
7C00
7FC0
3FF0
0FF8
01F8
0078
2038
7078
FFF8
7FF0
1FC0
ENDCHAR
STARTCHAR Scircumflex
ENCODING 348
SWIDTH 627 0
DWIDTH 20 0
BBX 18 29 1 0
BITMAP
00F000
01F800
03FC00
079E00
020400
000000
01F000
07FE00
1FFF00
3FFF80
3E0F80
3C0700
7C0200
7C0000
3E0000
3F8000
1FF800
1FFE00
07FF00
00FF80
001F80
000780
2007C0
300780
F80780
7F1F80
3FFF00
1FFE00
07F800
ENDCHAR
STARTCHAR scircumflex
ENCODING 349
SWIDTH 485 0
DWIDTH 16 0
BBX 13 24 1 0
BITMAP
0780
0FC0
1FE0
3870
1020
0000
0000
1FC0
3FF0
7FF8
7870
F010
7800
7C00
7FC0
3FF0
0FF8
01F8
0078
2038
7078
FFF8
7FF0
1FC0
ENDCHAR
STARTCHAR Scedilla
ENCODING 350
SWIDTH 627 0
DWIDTH 20 0
BBX 18 31 1 -8
BITMAP
01F000
07FE00
1FFF00
3FFF80
3E0F80
3C0700
7C0200
7C0000
3E0000
3F8000
1FF800
1FFE00
07FF00
00FF80
001F80
000780
2007C0
300780
F80780
7F1F80
3FFF00
1FFE00
07F800
00E000
00C000
01F000
007800
003800
007800
01F000
01C000
ENDCHAR
STARTCHAR scedilla
ENCODING 351
SWIDTH 485 0
DWIDTH 16 0
BBX 13 25 1 -8
BITMAP
1FC0
3FF0
7FF8
7870
F010
7800
7C00
7FC0
3FF0
0FF8
01F8
0078
2038
7078
FFF8
7FF0
1FC0
0700
0600
0F80
03C0
01C0
03C0
0F80
0E00
ENDCHAR
STARTCHAR Scaron
ENCODING 352
SWIDTH 627 0
DWIDTH 20 0
BBX 18 29 1 0
BITMAP
020400
079E00
03FC00
01F800
00F000
000000
01F000
07FE00
1FFF00
3FFF80
3E0F80
3C0700
7C0200
7C0000
3E0000
3F8000
1FF800
1FFE00
07FF00
00FF80
001F80
000780
2007C0
300780
F80780
7F1F80
3FFF00
1FFE00
07F800
ENDCHAR
STARTCHAR scaron
ENCODING 353
SWIDTH 485 0
DWIDTH 16 0
BBX 13 24 1 0
BITMAP
3870
3FF0
1FE0
0FC0
0780
0000
0000
1FC0
3FF0
7FF8
7870
F010
7800
7C00
7FC0
3FF0
0FF8
01F8
0078
2038
7078
FFF8
7FF0
1FC0
ENDCHAR
STARTCHAR uni0162
ENCODING 354
SWIDTH 604 0
DWIDTH 19 0
BBX 17 30 1 -8
BITMAP
FFFF80
FFFF80
FFFF80
03E000
03E000
03E000
03E000
03E000
03E000
03E000
03E000
03E000
03E000
03E000
03E000
03E000
03E000
03E000
03E000
03E000
03E000
03E000
01C000
018000
03E000
00F000
007000
00F000
03E000
038000
ENDCHAR
STARTCHAR uni0163
ENCODING 355
SWIDTH 389 0
DWIDTH 12 0
BBX 11 29 1 -8
BITMAP
1E00
1E00
1E00
1E00
FFE0
FFE0
FFE0
FFE0
1E00
1E00
1E00
1E00
1E00
1E00
1E00
1E00
1E00
1E00
1E00
1E00
1E00
1C00
1800
3E00
0F00
0700
0F00
3E00
3800
ENDCHAR
STARTCHAR Tcaron
ENCODING 356
SWIDTH 604 0
DWIDTH 19 0
BBX 17 29 1 0
BITMAP
040800
0F3C00
07F800
03F000
01E000
000000
000000
FFFF80
FFFF80
FFFF80
03E000
03E000
03E000
03E000
03E000
03E000
03E000
03E000
03E000
03E000
03E000
03E000
03E000
03E000
03E000
03E000
03E000
03E000
03E000
ENDCHAR
STARTCHAR tcaron
ENCODING 357
SWIDTH 389 0
DWIDTH 12 0
BBX 14 26 1 0
BITMAP
0078
0078
007C
0038
0038
1EF0
1E40
1E00
1E00
FFE0
FFE0
FFE0
FFE0
1E00
1E00
1E00
1E00
1E00
1E00
1E00
1E00
1E00
1E00
1E00
1E00
1E00
ENDCHAR
STARTCHAR Tbar
ENCODING 358
SWIDTH 604 0
DWIDTH 19 0
BBX 17 22 1 0
BITMAP
FFFF80
FFFF80
FFFF80
03E000
03E000
03E000
03E000
03E000
03E000
0FF800
0FF800
0FF800
03E000
03E000
03E000
03E000
03E000
03E000
03E000
03E000
03E000
03E000
ENDCHAR
STARTCHAR tbar
ENCODING 359
SWIDTH 389 0
DWIDTH 12 0
BBX 11 21 1 0
BITMAP
1E00
1E00
1E00
1E00
FFE0
FFE0
FFE0
FFE0
1E00
1E00
1E00
7FC0
7FC0
7FC0
1E00
1E00
1E00
1E00
1E00
1E00
1E00
ENDCHAR
STARTCHAR Utilde
ENCODING 360
SWIDTH 749 0
DWIDTH 24 0
BBX 18 29 3 0
BITMAP
010E00
0FCE00
0FFC00
1CFC00
000000
000000
000000
F003C0
F003C0
F003C0
F003C0
F003C0
F003C0
F003C0
F003C0
F003C0
F003C0
F003C0
F003C0
F003C0
F003C0
F003C0
F003C0
F807C0
7C0F80
7FFF80
3FFF00
1FFE00
07F800
ENDCHAR
STARTCHAR utilde
ENCODING 361
SWIDTH 618 0
DWIDTH 20 0
BBX 15 24 2 0
BITMAP
0F18
1FB8
1FF8
18F0
0000
0000
0000
F00E
F00E
F00E
F00E
F00E
F00E
F00E
F00E
F00E
F00E
F00E
F01E
F81E
7C3E
7FFE
3FEE
1F8E
ENDCHAR
STARTCHAR Umacron
ENCODING 362
SWIDTH 749 0
DWIDTH 24 0
BBX 18 28 3 0
BITMAP
0FFC00
0FFC00
0FFC00
000000
000000
000000
F003C0
F003C0
F003C0
F003C0
F003C0
F003C0
F003C0
F003C0
F003C0
F003C0
F003C0
F003C0
F003C0
F003C0
F003C0
F003C0
F807C0
7C0F80
7FFF80
3FFF00
1FFE00
07F800
ENDCHAR
STARTCHAR umacron
ENCODING 363
SWIDTH 618 0
DWIDTH 20 0
BBX 15 23 2 0
BITMAP
1FF8
1FF8
1FF8
0000
0000
0000
F00E
F00E
F00E
F00E
F00E
F00E
F00E
F00E
F00E
F00E
F00E
F01E
F81E
7C3E
7FFE
3FEE
1F8E
ENDCHAR
STARTCHAR Ubreve
ENCODING 364
SWIDTH 749 0
DWIDTH 24 0
BBX 18 29 3 0
BITMAP
0E1C00
0E1C00
07FC00
07F800
01E000
000000
000000
F003C0
F003C0
F003C0
F003C0
F003C0
F003C0
F003C0
F003C0
F003C0
F003C0
F003C0
F003C0
F003C0
F003C0
F003C0
F003C0
F807C0
7C0F80
7FFF80
3FFF00
1FFE00
07F800
ENDCHAR
STARTCHAR ubreve
ENCODING 365
SWIDTH 618 0
DWIDTH 20 0
BBX 15 24 2 0
BITMAP
1C38
1C38
1FF0
0FF0
07C0
0000
0000
F00E
F00E
F00E
F00E
F00E
F00E
F00E
F00E
F00E
F00E
F00E
F01E
F81E
7C3E
7FFE
3FEE
1F8E
ENDCHAR
STARTCHAR Uring
ENCODING 366
SWIDTH 749 0
DWIDTH 24 0
BBX 18 29 3 0
BITMAP
01E000
03F000
073800
073800
073800
03F000
01E000
F003C0
F003C0
F003C0
F003C0
F003C0
F003C0
F003C0
F003C0
F003C0
F003C0
F003C0
F003C0
F003C0
F003C0
F003C0
F003C0
F807C0
7C0F80
7FFF80
3FFF00
1FFE00
07F800
ENDCHAR
STARTCHAR uring
ENCODING 367
SWIDTH 618 0
DWIDTH 20 0
BBX 15 26 2 0
BITMAP
03C0
07E0
0E70
0E70
0660
07E0
0180
0000
0000
F00E
F00E
F00E
F00E
F00E
F00E
F00E
F00E
F00E
F00E
F00E
F01E
F81E
7C3E
7FFE
3FEE
1F8E
ENDCHAR
STARTCHAR Uhungarumlaut
ENCODING 368
SWIDTH 749 0
DWIDTH 24 0
BBX 18 30 3 0
BITMAP
008100
01C380
03E7C0
078F00
0F1E00
040800
000000
000000
F003C0
F003C0
F003C0
F003C0
F003C0
F003C0
F003C0
F003C0
F003C0
F003C0
F003C0
F003C0
F003C0
F003C0
F003C0
F003C0
F807C0
7C0F80
7FFF80
3FFF00
1FFE00
07F800
ENDCHAR
STARTCHAR uhungarumlaut
ENCODING 369
SWIDTH 618 0
DWIDTH 20 0
BBX 15 25 2 0
BITMAP
0608
0E1C
1F3E
3CF8
78E0
2040
0000
0000
F00E
F00E
F00E
F00E
F00E
F00E
F00E
F00E
F00E
F00E
F00E
F01E
F81E
7C3E
7FFE
3FEE
1F8E
ENDCHAR
STARTCHAR Uogonek
ENCODING 370
SWIDTH 749 0
DWIDTH 24 0
BBX 18 29 3 -7
BITMAP
F003C0
F003C0
F003C0
F003C0
F003C0
F003C0
F003C0
F003C0
F003C0
F003C0
F003C0
F003C0
F003C0
F003C0
F003C0
F003C0
F807C0
7C0F80
7FFF80
3FFF00
1FFE00
07F800
007000
00E000
00E000
00EC00
00FE00
00FC00
001000
ENDCHAR
STARTCHAR uogonek
ENCODING 371
SWIDTH 618 0
DWIDTH 20 0
BBX 16 24 2 -7
BITMAP
F00E
F00E
F00E
F00E
F00E
F00E
F00E
F00E
F00E
F00E
F00E
F01E
F81E
7C3E
7FFE
3FEE
1F9E
0038
0070
00F0
00F4
007F
007E
0010
ENDCHAR
STARTCHAR Wcircumflex
ENCODING 372
SWIDTH 995 0
DWIDTH 32 0
BBX 30 29 1 0
BITMAP
00078000
000FC000
001FE000
003CF000
00102000
00000000
00000000
F000003C
F000007C
F8000078
78078078
780780F8
7C0FC0F0
3C0FC0F0
3C1FC0F0
3E1FE1F0
1E1FE1E0
1E3DF1E0
1E3CF3E0
0F38F3C0
0F787BC0
0F787BC0
0F703F80
07F03F80
07E03F80
07E01F00
03E01F00
03C00F00
03C00E00
ENDCHAR
STARTCHAR wcircumflex
ENCODING 373
SWIDTH 812 0
DWIDTH 26 0
BBX 24 24 1 0
BITMAP
003C00
007E00
00FF00
01C380
008100
000000
000000
F0000F
F0000F
F0000F
783C1E
783C1E
783C1E
3C7E3C
3C7E3C
3CFF3C
1EE778
1FE7F8
1FC3F8
0FC3F0
0FC3F0
0F81F0
0781E0
0700E0
ENDCHAR
STARTCHAR Ycircumflex
ENCODING 374
SWIDTH 670 0
DWIDTH 21 0
BBX 21 29 0 0
BITMAP
007800
00FC00
01FE00
03CF00
010200
000000
800000
7C00F8
7C01F0
3E01E0
1F03E0
0F03C0
0F8780
07CF80
03EF00
03FE00
01FE00
00FC00
007800
007800
007800
007800
007800
007800
007800
007800
007800
007800
007800
ENDCHAR
STARTCHAR ycircumflex
ENCODING 375
SWIDTH 595 0
DWIDTH 19 0
BBX 19 31 0 -7
BITMAP
00F000
01F800
03FC00
070E00
020400
000000
000000
F803E0
7803C0
7C07C0
3C0780
3E0780
1E0F80
1E0F00
1F0F00
0F1E00
0F9E00
079E00
07FC00
03FC00
03F800
01F800
01F000
01F000
00F000
01E000
01E000
01C000
03C000
03C000
078000
ENDCHAR
STARTCHAR Ydieresis
ENCODING 376
SWIDTH 670 0
DWIDTH 21 0
BBX 21 29 0 0
BITMAP
038700
07CF80
07CF80
07CF80
038700
000000
800000
7C00F8
7C01F0
3E01E0
1F03E0
0F03C0
0F8780
07CF80
03EF00
03FE00
01FE00
00FC00
007800
007800
007800
007800
007800
007800
007800
007800
007800
007800
007800
ENDCHAR
STARTCHAR Zacute
ENCODING 377
SWIDTH 668 0
DWIDTH 21 0
BBX 18 30 2 0
BITMAP
001000
007000
00F000
03F800
07C000
020000
000000
000000
7FFF80
7FFF80
7FFF80
7FFF00
001F00
003E00
007C00
007C00
00F800
01F000
03E000
03E000
07C000
0F8000
1F0000
1F0000
3E0000
7C0000
FFFFC0
FFFFC0
FFFFC0
FFFFC0
ENDCHAR
STARTCHAR zacute
ENCODING 378
SWIDTH 507 0
DWIDTH 16 0
BBX 13 25 2 0
BITMAP
0100
0780
0FC0
1F00
3C00
1000
0000
0000
FFF8
FFF8
FFF8
00F0
01E0
03E0
07C0
0780
0F00
1F00
3E00
3C00
7800
F800
FFF8
FFF8
FFF8
ENDCHAR
STARTCHAR Zdotaccent
ENCODING 379
SWIDTH 668 0
DWIDTH 21 0
BBX 18 29 2 0
BITMAP
00C000
01E000
03F000
01E000
00C000
000000
000000
7FFF80
7FFF80
7FFF80
7FFF00
001F00
003E00
007C00
007C00
00F800
01F000
03E000
03E000
07C000
0F8000
1F0000
1F0000
3E0000
7C0000
FFFFC0
FFFFC0
FFFFC0
FFFFC0
ENDCHAR
STARTCHAR zdotaccent
ENCODING 380
SWIDTH 507 0
DWIDTH 16 0
BBX 13 25 2 0
BITMAP
0F00
0F00
1F80
0F00
0600
0000
0000
0000
FFF8
FFF8
FFF8
00F0
01E0
03E0
07C0
0780
0F00
1F00
3E00
3C00
7800
F800
FFF8
FFF8
FFF8
ENDCHAR
STARTCHAR Zcaron
ENCODING 381
SWIDTH 668 0
DWIDTH 21 0
BBX 18 29 2 0
BITMAP
040800
0F3C00
07F800
03F000
01E000
000000
000000
7FFF80
7FFF80
7FFF80
7FFF00
001F00
003E00
007C00
007C00
00F800
01F000
03E000
03E000
07C000
0F8000
1F0000
1F0000
3E0000
7C0000
FFFFC0
FFFFC0
FFFFC0
FFFFC0
ENDCHAR
STARTCHAR zcaron
ENCODING 382
SWIDTH 507 0
DWIDTH 16 0
BBX 13 24 2 0
BITMAP
70E0
7FE0
3FC0
1F80
0F00
0000
0000
FFF8
FFF8
FFF8
00F0
01E0
03E0
07C0
0780
0F00
1F00
3E00
3C00
7800
F800
FFF8
FFF8
FFF8
ENDCHAR
STARTCHAR uni018F
ENCODING 399
SWIDTH 777 0
DWIDTH 25 0
BBX 22 23 1 0
BITMAP
007C00
07FF00
0FFFC0
1FFFE0
1F03F0
0C00F8
000078
00007C
00003C
00003C
FFFFFC
FFFFFC
FFFFFC
FFFFFC
78003C
78003C
7C0078
3E00F8
3F01F0
1FEFF0
0FFFE0
07FF80
01FF00
ENDCHAR
STARTCHAR florin
ENCODING 402
SWIDTH 532 0
DWIDTH 17 0
BBX 17 23 0 -1
BITMAP
003F00
007F80
00FF00
00F100
01E000
01E000
01E000
01E000
3FFC00
3FFC00
3FFC00
03C000
03C000
03C000
038000
078000
078000
078000
078000
4F0000
7F0000
FE0000
7C0000
ENDCHAR
STARTCHAR uni019D
ENCODING 413
SWIDTH 784 0
DWIDTH 25 0
BBX 23 28 -1 -6
BITMAP
0F001E
0F801E
0F801E
0FC01E
0FE01E
0FF01E
0EF01E
0EF81E
0E7C1E
0F3E1E
0F1E1E
0F1F1E
0F0F9E
0F07DE
0F03DE
0F03FE
0F01FE
0F00FE
0F007E
0F007E
0F003E
0F001E
0F0000
1F0000
3E0000
FE0000
FC0000
780000
ENDCHAR
STARTCHAR Ohorn
ENCODING 416
SWIDTH 793 0
DWIDTH 25 0
BBX 23 26 1 0
BITMAP
00001C
00001C
00003C
007C78
03FFF8
07FFF0
0FFFF0
1FC3F8
3F00F8
3E007C
7C007C
78003C
78003E
78001E
F8001E
F8001E
78003E
78003E
7C003C
7C007C
3E00F8
3F01F8
1FFFF0
0FFFE0
07FFC0
01FF00
ENDCHAR
STARTCHAR ohorn
ENCODING 417
SWIDTH 624 0
DWIDTH 20 0
BBX 18 21 1 0
BITMAP
0001C0
0001C0
0001C0
000380
07FF80
0FFF00
3FFE00
3E3F00
7C0F80
780780
F807C0
F003C0
F003C0
F003C0
F807C0
780780
7C0F80
3E1F00
3FFF00
1FFC00
07F800
ENDCHAR
STARTCHAR Uhorn
ENCODING 431
SWIDTH 749 0
DWIDTH 24 0
BBX 22 26 3 0
BITMAP
00003C
00003C
000038
0000F8
F003F0
F003E0
F003C0
F003C0
F003C0
F003C0
F003C0
F003C0
F003C0
F003C0
F003C0
F003C0
F003C0
F003C0
F003C0
F003C0
F807C0
7C0F80
7FFF80
3FFF00
1FFE00
07F800
ENDCHAR
STARTCHAR uhorn
ENCODING 432
SWIDTH 618 0
DWIDTH 20 0
BBX 18 21 2 0
BITMAP
0001C0
0001C0
0001C0
0003C0
F00F80
F00F00
F00E00
F00E00
F00E00
F00E00
F00E00
F00E00
F00E00
F00E00
F00E00
F01E00
F81E00
7C3E00
7FFE00
3FEE00
1F8E00
ENDCHAR
STARTCHAR uni01C4
ENCODING 452
SWIDTH 1379 0
DWIDTH 44 0
BBX 40 29 3 0
BITMAP
0000002040
00000079E0
0000003FC0
0000001F80
0000000F00
0000000000
0000000000
FFFC01FFFE
FFFE01FFFE
FFFF81FFFE
F03F81FFFC
F007C0007C
F003E000F8
F003E001F0
F001E001F0
F001F003E0
F001F007C0
F001F00F80
F001F00F80
F001F01F00
F001E03E00
F001E07C00
F003E07C00
F007E0F800
F00FC1F000
FFFF83FFFF
FFFF03FFFF
FFFE03FFFF
FFF803FFFF
ENDCHAR
STARTCHAR uni01C5
ENCODING 453
SWIDTH 1263 0
DWIDTH 40 0
BBX 36 24 3 0
BITMAP
000000E1C0
000000FFC0
FFFC007F80
FFFE003F00
FFFF801E00
F03F800000
F007C00000
F003E1FFF0
F003E1FFF0
F001E1FFF0
F001F001E0
F001F003C0
F001F007C0
F001F00F80
F001F00F00
F001E01E00
F001E03E00
F003E07C00
F007E07800
F00FC0F000
FFFF81F000
FFFF01FFF0
FFFE01FFF0
FFF801FFF0
ENDCHAR
STARTCHAR uni01C6
ENCODING 454
SWIDTH 1149 0
DWIDTH 37 0
BBX 35 24 1 0
BITMAP
000781C380
000781FF80
000780FF00
0007807E00
0007803C00
0007800000
0007800000
07E783FFE0
1FFF83FFE0
3FFF83FFE0
3E1F8003C0
7C0F800780
7807800F80
F007801F00
F007801E00
F003803C00
F007807C00
F00780F800
780780F000
7C0F81E000
7E1F83E000
3FFF83FFE0
1FFF83FFE0
07E383FFE0
ENDCHAR
STARTCHAR uni01C7
ENCODING 455
SWIDTH 1253 0
DWIDTH 40 0
BBX 35 22 3 0
BITMAP
F00001FFE0
F00001FFE0
F00001FFE0
F000001F00
F000001F00
F000001F00
F000001F00
F000001F00
F000001F00
F000001F00
F000001F00
F000001F00
F000001F00
F000001F00
F000001F00
F000001F00
F000181E00
F0003C3E00
FFFE7FFE00
FFFE3FFC00
FFFE1FF800
FFFE07F000
ENDCHAR
STARTCHAR uni01C8
ENCODING 456
SWIDTH 885 0
DWIDTH 28 0
BBX 23 31 3 -6
BITMAP
00001E
00003E
00003E
F0001E
F00008
F00000
F00000
F00000
F0001E
F0001E
F0001E
F0001E
F0001E
F0001E
F0001E
F0001E
F0001E
F0001E
F0001E
F0001E
F0001E
FFFE1E
FFFE1E
FFFE1E
FFFE1E
00001E
00003E
00003C
0001FC
0001F8
0000F0
ENDCHAR
STARTCHAR uni01C9
ENCODING 457
SWIDTH 539 0
DWIDTH 17 0
BBX 13 31 2 -6
BITMAP
0078
F0F8
F0F8
F078
F020
F000
F000
F000
F078
F078
F078
F078
F078
F078
F078
F078
F078
F078
F078
F078
F078
F078
F078
F078
F078
0078
00F8
00F0
07F0
07E0
03C0
ENDCHAR
STARTCHAR uni01CA
ENCODING 458
SWIDTH 1448 0
DWIDTH 46 0
BBX 42 22 3 0
BITMAP
F001F003FFC0
F801F003FFC0
FC01F003FFC0
FE01F0003E00
FE01F0003E00
FF01F0003E00
FF81F0003E00
F7C1F0003E00
F7C1F0003E00
F3E1F0003E00
F1F1F0003E00
F0F8F0003E00
F078F0003E00
F07CF0003E00
F03EF0003E00
F01FF0003E00
F00FF0303C00
F00FF0787C00
F007F0FFFC00
F003F07FF800
F001F03FF000
F001F00FE000
ENDCHAR
STARTCHAR uni01CB
ENCODING 459
SWIDTH 1081 0
DWIDTH 35 0
BBX 30 31 3 -6
BITMAP
0000003C
0000007C
0000007C
F001F03C
F801F010
FC01F000
FE01F000
FE01F000
FF01F03C
FF81F03C
F7C1F03C
F7C1F03C
F3E1F03C
F1F1F03C
F0F8F03C
F078F03C
F07CF03C
F03EF03C
F01FF03C
F00FF03C
F00FF03C
F007F03C
F003F03C
F001F03C
F001F03C
0000003C
0000007C
00000078
000003F8
000003F0
000001E0
ENDCHAR
STARTCHAR uni01CC
ENCODING 460
SWIDTH 892 0
DWIDTH 29 0
BBX 24 31 2 -6
BITMAP
00000F
00001F
00001F
00000F
000004
000000
000000
000000
F1F80F
F7FC0F
FFFE0F
FE3E0F
F81E0F
F01E0F
F01E0F
F01E0F
F01E0F
F01E0F
F01E0F
F01E0F
F01E0F
F01E0F
F01E0F
F01E0F
F01E0F
00000F
00001F
00001E
0000FE
0000FC
000078
ENDCHAR
STARTCHAR uni01CD
ENCODING 461
SWIDTH 698 0
DWIDTH 22 0
BBX 21 29 1 0
BITMAP
020400
079E00
03FC00
01F800
00F000
000000
000000
00F800
01F800
01F800
01FC00
03FC00
03FC00
039E00
079E00
079F00
0F0F00
0F0F00
0F0780
1E0780
1FFFC0
3FFFC0
3FFFC0
3FFFE0
7801E0
7801E0
F800F0
F000F0
F000F8
ENDCHAR
STARTCHAR uni01CE
ENCODING 462
SWIDTH 642 0
DWIDTH 21 0
BBX 17 24 1 0
BITMAP
0E1C00
0FFC00
07F800
03F000
01E000
000000
000000
07E780
1FF780
3FFF80
7E3F80
7C0F80
780780
F00780
F00780
F00780
F00780
F00780
780780
7C0F80
7E1F80
3FFF80
1FF780
0FE780
ENDCHAR
STARTCHAR uni01CF
ENCODING 463
SWIDTH 505 0
DWIDTH 16 0
BBX 12 29 2 0
BITMAP
2040
79E0
3FC0
1F80
0F00
0000
0000
FFF0
FFF0
FFF0
0F00
0F00
0F00
0F00
0F00
0F00
0F00
0F00
0F00
0F00
0F00
0F00
0F00
0F00
0F00
FFF0
FFF0
FFF0
FFF0
ENDCHAR
STARTCHAR uni01D0
ENCODING 464
SWIDTH 259 0
DWIDTH 8 0
BBX 10 24 -1 0
BITMAP
E1C0
FFC0
7F80
3F00
1E00
0000
0000
1E00
1E00
1E00
1E00
1E00
1E00
1E00
1E00
1E00
1E00
1E00
1E00
1E00
1E00
1E00
1E00
1E00
ENDCHAR
STARTCHAR uni01D1
ENCODING 465
SWIDTH 793 0
DWIDTH 25 0
BBX 23 29 1 0
BITMAP
008100
01E780
00FF00
007E00
003C00
000000
007C00
03FF80
07FFE0
0FFFF0
1FC3F8
3F00F8
3E007C
7C007C
78003C
78003E
78001E
F8001E
F8001E
78003E
78003E
7C003C
7C007C
3E00F8
3F01F8
1FFFF0
0FFFE0
07FFC0
01FF00
ENDCHAR
STARTCHAR uni01D2
ENCODING 466
SWIDTH 624 0
DWIDTH 20 0
BBX 18 24 1 0
BITMAP
0E1C00
0FFC00
07F800
03F000
01E000
000000
000000
07F800
0FFC00
3FFF00
3E3F00
7C0F80
780780
F807C0
F003C0
F003C0
F003C0
F807C0
780780
7C0F80
3E1F00
3FFF00
1FFC00
07F800
ENDCHAR
STARTCHAR uni01D3
ENCODING 467
SWIDTH 749 0
DWIDTH 24 0
BBX 18 29 3 0
BITMAP
040800
0F3C00
07F800
03F000
01E000
000000
000000
F003C0
F003C0
F003C0
F003C0
F003C0
F003C0
F003C0
F003C0
F003C0
F003C0
F003C0
F003C0
F003C0
F003C0
F003C0
F003C0
F807C0
7C0F80
7FFF80
3FFF00
1FFE00
07F800
ENDCHAR
STARTCHAR uni01D4
ENCODING 468
SWIDTH 618 0
DWIDTH 20 0
BBX 15 24 2 0
BITMAP
1C38
1FF8
0FF0
07E0
03C0
0000
0000
F00E
F00E
F00E
F00E
F00E
F00E
F00E
F00E
F00E
F00E
F00E
F01E
F81E
7C3E
7FFE
3FEE
1F8E
ENDCHAR
STARTCHAR Gcaron
ENCODING 486
SWIDTH 771 0
DWIDTH 25 0
BBX 22 29 1 0
BITMAP
008100
01E780
00FF00
007E00
003C00
000000
003C00
01FF80
07FFE0
0FFFF0
1FC3F8
3F00E0
3E0020
7C0000
780000
780000
780000
F80FFC
F80FFC
780FFC
780FFC
7C003C
7C003C
3E007C
3F80F8
1FFFF0
0FFFE0
03FFC0
00FF00
ENDCHAR
STARTCHAR gcaron
ENCODING 487
SWIDTH 656 0
DWIDTH 21 0
BBX 18 31 1 -7
BITMAP
070E00
07FE00
03FC00
01F800
00F000
000000
000000
07F3C0
1FFBC0
3FFFC0
3E1FC0
7C0FC0
7807C0
F803C0
F003C0
F003C0
F003C0
F003C0
7807C0
7C0FC0
3E1FC0
3FFFC0
1FFBC0
07E3C0
0003C0
000780
100780
1C1F80
3FFF00
3FFE00
0FF800
ENDCHAR
STARTCHAR uni01EA
ENCODING 490
SWIDTH 793 0
DWIDTH 25 0
BBX 23 30 1 -7
BITMAP
007C00
03FF80
07FFE0
0FFFF0
1FC3F8
3F00F8
3E007C
7C007C
78003C
78003E
78001E
F8001E
F8001E
78003E
78003E
7C003C
7C007C
3E00F8
3F01F8
1FFFF0
0FFFE0
07FFC0
01FF00
000E00
001C00
001C00
001C80
001FC0
000F80
000200
ENDCHAR
STARTCHAR uni01EB
ENCODING 491
SWIDTH 624 0
DWIDTH 20 0
BBX 18 23 1 -6
BITMAP
07F800
0FFC00
3FFF00
3E3F00
7C0F80
780780
F807C0
F003C0
F003C0
F003C0
F807C0
780780
7C0F80
3E1F00
3FFF00
1FFC00
07F800
007000
00E000
00E000
00EC00
00FE00
007C00
ENDCHAR
STARTCHAR uni01F1
ENCODING 497
SWIDTH 1379 0
DWIDTH 44 0
BBX 40 22 3 0
BITMAP
FFFC01FFFE
FFFE01FFFE
FFFF81FFFE
F03F81FFFC
F007C0007C
F003E000F8
F003E001F0
F001E001F0
F001F003E0
F001F007C0
F001F00F80
F001F00F80
F001F01F00
F001E03E00
F001E07C00
F003E07C00
F007E0F800
F00FC1F000
FFFF83FFFF
FFFF03FFFF
FFFE03FFFF
FFF803FFFF
ENDCHAR
STARTCHAR uni01F2
ENCODING 498
SWIDTH 1263 0
DWIDTH 40 0
BBX 36 22 3 0
BITMAP
FFFC000000
FFFE000000
FFFF800000
F03F800000
F007C00000
F003E1FFF0
F003E1FFF0
F001E1FFF0
F001F001E0
F001F003C0
F001F007C0
F001F00F80
F001F00F00
F001E01E00
F001E03E00
F003E07C00
F007E07800
F00FC0F000
FFFF81F000
FFFF01FFF0
FFFE01FFF0
FFF801FFF0
ENDCHAR
STARTCHAR Aringacute
ENCODING 506
SWIDTH 698 0
DWIDTH 22 0
BBX 21 36 1 0
BITMAP
000400
001C00
003C00
00FE00
01F000
008000
000000
00F000
01F800
039C00
039C00
039C00
01F800
00F000
00F800
01F800
01F800
01FC00
03FC00
03FC00
039E00
079E00
079F00
0F0F00
0F0F00
0F0780
1E0780
1FFFC0
3FFFC0
3FFFC0
3FFFE0
7801E0
7801E0
F800F0
F000F0
F000F8
ENDCHAR
STARTCHAR aringacute
ENCODING 507
SWIDTH 642 0
DWIDTH 21 0
BBX 17 33 1 0
BITMAP
002000
00F000
01F800
03E000
078000
020000
000000
01E000
03F000
073800
073800
033000
03F000
00C000
000000
000000
07E780
1FF780
3FFF80
7E3F80
7C0F80
780780
F00780
F00780
F00780
F00780
F00780
780780
7C0F80
7E1F80
3FFF80
1FF780
0FE780
ENDCHAR
STARTCHAR AEacute
ENCODING 508
SWIDTH 1007 0
DWIDTH 32 0
BBX 30 30 0 0
BITMAP
00000080
00000380
00000780
00001FC0
00003E00
00001000
00000000
00000000
0001FFFC
0003FFFC
0003FFFC
0007E000
000FE000
001FE000
001EE000
003CE000
007CE000
0078FFF8
00F0FFF8
01F0FFF8
01E0E000
03C0E000
07FFE000
07FFE000
0FFFE000
1E00E000
3E00FFFC
3C00FFFC
7800FFFC
F800FFFC
ENDCHAR
STARTCHAR aeacute
ENCODING 509
SWIDTH 899 0
DWIDTH 29 0
BBX 27 25 1 0
BITMAP
00020000
000F0000
001F8000
003E0000
00780000
00200000
00000000
00000000
0FF0FC00
3FFBFF00
7FFFFF80
7C7F8F80
303F03C0
001E03C0
001C01C0
1FFFFFE0
3FFFFFE0
7FFFFFE0
F81E0000
F01E0000
F03F0080
F87FC380
7FF7FFC0
7FE3FF80
1F81FE00
ENDCHAR
STARTCHAR Oslashacute
ENCODING 510
SWIDTH 783 0
DWIDTH 25 0
BBX 23 31 1 -1
BITMAP
000200
000E00
001E00
007F00
00F800
004000
000008
007C1C
03FFBC
07FFF8
0FFFF0
1FC3F8
3F01F8
3C03FC
7C07FC
780F3C
780E3E
781C3E
F8381E
F8781E
78F03E
78E03E
7DC03C
7F807C
3F80F8
3F01F8
1FFFF0
1FFFE0
3FFFC0
71FF00
300000
ENDCHAR
STARTCHAR oslashacute
ENCODING 511
SWIDTH 624 0
DWIDTH 20 0
BBX 18 26 1 -1
BITMAP
002000
00F000
01F800
03E000
078000
020000
000000
000100
07FB80
0FFF80
3FFF00
3E3F00
7C1F80
783F80
F87FC0
F0F3C0
F1E3C0
F3C3C0
FB87C0
7F0780
7E0F80
3E1F00
3FFF00
7FFC00
F7F800
200000
ENDCHAR
STARTCHAR uni0200
ENCODING 512
SWIDTH 698 0
DWIDTH 22 0
BBX 21 30 1 0
BITMAP
081000
1C3800
3E7C00
0F3E00
078F00
010600
000000
000000
00F800
01F800
01F800
01FC00
03FC00
03FC00
039E00
079E00
079F00
0F0F00
0F0F00
0F0780
1E0780
1FFFC0
3FFFC0
3FFFC0
3FFFE0
7801E0
7801E0
F800F0
F000F0
F000F8
ENDCHAR
STARTCHAR uni0201
ENCODING 513
SWIDTH 642 0
DWIDTH 21 0
BBX 17 25 1 0
BITMAP
20C000
70E000
FDF000
3E7800
0E3C00
040800
000000
000000
07E780
1FF780
3FFF80
7E3F80
7C0F80
780780
F00780
F00780
F00780
F00780
F00780
780780
7C0F80
7E1F80
3FFF80
1FF780
0FE780
ENDCHAR
STARTCHAR uni0202
ENCODING 514
SWIDTH 698 0
DWIDTH 22 0
BBX 21 29 1 0
BITMAP
00F000
03FC00
07FE00
070E00
070E00
000000
000000
00F800
01F800
01F800
01FC00
03FC00
03FC00
039E00
079E00
079F00
0F0F00
0F0F00
0F0780
1E0780
1FFFC0
3FFFC0
3FFFC0
3FFFE0
7801E0
7801E0
F800F0
F000F0
F000F8
ENDCHAR
STARTCHAR uni0203
ENCODING 515
SWIDTH 642 0
DWIDTH 21 0
BBX 17 25 1 0
BITMAP
00C000
03F000
07F800
0F3C00
0E1C00
0C0C00
000000
000000
07E780
1FF780
3FFF80
7E3F80
7C0F80
780780
F00780
F00780
F00780
F00780
F00780
780780
7C0F80
7E1F80
3FFF80
1FF780
0FE780
ENDCHAR
STARTCHAR uni0204
ENCODING 516
SWIDTH 625 0
DWIDTH 20 0
BBX 16 30 2 0
BITMAP
2040
70E0
F9F0
3CF8
1E3C
0418
0000
0000
7FFF
7FFF
7FFF
7800
7800
7800
7800
7800
7800
7FFC
7FFC
7FFC
7800
7800
7800
7800
7800
7800
7FFF
7FFF
7FFF
7FFF
ENDCHAR
STARTCHAR uni0205
ENCODING 517
SWIDTH 586 0
DWIDTH 19 0
BBX 17 25 1 0
BITMAP
20C000
70E000
FDF000
3E7800
0E3C00
040800
000000
000000
07F000
1FFC00
3FFE00
3E3E00
780F00
780F00
F00700
FFFF80
FFFF80
F00000
F00000
780000
7C0400
3F0E00
3FFF00
1FFE00
07F800
ENDCHAR
STARTCHAR uni0206
ENCODING 518
SWIDTH 625 0
DWIDTH 20 0
BBX 15 29 3 0
BITMAP
03C0
0FF0
1FF8
1C38
1C38
0000
0000
FFFE
FFFE
FFFE
F000
F000
F000
F000
F000
F000
FFF8
FFF8
FFF8
F000
F000
F000
F000
F000
F000
FFFE
FFFE
FFFE
FFFE
ENDCHAR
STARTCHAR uni0207
ENCODING 519
SWIDTH 586 0
DWIDTH 19 0
BBX 17 25 1 0
BITMAP
00C000
03F000
07F800
0F3C00
0E1C00
0C0C00
000000
000000
07F000
1FFC00
3FFE00
3E3E00
780F00
780F00
F00700
FFFF80
FFFF80
F00000
F00000
780000
7C0400
3F0E00
3FFF00
1FFE00
07F800
ENDCHAR
STARTCHAR uni0208
ENCODING 520
SWIDTH 505 0
DWIDTH 16 0
BBX 15 30 -1 0
BITMAP
2040
70E0
F9F0
3CF8
1E3C
0418
0000
0000
1FFE
1FFE
1FFE
01E0
01E0
01E0
01E0
01E0
01E0
01E0
01E0
01E0
01E0
01E0
01E0
01E0
01E0
01E0
1FFE
1FFE
1FFE
1FFE
ENDCHAR
STARTCHAR uni0209
ENCODING 521
SWIDTH 259 0
DWIDTH 8 0
BBX 14 25 -5 0
BITMAP
20C0
70E0
FDF0
3E78
0E3C
0408
0000
0000
01E0
01E0
01E0
01E0
01E0
01E0
01E0
01E0
01E0
01E0
01E0
01E0
01E0
01E0
01E0
01E0
01E0
ENDCHAR
STARTCHAR uni020A
ENCODING 522
SWIDTH 505 0
DWIDTH 16 0
BBX 12 29 2 0
BITMAP
0F00
3FC0
7FE0
70E0
70E0
0000
0000
FFF0
FFF0
FFF0
0F00
0F00
0F00
0F00
0F00
0F00
0F00
0F00
0F00
0F00
0F00
0F00
0F00
0F00
0F00
FFF0
FFF0
FFF0
FFF0
ENDCHAR
STARTCHAR uni020B
ENCODING 523
SWIDTH 259 0
DWIDTH 8 0
BBX 10 25 -1 0
BITMAP
0C00
3F00
7F80
F3C0
E1C0
C0C0
0000
0000
1E00
1E00
1E00
1E00
1E00
1E00
1E00
1E00
1E00
1E00
1E00
1E00
1E00
1E00
1E00
1E00
1E00
ENDCHAR
STARTCHAR uni020C
ENCODING 524
SWIDTH 793 0
DWIDTH 25 0
BBX 23 30 1 0
BITMAP
040800
0E1C00
1F3E00
079F00
03C780
008300
000000
007C00
03FF80
07FFE0
0FFFF0
1FC3F8
3F00F8
3E007C
7C007C
78003C
78003E
78001E
F8001E
F8001E
78003E
78003E
7C003C
7C007C
3E00F8
3F01F8
1FFFF0
0FFFE0
07FFC0
01FF00
ENDCHAR
STARTCHAR uni020D
ENCODING 525
SWIDTH 624 0
DWIDTH 20 0
BBX 18 25 1 0
BITMAP
20C000
70E000
FDF000
3E7800
0E3C00
040800
000000
000000
07F800
0FFC00
3FFF00
3E3F00
7C0F80
780780
F807C0
F003C0
F003C0
F003C0
F807C0
780780
7C0F80
3E1F00
3FFF00
1FFC00
07F800
ENDCHAR
STARTCHAR uni020E
ENCODING 526
SWIDTH 793 0
DWIDTH 25 0
BBX 23 29 1 0
BITMAP
003C00
00FF00
01FF80
01C380
01C380
000000
007C00
03FF80
07FFE0
0FFFF0
1FC3F8
3F00F8
3E007C
7C007C
78003C
78003E
78001E
F8001E
F8001E
78003E
78003E
7C003C
7C007C
3E00F8
3F01F8
1FFFF0
0FFFE0
07FFC0
01FF00
ENDCHAR
STARTCHAR uni020F
ENCODING 527
SWIDTH 624 0
DWIDTH 20 0
BBX 18 25 1 0
BITMAP
00C000
03F000
07F800
0F3C00
0E1C00
0C0C00
000000
000000
07F800
0FFC00
3FFF00
3E3F00
7C0F80
780780
F807C0
F003C0
F003C0
F003C0
F807C0
780780
7C0F80
3E1F00
3FFF00
1FFC00
07F800
ENDCHAR
STARTCHAR uni0210
ENCODING 528
SWIDTH 697 0
DWIDTH 22 0
BBX 19 30 2 0
BITMAP
204000
70E000
F9F000
3CF800
1E3C00
041800
000000
000000
7FFC00
7FFF00
7FFF80
781F80
7807C0
7803C0
7803C0
7803C0
7807C0
780780
7FFF80
7FFF00
7FFE00
7FFC00
783E00
783E00
781F00
781F00
780F80
780780
7807C0
7803E0
ENDCHAR
STARTCHAR uni0211
ENCODING 529
SWIDTH 421 0
DWIDTH 13 0
BBX 14 25 -1 0
BITMAP
20C0
70E0
FDF0
3E78
0E3C
0408
0000
0000
1E3C
1EFC
1EFC
1FF8
1F80
1F00
1F00
1E00
1E00
1E00
1E00
1E00
1E00
1E00
1E00
1E00
1E00
ENDCHAR
STARTCHAR uni0212
ENCODING 530
SWIDTH 697 0
DWIDTH 22 0
BBX 18 29 3 0
BITMAP
078000
1FE000
3FF000
387000
387000
000000
000000
FFF800
FFFE00
FFFF00
F03F00
F00F80
F00780
F00780
F00780
F00F80
F00F00
FFFF00
FFFE00
FFFC00
FFF800
F07C00
F07C00
F03E00
F03E00
F01F00
F00F00
F00F80
F007C0
ENDCHAR
STARTCHAR uni0213
ENCODING 531
SWIDTH 421 0
DWIDTH 13 0
BBX 11 25 2 0
BITMAP
0600
1F80
3FC0
79E0
70E0
6060
0000
0000
F1E0
F7E0
F7E0
FFC0
FC00
F800
F800
F000
F000
F000
F000
F000
F000
F000
F000
F000
F000
ENDCHAR
STARTCHAR uni0214
ENCODING 532
SWIDTH 749 0
DWIDTH 24 0
BBX 18 30 3 0
BITMAP
204000
70E000
F9F000
3CF800
1E3C00
041800
000000
000000
F003C0
F003C0
F003C0
F003C0
F003C0
F003C0
F003C0
F003C0
F003C0
F003C0
F003C0
F003C0
F003C0
F003C0
F003C0
F003C0
F807C0
7C0F80
7FFF80
3FFF00
1FFE00
07F800
ENDCHAR
STARTCHAR uni0215
ENCODING 533
SWIDTH 618 0
DWIDTH 20 0
BBX 16 25 1 0
BITMAP
20C0
70E0
FDF0
3E78
0E3C
0408
0000
0000
7807
7807
7807
7807
7807
7807
7807
7807
7807
7807
7807
780F
7C0F
3E1F
3FFF
1FF7
0FC7
ENDCHAR
STARTCHAR uni0216
ENCODING 534
SWIDTH 749 0
DWIDTH 24 0
BBX 18 29 3 0
BITMAP
01E000
07F800
0FFC00
0E1C00
0E1C00
000000
000000
F003C0
F003C0
F003C0
F003C0
F003C0
F003C0
F003C0
F003C0
F003C0
F003C0
F003C0
F003C0
F003C0
F003C0
F003C0
F003C0
F807C0
7C0F80
7FFF80
3FFF00
1FFE00
07F800
ENDCHAR
STARTCHAR uni0217
ENCODING 535
SWIDTH 618 0
DWIDTH 20 0
BBX 15 25 2 0
BITMAP
0180
07E0
0FF0
1E78
1C38
1818
0000
0000
F00E
F00E
F00E
F00E
F00E
F00E
F00E
F00E
F00E
F00E
F00E
F01E
F81E
7C3E
7FFE
3FEE
1F8E
ENDCHAR
STARTCHAR uni0218
ENCODING 536
SWIDTH 627 0
DWIDTH 20 0
BBX 18 31 1 -8
BITMAP
01F000
07FE00
1FFF00
3FFF80
3E0F80
3C0700
7C0200
7C0000
3E0000
3F8000
1FF800
1FFE00
07FF00
00FF80
001F80
000780
2007C0
300780
F80780
7F1F80
3FFF00
1FFE00
07F800
000000
006000
00F000
00F800
007800
007000
01F000
00C000
ENDCHAR
STARTCHAR uni0219
ENCODING 537
SWIDTH 485 0
DWIDTH 16 0
BBX 13 25 1 -8
BITMAP
1FC0
3FF0
7FF8
7870
F010
7800
7C00
7FC0
3FF0
0FF8
01F8
0078
2038
7078
FFF8
7FF0
1FC0
0000
0300
0780
07C0
03C0
0380
0F80
0600
ENDCHAR
STARTCHAR uni021A
ENCODING 538
SWIDTH 604 0
DWIDTH 19 0
BBX 17 30 1 -8
BITMAP
FFFF80
FFFF80
FFFF80
03E000
03E000
03E000
03E000
03E000
03E000
03E000
03E000
03E000
03E000
03E000
03E000
03E000
03E000
03E000
03E000
03E000
03E000
03E000
000000
00C000
01E000
01F000
00F000
00E000
03E000
018000
ENDCHAR
STARTCHAR uni021B
ENCODING 539
SWIDTH 389 0
DWIDTH 12 0
BBX 11 29 1 -8
BITMAP
1E00
1E00
1E00
1E00
FFE0
FFE0
FFE0
FFE0
1E00
1E00
1E00
1E00
1E00
1E00
1E00
1E00
1E00
1E00
1E00
1E00
1E00
0000
0C00
1E00
1F00
0F00
0E00
3E00
1800
ENDCHAR
STARTCHAR uni022A
ENCODING 554
SWIDTH 793 0
DWIDTH 25 0
BBX 23 33 1 0
BITMAP
01FF80
01FF80
01FF80
000000
01C380
03E7C0
03E7C0
03E7C0
01C380
000000
007C00
03FF80
07FFE0
0FFFF0
1FC3F8
3F00F8
3E007C
7C007C
78003C
78003E
78001E
F8001E
F8001E
78003E
78003E
7C003C
7C007C
3E00F8
3F01F8
1FFFF0
0FFFE0
07FFC0
01FF00
ENDCHAR
STARTCHAR uni022B
ENCODING 555
SWIDTH 624 0
DWIDTH 20 0
BBX 18 29 1 0
BITMAP
0FFC00
0FFC00
0FFC00
000000
0E1C00
1F3E00
1F3E00
1F3E00
061800
000000
000000
000000
07F800
0FFC00
3FFF00
3E3F00
7C0F80
780780
F807C0
F003C0
F003C0
F003C0
F807C0
780780
7C0F80
3E1F00
3FFF00
1FFC00
07F800
ENDCHAR
STARTCHAR uni022C
ENCODING 556
SWIDTH 793 0
DWIDTH 25 0
BBX 23 33 1 0
BITMAP
01FF80
01FF80
01FF80
000000
0021C0
01F9C0
01FF80
039F80
000000
000000
007C00
03FF80
07FFE0
0FFFF0
1FC3F8
3F00F8
3E007C
7C007C
78003C
78003E
78001E
F8001E
F8001E
78003E
78003E
7C003C
7C007C
3E00F8
3F01F8
1FFFF0
0FFFE0
07FFC0
01FF00
ENDCHAR
STARTCHAR uni022D
ENCODING 557
SWIDTH 624 0
DWIDTH 20 0
BBX 18 29 1 0
BITMAP
0FFC00
0FFC00
0FFC00
000000
000000
078C00
0FDC00
0FFC00
0C7800
000000
000000
000000
07F800
0FFC00
3FFF00
3E3F00
7C0F80
780780
F807C0
F003C0
F003C0
F003C0
F807C0
780780
7C0F80
3E1F00
3FFF00
1FFC00
07F800
ENDCHAR
STARTCHAR uni0230
ENCODING 560
SWIDTH 793 0
DWIDTH 25 0
BBX 23 33 1 0
BITMAP
01FF80
01FF80
01FF80
000000
001800
003C00
007E00
003C00
001800
000000
007C00
03FF80
07FFE0
0FFFF0
1FC3F8
3F00F8
3E007C
7C007C
78003C
78003E
78001E
F8001E
F8001E
78003E
78003E
7C003C
7C007C
3E00F8
3F01F8
1FFFF0
0FFFE0
07FFC0
01FF00
ENDCHAR
STARTCHAR uni0231
ENCODING 561
SWIDTH 624 0
DWIDTH 20 0
BBX 18 29 1 0
BITMAP
0FFC00
0FFC00
0FFC00
000000
01E000
01E000
03F000
01E000
00C000
000000
000000
000000
07F800
0FFC00
3FFF00
3E3F00
7C0F80
780780
F807C0
F003C0
F003C0
F003C0
F807C0
780780
7C0F80
3E1F00
3FFF00
1FFC00
07F800
ENDCHAR
STARTCHAR uni0232
ENCODING 562
SWIDTH 670 0
DWIDTH 21 0
BBX 21 28 0 0
BITMAP
03FF00
03FF00
03FF00
000000
000000
800000
7C00F8
7C01F0
3E01E0
1F03E0
0F03C0
0F8780
07CF80
03EF00
03FE00
01FE00
00FC00
007800
007800
007800
007800
007800
007800
007800
007800
007800
007800
007800
ENDCHAR
STARTCHAR uni0233
ENCODING 563
SWIDTH 595 0
DWIDTH 19 0
BBX 19 30 0 -7
BITMAP
07FE00
07FE00
07FE00
000000
000000
000000
F803E0
7803C0
7C07C0
3C0780
3E0780
1E0F80
1E0F00
1F0F00
0F1E00
0F9E00
079E00
07FC00
03FC00
03F800
01F800
01F000
01F000
00F000
01E000
01E000
01C000
03C000
03C000
078000
ENDCHAR
STARTCHAR uni0237
ENCODING 567
SWIDTH 281 0
DWIDTH 9 0
BBX 8 23 -1 -6
BITMAP
0F
0F
0F
0F
0F
0F
0F
0F
0F
0F
0F
0F
0F
0F
0F
0F
0F
0F
1F
1E
FE
FC
78
ENDCHAR
STARTCHAR uni0259
ENCODING 601
SWIDTH 586 0
DWIDTH 19 0
BBX 17 17 1 0
BITMAP
0FE000
3FF800
7FFC00
3C7E00
301F00
000F00
000F00
000700
FFFF80
FFFF00
F00700
F00F00
780F00
7C3E00
3FFC00
1FF800
0FF000
ENDCHAR
STARTCHAR uni0272
ENCODING 626
SWIDTH 622 0
DWIDTH 20 0
BBX 19 23 -1 -6
BITMAP
0F3F00
0F7F80
0FFFC0
0FC7C0
0F83E0
0F01E0
0F01E0
0F01E0
0F01E0
0F01E0
0F01E0
0F01E0
0F01E0
0F01E0
0F01E0
0F01E0
0F01E0
0F0000
1F0000
1E0000
FE0000
FC0000
780000
ENDCHAR
STARTCHAR uni02BB
ENCODING 699
SWIDTH 253 0
DWIDTH 8 0
BBX 6 9 1 15
BITMAP
0C
3C
78
70
F0
F8
FC
7C
38
ENDCHAR
STARTCHAR uni02BC
ENCODING 700
SWIDTH 221 0
DWIDTH 7 0
BBX 5 8 1 14
BITMAP
78
78
70
70
70
E0
E0
E0
ENDCHAR
STARTCHAR uni02BE
ENCODING 702
SWIDTH 221 0
DWIDTH 7 0
BBX 4 7 2 17
BITMAP
80
E0
60
70
60
E0
C0
ENDCHAR
STARTCHAR uni02BF
ENCODING 703
SWIDTH 221 0
DWIDTH 7 0
BBX 4 7 1 17
BITMAP
30
70
E0
C0
E0
70
30
ENDCHAR
STARTCHAR circumflex
ENCODING 710
SWIDTH 500 0
DWIDTH 16 0
BBX 10 5 3 19
BITMAP
1E00
3F00
7F80
E1C0
4080
ENDCHAR
STARTCHAR caron
ENCODING 711
SWIDTH 500 0
DWIDTH 16 0
BBX 10 5 3 19
BITMAP
E1C0
FFC0
7F80
3F00
1E00
ENDCHAR
STARTCHAR uni02C8
ENCODING 712
SWIDTH 231 0
DWIDTH 7 0
BBX 3 11 2 12
BITMAP
E0
E0
E0
E0
E0
E0
E0
E0
E0
E0
E0
ENDCHAR
STARTCHAR uni02CC
ENCODING 716
SWIDTH 239 0
DWIDTH 8 0
BBX 4 11 2 -5
BITMAP
F0
F0
F0
F0
F0
F0
F0
F0
F0
F0
F0
ENDCHAR
STARTCHAR breve
ENCODING 728
SWIDTH 402 0
DWIDTH 13 0
BBX 10 5 3 19
BITMAP
E1C0
E1C0
FF80
7F80
3E00
ENDCHAR
STARTCHAR dotaccent
ENCODING 729
SWIDTH 500 0
DWIDTH 16 0
BBX 6 5 5 20
BITMAP
78
78
FC
78
30
ENDCHAR
STARTCHAR ring
ENCODING 730
SWIDTH 500 0
DWIDTH 16 0
BBX 8 7 4 19
BITMAP
3C
7E
E7
E7
66
7E
18
ENDCHAR
STARTCHAR ogonek
ENCODING 731
SWIDTH 500 0
DWIDTH 16 0
BBX 8 8 4 -7
BITMAP
1E
38
70
F0
F4
7F
7E
10
ENDCHAR
STARTCHAR tilde
ENCODING 732
SWIDTH 500 0
DWIDTH 16 0
BBX 10 4 3 20
BITMAP
78C0
FDC0
FFC0
C780
ENDCHAR
STARTCHAR hungarumlaut
ENCODING 733
SWIDTH 500 0
DWIDTH 16 0
BBX 14 6 1 19
BITMAP
0C10
1C38
3E7C
79F0
F1C0
4080
ENDCHAR
STARTCHAR gravecomb
ENCODING 768
SWIDTH 0 0
DWIDTH 0 0
BBX 8 6 4 19
BITMAP
20
78
FC
3F
0E
02
ENDCHAR
STARTCHAR acutecomb
ENCODING 769
SWIDTH 0 0
DWIDTH 0 0
BBX 8 6 4 19
BITMAP
04
1E
3F
7C
F0
40
ENDCHAR
STARTCHAR uni0302
ENCODING 770
SWIDTH 0 0
DWIDTH 0 0
BBX 10 5 3 19
BITMAP
1E00
3F00
7F80
E1C0
4080
ENDCHAR
STARTCHAR tildecomb
ENCODING 771
SWIDTH 0 0
DWIDTH 0 0
BBX 10 4 3 20
BITMAP
78C0
FDC0
FFC0
C780
ENDCHAR
STARTCHAR uni0304
ENCODING 772
SWIDTH 0 0
DWIDTH 0 0
BBX 10 3 3 20
BITMAP
FFC0
FFC0
FFC0
ENDCHAR
STARTCHAR uni0306
ENCODING 774
SWIDTH 0 0
DWIDTH 0 0
BBX 10 5 3 19
BITMAP
E1C0
E1C0
FF80
7F80
3E00
ENDCHAR
STARTCHAR uni0307
ENCODING 775
SWIDTH 0 0
DWIDTH 0 0
BBX 6 5 5 20
BITMAP
78
78
FC
78
30
ENDCHAR
STARTCHAR uni0308
ENCODING 776
SWIDTH 0 0
DWIDTH 0 0
BBX 12 5 2 20
BITMAP
70E0
F9F0
F9F0
F9F0
30C0
ENDCHAR
STARTCHAR hookabovecomb
ENCODING 777
SWIDTH 0 0
DWIDTH 0 0
BBX 6 7 5 19
BITMAP
30
FC
FC
8C
1C
38
30
ENDCHAR
STARTCHAR uni030A
ENCODING 778
SWIDTH 0 0
DWIDTH 0 0
BBX 8 7 4 19
BITMAP
3C
7E
E7
E7
66
7E
18
ENDCHAR
STARTCHAR uni030B
ENCODING 779
SWIDTH 0 0
DWIDTH 0 0
BBX 14 6 1 19
BITMAP
0C10
1C38
3E7C
79F0
F1C0
4080
ENDCHAR
STARTCHAR uni030C
ENCODING 780
SWIDTH 0 0
DWIDTH 0 0
BBX 10 5 3 19
BITMAP
E1C0
FFC0
7F80
3F00
1E00
ENDCHAR
STARTCHAR uni030F
ENCODING 783
SWIDTH 0 0
DWIDTH 0 0
BBX 14 6 1 19
BITMAP
20C0
70E0
FDF0
3E78
0E3C
0408
ENDCHAR
STARTCHAR uni0311
ENCODING 785
SWIDTH 0 0
DWIDTH 0 0
BBX 10 6 3 19
BITMAP
0C00
3F00
7F80
F3C0
E1C0
C0C0
ENDCHAR
STARTCHAR uni0312
ENCODING 786
SWIDTH 0 0
DWIDTH 0 0
BBX 6 7 5 19
BITMAP
18
3C
70
F0
F8
78
38
ENDCHAR
STARTCHAR uni031B
ENCODING 795
SWIDTH 0 0
DWIDTH 0 0
BBX 6 6 5 14
BITMAP
1C
1C
3C
F8
F0
C0
ENDCHAR
STARTCHAR dotbelowcomb
ENCODING 803
SWIDTH 0 0
DWIDTH 0 0
BBX 6 5 5 -7
BITMAP
38
78
FC
78
30
ENDCHAR
STARTCHAR uni0324
ENCODING 804
SWIDTH 0 0
DWIDTH 0 0
BBX 12 5 2 -7
BITMAP
70E0
F9F0
F9F0
F9F0
70E0
ENDCHAR
STARTCHAR uni0326
ENCODING 806
SWIDTH 0 0
DWIDTH 0 0
BBX 6 7 5 -8
BITMAP
30
78
7C
3C
38
F8
60
ENDCHAR
STARTCHAR uni0327
ENCODING 807
SWIDTH 0 0
DWIDTH 0 0
BBX 6 9 5 -8
BITMAP
30
70
60
F8
3C
1C
3C
F8
E0
ENDCHAR
STARTCHAR uni0328
ENCODING 808
SWIDTH 0 0
DWIDTH 0 0
BBX 8 8 4 -7
BITMAP
1E
38
70
F0
F4
7F
7E
10
ENDCHAR
STARTCHAR uni032E
ENCODING 814
SWIDTH 0 0
DWIDTH 0 0
BBX 10 5 3 -7
BITMAP
C0C0
E1C0
F3C0
7F80
3F00
ENDCHAR
STARTCHAR uni0331
ENCODING 817
SWIDTH 0 0
DWIDTH 0 0
BBX 10 3 3 -6
BITMAP
FFC0
FFC0
FFC0
ENDCHAR
STARTCHAR uni0335
ENCODING 821
SWIDTH 0 0
DWIDTH 0 0
BBX 10 3 3 8
BITMAP
FFC0
FFC0
FFC0
ENDCHAR
STARTCHAR uni0394
ENCODING 916
SWIDTH 711 0
DWIDTH 23 0
BBX 23 23 0 0
BITMAP
001000
001000
003800
003800
007C00
007C00
00FE00
00FE00
01EF00
01CF00
03C780
038780
0783C0
0703C0
0F01C0
0E01E0
1E00E0
1C00F0
3C0070
380078
7FFFF8
7FFFFC
FFFFFE
ENDCHAR
STARTCHAR uni03A9
ENCODING 937
SWIDTH 694 0
DWIDTH 22 0
BBX 20 23 1 0
BITMAP
01F800
07FE00
1FFF80
3FFFC0
7E07E0
7C03E0
F801F0
F000F0
F000F0
F000F0
F00070
F000F0
F000F0
F000F0
7800E0
7801E0
3C03C0
1C03C0
1E0780
FF0FF0
FF8FF0
FF8FF0
FF8FF0
ENDCHAR
STARTCHAR uni03BC
ENCODING 956
SWIDTH 605 0
DWIDTH 19 0
BBX 15 22 2 -5
BITMAP
F01E
F01E
F01E
F01E
F01E
F01E
F01E
F01E
F01E
F01E
F01E
F01E
F83E
FC7E
FFFE
FFFE
FFDE
F000
F000
F000
F000
F000
ENDCHAR
STARTCHAR pi
ENCODING 960
SWIDTH 625 0
DWIDTH 20 0
BBX 18 17 1 0
BITMAP
FFFFC0
FFFFC0
FFFFC0
FFFFC0
1C0F00
1C0F00
1C0F00
1C0F00
1C0F00
1C0F00
1C0F00
1C0F00
1C0F00
1C0F00
1C0F00
1C0F00
1C0F00
ENDCHAR
STARTCHAR uni1E08
ENCODING 7688
SWIDTH 684 0
DWIDTH 22 0
BBX 20 38 1 -8
BITMAP
000200
000E00
001E00
007F00
00F800
004000
000000
003C00
01FF80
07FFC0
0FFFE0
1FC7F0
3F01E0
3E0040
7C0000
780000
780000
780000
F80000
F80000
780000
780000
7C0000
7C0000
3E0040
3F81E0
1FFFE0
0FFFF0
07FFC0
01FF00
007000
006000
00F800
003C00
001C00
003C00
00F800
00E000
ENDCHAR
STARTCHAR uni1E09
ENCODING 7689
SWIDTH 539 0
DWIDTH 17 0
BBX 16 33 1 -8
BITMAP
0020
00F0
01F8
03E0
0780
0200
0000
0000
07F0
1FFC
3FFE
3E3F
7C0C
7804
F000
F000
F000
F000
F000
7804
7C0C
3E1E
3FFF
1FFC
07F0
01C0
0180
03E0
00F0
0070
00F0
03E0
0380
ENDCHAR
STARTCHAR uni1E0C
ENCODING 7692
SWIDTH 757 0
DWIDTH 24 0
BBX 20 29 3 -7
BITMAP
FFFC00
FFFE00
FFFF80
F03F80
F007C0
F003E0
F003E0
F001E0
F001F0
F001F0
F001F0
F001F0
F001F0
F001E0
F001E0
F003E0
F007E0
F00FC0
FFFF80
FFFF00
FFFE00
FFF800
000000
000000
00E000
01E000
03F000
01E000
00C000
ENDCHAR
STARTCHAR uni1E0D
ENCODING 7693
SWIDTH 641 0
DWIDTH 21 0
BBX 17 31 1 -7
BITMAP
000780
000780
000780
000780
000780
000780
000780
07E780
1FFF80
3FFF80
3E1F80
7C0F80
780780
F00780
F00780
F00380
F00780
F00780
780780
7C0F80
7E1F80
3FFF80
1FFF80
07E380
000000
000000
00E000
01E000
03F000
01E000
00C000
ENDCHAR
STARTCHAR uni1E0E
ENCODING 7694
SWIDTH 757 0
DWIDTH 24 0
BBX 20 28 3 -6
BITMAP
FFFC00
FFFE00
FFFF80
F03F80
F007C0
F003E0
F003E0
F001E0
F001F0
F001F0
F001F0
F001F0
F001F0
F001E0
F001E0
F003E0
F007E0
F00FC0
FFFF80
FFFF00
FFFE00
FFF800
000000
000000
000000
0FFC00
0FFC00
0FFC00
ENDCHAR
STARTCHAR uni1E0F
ENCODING 7695
SWIDTH 641 0
DWIDTH 21 0
BBX 17 30 1 -6
BITMAP
000780
000780
000780
000780
000780
000780
000780
07E780
1FFF80
3FFF80
3E1F80
7C0F80
780780
F00780
F00780
F00380
F00780
F00780
780780
7C0F80
7E1F80
3FFF80
1FFF80
07E380
000000
000000
000000
0FFC00
0FFC00
0FFC00
ENDCHAR
STARTCHAR uni1E14
ENCODING 7700
SWIDTH 625 0
DWIDTH 20 0
BBX 15 35 3 0
BITMAP
0800
0E00
0F80
1FC0
03E0
0040
0000
1FF8
1FF8
1FF8
0000
0000
0000
FFFE
FFFE
FFFE
F000
F000
F000
F000
F000
F000
FFF8
FFF8
FFF8
F000
F000
F000
F000
F000
F000
FFFE
FFFE
FFFE
FFFE
ENDCHAR
STARTCHAR uni1E15
ENCODING 7701
SWIDTH 586 0
DWIDTH 19 0
BBX 17 30 1 0
BITMAP
018000
038000
03C000
01E000
00E000
004000
000000
0FFC00
0FFC00
0FFC00
000000
000000
000000
07F000
1FFC00
3FFE00
3E3E00
780F00
780F00
F00700
FFFF80
FFFF80
F00000
F00000
780000
7C0400
3F0E00
3FFF00
1FFE00
07F800
ENDCHAR
STARTCHAR uni1E16
ENCODING 7702
SWIDTH 625 0
DWIDTH 20 0
BBX 15 35 3 0
BITMAP
0020
00E0
01E0
07F0
0F80
0400
0000
1FF8
1FF8
1FF8
0000
0000
0000
FFFE
FFFE
FFFE
F000
F000
F000
F000
F000
F000
FFF8
FFF8
FFF8
F000
F000
F000
F000
F000
F000
FFFE
FFFE
FFFE
FFFE
ENDCHAR
STARTCHAR uni1E17
ENCODING 7703
SWIDTH 586 0
DWIDTH 19 0
BBX 17 30 1 0
BITMAP
002000
007800
007000
00E000
01C000
008000
000000
0FFC00
0FFC00
0FFC00
000000
000000
000000
07F000
1FFC00
3FFE00
3E3E00
780F00
780F00
F00700
FFFF80
FFFF80
F00000
F00000
780000
7C0400
3F0E00
3FFF00
1FFE00
07F800
ENDCHAR
STARTCHAR uni1E1C
ENCODING 7708
SWIDTH 625 0
DWIDTH 20 0
BBX 15 37 3 -8
BITMAP
1C38
1C38
0FF8
0FF0
03C0
0000
0000
FFFE
FFFE
FFFE
F000
F000
F000
F000
F000
F000
FFF8
FFF8
FFF8
F000
F000
F000
F000
F000
F000
FFFE
FFFE
FFFE
FFFE
0700
0600
0F80
03C0
01C0
03C0
0F80
0E00
ENDCHAR
STARTCHAR uni1E1D
ENCODING 7709
SWIDTH 586 0
DWIDTH 19 0
BBX 17 32 1 -8
BITMAP
0E1C00
0E1C00
0FF800
07F800
03E000
000000
000000
07F000
1FFC00
3FFE00
3E3E00
780F00
780F00
F00700
FFFF80
FFFF80
F00000
F00000
780000
7C0400
3F0E00
3FFF00
1FFE00
07F800
01C000
018000
03E000
00F000
007000
00F000
03E000
038000
ENDCHAR
STARTCHAR uni1E20
ENCODING 7712
SWIDTH 771 0
DWIDTH 25 0
BBX 22 28 1 0
BITMAP
01FF80
01FF80
01FF80
000000
000000
003C00
01FF80
07FFE0
0FFFF0
1FC3F8
3F00E0
3E0020
7C0000
780000
780000
780000
F80FFC
F80FFC
780FFC
780FFC
7C003C
7C003C
3E007C
3F80F8
1FFFF0
0FFFE0
03FFC0
00FF00
ENDCHAR
STARTCHAR uni1E21
ENCODING 7713
SWIDTH 656 0
DWIDTH 21 0
BBX 18 30 1 -7
BITMAP
07FE00
07FE00
07FE00
000000
000000
000000
07F3C0
1FFBC0
3FFFC0
3E1FC0
7C0FC0
7807C0
F803C0
F003C0
F003C0
F003C0
F003C0
7807C0
7C0FC0
3E1FC0
3FFFC0
1FFBC0
07E3C0
0003C0
000780
100780
1C1F80
3FFF00
3FFE00
0FF800
ENDCHAR
STARTCHAR uni1E24
ENCODING 7716
SWIDTH 768 0
DWIDTH 25 0
BBX 19 29 3 -7
BITMAP
F003E0
F003E0
F003E0
F003E0
F003E0
F003E0
F003E0
F003E0
F003E0
FFFFE0
FFFFE0
FFFFE0
FFFFE0
F003E0
F003E0
F003E0
F003E0
F003E0
F003E0
F003E0
F003E0
F003E0
000000
000000
00E000
01E000
03F000
01E000
00C000
ENDCHAR
STARTCHAR uni1E25
ENCODING 7717
SWIDTH 609 0
DWIDTH 19 0
BBX 15 31 2 -7
BITMAP
F000
F000
F000
F000
F000
F000
F000
F1F8
F7FC
FFFE
FE3E
F81E
F01E
F01E
F01E
F01E
F01E
F01E
F01E
F01E
F01E
F01E
F01E
F01E
0000
0000
01C0
03C0
07E0
03C0
0180
ENDCHAR
STARTCHAR uni1E2A
ENCODING 7722
SWIDTH 768 0
DWIDTH 25 0
BBX 19 29 3 -7
BITMAP
F003E0
F003E0
F003E0
F003E0
F003E0
F003E0
F003E0
F003E0
F003E0
FFFFE0
FFFFE0
FFFFE0
FFFFE0
F003E0
F003E0
F003E0
F003E0
F003E0
F003E0
F003E0
F003E0
F003E0
000000
000000
0C0C00
0E1C00
0F3C00
07F800
03F000
ENDCHAR
STARTCHAR uni1E2B
ENCODING 7723
SWIDTH 609 0
DWIDTH 19 0
BBX 15 31 2 -7
BITMAP
F000
F000
F000
F000
F000
F000
F000
F1F8
F7FC
FFFE
FE3E
F81E
F01E
F01E
F01E
F01E
F01E
F01E
F01E
F01E
F01E
F01E
F01E
F01E
0000
0000
1818
1C38
1E78
0FF0
07E0
ENDCHAR
STARTCHAR uni1E2E
ENCODING 7726
SWIDTH 505 0
DWIDTH 16 0
BBX 12 35 2 0
BITMAP
0180
03C0
0FC0
1F80
1C00
0000
70E0
F9F0
F9F0
F9F0
70E0
0000
0000
FFF0
FFF0
FFF0
0F00
0F00
0F00
0F00
0F00
0F00
0F00
0F00
0F00
0F00
0F00
0F00
0F00
0F00
0F00
FFF0
FFF0
FFF0
FFF0
ENDCHAR
STARTCHAR uni1E2F
ENCODING 7727
SWIDTH 259 0
DWIDTH 8 0
BBX 12 31 -2 0
BITMAP
0100
03C0
03C0
0780
0F00
0200
30C0
F9F0
F9F0
F9F0
70E0
0000
0000
0000
0F00
0F00
0F00
0F00
0F00
0F00
0F00
0F00
0F00
0F00
0F00
0F00
0F00
0F00
0F00
0F00
0F00
ENDCHAR
STARTCHAR uni1E36
ENCODING 7734
SWIDTH 602 0
DWIDTH 19 0
BBX 15 29 3 -7
BITMAP
F000
F000
F000
F000
F000
F000
F000
F000
F000
F000
F000
F000
F000
F000
F000
F000
F000
F000
FFFE
FFFE
FFFE
FFFE
0000
0000
0380
0780
0FC0
0780
0300
ENDCHAR
STARTCHAR uni1E37
ENCODING 7735
SWIDTH 270 0
DWIDTH 9 0
BBX 6 31 1 -7
BITMAP
78
78
78
78
78
78
78
78
78
78
78
78
78
78
78
78
78
78
78
78
78
78
78
78
00
00
38
78
FC
78
30
ENDCHAR
STARTCHAR uni1E3A
ENCODING 7738
SWIDTH 602 0
DWIDTH 19 0
BBX 15 28 3 -6
BITMAP
F000
F000
F000
F000
F000
F000
F000
F000
F000
F000
F000
F000
F000
F000
F000
F000
F000
F000
FFFE
FFFE
FFFE
FFFE
0000
0000
0000
3FF0
3FF0
3FF0
ENDCHAR
STARTCHAR uni1E3B
ENCODING 7739
SWIDTH 270 0
DWIDTH 9 0
BBX 10 30 -1 -6
BITMAP
1E00
1E00
1E00
1E00
1E00
1E00
1E00
1E00
1E00
1E00
1E00
1E00
1E00
1E00
1E00
1E00
1E00
1E00
1E00
1E00
1E00
1E00
1E00
1E00
0000
0000
0000
FFC0
FFC0
FFC0
ENDCHAR
STARTCHAR uni1E42
ENCODING 7746
SWIDTH 869 0
DWIDTH 28 0
BBX 22 29 3 -7
BITMAP
F8007C
F8007C
FC00FC
FC00FC
FE01FC
FF03FC
FF03FC
FF87BC
F78FBC
F3CF3C
F3FE3C
F1FE3C
F0FC3C
F0F83C
F0783C
F0703C
F0003C
F0003C
F0003C
F0003C
F0003C
F0003C
000000
000000
003800
007800
00FC00
007800
003000
ENDCHAR
STARTCHAR uni1E43
ENCODING 7747
SWIDTH 936 0
DWIDTH 30 0
BBX 26 24 2 -7
BITMAP
F1F07E00
F7F8FF00
FFFDFF80
FE7FCF80
F83F07C0
F01E03C0
F01E03C0
F01E03C0
F01E03C0
F01E03C0
F01E03C0
F01E03C0
F01E03C0
F01E03C0
F01E03C0
F01E03C0
F01E03C0
00000000
00000000
000E0000
001E0000
003F0000
001E0000
000C0000
ENDCHAR
STARTCHAR uni1E44
ENCODING 7748
SWIDTH 798 0
DWIDTH 26 0
BBX 20 29 3 0
BITMAP
006000
00F000
01F800
00F000
006000
000000
000000
F001F0
F801F0
FC01F0
FE01F0
FE01F0
FF01F0
FF81F0
F7C1F0
F7C1F0
F3E1F0
F1F1F0
F0F8F0
F078F0
F07CF0
F03EF0
F01FF0
F00FF0
F00FF0
F007F0
F003F0
F001F0
F001F0
ENDCHAR
STARTCHAR uni1E45
ENCODING 7749
SWIDTH 609 0
DWIDTH 19 0
BBX 15 25 2 0
BITMAP
01E0
01E0
03F0
01E0
00C0
0000
0000
0000
F1F8
F7FC
FFFE
FE3E
F81E
F01E
F01E
F01E
F01E
F01E
F01E
F01E
F01E
F01E
F01E
F01E
F01E
ENDCHAR
STARTCHAR uni1E46
ENCODING 7750
SWIDTH 798 0
DWIDTH 26 0
BBX 20 29 3 -7
BITMAP
F001F0
F801F0
FC01F0
FE01F0
FE01F0
FF01F0
FF81F0
F7C1F0
F7C1F0
F3E1F0
F1F1F0
F0F8F0
F078F0
F07CF0
F03EF0
F01FF0
F00FF0
F00FF0
F007F0
F003F0
F001F0
F001F0
000000
000000
007000
00F000
01F800
00F000
006000
ENDCHAR
STARTCHAR uni1E47
ENCODING 7751
SWIDTH 609 0
DWIDTH 19 0
BBX 15 24 2 -7
BITMAP
F1F8
F7FC
FFFE
FE3E
F81E
F01E
F01E
F01E
F01E
F01E
F01E
F01E
F01E
F01E
F01E
F01E
F01E
0000
0000
01C0
03C0
07E0
03C0
0180
ENDCHAR
STARTCHAR uni1E48
ENCODING 7752
SWIDTH 798 0
DWIDTH 26 0
BBX 20 28 3 -6
BITMAP
F001F0
F801F0
FC01F0
FE01F0
FE01F0
FF01F0
FF81F0
F7C1F0
F7C1F0
F3E1F0
F1F1F0
F0F8F0
F078F0
F07CF0
F03EF0
F01FF0
F00FF0
F00FF0
F007F0
F003F0
F001F0
F001F0
000000
000000
000000
07FE00
07FE00
07FE00
ENDCHAR
STARTCHAR uni1E49
ENCODING 7753
SWIDTH 609 0
DWIDTH 19 0
BBX 15 23 2 -6
BITMAP
F1F8
F7FC
FFFE
FE3E
F81E
F01E
F01E
F01E
F01E
F01E
F01E
F01E
F01E
F01E
F01E
F01E
F01E
0000
0000
0000
1FF8
1FF8
1FF8
ENDCHAR
STARTCHAR uni1E4C
ENCODING 7756
SWIDTH 793 0
DWIDTH 25 0
BBX 23 35 1 0
BITMAP
000200
000E00
001E00
007F00
00F800
004000
0021C0
01F9C0
01FF80
039F80
000000
000000
007C00
03FF80
07FFE0
0FFFF0
1FC3F8
3F00F8
3E007C
7C007C
78003C
78003E
78001E
F8001E
F8001E
78003E
78003E
7C003C
7C007C
3E00F8
3F01F8
1FFFF0
0FFFE0
07FFC0
01FF00
ENDCHAR
STARTCHAR uni1E4D
ENCODING 7757
SWIDTH 624 0
DWIDTH 20 0
BBX 18 31 1 0
BITMAP
002000
003000
007800
00F000
00E000
00C000
000000
078C00
0FDC00
0FFC00
0C7800
000000
000000
000000
07F800
0FFC00
3FFF00
3E3F00
7C0F80
780780
F807C0
F003C0
F003C0
F003C0
F807C0
780780
7C0F80
3E1F00
3FFF00
1FFC00
07F800
ENDCHAR
STARTCHAR uni1E4E
ENCODING 7758
SWIDTH 793 0
DWIDTH 25 0
BBX 23 34 1 0
BITMAP
01C380
03E7C0
03E7C0
03E7C0
01C380
0021C0
01F9C0
01FF80
039F80
000000
000000
007C00
03FF80
07FFE0
0FFFF0
1FC3F8
3F00F8
3E007C
7C007C
78003C
78003E
78001E
F8001E
F8001E
78003E
78003E
7C003C
7C007C
3E00F8
3F01F8
1FFFF0
0FFFE0
07FFC0
01FF00
ENDCHAR
STARTCHAR uni1E4F
ENCODING 7759
SWIDTH 624 0
DWIDTH 20 0
BBX 18 30 1 0
BITMAP
0E1C00
1F3E00
1F3E00
0F3C00
000000
000000
078C00
0FDC00
0FFC00
0C7800
000000
000000
000000
07F800
0FFC00
3FFF00
3E3F00
7C0F80
780780
F807C0
F003C0
F003C0
F003C0
F807C0
780780
7C0F80
3E1F00
3FFF00
1FFC00
07F800
ENDCHAR
STARTCHAR uni1E50
ENCODING 7760
SWIDTH 793 0
DWIDTH 25 0
BBX 23 35 1 0
BITMAP
004000
007000
007C00
00FE00
001F00
000200
000000
01FF80
01FF80
01FF80
000000
000000
007C00
03FF80
07FFE0
0FFFF0
1FC3F8
3F00F8
3E007C
7C007C
78003C
78003E
78001E
F8001E
F8001E
78003E
78003E
7C003C
7C007C
3E00F8
3F01F8
1FFFF0
0FFFE0
07FFC0
01FF00
ENDCHAR
STARTCHAR uni1E51
ENCODING 7761
SWIDTH 624 0
DWIDTH 20 0
BBX 18 30 1 0
BITMAP
018000
038000
03C000
01E000
00E000
004000
000000
0FFC00
0FFC00
0FFC00
000000
000000
000000
07F800
0FFC00
3FFF00
3E3F00
7C0F80
780780
F807C0
F003C0
F003C0
F003C0
F807C0
780780
7C0F80
3E1F00
3FFF00
1FFC00
07F800
ENDCHAR
STARTCHAR uni1E52
ENCODING 7762
SWIDTH 793 0
DWIDTH 25 0
BBX 23 35 1 0
BITMAP
000200
000E00
001E00
007F00
00F800
004000
000000
01FF80
01FF80
01FF80
000000
000000
007C00
03FF80
07FFE0
0FFFF0
1FC3F8
3F00F8
3E007C
7C007C
78003C
78003E
78001E
F8001E
F8001E
78003E
78003E
7C003C
7C007C
3E00F8
3F01F8
1FFFF0
0FFFE0
07FFC0
01FF00
ENDCHAR
STARTCHAR uni1E53
ENCODING 7763
SWIDTH 624 0
DWIDTH 20 0
BBX 18 30 1 0
BITMAP
002000
007800
007000
00E000
01C000
008000
000000
0FFC00
0FFC00
0FFC00
000000
000000
000000
07F800
0FFC00
3FFF00
3E3F00
7C0F80
780780
F807C0
F003C0
F003C0
F003C0
F807C0
780780
7C0F80
3E1F00
3FFF00
1FFC00
07F800
ENDCHAR
STARTCHAR uni1E5A
ENCODING 7770
SWIDTH 697 0
DWIDTH 22 0
BBX 18 29 3 -7
BITMAP
FFF800
FFFE00
FFFF00
F03F00
F00F80
F00780
F00780
F00780
F00F80
F00F00
FFFF00
FFFE00
FFFC00
FFF800
F07C00
F07C00
F03E00
F03E00
F01F00
F00F00
F00F80
F007C0
000000
000000
01C000
03C000
07E000
03C000
018000
ENDCHAR
STARTCHAR uni1E5B
ENCODING 7771
SWIDTH 421 0
DWIDTH 13 0
BBX 12 24 1 -7
BITMAP
78F0
7BF0
7BF0
7FE0
7E00
7C00
7C00
7800
7800
7800
7800
7800
7800
7800
7800
7800
7800
0000
0000
3800
7800
FC00
7800
3000
ENDCHAR
STARTCHAR uni1E5E
ENCODING 7774
SWIDTH 697 0
DWIDTH 22 0
BBX 18 28 3 -6
BITMAP
FFF800
FFFE00
FFFF00
F03F00
F00F80
F00780
F00780
F00780
F00F80
F00F00
FFFF00
FFFE00
FFFC00
FFF800
F07C00
F07C00
F03E00
F03E00
F01F00
F00F00
F00F80
F007C0
000000
000000
000000
1FF800
1FF800
1FF800
ENDCHAR
STARTCHAR uni1E5F
ENCODING 7775
SWIDTH 421 0
DWIDTH 13 0
BBX 14 23 -1 -6
BITMAP
1E3C
1EFC
1EFC
1FF8
1F80
1F00
1F00
1E00
1E00
1E00
1E00
1E00
1E00
1E00
1E00
1E00
1E00
0000
0000
0000
FFC0
FFC0
FFC0
ENDCHAR
STARTCHAR uni1E60
ENCODING 7776
SWIDTH 627 0
DWIDTH 20 0
BBX 18 29 1 0
BITMAP
006000
00F000
01F800
00F000
006000
000000
01F000
07FE00
1FFF00
3FFF80
3E0F80
3C0700
7C0200
7C0000
3E0000
3F8000
1FF800
1FFE00
07FF00
00FF80
001F80
000780
2007C0
300780
F80780
7F1F80
3FFF00
1FFE00
07F800
ENDCHAR
STARTCHAR uni1E61
ENCODING 7777
SWIDTH 485 0
DWIDTH 16 0
BBX 13 25 1 0
BITMAP
0780
0780
0FC0
0780
0300
0000
0000
0000
1FC0
3FF0
7FF8
7870
F010
7800
7C00
7FC0
3FF0
0FF8
01F8
0078
2038
7078
FFF8
7FF0
1FC0
ENDCHAR
STARTCHAR uni1E62
ENCODING 7778
SWIDTH 627 0
DWIDTH 20 0
BBX 18 30 1 -7
BITMAP
01F000
07FE00
1FFF00
3FFF80
3E0F80
3C0700
7C0200
7C0000
3E0000
3F8000
1FF800
1FFE00
07FF00
00FF80
001F80
000780
2007C0
300780
F80780
7F1F80
3FFF00
1FFE00
07F800
000000
000000
007000
00F000
01F800
00F000
006000
ENDCHAR
STARTCHAR uni1E63
ENCODING 7779
SWIDTH 485 0
DWIDTH 16 0
BBX 13 24 1 -7
BITMAP
1FC0
3FF0
7FF8
7870
F010
7800
7C00
7FC0
3FF0
0FF8
01F8
0078
2038
7078
FFF8
7FF0
1FC0
0000
0000
0380
0780
0FC0
0780
0300
ENDCHAR
STARTCHAR uni1E64
ENCODING 7780
SWIDTH 627 0
DWIDTH 20 0
BBX 18 30 1 0
BITMAP
000400
030F00
0F9E00
0F9C00
0FB800
071000
000000
01F000
07FE00
1FFF00
3FFF80
3E0F80
3C0700
7C0200
7C0000
3E0000
3F8000
1FF800
1FFE00
07FF00
00FF80
001F80
000780
2007C0
300780
F80780
7F1F80
3FFF00
1FFE00
07F800
ENDCHAR
STARTCHAR uni1E65
ENCODING 7781
SWIDTH 485 0
DWIDTH 16 0
BBX 13 26 1 0
BITMAP
0020
1070
3C78
7CE0
7DC0
38C0
0000
0000
0000
1FC0
3FF0
7FF8
7870
F010
7800
7C00
7FC0
3FF0
0FF8
01F8
0078
2038
7078
FFF8
7FF0
1FC0
ENDCHAR
STARTCHAR uni1E66
ENCODING 7782
SWIDTH 627 0
DWIDTH 20 0
BBX 18 34 1 0
BITMAP
006000
00F000
01F800
00F000
006000
020400
079E00
03FC00
01F800
00F000
000000
01F000
07FE00
1FFF00
3FFF80
3E0F80
3C0700
7C0200
7C0000
3E0000
3F8000
1FF800
1FFE00
07FF00
00FF80
001F80
000780
2007C0
300780
F80780
7F1F80
3FFF00
1FFE00
07F800
ENDCHAR
STARTCHAR uni1E67
ENCODING 7783
SWIDTH 485 0
DWIDTH 16 0
BBX 13 29 1 0
BITMAP
0780
0FC0
0780
0780
0000
3870
3CF0
1FE0
0FC0
0780
0000
0000
1FC0
3FF0
7FF8
7870
F010
7800
7C00
7FC0
3FF0
0FF8
01F8
0078
2038
7078
FFF8
7FF0
1FC0
ENDCHAR
STARTCHAR uni1E68
ENCODING 7784
SWIDTH 627 0
DWIDTH 20 0
BBX 18 36 1 -7
BITMAP
006000
00F000
01F800
00F000
006000
000000
01F000
07FE00
1FFF00
3FFF80
3E0F80
3C0700
7C0200
7C0000
3E0000
3F8000
1FF800
1FFE00
07FF00
00FF80
001F80
000780
2007C0
300780
F80780
7F1F80
3FFF00
1FFE00
07F800
000000
000000
007000
00F000
01F800
00F000
006000
ENDCHAR
STARTCHAR uni1E69
ENCODING 7785
SWIDTH 485 0
DWIDTH 16 0
BBX 13 32 1 -7
BITMAP
0780
0780
0FC0
0780
0300
0000
0000
0000
1FC0
3FF0
7FF8
7870
F010
7800
7C00
7FC0
3FF0
0FF8
01F8
0078
2038
7078
FFF8
7FF0
1FC0
0000
0000
0380
0780
0FC0
0780
0300
ENDCHAR
STARTCHAR uni1E6C
ENCODING 7788
SWIDTH 604 0
DWIDTH 19 0
BBX 17 29 1 -7
BITMAP
FFFF80
FFFF80
FFFF80
03E000
03E000
03E000
03E000
03E000
03E000
03E000
03E000
03E000
03E000
03E000
03E000
03E000
03E000
03E000
03E000
03E000
03E000
03E000
000000
000000
00E000
01E000
03F000
01E000
00C000
ENDCHAR
STARTCHAR uni1E6D
ENCODING 7789
SWIDTH 389 0
DWIDTH 12 0
BBX 11 28 1 -7
BITMAP
1E00
1E00
1E00
1E00
FFE0
FFE0
FFE0
FFE0
1E00
1E00
1E00
1E00
1E00
1E00
1E00
1E00
1E00
1E00
1E00
1E00
1E00
0000
0000
0E00
1E00
3F00
1E00
0C00
ENDCHAR
STARTCHAR uni1E6E
ENCODING 7790
SWIDTH 604 0
DWIDTH 19 0
BBX 17 28 1 -6
BITMAP
FFFF80
FFFF80
FFFF80
03E000
03E000
03E000
03E000
03E000
03E000
03E000
03E000
03E000
03E000
03E000
03E000
03E000
03E000
03E000
03E000
03E000
03E000
03E000
000000
000000
000000
0FFC00
0FFC00
0FFC00
ENDCHAR
STARTCHAR uni1E6F
ENCODING 7791
SWIDTH 389 0
DWIDTH 12 0
BBX 11 27 1 -6
BITMAP
1E00
1E00
1E00
1E00
FFE0
FFE0
FFE0
FFE0
1E00
1E00
1E00
1E00
1E00
1E00
1E00
1E00
1E00
1E00
1E00
1E00
1E00
0000
0000
0000
FFC0
FFC0
FFC0
ENDCHAR
STARTCHAR uni1E78
ENCODING 7800
SWIDTH 749 0
DWIDTH 24 0
BBX 18 35 3 0
BITMAP
001000
007000
00F000
03F800
07C000
020000
010E00
0FCE00
0FFC00
1CFC00
000000
000000
000000
F003C0
F003C0
F003C0
F003C0
F003C0
F003C0
F003C0
F003C0
F003C0
F003C0
F003C0
F003C0
F003C0
F003C0
F003C0
F003C0
F807C0
7C0F80
7FFF80
3FFF00
1FFE00
07F800
ENDCHAR
STARTCHAR uni1E79
ENCODING 7801
SWIDTH 618 0
DWIDTH 20 0
BBX 15 31 2 0
BITMAP
0040
0060
00F0
01E0
01C0
0180
0000
0F18
1FB8
1FF8
18F0
0000
0000
0000
F00E
F00E
F00E
F00E
F00E
F00E
F00E
F00E
F00E
F00E
F00E
F01E
F81E
7C3E
7FFE
3FEE
1F8E
ENDCHAR
STARTCHAR uni1E7A
ENCODING 7802
SWIDTH 749 0
DWIDTH 24 0
BBX 18 34 3 0
BITMAP
0E1C00
1F3E00
1F3E00
1F3E00
0E1C00
000000
0FFC00
0FFC00
0FFC00
000000
000000
000000
F003C0
F003C0
F003C0
F003C0
F003C0
F003C0
F003C0
F003C0
F003C0
F003C0
F003C0
F003C0
F003C0
F003C0
F003C0
F003C0
F807C0
7C0F80
7FFF80
3FFF00
1FFE00
07F800
ENDCHAR
STARTCHAR uni1E7B
ENCODING 7803
SWIDTH 618 0
DWIDTH 20 0
BBX 15 30 2 0
BITMAP
1C38
3E7C
3E7C
3E7C
0C30
0000
0000
1FF8
1FF8
1FF8
0000
0000
0000
F00E
F00E
F00E
F00E
F00E
F00E
F00E
F00E
F00E
F00E
F00E
F01E
F81E
7C3E
7FFE
3FEE
1F8E
ENDCHAR
STARTCHAR Wgrave
ENCODING 7808
SWIDTH 995 0
DWIDTH 32 0
BBX 30 30 1 0
BITMAP
00080000
000E0000
000F8000
001FC000
0003E000
00004000
00000000
00000000
F000003C
F000007C
F8000078
78078078
780780F8
7C0FC0F0
3C0FC0F0
3C1FC0F0
3E1FE1F0
1E1FE1E0
1E3DF1E0
1E3CF3E0
0F38F3C0
0F787BC0
0F787BC0
0F703F80
07F03F80
07E03F80
07E01F00
03E01F00
03C00F00
03C00E00
ENDCHAR
STARTCHAR wgrave
ENCODING 7809
SWIDTH 812 0
DWIDTH 26 0
BBX 24 25 1 0
BITMAP
004000
00F000
01F800
007E00
001C00
000400
000000
000000
F0000F
F0000F
F0000F
783C1E
783C1E
783C1E
3C7E3C
3C7E3C
3CFF3C
1EE778
1FE7F8
1FC3F8
0FC3F0
0FC3F0
0F81F0
0781E0
0700E0
ENDCHAR
STARTCHAR Wacute
ENCODING 7810
SWIDTH 995 0
DWIDTH 32 0
BBX 30 30 1 0
BITMAP
00004000
0001C000
0003C000
000FE000
001F0000
00080000
00000000
00000000
F000003C
F000007C
F8000078
78078078
780780F8
7C0FC0F0
3C0FC0F0
3C1FC0F0
3E1FE1F0
1E1FE1E0
1E3DF1E0
1E3CF3E0
0F38F3C0
0F787BC0
0F787BC0
0F703F80
07F03F80
07E03F80
07E01F00
03E01F00
03C00F00
03C00E00
ENDCHAR
STARTCHAR wacute
ENCODING 7811
SWIDTH 812 0
DWIDTH 26 0
BBX 24 25 1 0
BITMAP
000400
001E00
003F00
007C00
00F000
004000
000000
000000
F0000F
F0000F
F0000F
783C1E
783C1E
783C1E
3C7E3C
3C7E3C
3CFF3C
1EE778
1FE7F8
1FC3F8
0FC3F0
0FC3F0
0F81F0
0781E0
0700E0
ENDCHAR
STARTCHAR Wdieresis
ENCODING 7812
SWIDTH 995 0
DWIDTH 32 0
BBX 30 29 1 0
BITMAP
00387000
007CF800
007CF800
007CF800
00387000
00000000
00000000
F000003C
F000007C
F8000078
78078078
780780F8
7C0FC0F0
3C0FC0F0
3C1FC0F0
3E1FE1F0
1E1FE1E0
1E3DF1E0
1E3CF3E0
0F38F3C0
0F787BC0
0F787BC0
0F703F80
07F03F80
07E03F80
07E01F00
03E01F00
03C00F00
03C00E00
ENDCHAR
STARTCHAR wdieresis
ENCODING 7813
SWIDTH 812 0
DWIDTH 26 0
BBX 24 25 1 0
BITMAP
01C380
03E7C0
03E7C0
03E7C0
00C300
000000
000000
000000
F0000F
F0000F
F0000F
783C1E
783C1E
783C1E
3C7E3C
3C7E3C
3CFF3C
1EE778
1FE7F8
1FC3F8
0FC3F0
0FC3F0
0F81F0
0781E0
0700E0
ENDCHAR
STARTCHAR uni1E8E
ENCODING 7822
SWIDTH 670 0
DWIDTH 21 0
BBX 21 29 0 0
BITMAP
003000
007800
00FC00
007800
003000
000000
800000
7C00F8
7C01F0
3E01E0
1F03E0
0F03C0
0F8780
07CF80
03EF00
03FE00
01FE00
00FC00
007800
007800
007800
007800
007800
007800
007800
007800
007800
007800
007800
ENDCHAR
STARTCHAR uni1E8F
ENCODING 7823
SWIDTH 595 0
DWIDTH 19 0
BBX 19 32 0 -7
BITMAP
00F000
00F000
01F800
00F000
006000
000000
000000
000000
F803E0
7803C0
7C07C0
3C0780
3E0780
1E0F80
1E0F00
1F0F00
0F1E00
0F9E00
079E00
07FC00
03FC00
03F800
01F800
01F000
01F000
00F000
01E000
01E000
01C000
03C000
03C000
078000
ENDCHAR
STARTCHAR uni1E92
ENCODING 7826
SWIDTH 668 0
DWIDTH 21 0
BBX 18 29 2 -7
BITMAP
7FFF80
7FFF80
7FFF80
7FFF00
001F00
003E00
007C00
007C00
00F800
01F000
03E000
03E000
07C000
0F8000
1F0000
1F0000
3E0000
7C0000
FFFFC0
FFFFC0
FFFFC0
FFFFC0
000000
000000
00E000
01E000
03F000
01E000
00C000
ENDCHAR
STARTCHAR uni1E93
ENCODING 7827
SWIDTH 507 0
DWIDTH 16 0
BBX 13 24 2 -7
BITMAP
FFF8
FFF8
FFF8
00F0
01E0
03E0
07C0
0780
0F00
1F00
3E00
3C00
7800
F800
FFF8
FFF8
FFF8
0000
0000
0700
0F00
1F80
0F00
0600
ENDCHAR
STARTCHAR uni1E97
ENCODING 7831
SWIDTH 389 0
DWIDTH 12 0
BBX 12 28 0 0
BITMAP
70E0
F9F0
F9F0
F9F0
30C0
0000
0000
0F00
0F00
0F00
0F00
7FF0
7FF0
7FF0
7FF0
0F00
0F00
0F00
0F00
0F00
0F00
0F00
0F00
0F00
0F00
0F00
0F00
0F00
ENDCHAR
STARTCHAR uni1E9E
ENCODING 7838
SWIDTH 780 0
DWIDTH 25 0
BBX 20 23 3 0
BITMAP
03FF00
07FFC0
1FFFC0
1F8FC0
3E3F00
7C7C00
78F800
78F000
F8F000
F0F800
F0FE00
F07F80
F03FC0
F00FE0
F007F0
F001F0
F000F0
F000F0
F0C0F0
F0F1F0
F1FFE0
F0FFC0
F07F80
ENDCHAR
STARTCHAR uni1EA0
ENCODING 7840
SWIDTH 698 0
DWIDTH 22 0
BBX 21 29 1 -7
BITMAP
00F800
01F800
01F800
01FC00
03FC00
03FC00
039E00
079E00
079F00
0F0F00
0F0F00
0F0780
1E0780
1FFFC0
3FFFC0
3FFFC0
3FFFE0
7801E0
7801E0
F800F0
F000F0
F000F8
000000
000000
007000
00F000
01F800
00F000
006000
ENDCHAR
STARTCHAR uni1EA1
ENCODING 7841
SWIDTH 642 0
DWIDTH 21 0
BBX 17 24 1 -7
BITMAP
07E780
1FF780
3FFF80
7E3F80
7C0F80
780780
F00780
F00780
F00780
F00780
F00780
780780
7C0F80
7E1F80
3FFF80
1FF780
0FE780
000000
000000
00E000
01E000
03F000
01E000
00C000
ENDCHAR
STARTCHAR uni1EA2
ENCODING 7842
SWIDTH 698 0
DWIDTH 22 0
BBX 21 31 1 0
BITMAP
00F000
01F800
01F800
003800
007800
006000
006000
000000
000000
00F800
01F800
01F800
01FC00
03FC00
03FC00
039E00
079E00
079F00
0F0F00
0F0F00
0F0780
1E0780
1FFFC0
3FFFC0
3FFFC0
3FFFE0
7801E0
7801E0
F800F0
F000F0
F000F8
ENDCHAR
STARTCHAR uni1EA3
ENCODING 7843
SWIDTH 642 0
DWIDTH 21 0
BBX 17 26 1 0
BITMAP
00C000
03F000
03F000
023000
007000
00E000
00C000
000000
000000
07E780
1FF780
3FFF80
7E3F80
7C0F80
780780
F00780
F00780
F00780
F00780
F00780
780780
7C0F80
7E1F80
3FFF80
1FF780
0FE780
ENDCHAR
STARTCHAR uni1EA4
ENCODING 7844
SWIDTH 698 0
DWIDTH 22 0
BBX 21 34 1 0
BITMAP
000080
0000C0
0001E0
0003C0
000380
006300
01F800
03FC00
079E00
020400
000000
000000
00F800
01F800
01F800
01FC00
03FC00
03FC00
039E00
079E00
079F00
0F0F00
0F0F00
0F0780
1E0780
1FFFC0
3FFFC0
3FFFC0
3FFFE0
7801E0
7801E0
F800F0
F000F0
F000F8
ENDCHAR
STARTCHAR uni1EA5
ENCODING 7845
SWIDTH 642 0
DWIDTH 21 0
BBX 18 30 1 0
BITMAP
000100
0001C0
0003C0
000380
000700
000200
01E000
03F000
07F800
0E3C00
040800
000000
000000
07E780
1FF780
3FFF80
7E3F80
7C0F80
780780
F00780
F00780
F00780
F00780
F00780
780780
7C0F80
7E1F80
3FFF80
1FF780
0FE780
ENDCHAR
STARTCHAR uni1EA6
ENCODING 7846
SWIDTH 698 0
DWIDTH 22 0
BBX 21 34 1 0
BITMAP
000200
000E00
001F00
000700
000380
007100
01F800
03FC00
079E00
020600
000000
000000
00F800
01F800
01F800
01FC00
03FC00
03FC00
039E00
079E00
079F00
0F0F00
0F0F00
0F0780
1E0780
1FFFC0
3FFFC0
3FFFC0
3FFFE0
7801E0
7801E0
F800F0
F000F0
F000F8
ENDCHAR
STARTCHAR uni1EA7
ENCODING 7847
SWIDTH 642 0
DWIDTH 21 0
BBX 17 30 1 0
BITMAP
000400
001C00
003E00
000E00
000700
000200
01E000
03F800
07FC00
0F1E00
040400
000000
000000
07E780
1FF780
3FFF80
7E3F80
7C0F80
780780
F00780
F00780
F00780
F00780
F00780
780780
7C0F80
7E1F80
3FFF80
1FF780
0FE780
ENDCHAR
STARTCHAR uni1EA8
ENCODING 7848
SWIDTH 698 0
DWIDTH 22 0
BBX 21 34 1 0
BITMAP
0007C0
000FE0
0004E0
0000E0
0003C0
007380
00F800
03FC00
079F00
020200
000000
000000
00F800
01F800
01F800
01FC00
03FC00
03FC00
039E00
079E00
079F00
0F0F00
0F0F00
0F0780
1E0780
1FFFC0
3FFFC0
3FFFC0
3FFFE0
7801E0
7801E0
F800F0
F000F0
F000F8
ENDCHAR
STARTCHAR uni1EA9
ENCODING 7849
SWIDTH 642 0
DWIDTH 21 0
BBX 18 30 1 0
BITMAP
000F80
001FC0
0009C0
0001C0
000380
000700
01E000
03F000
07FC00
0F1E00
040400
000000
000000
07E780
1FF780
3FFF80
7E3F80
7C0F80
780780
F00780
F00780
F00780
F00780
F00780
780780
7C0F80
7E1F80
3FFF80
1FF780
0FE780
ENDCHAR
STARTCHAR uni1EAA
ENCODING 7850
SWIDTH 698 0
DWIDTH 22 0
BBX 21 34 1 0
BITMAP
03C600
07FE00
07FE00
061C00
000000
006000
01F800
03FC00
079E00
020400
000000
000000
00F800
01F800
01F800
01FC00
03FC00
03FC00
039E00
079E00
079F00
0F0F00
0F0F00
0F0780
1E0780
1FFFC0
3FFFC0
3FFFC0
3FFFE0
7801E0
7801E0
F800F0
F000F0
F000F8
ENDCHAR
STARTCHAR uni1EAB
ENCODING 7851
SWIDTH 642 0
DWIDTH 21 0
BBX 17 30 1 0
BITMAP
078C00
0FFC00
0FFC00
0C7800
000000
000000
01E000
03F000
07F800
0E1C00
040800
000000
000000
07E780
1FF780
3FFF80
7E3F80
7C0F80
780780
F00780
F00780
F00780
F00780
F00780
780780
7C0F80
7E1F80
3FFF80
1FF780
0FE780
ENDCHAR
STARTCHAR uni1EAC
ENCODING 7852
SWIDTH 698 0
DWIDTH 22 0
BBX 21 36 1 -7
BITMAP
00F000
01F800
03FC00
079E00
020400
000000
000000
00F800
01F800
01F800
01FC00
03FC00
03FC00
039E00
079E00
079F00
0F0F00
0F0F00
0F0780
1E0780
1FFFC0
3FFFC0
3FFFC0
3FFFE0
7801E0
7801E0
F800F0
F000F0
F000F8
000000
000000
007000
00F000
01F800
00F000
006000
ENDCHAR
STARTCHAR uni1EAD
ENCODING 7853
SWIDTH 642 0
DWIDTH 21 0
BBX 17 31 1 -7
BITMAP
01E000
03F000
07F800
0E1C00
040800
000000
000000
07E780
1FF780
3FFF80
7E3F80
7C0F80
780780
F00780
F00780
F00780
F00780
F00780
780780
7C0F80
7E1F80
3FFF80
1FF780
0FE780
000000
000000
00E000
01E000
03F000
01E000
00C000
ENDCHAR
STARTCHAR uni1EAE
ENCODING 7854
SWIDTH 698 0
DWIDTH 22 0
BBX 21 35 1 0
BITMAP
001000
001800
003C00
003800
007000
006000
022600
070E00
07FE00
03FC00
01F000
000000
000000
00F800
01F800
01F800
01FC00
03FC00
03FC00
039E00
079E00
079F00
0F0F00
0F0F00
0F0780
1E0780
1FFFC0
3FFFC0
3FFFC0
3FFFE0
7801E0
7801E0
F800F0
F000F0
F000F8
ENDCHAR
STARTCHAR uni1EAF
ENCODING 7855
SWIDTH 642 0
DWIDTH 21 0
BBX 17 30 1 0
BITMAP
002000
007800
007000
00E000
01C000
004000
040800
0E1C00
0FFC00
07F800
03F000
000000
000000
07E780
1FF780
3FFF80
7E3F80
7C0F80
780780
F00780
F00780
F00780
F00780
F00780
780780
7C0F80
7E1F80
3FFF80
1FF780
0FE780
ENDCHAR
STARTCHAR uni1EB0
ENCODING 7856
SWIDTH 698 0
DWIDTH 22 0
BBX 21 35 1 0
BITMAP
008000
018000
03C000
01E000
00E000
007000
024600
070E00
07FE00
03FC00
01F000
000000
000000
00F800
01F800
01F800
01FC00
03FC00
03FC00
039E00
079E00
079F00
0F0F00
0F0F00
0F0780
1E0780
1FFFC0
3FFFC0
3FFFC0
3FFFE0
7801E0
7801E0
F800F0
F000F0
F000F8
ENDCHAR
STARTCHAR uni1EB1
ENCODING 7857
SWIDTH 642 0
DWIDTH 21 0
BBX 17 30 1 0
BITMAP
010000
078000
03C000
01C000
00E000
004000
0C0C00
0E1C00
0FFC00
07F800
03F000
000000
000000
07E780
1FF780
3FFF80
7E3F80
7C0F80
780780
F00780
F00780
F00780
F00780
F00780
780780
7C0F80
7E1F80
3FFF80
1FF780
0FE780
ENDCHAR
STARTCHAR uni1EB2
ENCODING 7858
SWIDTH 698 0
DWIDTH 22 0
BBX 21 35 1 0
BITMAP
00E000
01F800
01F800
003800
007800
006000
024600
070E00
07FE00
03FC00
01F000
000000
000000
00F800
01F800
01F800
01FC00
03FC00
03FC00
039E00
079E00
079F00
0F0F00
0F0F00
0F0780
1E0780
1FFFC0
3FFFC0
3FFFC0
3FFFE0
7801E0
7801E0
F800F0
F000F0
F000F8
ENDCHAR
STARTCHAR uni1EB3
ENCODING 7859
SWIDTH 642 0
DWIDTH 21 0
BBX 17 31 1 0
BITMAP
01E000
03F000
03F000
007000
00F000
00C000
008000
0C0C00
0E1C00
0FFC00
07F800
03F000
000000
000000
07E780
1FF780
3FFF80
7E3F80
7C0F80
780780
F00780
F00780
F00780
F00780
F00780
780780
7C0F80
7E1F80
3FFF80
1FF780
0FE780
ENDCHAR
STARTCHAR uni1EB4
ENCODING 7860
SWIDTH 698 0
DWIDTH 22 0
BBX 21 34 1 0
BITMAP
03C600
07FE00
07FE00
061C00
000000
000000
070E00
07FE00
03FC00
01F800
000000
000000
00F800
01F800
01F800
01FC00
03FC00
03FC00
039E00
079E00
079F00
0F0F00
0F0F00
0F0780
1E0780
1FFFC0
3FFFC0
3FFFC0
3FFFE0
7801E0
7801E0
F800F0
F000F0
F000F8
ENDCHAR
STARTCHAR uni1EB5
ENCODING 7861
SWIDTH 642 0
DWIDTH 21 0
BBX 17 30 1 0
BITMAP
078C00
0FFC00
0FFC00
043800
000000
000000
0C0C00
0E1C00
0FFC00
07F800
03F000
000000
000000
07E780
1FF780
3FFF80
7E3F80
7C0F80
780780
F00780
F00780
F00780
F00780
F00780
780780
7C0F80
7E1F80
3FFF80
1FF780
0FE780
ENDCHAR
STARTCHAR uni1EB6
ENCODING 7862
SWIDTH 698 0
DWIDTH 22 0
BBX 21 36 1 -7
BITMAP
070E00
070E00
03FE00
03FC00
00F000
000000
000000
00F800
01F800
01F800
01FC00
03FC00
03FC00
039E00
079E00
079F00
0F0F00
0F0F00
0F0780
1E0780
1FFFC0
3FFFC0
3FFFC0
3FFFE0
7801E0
7801E0
F800F0
F000F0
F000F8
000000
000000
007000
00F000
01F800
00F000
006000
ENDCHAR
STARTCHAR uni1EB7
ENCODING 7863
SWIDTH 642 0
DWIDTH 21 0
BBX 17 31 1 -7
BITMAP
0E1C00
0E1C00
0FF800
07F800
03E000
000000
000000
07E780
1FF780
3FFF80
7E3F80
7C0F80
780780
F00780
F00780
F00780
F00780
F00780
780780
7C0F80
7E1F80
3FFF80
1FF780
0FE780
000000
000000
00E000
01E000
03F000
01E000
00C000
ENDCHAR
STARTCHAR uni1EB8
ENCODING 7864
SWIDTH 625 0
DWIDTH 20 0
BBX 15 29 3 -7
BITMAP
FFFE
FFFE
FFFE
F000
F000
F000
F000
F000
F000
FFF8
FFF8
FFF8
F000
F000
F000
F000
F000
F000
FFFE
FFFE
FFFE
FFFE
0000
0000
0380
0780
0FC0
0780
0300
ENDCHAR
STARTCHAR uni1EB9
ENCODING 7865
SWIDTH 586 0
DWIDTH 19 0
BBX 17 24 1 -7
BITMAP
07F000
1FFC00
3FFE00
3E3E00
780F00
780F00
F00700
FFFF80
FFFF80
F00000
F00000
780000
7C0400
3F0E00
3FFF00
1FFE00
07F800
000000
000000
00E000
01E000
03F000
01E000
00C000
ENDCHAR
STARTCHAR uni1EBA
ENCODING 7866
SWIDTH 625 0
DWIDTH 20 0
BBX 15 31 3 0
BITMAP
03C0
07E0
07E0
00E0
01E0
0180
0180
0000
0000
FFFE
FFFE
FFFE
F000
F000
F000
F000
F000
F000
FFF8
FFF8
FFF8
F000
F000
F000
F000
F000
F000
FFFE
FFFE
FFFE
FFFE
ENDCHAR
STARTCHAR uni1EBB
ENCODING 7867
SWIDTH 586 0
DWIDTH 19 0
BBX 17 26 1 0
BITMAP
00C000
03F000
03F000
023000
007000
00E000
00C000
000000
000000
07F000
1FFC00
3FFE00
3E3E00
780F00
780F00
F00700
FFFF80
FFFF80
F00000
F00000
780000
7C0400
3F0E00
3FFF00
1FFE00
07F800
ENDCHAR
STARTCHAR uni1EBC
ENCODING 7868
SWIDTH 625 0
DWIDTH 20 0
BBX 15 29 3 0
BITMAP
021C
1F9C
1FF8
39F8
0000
0000
0000
FFFE
FFFE
FFFE
F000
F000
F000
F000
F000
F000
FFF8
FFF8
FFF8
F000
F000
F000
F000
F000
F000
FFFE
FFFE
FFFE
FFFE
ENDCHAR
STARTCHAR uni1EBD
ENCODING 7869
SWIDTH 586 0
DWIDTH 19 0
BBX 17 24 1 0
BITMAP
078C00
0FDC00
0FFC00
0C7800
000000
000000
000000
07F000
1FFC00
3FFE00
3E3E00
780F00
780F00
F00700
FFFF80
FFFF80
F00000
F00000
780000
7C0400
3F0E00
3FFF00
1FFE00
07F800
ENDCHAR
STARTCHAR uni1EBE
ENCODING 7870
SWIDTH 625 0
DWIDTH 20 0
BBX 17 34 3 0
BITMAP
000200
000300
000780
000F00
000E00
018C00
07E000
0FF000
1E7800
081000
000000
000000
FFFE00
FFFE00
FFFE00
F00000
F00000
F00000
F00000
F00000
F00000
FFF800
FFF800
FFF800
F00000
F00000
F00000
F00000
F00000
F00000
FFFE00
FFFE00
FFFE00
FFFE00
ENDCHAR
STARTCHAR uni1EBF
ENCODING 7871
SWIDTH 586 0
DWIDTH 19 0
BBX 18 30 1 0
BITMAP
000100
0001C0
0003C0
000380
000700
000200
01E000
03F000
07F800
0E3C00
040800
000000
000000
07F000
1FFC00
3FFE00
3E3E00
780F00
780F00
F00700
FFFF80
FFFF80
F00000
F00000
780000
7C0400
3F0E00
3FFF00
1FFE00
07F800
ENDCHAR
STARTCHAR uni1EC0
ENCODING 7872
SWIDTH 625 0
DWIDTH 20 0
BBX 15 34 3 0
BITMAP
0008
0038
007C
001C
000E
01C4
07E0
0FF0
1E78
0818
0000
0000
FFFE
FFFE
FFFE
F000
F000
F000
F000
F000
F000
FFF8
FFF8
FFF8
F000
F000
F000
F000
F000
F000
FFFE
FFFE
FFFE
FFFE
ENDCHAR
STARTCHAR uni1EC1
ENCODING 7873
SWIDTH 586 0
DWIDTH 19 0
BBX 17 30 1 0
BITMAP
000400
001C00
003E00
000E00
000700
000200
01E000
03F800
07FC00
0F1E00
040400
000000
000000
07F000
1FFC00
3FFE00
3E3E00
780F00
780F00
F00700
FFFF80
FFFF80
F00000
F00000
780000
7C0400
3F0E00
3FFF00
1FFE00
07F800
ENDCHAR
STARTCHAR uni1EC2
ENCODING 7874
SWIDTH 625 0
DWIDTH 20 0
BBX 16 34 3 0
BITMAP
003E
007F
0027
0007
001E
039C
07C0
1FE0
3CF8
1010
0000
0000
FFFE
FFFE
FFFE
F000
F000
F000
F000
F000
F000
FFF8
FFF8
FFF8
F000
F000
F000
F000
F000
F000
FFFE
FFFE
FFFE
FFFE
ENDCHAR
STARTCHAR uni1EC3
ENCODING 7875
SWIDTH 586 0
DWIDTH 19 0
BBX 18 30 1 0
BITMAP
000F80
001FC0
0009C0
0001C0
000380
000700
01E000
03F000
07FC00
0F1E00
040400
000000
000000
07F000
1FFC00
3FFE00
3E3E00
780F00
780F00
F00700
FFFF80
FFFF80
F00000
F00000
780000
7C0400
3F0E00
3FFF00
1FFE00
07F800
ENDCHAR
STARTCHAR uni1EC4
ENCODING 7876
SWIDTH 625 0
DWIDTH 20 0
BBX 15 34 3 0
BITMAP
0F18
1FF8
1FF8
1870
0000
0180
07E0
0FF0
1E78
0810
0000
0000
FFFE
FFFE
FFFE
F000
F000
F000
F000
F000
F000
FFF8
FFF8
FFF8
F000
F000
F000
F000
F000
F000
FFFE
FFFE
FFFE
FFFE
ENDCHAR
STARTCHAR uni1EC5
ENCODING 7877
SWIDTH 586 0
DWIDTH 19 0
BBX 17 30 1 0
BITMAP
078C00
0FFC00
0FFC00
0C7800
000000
000000
01E000
03F000
07F800
0E1C00
040800
000000
000000
07F000
1FFC00
3FFE00
3E3E00
780F00
780F00
F00700
FFFF80
FFFF80
F00000
F00000
780000
7C0400
3F0E00
3FFF00
1FFE00
07F800
ENDCHAR
STARTCHAR uni1EC6
ENCODING 7878
SWIDTH 625 0
DWIDTH 20 0
BBX 15 36 3 -7
BITMAP
03C0
07E0
0FF0
1E78
0810
0000
0000
FFFE
FFFE
FFFE
F000
F000
F000
F000
F000
F000
FFF8
FFF8
FFF8
F000
F000
F000
F000
F000
F000
FFFE
FFFE
FFFE
FFFE
0000
0000
0380
0780
0FC0
0780
0300
ENDCHAR
STARTCHAR uni1EC7
ENCODING 7879
SWIDTH 586 0
DWIDTH 19 0
BBX 17 31 1 -7
BITMAP
01E000
03F000
07F800
0E1C00
040800
000000
000000
07F000
1FFC00
3FFE00
3E3E00
780F00
780F00
F00700
FFFF80
FFFF80
F00000
F00000
780000
7C0400
3F0E00
3FFF00
1FFE00
07F800
000000
000000
00E000
01E000
03F000
01E000
00C000
ENDCHAR
STARTCHAR uni1EC8
ENCODING 7880
SWIDTH 505 0
DWIDTH 16 0
BBX 12 31 2 0
BITMAP
0F00
1F80
1F80
0380
0780
0600
0600
0000
0000
FFF0
FFF0
FFF0
0F00
0F00
0F00
0F00
0F00
0F00
0F00
0F00
0F00
0F00
0F00
0F00
0F00
0F00
0F00
FFF0
FFF0
FFF0
FFF0
ENDCHAR
STARTCHAR uni1EC9
ENCODING 7881
SWIDTH 259 0
DWIDTH 8 0
BBX 6 26 1 0
BITMAP
30
FC
FC
8C
1C
38
30
00
00
78
78
78
78
78
78
78
78
78
78
78
78
78
78
78
78
78
ENDCHAR
STARTCHAR uni1ECA
ENCODING 7882
SWIDTH 505 0
DWIDTH 16 0
BBX 12 29 2 -7
BITMAP
FFF0
FFF0
FFF0
0F00
0F00
0F00
0F00
0F00
0F00
0F00
0F00
0F00
0F00
0F00
0F00
0F00
0F00
0F00
FFF0
FFF0
FFF0
FFF0
0000
0000
0700
0F00
1F80
0F00
0600
ENDCHAR
STARTCHAR uni1ECB
ENCODING 7883
SWIDTH 293 0
DWIDTH 9 0
BBX 6 32 2 -7
BITMAP
70
F8
F8
F8
20
00
00
00
78
78
78
78
78
78
78
78
78
78
78
78
78
78
78
78
78
00
00
38
78
FC
78
30
ENDCHAR
STARTCHAR uni1ECC
ENCODING 7884
SWIDTH 793 0
DWIDTH 25 0
BBX 23 30 1 -7
BITMAP
007C00
03FF80
07FFE0
0FFFF0
1FC3F8
3F00F8
3E007C
7C007C
78003C
78003E
78001E
F8001E
F8001E
78003E
78003E
7C003C
7C007C
3E00F8
3F01F8
1FFFF0
0FFFE0
07FFC0
01FF00
000000
000000
001C00
003C00
007E00
003C00
001800
ENDCHAR
STARTCHAR uni1ECD
ENCODING 7885
SWIDTH 624 0
DWIDTH 20 0
BBX 18 24 1 -7
BITMAP
07F800
0FFC00
3FFF00
3E3F00
7C0F80
780780
F807C0
F003C0
F003C0
F003C0
F807C0
780780
7C0F80
3E1F00
3FFF00
1FFC00
07F800
000000
000000
00E000
01E000
03F000
01E000
00C000
ENDCHAR
STARTCHAR uni1ECE
ENCODING 7886
SWIDTH 793 0
DWIDTH 25 0
BBX 23 31 1 0
BITMAP
003C00
007E00
007E00
000E00
001E00
001800
001800
000000
007C00
03FF80
07FFE0
0FFFF0
1FC3F8
3F00F8
3E007C
7C007C
78003C
78003E
78001E
F8001E
F8001E
78003E
78003E
7C003C
7C007C
3E00F8
3F01F8
1FFFF0
0FFFE0
07FFC0
01FF00
ENDCHAR
STARTCHAR uni1ECF
ENCODING 7887
SWIDTH 624 0
DWIDTH 20 0
BBX 18 26 1 0
BITMAP
00C000
03F000
03F000
023000
007000
00E000
00C000
000000
000000
07F800
0FFC00
3FFF00
3E3F00
7C0F80
780780
F807C0
F003C0
F003C0
F003C0
F807C0
780780
7C0F80
3E1F00
3FFF00
1FFC00
07F800
ENDCHAR
STARTCHAR uni1ED0
ENCODING 7888
SWIDTH 793 0
DWIDTH 25 0
BBX 23 34 1 0
BITMAP
000020
000030
000078
0000F0
0000E0
0018C0
007E00
00FF00
01E780
008100
000000
007C00
03FF80
07FFE0
0FFFF0
1FC3F8
3F00F8
3E007C
7C007C
78003C
78003E
78001E
F8001E
F8001E
78003E
78003E
7C003C
7C007C
3E00F8
3F01F8
1FFFF0
0FFFE0
07FFC0
01FF00
ENDCHAR
STARTCHAR uni1ED1
ENCODING 7889
SWIDTH 624 0
DWIDTH 20 0
BBX 18 30 1 0
BITMAP
000100
0001C0
0003C0
000380
000700
000200
01E000
03F000
07F800
0E3C00
040800
000000
000000
07F800
0FFC00
3FFF00
3E3F00
7C0F80
780780
F807C0
F003C0
F003C0
F003C0
F807C0
780780
7C0F80
3E1F00
3FFF00
1FFC00
07F800
ENDCHAR
STARTCHAR uni1ED2
ENCODING 7890
SWIDTH 793 0
DWIDTH 25 0
BBX 23 34 1 0
BITMAP
000080
000380
0007C0
0001C0
0000E0
001C40
007E00
00FF00
01E780
008180
000000
007C00
03FF80
07FFE0
0FFFF0
1FC3F8
3F00F8
3E007C
7C007C
78003C
78003E
78001E
F8001E
F8001E
78003E
78003E
7C003C
7C007C
3E00F8
3F01F8
1FFFF0
0FFFE0
07FFC0
01FF00
ENDCHAR
STARTCHAR uni1ED3
ENCODING 7891
SWIDTH 624 0
DWIDTH 20 0
BBX 18 30 1 0
BITMAP
000400
001C00
003E00
000E00
000700
000200
01E000
03F800
07FC00
0F1E00
040400
000000
000000
07F800
0FFC00
3FFF00
3E3F00
7C0F80
780780
F807C0
F003C0
F003C0
F003C0
F807C0
780780
7C0F80
3E1F00
3FFF00
1FFC00
07F800
ENDCHAR
STARTCHAR uni1ED4
ENCODING 7892
SWIDTH 793 0
DWIDTH 25 0
BBX 23 34 1 0
BITMAP
0003E0
0007F0
000270
000070
0001E0
0039C0
007C00
01FE00
03CF80
010100
000000
007C00
03FF80
07FFE0
0FFFF0
1FC3F8
3F00F8
3E007C
7C007C
78003C
78003E
78001E
F8001E
F8001E
78003E
78003E
7C003C
7C007C
3E00F8
3F01F8
1FFFF0
0FFFE0
07FFC0
01FF00
ENDCHAR
STARTCHAR uni1ED5
ENCODING 7893
SWIDTH 624 0
DWIDTH 20 0
BBX 18 30 1 0
BITMAP
000F80
001FC0
0009C0
0001C0
000380
000700
01E000
03F000
07FC00
0F1E00
040400
000000
000000
07F800
0FFC00
3FFF00
3E3F00
7C0F80
780780
F807C0
F003C0
F003C0
F003C0
F807C0
780780
7C0F80
3E1F00
3FFF00
1FFC00
07F800
ENDCHAR
STARTCHAR uni1ED6
ENCODING 7894
SWIDTH 793 0
DWIDTH 25 0
BBX 23 34 1 0
BITMAP
00F180
01FF80
01FF80
018700
000000
001800
007E00
00FF00
01E780
008100
000000
007C00
03FF80
07FFE0
0FFFF0
1FC3F8
3F00F8
3E007C
7C007C
78003C
78003E
78001E
F8001E
F8001E
78003E
78003E
7C003C
7C007C
3E00F8
3F01F8
1FFFF0
0FFFE0
07FFC0
01FF00
ENDCHAR
STARTCHAR uni1ED7
ENCODING 7895
SWIDTH 624 0
DWIDTH 20 0
BBX 18 30 1 0
BITMAP
078C00
0FFC00
0FFC00
0C7800
000000
000000
01E000
03F000
07F800
0E1C00
040800
000000
000000
07F800
0FFC00
3FFF00
3E3F00
7C0F80
780780
F807C0
F003C0
F003C0
F003C0
F807C0
780780
7C0F80
3E1F00
3FFF00
1FFC00
07F800
ENDCHAR
STARTCHAR uni1ED8
ENCODING 7896
SWIDTH 793 0
DWIDTH 25 0
BBX 23 36 1 -7
BITMAP
003C00
007E00
00FF00
01E780
008100
000000
007C00
03FF80
07FFE0
0FFFF0
1FC3F8
3F00F8
3E007C
7C007C
78003C
78003E
78001E
F8001E
F8001E
78003E
78003E
7C003C
7C007C
3E00F8
3F01F8
1FFFF0
0FFFE0
07FFC0
01FF00
000000
000000
001C00
003C00
007E00
003C00
001800
ENDCHAR
STARTCHAR uni1ED9
ENCODING 7897
SWIDTH 624 0
DWIDTH 20 0
BBX 18 31 1 -7
BITMAP
01E000
03F000
07F800
0E1C00
040800
000000
000000
07F800
0FFC00
3FFF00
3E3F00
7C0F80
780780
F807C0
F003C0
F003C0
F003C0
F807C0
780780
7C0F80
3E1F00
3FFF00
1FFC00
07F800
000000
000000
00E000
01E000
03F000
01E000
00C000
ENDCHAR
STARTCHAR uni1EDA
ENCODING 7898
SWIDTH 793 0
DWIDTH 25 0
BBX 23 30 1 0
BITMAP
000200
000E00
001E00
007F00
00F81C
00401C
00003C
007C78
03FFF8
07FFF0
0FFFF0
1FC3F8
3F00F8
3E007C
7C007C
78003C
78003E
78001E
F8001E
F8001E
78003E
78003E
7C003C
7C007C
3E00F8
3F01F8
1FFFF0
0FFFE0
07FFC0
01FF00
ENDCHAR
STARTCHAR uni1EDB
ENCODING 7899
SWIDTH 624 0
DWIDTH 20 0
BBX 18 25 1 0
BITMAP
002000
00F000
01F800
03E000
0781C0
0201C0
0001C0
000380
07FF80
0FFF00
3FFE00
3E3F00
7C0F80
780780
F807C0
F003C0
F003C0
F003C0
F807C0
780780
7C0F80
3E1F00
3FFF00
1FFC00
07F800
ENDCHAR
STARTCHAR uni1EDC
ENCODING 7900
SWIDTH 793 0
DWIDTH 25 0
BBX 23 30 1 0
BITMAP
004000
007000
007C00
00FE00
001F1C
00021C
00003C
007C78
03FFF8
07FFF0
0FFFF0
1FC3F8
3F00F8
3E007C
7C007C
78003C
78003E
78001E
F8001E
F8001E
78003E
78003E
7C003C
7C007C
3E00F8
3F01F8
1FFFF0
0FFFE0
07FFC0
01FF00
ENDCHAR
STARTCHAR uni1EDD
ENCODING 7901
SWIDTH 624 0
DWIDTH 20 0
BBX 18 25 1 0
BITMAP
020000
078000
0FC000
03F000
00E1C0
0021C0
0001C0
000380
07FF80
0FFF00
3FFE00
3E3F00
7C0F80
780780
F807C0
F003C0
F003C0
F003C0
F807C0
780780
7C0F80
3E1F00
3FFF00
1FFC00
07F800
ENDCHAR
STARTCHAR uni1EDE
ENCODING 7902
SWIDTH 793 0
DWIDTH 25 0
BBX 23 31 1 0
BITMAP
003C00
007E00
007E00
000E00
001E00
00181C
00181C
00003C
007C78
03FFF8
07FFF0
0FFFF0
1FC3F8
3F00F8
3E007C
7C007C
78003C
78003E
78001E
F8001E
F8001E
78003E
78003E
7C003C
7C007C
3E00F8
3F01F8
1FFFF0
0FFFE0
07FFC0
01FF00
ENDCHAR
STARTCHAR uni1EDF
ENCODING 7903
SWIDTH 624 0
DWIDTH 20 0
BBX 18 26 1 0
BITMAP
00C000
03F000
03F000
023000
007000
00E1C0
00C1C0
0001C0
000380
07FF80
0FFF00
3FFE00
3E3F00
7C0F80
780780
F807C0
F003C0
F003C0
F003C0
F807C0
780780
7C0F80
3E1F00
3FFF00
1FFC00
07F800
ENDCHAR
STARTCHAR uni1EE0
ENCODING 7904
SWIDTH 793 0
DWIDTH 25 0
BBX 23 29 1 0
BITMAP
0021C0
01F9C0
01FF80
039F9C
00001C
00003C
007C78
03FFF8
07FFF0
0FFFF0
1FC3F8
3F00F8
3E007C
7C007C
78003C
78003E
78001E
F8001E
F8001E
78003E
78003E
7C003C
7C007C
3E00F8
3F01F8
1FFFF0
0FFFE0
07FFC0
01FF00
ENDCHAR
STARTCHAR uni1EE1
ENCODING 7905
SWIDTH 624 0
DWIDTH 20 0
BBX 18 24 1 0
BITMAP
078C00
0FDC00
0FFC00
0C79C0
0001C0
0001C0
000380
07FF80
0FFF00
3FFE00
3E3F00
7C0F80
780780
F807C0
F003C0
F003C0
F003C0
F807C0
780780
7C0F80
3E1F00
3FFF00
1FFC00
07F800
ENDCHAR
STARTCHAR uni1EE2
ENCODING 7906
SWIDTH 793 0
DWIDTH 25 0
BBX 23 33 1 -7
BITMAP
00001C
00001C
00003C
007C78
03FFF8
07FFF0
0FFFF0
1FC3F8
3F00F8
3E007C
7C007C
78003C
78003E
78001E
F8001E
F8001E
78003E
78003E
7C003C
7C007C
3E00F8
3F01F8
1FFFF0
0FFFE0
07FFC0
01FF00
000000
000000
001C00
003C00
007E00
003C00
001800
ENDCHAR
STARTCHAR uni1EE3
ENCODING 7907
SWIDTH 624 0
DWIDTH 20 0
BBX 18 28 1 -7
BITMAP
0001C0
0001C0
0001C0
000380
07FF80
0FFF00
3FFE00
3E3F00
7C0F80
780780
F807C0
F003C0
F003C0
F003C0
F807C0
780780
7C0F80
3E1F00
3FFF00
1FFC00
07F800
000000
000000
00E000
01E000
03F000
01E000
00C000
ENDCHAR
STARTCHAR uni1EE4
ENCODING 7908
SWIDTH 749 0
DWIDTH 24 0
BBX 18 29 3 -7
BITMAP
F003C0
F003C0
F003C0
F003C0
F003C0
F003C0
F003C0
F003C0
F003C0
F003C0
F003C0
F003C0
F003C0
F003C0
F003C0
F003C0
F807C0
7C0F80
7FFF80
3FFF00
1FFE00
07F800
000000
000000
00E000
01E000
03F000
01E000
00C000
ENDCHAR
STARTCHAR uni1EE5
ENCODING 7909
SWIDTH 618 0
DWIDTH 20 0
BBX 15 24 2 -7
BITMAP
F00E
F00E
F00E
F00E
F00E
F00E
F00E
F00E
F00E
F00E
F00E
F01E
F81E
7C3E
7FFE
3FEE
1F8E
0000
0000
01C0
03C0
07E0
03C0
0180
ENDCHAR
STARTCHAR uni1EE6
ENCODING 7910
SWIDTH 749 0
DWIDTH 24 0
BBX 18 31 3 0
BITMAP
01E000
03F000
03F000
007000
00F000
00C000
00C000
000000
000000
F003C0
F003C0
F003C0
F003C0
F003C0
F003C0
F003C0
F003C0
F003C0
F003C0
F003C0
F003C0
F003C0
F003C0
F003C0
F003C0
F807C0
7C0F80
7FFF80
3FFF00
1FFE00
07F800
ENDCHAR
STARTCHAR uni1EE7
ENCODING 7911
SWIDTH 618 0
DWIDTH 20 0
BBX 15 26 2 0
BITMAP
0180
07E0
07E0
0460
00E0
01C0
0180
0000
0000
F00E
F00E
F00E
F00E
F00E
F00E
F00E
F00E
F00E
F00E
F00E
F01E
F81E
7C3E
7FFE
3FEE
1F8E
ENDCHAR
STARTCHAR uni1EE8
ENCODING 7912
SWIDTH 749 0
DWIDTH 24 0
BBX 22 30 3 0
BITMAP
001000
007000
00F000
03F800
07C03C
02003C
000038
0000F8
F003F0
F003E0
F003C0
F003C0
F003C0
F003C0
F003C0
F003C0
F003C0
F003C0
F003C0
F003C0
F003C0
F003C0
F003C0
F003C0
F807C0
7C0F80
7FFF80
3FFF00
1FFE00
07F800
ENDCHAR
STARTCHAR uni1EE9
ENCODING 7913
SWIDTH 618 0
DWIDTH 20 0
BBX 18 25 2 0
BITMAP
004000
01E000
03F000
07C000
0F01C0
0401C0
0001C0
0003C0
F00F80
F00F00
F00E00
F00E00
F00E00
F00E00
F00E00
F00E00
F00E00
F00E00
F00E00
F01E00
F81E00
7C3E00
7FFE00
3FEE00
1F8E00
ENDCHAR
STARTCHAR uni1EEA
ENCODING 7914
SWIDTH 749 0
DWIDTH 24 0
BBX 22 30 3 0
BITMAP
020000
038000
03E000
07F000
00F83C
00103C
000038
0000F8
F003F0
F003E0
F003C0
F003C0
F003C0
F003C0
F003C0
F003C0
F003C0
F003C0
F003C0
F003C0
F003C0
F003C0
F003C0
F003C0
F807C0
7C0F80
7FFF80
3FFF00
1FFE00
07F800
ENDCHAR
STARTCHAR uni1EEB
ENCODING 7915
SWIDTH 618 0
DWIDTH 20 0
BBX 18 25 2 0
BITMAP
040000
0F0000
1F8000
07E000
01C1C0
0041C0
0001C0
0003C0
F00F80
F00F00
F00E00
F00E00
F00E00
F00E00
F00E00
F00E00
F00E00
F00E00
F00E00
F01E00
F81E00
7C3E00
7FFE00
3FEE00
1F8E00
ENDCHAR
STARTCHAR uni1EEC
ENCODING 7916
SWIDTH 749 0
DWIDTH 24 0
BBX 22 31 3 0
BITMAP
01E000
03F000
03F000
007000
00F000
00C03C
00C03C
000038
0000F8
F003F0
F003E0
F003C0
F003C0
F003C0
F003C0
F003C0
F003C0
F003C0
F003C0
F003C0
F003C0
F003C0
F003C0
F003C0
F003C0
F807C0
7C0F80
7FFF80
3FFF00
1FFE00
07F800
ENDCHAR
STARTCHAR uni1EED
ENCODING 7917
SWIDTH 618 0
DWIDTH 20 0
BBX 18 26 2 0
BITMAP
018000
07E000
07E000
046000
00E000
01C1C0
0181C0
0001C0
0003C0
F00F80
F00F00
F00E00
F00E00
F00E00
F00E00
F00E00
F00E00
F00E00
F00E00
F00E00
F01E00
F81E00
7C3E00
7FFE00
3FEE00
1F8E00
ENDCHAR
STARTCHAR uni1EEE
ENCODING 7918
SWIDTH 749 0
DWIDTH 24 0
BBX 22 29 3 0
BITMAP
010E00
0FCE00
0FFC00
1CFC3C
00003C
000038
0000F8
F003F0
F003E0
F003C0
F003C0
F003C0
F003C0
F003C0
F003C0
F003C0
F003C0
F003C0
F003C0
F003C0
F003C0
F003C0
F003C0
F807C0
7C0F80
7FFF80
3FFF00
1FFE00
07F800
ENDCHAR
STARTCHAR uni1EEF
ENCODING 7919
SWIDTH 618 0
DWIDTH 20 0
BBX 18 24 2 0
BITMAP
0F1800
1FB800
1FF800
18F1C0
0001C0
0001C0
0003C0
F00F80
F00F00
F00E00
F00E00
F00E00
F00E00
F00E00
F00E00
F00E00
F00E00
F00E00
F01E00
F81E00
7C3E00
7FFE00
3FEE00
1F8E00
ENDCHAR
STARTCHAR uni1EF0
ENCODING 7920
SWIDTH 749 0
DWIDTH 24 0
BBX 22 33 3 -7
BITMAP
00003C
00003C
000038
0000F8
F003F0
F003E0
F003C0
F003C0
F003C0
F003C0
F003C0
F003C0
F003C0
F003C0
F003C0
F003C0
F003C0
F003C0
F003C0
F003C0
F807C0
7C0F80
7FFF80
3FFF00
1FFE00
07F800
000000
000000
00E000
01E000
03F000
01E000
00C000
ENDCHAR
STARTCHAR uni1EF1
ENCODING 7921
SWIDTH 618 0
DWIDTH 20 0
BBX 18 28 2 -7
BITMAP
0001C0
0001C0
0001C0
0003C0
F00F80
F00F00
F00E00
F00E00
F00E00
F00E00
F00E00
F00E00
F00E00
F00E00
F00E00
F01E00
F81E00
7C3E00
7FFE00
3FEE00
1F8E00
000000
000000
01C000
03C000
07E000
03C000
018000
ENDCHAR
STARTCHAR Ygrave
ENCODING 7922
SWIDTH 670 0
DWIDTH 21 0
BBX 21 30 0 0
BITMAP
008000
00E000
00F800
01FC00
003E00
000400
000000
800000
7C00F8
7C01F0
3E01E0
1F03E0
0F03C0
0F8780
07CF80
03EF00
03FE00
01FE00
00FC00
007800
007800
007800
007800
007800
007800
007800
007800
007800
007800
007800
ENDCHAR
STARTCHAR ygrave
ENCODING 7923
SWIDTH 595 0
DWIDTH 19 0
BBX 19 32 0 -7
BITMAP
010000
03C000
07E000
01F800
007000
001000
000000
000000
F803E0
7803C0
7C07C0
3C0780
3E0780
1E0F80
1E0F00
1F0F00
0F1E00
0F9E00
079E00
07FC00
03FC00
03F800
01F800
01F000
01F000
00F000
01E000
01E000
01C000
03C000
03C000
078000
ENDCHAR
STARTCHAR uni1EF4
ENCODING 7924
SWIDTH 670 0
DWIDTH 21 0
BBX 21 29 0 -7
BITMAP
FC00F8
7C01F0
3E01E0
1F03E0
0F03C0
0F8780
07CF80
03EF00
03FE00
01FE00
00FC00
007800
007800
007800
007800
007800
007800
007800
007800
007800
007800
007800
000000
000000
003800
007800
00FC00
007800
003000
ENDCHAR
STARTCHAR uni1EF5
ENCODING 7925
SWIDTH 595 0
DWIDTH 19 0
BBX 19 24 0 -7
BITMAP
F803E0
7803C0
7C07C0
3C0780
3E0780
1E0F80
1E0F00
1F0F00
0F1E00
0F9E00
079E00
07FC00
03FC00
03F800
01F800
01F000
01F000
00F000
01E000
01E1C0
01C3C0
03C7E0
03C3C0
078180
ENDCHAR
STARTCHAR uni1EF6
ENCODING 7926
SWIDTH 670 0
DWIDTH 21 0
BBX 21 31 0 0
BITMAP
007800
00FC00
00FC00
001C00
003C00
003000
003000
000000
800000
7C00F8
7C01F0
3E01E0
1F03E0
0F03C0
0F8780
07CF80
03EF00
03FE00
01FE00
00FC00
007800
007800
007800
007800
007800
007800
007800
007800
007800
007800
007800
ENDCHAR
STARTCHAR uni1EF7
ENCODING 7927
SWIDTH 595 0
DWIDTH 19 0
BBX 19 33 0 -7
BITMAP
006000
01F800
01F800
011800
003800
007000
006000
000000
000000
F803E0
7803C0
7C07C0
3C0780
3E0780
1E0F80
1E0F00
1F0F00
0F1E00
0F9E00
079E00
07FC00
03FC00
03F800
01F800
01F000
01F000
00F000
01E000
01E000
01C000
03C000
03C000
078000
ENDCHAR
STARTCHAR uni1EF8
ENCODING 7928
SWIDTH 670 0
DWIDTH 21 0
BBX 21 29 0 0
BITMAP
004380
03F380
03FF00
073F00
000000
000000
800000
7C00F8
7C01F0
3E01E0
1F03E0
0F03C0
0F8780
07CF80
03EF00
03FE00
01FE00
00FC00
007800
007800
007800
007800
007800
007800
007800
007800
007800
007800
007800
ENDCHAR
STARTCHAR uni1EF9
ENCODING 7929
SWIDTH 595 0
DWIDTH 19 0
BBX 19 31 0 -7
BITMAP
03C600
07EE00
07FE00
063C00
000000
000000
000000
F803E0
7803C0
7C07C0
3C0780
3E0780
1E0F80
1E0F00
1F0F00
0F1E00
0F9E00
079E00
07FC00
03FC00
03F800
01F800
01F000
01F000
00F000
01E000
01E000
01C000
03C000
03C000
078000
ENDCHAR
STARTCHAR uni2007
ENCODING 8199
SWIDTH 550 0
DWIDTH 18 0
BBX 1 1 0 0
BITMAP
00
ENDCHAR
STARTCHAR uni2008
ENCODING 8200
SWIDTH 260 0
DWIDTH 8 0
BBX 1 1 0 0
BITMAP
00
ENDCHAR
STARTCHAR uni2009
ENCODING 8201
SWIDTH 205 0
DWIDTH 7 0
BBX 1 1 0 0
BITMAP
00
ENDCHAR
STARTCHAR uni200A
ENCODING 8202
SWIDTH 102 0
DWIDTH 3 0
BBX 1 1 0 0
BITMAP
00
ENDCHAR
STARTCHAR uni200B
ENCODING 8203
SWIDTH 0 0
DWIDTH 0 0
BBX 1 1 0 0
BITMAP
00
ENDCHAR
STARTCHAR uni2010
ENCODING 8208
SWIDTH 413 0
DWIDTH 13 0
BBX 10 4 2 7
BITMAP
FFC0
FFC0
FFC0
FFC0
ENDCHAR
STARTCHAR figuredash
ENCODING 8210
SWIDTH 539 0
DWIDTH 17 0
BBX 14 4 2 7
BITMAP
FFFC
FFFC
FFFC
FFFC
ENDCHAR
STARTCHAR endash
ENCODING 8211
SWIDTH 543 0
DWIDTH 17 0
BBX 14 4 2 7
BITMAP
FFFC
FFFC
FFFC
FFFC
ENDCHAR
STARTCHAR emdash
ENCODING 8212
SWIDTH 891 0
DWIDTH 29 0
BBX 25 4 2 7
BITMAP
FFFFFF80
FFFFFF80
FFFFFF80
FFFFFF80
ENDCHAR
STARTCHAR uni2015
ENCODING 8213
SWIDTH 887 0
DWIDTH 29 0
BBX 25 4 2 7
BITMAP
FFFFFF80
FFFFFF80
FFFFFF80
FFFFFF80
ENDCHAR
STARTCHAR quoteleft
ENCODING 8216
SWIDTH 253 0
DWIDTH 8 0
BBX 6 9 1 15
BITMAP
0C
3C
78
70
F0
F8
FC
7C
38
ENDCHAR
STARTCHAR quoteright
ENCODING 8217
SWIDTH 253 0
DWIDTH 8 0
BBX 6 9 1 15
BITMAP
70
F8
FC
7C
3C
38
38
F0
E0
ENDCHAR
STARTCHAR quotesinglbase
ENCODING 8218
SWIDTH 274 0
DWIDTH 9 0
BBX 6 10 1 -6
BITMAP
38
7C
7C
3C
1C
1C
1C
38
F0
60
ENDCHAR
STARTCHAR quotedblleft
ENCODING 8220
SWIDTH 469 0
DWIDTH 15 0
BBX 13 9 1 15
BITMAP
0C18
3C78
78F0
70E0
F1E0
F9F0
FDF8
7CF8
3870
ENDCHAR
STARTCHAR quotedblright
ENCODING 8221
SWIDTH 466 0
DWIDTH 15 0
BBX 13 9 1 15
BITMAP
70E0
F9F0
FDF8
7CF8
3C78
3870
3870
F1E0
E1C0
ENDCHAR
STARTCHAR quotedblbase
ENCODING 8222
SWIDTH 499 0
DWIDTH 16 0
BBX 13 10 1 -6
BITMAP
3870
7CF8
7CF8
3C78
1C38
1C38
1C38
3870
F1E0
60C0
ENDCHAR
STARTCHAR dagger
ENCODING 8224
SWIDTH 440 0
DWIDTH 14 0
BBX 12 16 1 7
BITMAP
0F00
0F00
0F00
0F00
FFF0
FFF0
FFF0
FFF0
0F00
0F00
0F00
0F00
0F00
0F00
0F00
0F00
ENDCHAR
STARTCHAR daggerdbl
ENCODING 8225
SWIDTH 411 0
DWIDTH 13 0
BBX 11 17 1 6
BITMAP
0F00
0F00
0F00
0F00
FFE0
FFE0
FFE0
0F00
0F00
FFE0
FFE0
FFE0
0F00
0F00
0F00
0F00
0F00
ENDCHAR
STARTCHAR bullet
ENCODING 8226
SWIDTH 346 0
DWIDTH 11 0
BBX 9 9 1 7
BITMAP
0C00
3E00
7F00
FF80
FF80
FF80
7F80
7F00
3E00
ENDCHAR
STARTCHAR ellipsis
ENCODING 8230
SWIDTH 652 0
DWIDTH 21 0
BBX 18 5 1 0
BITMAP
306180
78F3C0
F9F7C0
F9F7C0
78F3C0
ENDCHAR
STARTCHAR perthousand
ENCODING 8240
SWIDTH 1247 0
DWIDTH 40 0
BBX 37 23 1 0
BITMAP
0E00000000
3F803C0000
7FC0780000
71C0700000
F1C0F00000
E1E1E00000
E1E1C00000
E1E3C00000
71C7800000
73C7000000
7F8F000000
3F1E3E03C0
041C7F07F0
003CFF8FF0
0078E39E38
0070E3DC38
00F1C1DC38
01E1C1DC38
01C1E3DC38
03C0E39E38
0780F78F78
07007F0FF0
0F003E03E0
ENDCHAR
STARTCHAR second
ENCODING 8243
SWIDTH 441 0
DWIDTH 14 0
BBX 12 8 1 14
BITMAP
78F0
78F0
70E0
71E0
71E0
E1C0
E1C0
E1C0
ENDCHAR
STARTCHAR guilsinglleft
ENCODING 8249
SWIDTH 288 0
DWIDTH 9 0
BBX 8 14 0 1
BITMAP
06
0F
1E
1C
3C
78
F0
78
3C
3C
1E
0F
06
04
ENDCHAR
STARTCHAR guilsinglright
ENCODING 8250
SWIDTH 289 0
DWIDTH 9 0
BBX 8 14 1 1
BITMAP
60
F0
78
3C
3C
1E
0F
1E
1E
3C
78
F0
60
20
ENDCHAR
STARTCHAR fraction
ENCODING 8260
SWIDTH 606 0
DWIDTH 19 0
BBX 19 22 0 0
BITMAP
0001E0
0003C0
000780
000700
000F00
001E00
001C00
003C00
007800
007000
00F000
01E000
01C000
03C000
078000
070000
0F0000
1E0000
1C0000
3C0000
780000
F00000
ENDCHAR
STARTCHAR uni2070
ENCODING 8304
SWIDTH 380 0
DWIDTH 12 0
BBX 10 12 1 14
BITMAP
0E00
3F00
7F80
73C0
E1C0
E1C0
E1C0
E1C0
E1C0
7380
7F80
3F00
ENDCHAR
STARTCHAR uni2074
ENCODING 8308
SWIDTH 397 0
DWIDTH 13 0
BBX 10 12 1 13
BITMAP
0300
0700
0F00
1F00
3B00
3B00
7300
FFC0
7FC0
7FC0
0700
0700
ENDCHAR
STARTCHAR uni2075
ENCODING 8309
SWIDTH 362 0
DWIDTH 12 0
BBX 9 11 1 14
BITMAP
7F00
7F00
7000
7400
7F00
7F80
0380
0380
6780
7F00
FE00
ENDCHAR
STARTCHAR uni2076
ENCODING 8310
SWIDTH 355 0
DWIDTH 11 0
BBX 9 12 1 14
BITMAP
0C00
3F80
7F00
7100
E000
FF00
FF80
E380
E380
6380
7F00
3E00
ENDCHAR
STARTCHAR uni2077
ENCODING 8311
SWIDTH 327 0
DWIDTH 10 0
BBX 8 11 2 14
BITMAP
FE
FF
0E
0E
1C
1C
38
38
70
70
F0
ENDCHAR
STARTCHAR uni2078
ENCODING 8312
SWIDTH 364 0
DWIDTH 12 0
BBX 9 12 1 14
BITMAP
0C00
3F00
7F80
6380
7380
7F00
3F00
7380
E180
E380
7F80
3F00
ENDCHAR
STARTCHAR uni2079
ENCODING 8313
SWIDTH 345 0
DWIDTH 11 0
BBX 9 12 1 14
BITMAP
1C00
7E00
7F00
E380
E380
E780
7F80
3F80
0380
4700
7F00
7E00
ENDCHAR
STARTCHAR uni2080
ENCODING 8320
SWIDTH 380 0
DWIDTH 12 0
BBX 10 12 1 -6
BITMAP
0E00
3F00
7F80
73C0
E1C0
E1C0
E1C0
E1C0
E1C0
7380
7F80
3F00
ENDCHAR
STARTCHAR uni2081
ENCODING 8321
SWIDTH 284 0
DWIDTH 9 0
BBX 6 11 1 -6
BITMAP
3C
FC
7C
5C
1C
1C
1C
1C
1C
1C
1C
ENDCHAR
STARTCHAR uni2082
ENCODING 8322
SWIDTH 353 0
DWIDTH 11 0
BBX 9 12 1 -6
BITMAP
1E00
3F00
7F80
E380
2380
0700
0E00
1C00
3800
7000
7F80
7F80
ENDCHAR
STARTCHAR uni2083
ENCODING 8323
SWIDTH 347 0
DWIDTH 11 0
BBX 8 11 2 -6
BITMAP
FE
FE
1C
38
7C
7E
0F
07
8F
FE
FC
ENDCHAR
STARTCHAR uni2084
ENCODING 8324
SWIDTH 397 0
DWIDTH 13 0
BBX 10 12 1 -6
BITMAP
0300
0700
0F00
1F00
3B00
3B00
7300
FFC0
7FC0
7FC0
0700
0700
ENDCHAR
STARTCHAR uni2085
ENCODING 8325
SWIDTH 362 0
DWIDTH 12 0
BBX 9 11 1 -6
BITMAP
7F00
7F00
7000
7400
7F00
7F80
0380
0380
6780
7F00
FE00
ENDCHAR
STARTCHAR uni2086
ENCODING 8326
SWIDTH 355 0
DWIDTH 11 0
BBX 9 12 1 -6
BITMAP
0C00
3F80
7F00
7100
E000
FF00
FF80
E380
E380
6380
7F00
3E00
ENDCHAR
STARTCHAR uni2087
ENCODING 8327
SWIDTH 327 0
DWIDTH 10 0
BBX 8 11 2 -6
BITMAP
FE
FF
0E
0E
1C
1C
38
38
70
70
F0
ENDCHAR
STARTCHAR uni2088
ENCODING 8328
SWIDTH 364 0
DWIDTH 12 0
BBX 9 12 1 -6
BITMAP
0C00
3F00
7F80
6380
7380
7F00
3F00
7380
E180
E380
7F80
3F00
ENDCHAR
STARTCHAR uni2089
ENCODING 8329
SWIDTH 345 0
DWIDTH 11 0
BBX 9 12 1 -6
BITMAP
1C00
7E00
7F00
E380
E380
E780
7F80
3F80
0380
4700
7F00
7E00
ENDCHAR
STARTCHAR colonmonetary
ENCODING 8353
SWIDTH 684 0
DWIDTH 22 0
BBX 20 29 1 -4
BITMAP
0003A0
000370
003F60
01FFE0
07FFE0
0FFFE0
1FDFF0
3F1BE0
3E3BC0
7C3B00
787700
787600
78EE00
F8EC00
F8DC00
79D800
79B800
7FB800
7F7000
3F7040
3FE1E0
1FFFE0
0FFFF0
1FFFC0
1DFF00
3B8000
3B0000
370000
020000
ENDCHAR
STARTCHAR franc
ENCODING 8355
SWIDTH 608 0
DWIDTH 19 0
BBX 17 22 1 0
BITMAP
3FFF80
3FFF80
3FFF80
3C0000
3C0000
3C0000
3C0000
3C0000
3C0000
3FFE00
3FFE00
3FFE00
3FFE00
3C0000
3C0000
FF8000
FF8000
FF8000
3C0000
3C0000
3C0000
3C0000
ENDCHAR
STARTCHAR lira
ENCODING 8356
SWIDTH 619 0
DWIDTH 20 0
BBX 18 24 1 -1
BITMAP
00F800
07FE00
0FFF00
0FFF00
1F0C00
1E0000
1C0000
1C0000
1C0000
1E0000
FFFC00
FFFC00
0E0000
0F0000
FFFC00
FFFC00
0F0000
0F0000
0F0000
3F8080
FFFF80
FFFFC0
70FF80
001E00
ENDCHAR
STARTCHAR uni20A6
ENCODING 8358
SWIDTH 816 0
DWIDTH 26 0
BBX 26 22 0 0
BITMAP
1F001E00
1F801E00
1F801E00
1FC01E00
1FE01E00
1FE01E00
1FF01E00
1EF81E00
1E7C1E00
FFFFFFC0
FFFFFFC0
FFFFFFC0
1E0F9E00
1E079E00
1E07DE00
1E03FE00
1E01FE00
1E00FE00
1E00FE00
1E007E00
1E003E00
1E001E00
ENDCHAR
STARTCHAR peseta
ENCODING 8359
SWIDTH 788 0
DWIDTH 25 0
BBX 21 22 3 0
BITMAP
3FFE00
3FFF00
3FFF80
3C0FC0
3C07C0
FFFFF8
FFFFF8
FFFFF8
3C03C0
3C07C0
3FFF80
3FFF80
3FFF00
3FFC00
3C0000
3C0000
3C0000
3C0000
3C0000
3C0000
3C0000
3C0000
ENDCHAR
STARTCHAR uni20A9
ENCODING 8361
SWIDTH 1000 0
DWIDTH 32 0
BBX 30 22 1 0
BITMAP
F000003C
F000007C
F8000078
78078078
78078078
7C0FC0F0
3C0FC0F0
3C0FC0F0
3E1FE1F0
FFFFFFFC
FFFFFFFC
FE3CF3FC
0F38F3C0
0F787BC0
0F787BC0
07F03F80
07F03F80
07E03F80
07E01F00
03E01F00
03C00F00
03C00E00
ENDCHAR
STARTCHAR dong
ENCODING 8363
SWIDTH 510 0
DWIDTH 16 0
BBX 14 23 1 0
BITMAP
00F0
00F0
00F0
03FC
03FC
03FC
00F0
1EF0
3FF0
7FF0
78F0
F0F0
F070
F070
78F0
7FF0
3FF0
1FF0
0000
0000
FFF8
FFF8
FFF8
ENDCHAR
STARTCHAR Euro
ENCODING 8364
SWIDTH 658 0
DWIDTH 21 0
BBX 18 23 1 0
BITMAP
001E00
00FFC0
03FFC0
07FFC0
0FC180
0F8000
1F0000
1E0000
FFF800
FFF800
FFF800
3C0000
3C0000
FFF800
FFF800
FFF800
1E0000
1F0000
0F8080
0FE380
07FFC0
01FFC0
007F80
ENDCHAR
STARTCHAR uni20AD
ENCODING 8365
SWIDTH 761 0
DWIDTH 24 0
BBX 23 22 1 0
BITMAP
1E00FC
1E01F0
1E03E0
1E07C0
1E0F80
1E1F00
1E3E00
1E7C00
1EF800
FFFFF0
FFFFF0
FFFFF0
1FBE00
1F1F00
1E0F80
1E07C0
1E07C0
1E03E0
1E01F0
1E00F8
1E00F8
1E007E
ENDCHAR
STARTCHAR uni20B1
ENCODING 8369
SWIDTH 790 0
DWIDTH 25 0
BBX 21 22 3 0
BITMAP
3FFE00
3FFF00
3FFF80
3E0FC0
3E03C0
FFFFF8
FFFFF8
FFFFF8
FE03F8
3E07C0
3FFFC0
3FFF80
3FFF00
3FFC00
3E0000
3E0000
3E0000
3E0000
3E0000
3E0000
3E0000
3E0000
ENDCHAR
STARTCHAR uni20B2
ENCODING 8370
SWIDTH 771 0
DWIDTH 25 0
BBX 22 30 1 -4
BITMAP
003000
003000
003000
003C00
01FF80
07FFE0
0FFFF0
1FF3F8
3F30E0
3E3020
7C3000
783000
783000
783000
F83FFC
F83FFC
783FFC
783FFC
7C303C
7C303C
3E307C
3FB0F8
1FFFF0
0FFFF0
03FFC0
00FF80
003000
003000
003000
003000
ENDCHAR
STARTCHAR uni20B5
ENCODING 8373
SWIDTH 684 0
DWIDTH 22 0
BBX 20 28 1 -3
BITMAP
007800
007800
007C00
01FF80
07FFC0
0FFFE0
1FFFF0
3F39E0
3E3840
7C3800
783800
783800
783800
F83800
F83800
783800
783800
7C3800
7C3800
3E3840
3FB9E0
1FFFE0
0FFFF0
07FFC0
01FF00
007800
007800
007800
ENDCHAR
STARTCHAR uni20B9
ENCODING 8377
SWIDTH 562 0
DWIDTH 18 0
BBX 15 22 2 0
BITMAP
FFFE
FFFE
FFFE
07E0
01F0
00F0
07FE
07FE
00F0
01F0
3FE0
3FE0
3F80
1F00
0F00
0F80
07C0
03C0
03E0
01F0
00F8
00FC
ENDCHAR
STARTCHAR uni20BA
ENCODING 8378
SWIDTH 614 0
DWIDTH 20 0
BBX 18 22 1 0
BITMAP
0E0000
0E0000
0E0000
0E3000
0EF800
0FE000
0FC000
1F0000
7E1000
FE7800
EFF000
0FE000
0F8000
3E0000
FE0000
6E03C0
4E0780
0E0F80
0E7F00
0FFE00
0FFC00
0FF000
ENDCHAR
STARTCHAR uni20BC
ENCODING 8380
SWIDTH 765 0
DWIDTH 24 0
BBX 18 26 3 0
BITMAP
00E000
00E000
00E000
00E000
0FFC00
1FFE00
3FFF00
7EFF80
7CEFC0
F8E7C0
F0E3C0
F0E3C0
F0E3C0
F0E3C0
F0E3C0
F0E3C0
F0E3C0
F0E3C0
F0E3C0
F003C0
F003C0
F003C0
F003C0
F003C0
F003C0
F003C0
ENDCHAR
STARTCHAR uni20BD
ENCODING 8381
SWIDTH 721 0
DWIDTH 23 0
BBX 19 22 3 0
BITMAP
3FFE00
3FFF80
3FFF80
3E0FC0
3E03C0
3E03E0
3E03E0
3E03E0
3E03C0
3E07C0
3FFFC0
FFFF80
FFFF00
FFFC00
3E0000
3E0000
FF8000
FF8000
3E0000
3E0000
3E0000
3E0000
ENDCHAR
STARTCHAR uni2113
ENCODING 8467
SWIDTH 550 0
DWIDTH 18 0
BBX 16 24 1 0
BITMAP
007C
01FE
03EF
03C7
0787
0787
0F07
0F0E
0E0E
1E1E
1E1C
1E38
1C78
1C70
1CE0
1DC0
1F80
1F00
3E00
FE00
FF18
4FF8
07FC
03F0
ENDCHAR
STARTCHAR uni2116
ENCODING 8470
SWIDTH 1199 0
DWIDTH 38 0
BBX 34 23 3 0
BITMAP
0000003C00
F001F07F00
F801F0FF80
FC01F1E780
FE01F1C3C0
FE01F3C3C0
FF01F3C3C0
FF81F1C3C0
F7C1F1E780
F7C1F1FF80
F3E1F0FF00
F1F1F03C00
F0F8F00000
F078F00000
F07CF1FFC0
F03EF1FFC0
F01FF1FFC0
F00FF00000
F00FF00000
F007F00000
F003F00000
F001F00000
F001F00000
ENDCHAR
STARTCHAR trademark
ENCODING 8482
SWIDTH 825 0
DWIDTH 26 0
BBX 24 11 1 11
BITMAP
FF9C0F
FF9E0F
1C1E1F
1C1F3F
1C1F3F
1C1FF7
1C1DF7
1C1DE7
1C1CC7
1C1C07
1C1C07
ENDCHAR
STARTCHAR uni2126
ENCODING 8486
SWIDTH 694 0
DWIDTH 22 0
BBX 20 23 1 0
BITMAP
01F800
07FE00
1FFF80
3FFFC0
7E07E0
7C03E0
F801F0
F000F0
F000F0
F000F0
F00070
F000F0
F000F0
F000F0
7800E0
7801E0
3C03C0
1C03C0
1E0780
FF0FF0
FF8FF0
FF8FF0
FF8FF0
ENDCHAR
STARTCHAR estimated
ENCODING 8494
SWIDTH 654 0
DWIDTH 21 0
BBX 18 19 2 0
BITMAP
01C000
0FF800
180E00
300600
700700
F00780
F00780
F00780
F007C0
FFFF80
F00000
F00000
F00000
F00000
700100
700300
300600
1C0C00
07F800
ENDCHAR
STARTCHAR oneeighth
ENCODING 8539
SWIDTH 813 0
DWIDTH 26 0
BBX 22 23 2 0
BITMAP
3C0010
FC00E0
7C01E0
5C03C0
1C0380
1C0780
1C0F00
1C0E00
1C1E00
1C3C00
1C3800
007860
00F1F8
00E3FC
01E31C
03C39C
0383F8
0781F8
0F039C
0E070C
1E071C
3C03FC
7801F8
ENDCHAR
STARTCHAR threeeighths
ENCODING 8540
SWIDTH 821 0
DWIDTH 26 0
BBX 23 22 1 0
BITMAP
FE0078
FE00F0
1C01E0
3801C0
7C03C0
7E0780
0F0700
070F00
8F1E00
FE1C00
FC3C30
0078FC
0071FE
00F18E
01E1CE
01C1FC
03C0FC
0781CE
070386
0F038E
1E01FE
3C00FC
ENDCHAR
STARTCHAR fiveeighths
ENCODING 8541
SWIDTH 862 0
DWIDTH 28 0
BBX 25 22 1 0
BITMAP
7F003C00
7F007800
7000F000
7400E000
7F01E000
7F83C000
03838000
03878000
678F0000
7F0E0000
FE1E0C00
003C3F00
00387F80
00786380
00F07380
00E07F00
01E03F00
03C07380
0380E180
0780E380
0F007F80
1E003F00
ENDCHAR
STARTCHAR seveneighths
ENCODING 8542
SWIDTH 833 0
DWIDTH 27 0
BBX 23 22 2 0
BITMAP
FE00F0
FF01E0
0E03C0
0E0380
1C0780
1C0F00
380E00
381E00
703C00
703800
F07830
00F0FC
00E1FE
01E18E
03C1CE
0381FC
0780FC
0F01CE
0E0386
1E038E
3C01FE
7800FC
ENDCHAR
STARTCHAR partialdiff
ENCODING 8706
SWIDTH 597 0
DWIDTH 19 0
BBX 17 24 1 0
BITMAP
020000
038000
03E000
07F000
00F800
007C00
003C00
03FE00
0FFE00
1FFF00
3E3F00
7C0F00
780F80
F00780
F00780
F00780
F00780
F00780
780700
780F00
3E3E00
3FFE00
1FFC00
07F000
ENDCHAR
STARTCHAR emptyset
ENCODING 8709
SWIDTH 624 0
DWIDTH 20 0
BBX 18 17 1 0
BITMAP
07F980
0FFFC0
3FFF80
3E3F00
7C1F80
783F80
F87FC0
F0F3C0
F1E3C0
F3C3C0
FF87C0
7F0780
7E0F80
3E1F00
7FFF00
FFFC00
67F800
ENDCHAR
STARTCHAR uni2206
ENCODING 8710
SWIDTH 711 0
DWIDTH 23 0
BBX 23 23 0 0
BITMAP
001000
001000
003800
003800
007C00
007C00
00FE00
00FE00
01EF00
01CF00
03C780
038780
0783C0
0703C0
0F01C0
0E01E0
1E00E0
1C00F0
3C0070
380078
7FFFF8
7FFFFC
FFFFFE
ENDCHAR
STARTCHAR product
ENCODING 8719
SWIDTH 719 0
DWIDTH 23 0
BBX 21 28 1 -6
BITMAP
FFFFF8
FFFFF8
FFFFF8
1E03C0
1E03C0
1E03C0
1E03C0
1E03C0
1E03C0
1E03C0
1E03C0
1E03C0
1E03C0
1E03C0
1E03C0
1E03C0
1E03C0
1E03C0
1E03C0
1E03C0
1E03C0
1E03C0
1E03C0
1E03C0
1E03C0
1E03C0
1E03C0
1E03C0
ENDCHAR
STARTCHAR summation
ENCODING 8721
SWIDTH 523 0
DWIDTH 17 0
BBX 13 22 2 0
BITMAP
7FF8
FFF8
FFF8
FFF8
7800
7C00
3C00
1E00
0F00
0780
03C0
03C0
0780
0F00
1E00
3E00
3C00
7800
F000
FFF8
FFF8
7FF8
ENDCHAR
STARTCHAR minus
ENCODING 8722
SWIDTH 580 0
DWIDTH 19 0
BBX 16 3 1 8
BITMAP
FFFF
FFFF
FFFF
ENDCHAR
STARTCHAR uni2215
ENCODING 8725
SWIDTH 556 0
DWIDTH 18 0
BBX 16 27 1 -3
BITMAP
0007
000F
000E
001E
001C
003C
0038
0078
0070
00F0
00E0
01E0
01C0
03C0
0380
0780
0700
0F00
0E00
1E00
1C00
3C00
3800
7800
7000
F000
E000
ENDCHAR
STARTCHAR uni2219
ENCODING 8729
SWIDTH 280 0
DWIDTH 9 0
BBX 5 5 2 7
BITMAP
F8
F8
F8
F8
70
ENDCHAR
STARTCHAR radical
ENCODING 8730
SWIDTH 703 0
DWIDTH 23 0
BBX 22 26 0 -4
BITMAP
0001FC
0001FC
0003FC
0003FC
0007C0
000780
000780
000F80
000F00
000F00
001E00
001E00
F81E00
783C00
783C00
3C3C00
3C7800
1C7800
1E7800
1EF000
0EF000
0FE000
07E000
07E000
07C000
03C000
ENDCHAR
STARTCHAR infinity
ENCODING 8734
SWIDTH 881 0
DWIDTH 28 0
BBX 26 13 1 1
BITMAP
1F807E00
3FE1FF00
7FF3FF80
78FBC780
703F83C0
F01F03C0
F01E01C0
F03F03C0
707F8380
7FF3FF80
3FE1FF80
1FC0FF00
06001C00
ENDCHAR
STARTCHAR integral
ENCODING 8747
SWIDTH 576 0
DWIDTH 18 0
BBX 19 28 0 -4
BITMAP
000F80
001FE0
003FE0
003FC0
007C40
007800
007800
00F000
00F000
00F000
00F000
00F000
00F000
01E000
01E000
01E000
01E000
01E000
01E000
03C000
03C000
03C000
03C000
47C000
7F8000
FF8000
FF0000
7E0000
ENDCHAR
STARTCHAR approxequal
ENCODING 8776
SWIDTH 576 0
DWIDTH 18 0
BBX 15 11 2 3
BITMAP
7E0E
FF8E
FFFC
C3FC
0078
0000
3C00
FF0E
FFFE
E3FC
00F8
ENDCHAR
STARTCHAR notequal
ENCODING 8800
SWIDTH 590 0
DWIDTH 19 0
BBX 15 16 2 1
BITMAP
0038
0070
00F0
FFFE
FFFE
FFFE
03C0
0380
0780
0700
FFFE
FFFE
FFFE
1C00
3800
7800
ENDCHAR
STARTCHAR lessequal
ENCODING 8804
SWIDTH 627 0
DWIDTH 20 0
BBX 16 17 2 0
BITMAP
000C
003E
01FE
0FF8
7FC0
FE00
FE00
FFC0
1FF8
03FE
007E
000C
0000
0000
FFFF
FFFF
FFFF
ENDCHAR
STARTCHAR greaterequal
ENCODING 8805
SWIDTH 627 0
DWIDTH 20 0
BBX 16 17 2 0
BITMAP
3000
7C00
7F80
1FF0
03FE
007F
007F
03FF
0FF8
7FC0
3E00
3000
0000
0000
FFFF
FFFF
FFFF
ENDCHAR
STARTCHAR lozenge
ENCODING 9674
SWIDTH 616 0
DWIDTH 20 0
BBX 18 24 1 -2
BITMAP
008000
01C000
01E000
03F000
07F000
07F800
0F3C00
1E1E00
3C1E00
3C0F00
780780
F007C0
780780
3C0F00
3C1E00
1E1E00
0F3C00
0F7800
07F800
03F000
01E000
01C000
00C000
008000
ENDCHAR
STARTCHAR fi
ENCODING 64257
SWIDTH 686 0
DWIDTH 22 0
BBX 19 25 1 0
BITMAP
0001C0
01C3E0
07F3E0
0FE3E0
1FE080
1E2000
1E0000
1E0000
FFE1E0
FFE1E0
FFE1E0
FFE1E0
1E01E0
1E01E0
1E01E0
1E01E0
1E01E0
1E01E0
1E01E0
1E01E0
1E01E0
1E01E0
1E01E0
1E01E0
1E01E0
ENDCHAR
STARTCHAR fl
ENCODING 64258
SWIDTH 663 0
DWIDTH 21 0
BBX 18 24 1 0
BITMAP
01C3C0
07F3C0
0FE3C0
1FE3C0
1E23C0
1E03C0
1E03C0
FFE3C0
FFE3C0
FFE3C0
FFE3C0
1E03C0
1E03C0
1E03C0
1E03C0
1E03C0
1E03C0
1E03C0
1E03C0
1E03C0
1E03C0
1E03C0
1E03C0
1E03C0
ENDCHAR
STARTCHAR .notdef
ENCODING -1
SWIDTH 584 0
DWIDTH 19 0
BBX 16 22 1 0
BITMAP
FFFF
C001
A001
9001
9801
8801
8401
8601
8201
8101
8081
8081
8041
8021
8021
8011
8009
800D
8005
8003
8003
FFFF
ENDCHAR
STARTCHAR Iacute_J.loclNLD
ENCODING -1
SWIDTH 1155 0
DWIDTH 37 0
BBX 33 30 2 0
BITMAP
0040000200
01C0000E00
03C0001E00
0FE0007F00
1F0000F800
0800004000
0000000000
0000000000
FFF007FF80
FFF007FF80
FFF007FF80
0F00007C00
0F00007C00
0F00007C00
0F00007C00
0F00007C00
0F00007C00
0F00007C00
0F00007C00
0F00007C00
0F00007C00
0F00007C00
0F00007C00
0F00007C00
0F00607800
0F00F0F800
FFF1FFF800
FFF0FFF000
FFF07FE000
FFF01FC000
ENDCHAR
STARTCHAR I.ss01
ENCODING -1
SWIDTH 322 0
DWIDTH 10 0
BBX 4 22 3 0
BITMAP
F0
F0
F0
F0
F0
F0
F0
F0
F0
F0
F0
F0
F0
F0
F0
F0
F0
F0
F0
F0
F0
F0
ENDCHAR
STARTCHAR IJ.ss01
ENCODING -1
SWIDTH 902 0
DWIDTH 29 0
BBX 23 22 3 0
BITMAP
F0003E
F0003E
F0003E
F0003E
F0003E
F0003E
F0003E
F0003E
F0003E
F0003E
F0003E
F0003E
F0003E
F0003E
F0003E
F0003E
F0303C
F0787C
F0FFFC
F07FF8
F03FF0
F00FE0
ENDCHAR
STARTCHAR Iacute.ss01
ENCODING -1
SWIDTH 322 0
DWIDTH 10 0
BBX 8 30 2 0
BITMAP
02
0E
1E
7F
F8
40
00
00
78
78
78
78
78
78
78
78
78
78
78
78
78
78
78
78
78
78
78
78
78
78
ENDCHAR
STARTCHAR Ibreve.ss01
ENCODING -1
SWIDTH 322 0
DWIDTH 10 0
BBX 10 29 0 0
BITMAP
E1C0
E1C0
7FC0
7F80
1E00
0000
0000
1E00
1E00
1E00
1E00
1E00
1E00
1E00
1E00
1E00
1E00
1E00
1E00
1E00
1E00
1E00
1E00
1E00
1E00
1E00
1E00
1E00
1E00
ENDCHAR
STARTCHAR uni01CF.ss01
ENCODING -1
SWIDTH 322 0
DWIDTH 10 0
BBX 10 29 0 0
BITMAP
4080
F3C0
7F80
3F00
1E00
0000
0000
1E00
1E00
1E00
1E00
1E00
1E00
1E00
1E00
1E00
1E00
1E00
1E00
1E00
1E00
1E00
1E00
1E00
1E00
1E00
1E00
1E00
1E00
ENDCHAR
STARTCHAR Icircumflex.ss01
ENCODING -1
SWIDTH 322 0
DWIDTH 10 0
BBX 10 29 0 0
BITMAP
1E00
3F00
7F80
F3C0
4080
0000
0000
1E00
1E00
1E00
1E00
1E00
1E00
1E00
1E00
1E00
1E00
1E00
1E00
1E00
1E00
1E00
1E00
1E00
1E00
1E00
1E00
1E00
1E00
ENDCHAR
STARTCHAR uni0208.ss01
ENCODING -1
SWIDTH 322 0
DWIDTH 10 0
BBX 14 30 -3 0
BITMAP
2040
70E0
F9F0
3CF8
1E3C
0418
0000
0000
03C0
03C0
03C0
03C0
03C0
03C0
03C0
03C0
03C0
03C0
03C0
03C0
03C0
03C0
03C0
03C0
03C0
03C0
03C0
03C0
03C0
03C0
ENDCHAR
STARTCHAR Idieresis.ss01
ENCODING -1
SWIDTH 322 0
DWIDTH 10 0
BBX 12 29 -1 0
BITMAP
70E0
F9F0
F9F0
F9F0
70E0
0000
0000
0F00
0F00
0F00
0F00
0F00
0F00
0F00
0F00
0F00
0F00
0F00
0F00
0F00
0F00
0F00
0F00
0F00
0F00
0F00
0F00
0F00
0F00
ENDCHAR
STARTCHAR uni1E2E.ss01
ENCODING -1
SWIDTH 322 0
DWIDTH 10 0
BBX 12 35 -1 0
BITMAP
0180
03C0
0FC0
1F80
1C00
0000
70E0
F9F0
F9F0
F9F0
70E0
0000
0000
0F00
0F00
0F00
0F00
0F00
0F00
0F00
0F00
0F00
0F00
0F00
0F00
0F00
0F00
0F00
0F00
0F00
0F00
0F00
0F00
0F00
0F00
ENDCHAR
STARTCHAR Idotaccent.ss01
ENCODING -1
SWIDTH 322 0
DWIDTH 10 0
BBX 6 29 2 0
BITMAP
30
78
FC
78
30
00
00
78
78
78
78
78
78
78
78
78
78
78
78
78
78
78
78
78
78
78
78
78
78
ENDCHAR
STARTCHAR uni1ECA.ss01
ENCODING -1
SWIDTH 322 0
DWIDTH 10 0
BBX 6 29 2 -7
BITMAP
78
78
78
78
78
78
78
78
78
78
78
78
78
78
78
78
78
78
78
78
78
78
00
00
38
78
FC
78
30
ENDCHAR
STARTCHAR Igrave.ss01
ENCODING -1
SWIDTH 322 0
DWIDTH 10 0
BBX 8 30 1 0
BITMAP
40
70
7C
FE
1F
02
00
00
3C
3C
3C
3C
3C
3C
3C
3C
3C
3C
3C
3C
3C
3C
3C
3C
3C
3C
3C
3C
3C
3C
ENDCHAR
STARTCHAR uni1EC8.ss01
ENCODING -1
SWIDTH 322 0
DWIDTH 10 0
BBX 6 31 2 0
BITMAP
78
FC
FC
1C
3C
30
30
00
00
78
78
78
78
78
78
78
78
78
78
78
78
78
78
78
78
78
78
78
78
78
78
ENDCHAR
STARTCHAR uni020A.ss01
ENCODING -1
SWIDTH 322 0
DWIDTH 10 0
BBX 10 29 0 0
BITMAP
1E00
7F80
FFC0
E1C0
E1C0
0000
0000
1E00
1E00
1E00
1E00
1E00
1E00
1E00
1E00
1E00
1E00
1E00
1E00
1E00
1E00
1E00
1E00
1E00
1E00
1E00
1E00
1E00
1E00
ENDCHAR
STARTCHAR Imacron.ss01
ENCODING -1
SWIDTH 322 0
DWIDTH 10 0
BBX 10 28 0 0
BITMAP
FFC0
FFC0
FFC0
0000
0000
0000
1E00
1E00
1E00
1E00
1E00
1E00
1E00
1E00
1E00
1E00
1E00
1E00
1E00
1E00
1E00
1E00
1E00
1E00
1E00
1E00
1E00
1E00
ENDCHAR
STARTCHAR Iogonek.ss01
ENCODING -1
SWIDTH 322 0
DWIDTH 10 0
BBX 8 29 0 -7
BITMAP
1E
1E
1E
1E
1E
1E
1E
1E
1E
1E
1E
1E
1E
1E
1E
1E
1E
1E
1E
1E
1E
1E
38
70
F0
F4
7F
7E
10
ENDCHAR
STARTCHAR Itilde.ss01
ENCODING -1
SWIDTH 322 0
DWIDTH 10 0
BBX 12 29 -1 0
BITMAP
0870
7E70
7FE0
E7E0
0000
0000
0000
0F00
0F00
0F00
0F00
0F00
0F00
0F00
0F00
0F00
0F00
0F00
0F00
0F00
0F00
0F00
0F00
0F00
0F00
0F00
0F00
0F00
0F00
ENDCHAR
STARTCHAR J.ss01
ENCODING -1
SWIDTH 580 0
DWIDTH 19 0
BBX 15 22 1 0
BITMAP
003E
003E
003E
003E
003E
003E
003E
003E
003E
003E
003E
003E
003E
003E
003E
003E
303C
787C
FFFC
7FF8
3FF0
0FE0
ENDCHAR
STARTCHAR Jcircumflex.ss01
ENCODING -1
SWIDTH 580 0
DWIDTH 19 0
BBX 18 29 1 0
BITMAP
001E00
003F00
007F80
00F3C0
004080
000000
000000
003E00
003E00
003E00
003E00
003E00
003E00
003E00
003E00
003E00
003E00
003E00
003E00
003E00
003E00
003E00
003E00
303C00
787C00
FFFC00
7FF800
3FF000
0FE000
ENDCHAR
STARTCHAR uni01C7.ss01
ENCODING -1
SWIDTH 1183 0
DWIDTH 38 0
BBX 32 22 3 0
BITMAP
F000001F
F000001F
F000001F
F000001F
F000001F
F000001F
F000001F
F000001F
F000001F
F000001F
F000001F
F000001F
F000001F
F000001F
F000001F
F000001F
F000181E
F0003C3E
FFFE7FFE
FFFE3FFC
FFFE1FF8
FFFE07F0
ENDCHAR
STARTCHAR uni01CA.ss01
ENCODING -1
SWIDTH 1378 0
DWIDTH 44 0
BBX 39 22 3 0
BITMAP
F001F0003E
F801F0003E
FC01F0003E
FE01F0003E
FE01F0003E
FF01F0003E
FF81F0003E
F7C1F0003E
F7C1F0003E
F3E1F0003E
F1F1F0003E
F0F8F0003E
F078F0003E
F07CF0003E
F03EF0003E
F01FF0003E
F00FF0303C
F00FF0787C
F007F0FFFC
F003F07FF8
F001F03FF0
F001F00FE0
ENDCHAR
STARTCHAR i.loclTRK
ENCODING -1
SWIDTH 259 0
DWIDTH 8 0
BBX 6 25 1 0
BITMAP
78
78
FC
78
30
00
00
00
78
78
78
78
78
78
78
78
78
78
78
78
78
78
78
78
78
ENDCHAR
STARTCHAR iacute_j.loclNLD
ENCODING -1
SWIDTH 541 0
DWIDTH 17 0
BBX 17 31 0 -6
BITMAP
040200
1E0F00
3F1F80
7C3E00
F07800
402000
000000
000000
3C1E00
3C1E00
3C1E00
3C1E00
3C1E00
3C1E00
3C1E00
3C1E00
3C1E00
3C1E00
3C1E00
3C1E00
3C1E00
3C1E00
3C1E00
3C1E00
3C1E00
001E00
003E00
003C00
01FC00
01F800
00F000
ENDCHAR
STARTCHAR a.ss01
ENCODING -1
SWIDTH 546 0
DWIDTH 17 0
BBX 15 17 1 0
BITMAP
0FF0
1FF8
7FFC
7C7C
303E
001E
001E
0FFE
3FFE
7FFE
781E
F01E
F01E
787E
7FFE
3FFE
1F9E
ENDCHAR
STARTCHAR aacute.ss01
ENCODING -1
SWIDTH 546 0
DWIDTH 17 0
BBX 15 25 1 0
BITMAP
0040
01E0
03F0
07C0
0F00
0400
0000
0000
0FF0
1FF8
7FFC
7C7C
303E
001E
001E
0FFE
3FFE
7FFE
781E
F01E
F01E
787E
7FFE
3FFE
1F9E
ENDCHAR
STARTCHAR abreve.ss01
ENCODING -1
SWIDTH 546 0
DWIDTH 17 0
BBX 15 24 1 0
BITMAP
1C38
1C38
1FF0
0FF0
07C0
0000
0000
0FF0
1FF8
7FFC
7C7C
303E
001E
001E
0FFE
3FFE
7FFE
781E
F01E
F01E
787E
7FFE
3FFE
1F9E
ENDCHAR
STARTCHAR uni1EAF.ss01
ENCODING -1
SWIDTH 546 0
DWIDTH 17 0
BBX 15 30 1 0
BITMAP
0040
00F0
00E0
01C0
0380
0080
0810
1C38
1FF8
0FF0
07E0
0000
0000
0FF0
1FF8
7FFC
7C7C
303E
001E
001E
0FFE
3FFE
7FFE
781E
F01E
F01E
787E
7FFE
3FFE
1F9E
ENDCHAR
STARTCHAR uni1EB7.ss01
ENCODING -1
SWIDTH 546 0
DWIDTH 17 0
BBX 15 31 1 -7
BITMAP
1C38
1C38
1FF0
0FF0
07C0
0000
0000
0FF0
1FF8
7FFC
7C7C
303E
001E
001E
0FFE
3FFE
7FFE
781E
F01E
F01E
787E
7FFE
3FFE
1F9E
0000
0000
01C0
03C0
07E0
03C0
0180
ENDCHAR
STARTCHAR uni1EB1.ss01
ENCODING -1
SWIDTH 546 0
DWIDTH 17 0
BBX 15 30 1 0
BITMAP
0200
0F00
0780
0380
01C0
0080
1818
1C38
1FF8
0FF0
07E0
0000
0000
0FF0
1FF8
7FFC
7C7C
303E
001E
001E
0FFE
3FFE
7FFE
781E
F01E
F01E
787E
7FFE
3FFE
1F9E
ENDCHAR
STARTCHAR uni1EB3.ss01
ENCODING -1
SWIDTH 546 0
DWIDTH 17 0
BBX 15 31 1 0
BITMAP
03C0
07E0
07E0
00E0
01E0
0180
0100
1818
1C38
1FF8
0FF0
07E0
0000
0000
0FF0
1FF8
7FFC
7C7C
303E
001E
001E
0FFE
3FFE
7FFE
781E
F01E
F01E
787E
7FFE
3FFE
1F9E
ENDCHAR
STARTCHAR uni1EB5.ss01
ENCODING -1
SWIDTH 546 0
DWIDTH 17 0
BBX 15 30 1 0
BITMAP
0F18
1FF8
1FF8
0870
0000
0000
1818
1C38
1FF8
0FF0
07E0
0000
0000
0FF0
1FF8
7FFC
7C7C
303E
001E
001E
0FFE
3FFE
7FFE
781E
F01E
F01E
787E
7FFE
3FFE
1F9E
ENDCHAR
STARTCHAR uni01CE.ss01
ENCODING -1
SWIDTH 546 0
DWIDTH 17 0
BBX 15 24 1 0
BITMAP
1C38
1FF8
0FF0
07E0
03C0
0000
0000
0FF0
1FF8
7FFC
7C7C
303E
001E
001E
0FFE
3FFE
7FFE
781E
F01E
F01E
787E
7FFE
3FFE
1F9E
ENDCHAR
STARTCHAR acircumflex.ss01
ENCODING -1
SWIDTH 546 0
DWIDTH 17 0
BBX 15 24 1 0
BITMAP
03C0
07E0
0FF0
1C38
0810
0000
0000
0FF0
1FF8
7FFC
7C7C
303E
001E
001E
0FFE
3FFE
7FFE
781E
F01E
F01E
787E
7FFE
3FFE
1F9E
ENDCHAR
STARTCHAR uni1EA5.ss01
ENCODING -1
SWIDTH 546 0
DWIDTH 17 0
BBX 17 30 1 0
BITMAP
000200
000380
000780
000700
000E00
000400
03C000
07E000
0FF000
1C7800
081000
000000
000000
0FF000
1FF800
7FFC00
7C7C00
303E00
001E00
001E00
0FFE00
3FFE00
7FFE00
781E00
F01E00
F01E00
787E00
7FFE00
3FFE00
1F9E00
ENDCHAR
STARTCHAR uni1EAD.ss01
ENCODING -1
SWIDTH 546 0
DWIDTH 17 0
BBX 15 31 1 -7
BITMAP
03C0
07E0
0FF0
1C38
0810
0000
0000
0FF0
1FF8
7FFC
7C7C
303E
001E
001E
0FFE
3FFE
7FFE
781E
F01E
F01E
787E
7FFE
3FFE
1F9E
0000
0000
01C0
03C0
07E0
03C0
0180
ENDCHAR
STARTCHAR uni1EA7.ss01
ENCODING -1
SWIDTH 546 0
DWIDTH 17 0
BBX 15 30 1 0
BITMAP
0010
0070
00F8
0038
001C
0008
0780
0FE0
1FF0
3C78
1010
0000
0000
0FF0
1FF8
7FFC
7C7C
303E
001E
001E
0FFE
3FFE
7FFE
781E
F01E
F01E
787E
7FFE
3FFE
1F9E
ENDCHAR
STARTCHAR uni1EA9.ss01
ENCODING -1
SWIDTH 546 0
DWIDTH 17 0
BBX 17 30 1 0
BITMAP
001F00
003F80
001380
000380
000700
000E00
03C000
07E000
0FF800
1E3C00
080800
000000
000000
0FF000
1FF800
7FFC00
7C7C00
303E00
001E00
001E00
0FFE00
3FFE00
7FFE00
781E00
F01E00
F01E00
787E00
7FFE00
3FFE00
1F9E00
ENDCHAR
STARTCHAR uni1EAB.ss01
ENCODING -1
SWIDTH 546 0
DWIDTH 17 0
BBX 15 30 1 0
BITMAP
0F18
1FF8
1FF8
18F0
0000
0000
03C0
07E0
0FF0
1C38
0810
0000
0000
0FF0
1FF8
7FFC
7C7C
303E
001E
001E
0FFE
3FFE
7FFE
781E
F01E
F01E
787E
7FFE
3FFE
1F9E
ENDCHAR
STARTCHAR uni0201.ss01
ENCODING -1
SWIDTH 546 0
DWIDTH 17 0
BBX 16 25 0 0
BITMAP
20C0
70E0
FDF0
3E78
0E3C
0408
0000
0000
07F8
0FFC
3FFE
3E3E
181F
000F
000F
07FF
1FFF
3FFF
3C0F
780F
780F
3C3F
3FFF
1FFF
0FCF
ENDCHAR
STARTCHAR adieresis.ss01
ENCODING -1
SWIDTH 546 0
DWIDTH 17 0
BBX 15 25 1 0
BITMAP
1C38
3E7C
3E7C
3E7C
0C30
0000
0000
0000
0FF0
1FF8
7FFC
7C7C
303E
001E
001E
0FFE
3FFE
7FFE
781E
F01E
F01E
787E
7FFE
3FFE
1F9E
ENDCHAR
STARTCHAR uni1EA1.ss01
ENCODING -1
SWIDTH 546 0
DWIDTH 17 0
BBX 15 24 1 -7
BITMAP
0FF0
1FF8
7FFC
7C7C
303E
001E
001E
0FFE
3FFE
7FFE
781E
F01E
F01E
787E
7FFE
3FFE
1F9E
0000
0000
01C0
03C0
07E0
03C0
0180
ENDCHAR
STARTCHAR agrave.ss01
ENCODING -1
SWIDTH 546 0
DWIDTH 17 0
BBX 15 25 1 0
BITMAP
0400
0F00
1F80
07E0
01C0
0040
0000
0000
0FF0
1FF8
7FFC
7C7C
303E
001E
001E
0FFE
3FFE
7FFE
781E
F01E
F01E
787E
7FFE
3FFE
1F9E
ENDCHAR
STARTCHAR uni1EA3.ss01
ENCODING -1
SWIDTH 546 0
DWIDTH 17 0
BBX 15 26 1 0
BITMAP
0180
07E0
07E0
0460
00E0
01C0
0180
0000
0000
0FF0
1FF8
7FFC
7C7C
303E
001E
001E
0FFE
3FFE
7FFE
781E
F01E
F01E
787E
7FFE
3FFE
1F9E
ENDCHAR
STARTCHAR uni0203.ss01
ENCODING -1
SWIDTH 546 0
DWIDTH 17 0
BBX 15 25 1 0
BITMAP
0180
07E0
0FF0
1E78
1C38
1818
0000
0000
0FF0
1FF8
7FFC
7C7C
303E
001E
001E
0FFE
3FFE
7FFE
781E
F01E
F01E
787E
7FFE
3FFE
1F9E
ENDCHAR
STARTCHAR amacron.ss01
ENCODING -1
SWIDTH 546 0
DWIDTH 17 0
BBX 15 23 1 0
BITMAP
1FF8
1FF8
1FF8
0000
0000
0000
0FF0
1FF8
7FFC
7C7C
303E
001E
001E
0FFE
3FFE
7FFE
781E
F01E
F01E
787E
7FFE
3FFE
1F9E
ENDCHAR
STARTCHAR aogonek.ss01
ENCODING -1
SWIDTH 546 0
DWIDTH 17 0
BBX 15 24 1 -7
BITMAP
0FF0
1FF8
7FFC
7C7C
303E
001E
001E
0FFE
3FFE
7FFE
781E
F01E
F01E
787E
7FFE
3FFE
1FBE
0070
00E0
01E0
01E8
00FE
00FC
0020
ENDCHAR
STARTCHAR aring.ss01
ENCODING -1
SWIDTH 546 0
DWIDTH 17 0
BBX 15 26 1 0
BITMAP
03C0
07E0
0E70
0E70
0660
07E0
0180
0000
0000
0FF0
1FF8
7FFC
7C7C
303E
001E
001E
0FFE
3FFE
7FFE
781E
F01E
F01E
787E
7FFE
3FFE
1F9E
ENDCHAR
STARTCHAR aringacute.ss01
ENCODING -1
SWIDTH 546 0
DWIDTH 17 0
BBX 15 33 1 0
BITMAP
0040
01E0
03F0
07C0
0F00
0400
0000
03C0
07E0
0E70
0E70
0660
07E0
0180
0000
0000
0FF0
1FF8
7FFC
7C7C
303E
001E
001E
0FFE
3FFE
7FFE
781E
F01E
F01E
787E
7FFE
3FFE
1F9E
ENDCHAR
STARTCHAR atilde.ss01
ENCODING -1
SWIDTH 546 0
DWIDTH 17 0
BBX 15 24 1 0
BITMAP
0F18
1FB8
1FF8
18F0
0000
0000
0000
0FF0
1FF8
7FFC
7C7C
303E
001E
001E
0FFE
3FFE
7FFE
781E
F01E
F01E
787E
7FFE
3FFE
1F9E
ENDCHAR
STARTCHAR g.ss01
ENCODING -1
SWIDTH 558 0
DWIDTH 18 0
BBX 16 25 1 -8
BITMAP
07FF
1FFF
3FFF
7C7C
783C
781C
783C
783C
3EFC
3FF8
3FF0
7F80
F800
7800
7FF0
3FFC
7FFE
F81F
F00F
F00F
F81F
7FFE
7FFE
1FF8
03C0
ENDCHAR
STARTCHAR gbreve.ss01
ENCODING -1
SWIDTH 558 0
DWIDTH 18 0
BBX 16 32 1 -8
BITMAP
1C38
1C38
1FF0
0FF0
07C0
0000
0000
07FF
1FFF
3FFF
7C7C
783C
781C
783C
783C
3EFC
3FF8
3FF0
7F80
F800
7800
7FF0
3FFC
7FFE
F81F
F00F
F00F
F81F
7FFE
7FFE
1FF8
03C0
ENDCHAR
STARTCHAR gcaron.ss01
ENCODING -1
SWIDTH 558 0
DWIDTH 18 0
BBX 16 32 1 -8
BITMAP
1C38
1FF8
0FF0
07E0
03C0
0000
0000
07FF
1FFF
3FFF
7C7C
783C
781C
783C
783C
3EFC
3FF8
3FF0
7F80
F800
7800
7FF0
3FFC
7FFE
F81F
F00F
F00F
F81F
7FFE
7FFE
1FF8
03C0
ENDCHAR
STARTCHAR gcircumflex.ss01
ENCODING -1
SWIDTH 558 0
DWIDTH 18 0
BBX 16 32 1 -8
BITMAP
03C0
07E0
0FF0
1C38
0810
0000
0000
07FF
1FFF
3FFF
7C7C
783C
781C
783C
783C
3EFC
3FF8
3FF0
7F80
F800
7800
7FF0
3FFC
7FFE
F81F
F00F
F00F
F81F
7FFE
7FFE
1FF8
03C0
ENDCHAR
STARTCHAR uni0123.ss01
ENCODING -1
SWIDTH 558 0
DWIDTH 18 0
BBX 16 34 1 -8
BITMAP
00C0
01E0
0380
0780
07C0
03C0
01C0
0000
0000
07FF
1FFF
3FFF
7C7C
783C
781C
783C
783C
3EFC
3FF8
3FF0
7F80
F800
7800
7FF0
3FFC
7FFE
F81F
F00F
F00F
F81F
7FFE
7FFE
1FF8
03C0
ENDCHAR
STARTCHAR gdotaccent.ss01
ENCODING -1
SWIDTH 558 0
DWIDTH 18 0
BBX 16 33 1 -8
BITMAP
03C0
03C0
07E0
03C0
0180
0000
0000
0000
07FF
1FFF
3FFF
7C7C
783C
781C
783C
783C
3EFC
3FF8
3FF0
7F80
F800
7800
7FF0
3FFC
7FFE
F81F
F00F
F00F
F81F
7FFE
7FFE
1FF8
03C0
ENDCHAR
STARTCHAR uni1E21.ss01
ENCODING -1
SWIDTH 558 0
DWIDTH 18 0
BBX 16 31 1 -8
BITMAP
1FF8
1FF8
1FF8
0000
0000
0000
07FF
1FFF
3FFF
7C7C
783C
781C
783C
783C
3EFC
3FF8
3FF0
7F80
F800
7800
7FF0
3FFC
7FFE
F81F
F00F
F00F
F81F
7FFE
7FFE
1FF8
03C0
ENDCHAR
STARTCHAR f_f
ENCODING -1
SWIDTH 786 0
DWIDTH 25 0
BBX 25 24 1 0
BITMAP
01C00E00
07F03F80
0FE07F00
1FE0FF00
1E20F100
1E00F000
1E00F000
FFE7FF00
FFE7FF00
FFE7FF00
FFE7FF00
1E00F000
1E00F000
1E00F000
1E00F000
1E00F000
1E00F000
1E00F000
1E00F000
1E00F000
1E00F000
1E00F000
1E00F000
1E00F000
ENDCHAR
STARTCHAR f_f_i
ENCODING -1
SWIDTH 1079 0
DWIDTH 35 0
BBX 31 25 1 0
BITMAP
0000001C
01C00E3E
07F03FBE
0FE07F3E
1FE0FF08
1E20F100
1E00F000
1E00F000
FFE7FF1E
FFE7FF1E
FFE7FF1E
FFE7FF1E
1E00F01E
1E00F01E
1E00F01E
1E00F01E
1E00F01E
1E00F01E
1E00F01E
1E00F01E
1E00F01E
1E00F01E
1E00F01E
1E00F01E
1E00F01E
ENDCHAR
STARTCHAR f_f_ij
ENCODING -1
SWIDTH 1362 0
DWIDTH 44 0
BBX 41 31 1 -6
BITMAP
0000001C0780
01C00E3E0F80
07F03FBE0F80
0FE07F3E0780
1FE0FF080200
1E20F1000000
1E00F0000000
1E00F0000000
FFE7FF1E0780
FFE7FF1E0780
FFE7FF1E0780
FFE7FF1E0780
1E00F01E0780
1E00F01E0780
1E00F01E0780
1E00F01E0780
1E00F01E0780
1E00F01E0780
1E00F01E0780
1E00F01E0780
1E00F01E0780
1E00F01E0780
1E00F01E0780
1E00F01E0780
1E00F01E0780
000000000780
000000000F80
000000000F00
000000007F00
000000007E00
000000003C00
ENDCHAR
STARTCHAR f_f_l
ENCODING -1
SWIDTH 1056 0
DWIDTH 34 0
BBX 30 24 1 0
BITMAP
01C00E3C
07F03FBC
0FE07F3C
1FE0FF3C
1E20F13C
1E00F03C
1E00F03C
FFE7FF3C
FFE7FF3C
FFE7FF3C
FFE7FF3C
1E00F03C
1E00F03C
1E00F03C
1E00F03C
1E00F03C
1E00F03C
1E00F03C
1E00F03C
1E00F03C
1E00F03C
1E00F03C
1E00F03C
1E00F03C
ENDCHAR
STARTCHAR f_ij
ENCODING -1
SWIDTH 969 0
DWIDTH 31 0
BBX 28 31 1 -6
BITMAP
0001C0F0
01C3E1F0
07F3E1F0
0FE3E0F0
1FE08040
1E200000
1E000000
1E000000
FFE1E0F0
FFE1E0F0
FFE1E0F0
FFE1E0F0
1E01E0F0
1E01E0F0
1E01E0F0
1E01E0F0
1E01E0F0
1E01E0F0
1E01E0F0
1E01E0F0
1E01E0F0
1E01E0F0
1E01E0F0
1E01E0F0
1E01E0F0
000000F0
000001F0
000001E0
00000FE0
00000FC0
00000780
ENDCHAR
STARTCHAR zero.zero
ENCODING -1
SWIDTH 631 0
DWIDTH 20 0
BBX 18 23 1 0
BITMAP
01E000
07FC00
1FFE00
1FFF00
3E1F00
7C0F80
780780
780780
7807C0
70C3C0
F1E3C0
F3E3C0
F3E3C0
F1E3C0
7803C0
780780
780780
7C0780
3C0F00
3F3F00
1FFE00
0FFC00
07F800
ENDCHAR
STARTCHAR zero.dnom
ENCODING -1
SWIDTH 380 0
DWIDTH 12 0
BBX 10 12 1 0
BITMAP
0E00
3F00
7F80
73C0
E1C0
E1C0
E1C0
E1C0
E1C0
7380
7F80
3F00
ENDCHAR
STARTCHAR one.dnom
ENCODING -1
SWIDTH 284 0
DWIDTH 9 0
BBX 6 11 1 0
BITMAP
3C
FC
7C
5C
1C
1C
1C
1C
1C
1C
1C
ENDCHAR
STARTCHAR two.dnom
ENCODING -1
SWIDTH 353 0
DWIDTH 11 0
BBX 9 12 1 0
BITMAP
1E00
3F00
7F80
E380
2380
0700
0E00
1C00
3800
7000
7F80
7F80
ENDCHAR
STARTCHAR three.dnom
ENCODING -1
SWIDTH 347 0
DWIDTH 11 0
BBX 8 11 2 0
BITMAP
FE
FE
1C
38
7C
7E
0F
07
8F
FE
FC
ENDCHAR
STARTCHAR four.dnom
ENCODING -1
SWIDTH 397 0
DWIDTH 13 0
BBX 10 12 1 0
BITMAP
0300
0700
0F00
1F00
3B00
3B00
7300
FFC0
7FC0
7FC0
0700
0700
ENDCHAR
STARTCHAR five.dnom
ENCODING -1
SWIDTH 362 0
DWIDTH 12 0
BBX 9 11 1 0
BITMAP
7F00
7F00
7000
7400
7F00
7F80
0380
0380
6780
7F00
FE00
ENDCHAR
STARTCHAR six.dnom
ENCODING -1
SWIDTH 355 0
DWIDTH 11 0
BBX 9 12 1 0
BITMAP
0C00
3F80
7F00
7100
E000
FF00
FF80
E380
E380
6380
7F00
3E00
ENDCHAR
STARTCHAR seven.dnom
ENCODING -1
SWIDTH 327 0
DWIDTH 10 0
BBX 8 11 2 0
BITMAP
FE
FF
0E
0E
1C
1C
38
38
70
70
F0
ENDCHAR
STARTCHAR eight.dnom
ENCODING -1
SWIDTH 364 0
DWIDTH 12 0
BBX 9 12 1 0
BITMAP
0C00
3F00
7F80
6380
7380
7F00
3F00
7380
E180
E380
7F80
3F00
ENDCHAR
STARTCHAR nine.dnom
ENCODING -1
SWIDTH 345 0
DWIDTH 11 0
BBX 9 12 1 0
BITMAP
1C00
7E00
7F00
E380
E380
E780
7F80
3F80
0380
4700
7F00
7E00
ENDCHAR
STARTCHAR zero.numr
ENCODING -1
SWIDTH 380 0
DWIDTH 12 0
BBX 10 12 1 11
BITMAP
0E00
3F00
7F80
73C0
E1C0
E1C0
E1C0
E1C0
E1C0
7380
7F80
3F00
ENDCHAR
STARTCHAR one.numr
ENCODING -1
SWIDTH 284 0
DWIDTH 9 0
BBX 6 11 1 12
BITMAP
3C
FC
7C
5C
1C
1C
1C
1C
1C
1C
1C
ENDCHAR
STARTCHAR two.numr
ENCODING -1
SWIDTH 353 0
DWIDTH 11 0
BBX 9 12 1 11
BITMAP
1E00
3F00
7F80
E380
2380
0700
0E00
1C00
3800
7000
7F80
7F80
ENDCHAR
STARTCHAR three.numr
ENCODING -1
SWIDTH 347 0
DWIDTH 11 0
BBX 8 11 2 11
BITMAP
FE
FE
1C
38
7C
7E
0F
07
8F
FE
FC
ENDCHAR
STARTCHAR four.numr
ENCODING -1
SWIDTH 397 0
DWIDTH 13 0
BBX 10 12 1 11
BITMAP
0300
0700
0F00
1F00
3B00
3B00
7300
FFC0
7FC0
7FC0
0700
0700
ENDCHAR
STARTCHAR five.numr
ENCODING -1
SWIDTH 362 0
DWIDTH 12 0
BBX 9 11 1 11
BITMAP
7F00
7F00
7000
7400
7F00
7F80
0380
0380
6780
7F00
FE00
ENDCHAR
STARTCHAR six.numr
ENCODING -1
SWIDTH 355 0
DWIDTH 11 0
BBX 9 12 1 11
BITMAP
0C00
3F80
7F00
7100
E000
FF00
FF80
E380
E380
6380
7F00
3E00
ENDCHAR
STARTCHAR seven.numr
ENCODING -1
SWIDTH 327 0
DWIDTH 10 0
BBX 8 11 2 11
BITMAP
FE
FF
0E
0E
1C
1C
38
38
70
70
F0
ENDCHAR
STARTCHAR eight.numr
ENCODING -1
SWIDTH 364 0
DWIDTH 12 0
BBX 9 12 1 11
BITMAP
0C00
3F00
7F80
6380
7380
7F00
3F00
7380
E180
E380
7F80
3F00
ENDCHAR
STARTCHAR nine.numr
ENCODING -1
SWIDTH 345 0
DWIDTH 11 0
BBX 9 12 1 11
BITMAP
1C00
7E00
7F00
E380
E380
E780
7F80
3F80
0380
4700
7F00
7E00
ENDCHAR
STARTCHAR periodcentered.case
ENCODING -1
SWIDTH 238 0
DWIDTH 8 0
BBX 5 5 1 10
BITMAP
30
78
F8
F8
78
ENDCHAR
STARTCHAR bullet.case
ENCODING -1
SWIDTH 363 0
DWIDTH 12 0
BBX 9 9 1 7
BITMAP
0C00
3E00
7F00
FF80
FF80
FF80
7F80
7F00
3E00
ENDCHAR
STARTCHAR slash.case
ENCODING -1
SWIDTH 548 0
DWIDTH 18 0
BBX 18 26 0 -4
BITMAP
0007C0
000780
000F00
000F00
001E00
001E00
003C00
003C00
007800
007800
00F000
00F000
01E000
01E000
03C000
03C000
078000
078000
0F0000
0F0000
1E0000
1E0000
3C0000
3C0000
780000
F80000
ENDCHAR
STARTCHAR backslash.case
ENCODING -1
SWIDTH 544 0
DWIDTH 17 0
BBX 17 25 1 -3
BITMAP
F80000
780000
3C0000
3C0000
1E0000
1E0000
0F0000
0F0000
078000
078000
03C000
03C000
01C000
01E000
00E000
00F000
007000
007800
003800
003C00
001C00
001E00
000E00
000F00
000F80
ENDCHAR
STARTCHAR periodcentered.loclCAT
ENCODING -1
SWIDTH 123 0
DWIDTH 4 0
BBX 5 5 -1 10
BITMAP
30
78
F8
F8
78
ENDCHAR
STARTCHAR periodcentered.loclCAT.case
ENCODING -1
SWIDTH 0 0
DWIDTH 0 0
BBX 5 5 -7 10
BITMAP
30
78
F8
F8
78
ENDCHAR
STARTCHAR hyphen.case
ENCODING -1
SWIDTH 413 0
DWIDTH 13 0
BBX 10 4 2 8
BITMAP
FFC0
FFC0
FFC0
FFC0
ENDCHAR
STARTCHAR endash.case
ENCODING -1
SWIDTH 539 0
DWIDTH 17 0
BBX 14 4 2 8
BITMAP
FFFC
FFFC
FFFC
FFFC
ENDCHAR
STARTCHAR emdash.case
ENCODING -1
SWIDTH 887 0
DWIDTH 29 0
BBX 25 4 2 8
BITMAP
FFFFFF80
FFFFFF80
FFFFFF80
FFFFFF80
ENDCHAR
STARTCHAR parenleft.case
ENCODING -1
SWIDTH 357 0
DWIDTH 11 0
BBX 10 28 1 -4
BITMAP
0180
03C0
0780
0F00
1E00
3E00
3C00
7800
7800
7800
7000
F000
F000
F000
F000
F000
F000
7800
7800
7800
3C00
3C00
1E00
1F00
0F80
07C0
03C0
0080
ENDCHAR
STARTCHAR parenright.case
ENCODING -1
SWIDTH 357 0
DWIDTH 11 0
BBX 10 28 1 -4
BITMAP
6000
F000
F800
3C00
1E00
1F00
0F00
0F80
0780
0780
0380
03C0
03C0
03C0
03C0
03C0
0380
0780
0780
0780
0F00
0F00
1E00
3E00
7C00
F800
F000
4000
ENDCHAR
STARTCHAR braceleft.case
ENCODING -1
SWIDTH 416 0
DWIDTH 13 0
BBX 12 28 1 -4
BITMAP
00E0
03E0
07F0
0780
0700
0700
0700
0700
0700
0700
0F00
0F00
FE00
FC00
FC00
FE00
0F00
0F00
0700
0700
0700
0700
0700
0700
0780
07F0
03E0
00E0
ENDCHAR
STARTCHAR braceright.case
ENCODING -1
SWIDTH 416 0
DWIDTH 13 0
BBX 11 28 1 -4
BITMAP
F000
F800
FC00
3C00
1E00
1E00
1E00
1E00
1E00
1E00
1E00
0E00
0FE0
07E0
07E0
0FE0
0E00
1E00
1E00
1E00
1E00
1E00
1E00
1E00
3C00
FC00
F800
F000
ENDCHAR
STARTCHAR bracketleft.case
ENCODING -1
SWIDTH 409 0
DWIDTH 13 0
BBX 8 28 3 -5
BITMAP
FF
FF
FF
E0
E0
E0
E0
E0
E0
E0
E0
E0
E0
E0
E0
E0
E0
E0
E0
E0
E0
E0
E0
E0
E0
FF
FF
FF
ENDCHAR
STARTCHAR bracketright.case
ENCODING -1
SWIDTH 409 0
DWIDTH 13 0
BBX 9 28 2 -5
BITMAP
FF80
FF80
FF80
0780
0780
0780
0780
0780
0780
0780
0780
0780
0780
0780
0780
0780
0780
0780
0780
0780
0780
0780
0780
0780
0780
FF80
FF80
FF80
ENDCHAR
STARTCHAR guillemotleft.case
ENCODING -1
SWIDTH 513 0
DWIDTH 16 0
BBX 15 14 0 3
BITMAP
060C
0F1E
1E3C
1C38
3C78
78F0
F1E0
78F0
3C78
3C78
1E3C
0F1E
060C
0408
ENDCHAR
STARTCHAR guillemotright.case
ENCODING -1
SWIDTH 517 0
DWIDTH 17 0
BBX 15 14 1 3
BITMAP
60C0
F1E0
78F0
3C78
3C78
1E3C
0F1E
1E3C
1E3C
3C78
78F0
F1E0
60C0
2040
ENDCHAR
STARTCHAR guilsinglleft.case
ENCODING -1
SWIDTH 288 0
DWIDTH 9 0
BBX 8 14 0 4
BITMAP
06
0F
1E
1C
3C
78
F0
78
3C
3C
1E
0F
06
04
ENDCHAR
STARTCHAR guilsinglright.case
ENCODING -1
SWIDTH 289 0
DWIDTH 9 0
BBX 8 14 1 4
BITMAP
60
F0
78
3C
3C
1E
0F
1E
1E
3C
78
F0
60
20
ENDCHAR
STARTCHAR at.case
ENCODING -1
SWIDTH 965 0
DWIDTH 31 0
BBX 29 28 1 -2
BITMAP
0003F000
003FFE00
00FFFF80
01F007C0
07C001E0
0F0000E0
1E000070
1C1FBC70
383FFC30
307FF838
70F87838
70F07838
61E07830
E1E07830
E1E07870
E1E0F070
E1E0F0E0
E1E1F0E0
E1FFFFC0
60FF7F80
707E3F00
70000000
38000000
3C000000
1E003000
0FC3F000
07FFE000
00FF8000
ENDCHAR
STARTCHAR uni03060301
ENCODING -1
SWIDTH 0 0
DWIDTH 0 0
BBX 10 11 3 19
BITMAP
0200
0780
0700
0E00
1C00
0400
4080
E1C0
FFC0
7F80
3F00
ENDCHAR
STARTCHAR uni03060300
ENCODING -1
SWIDTH 0 0
DWIDTH 0 0
BBX 10 11 3 19
BITMAP
1000
7800
3C00
1C00
0E00
0400
C0C0
E1C0
FFC0
7F80
3F00
ENDCHAR
STARTCHAR uni03060309
ENCODING -1
SWIDTH 0 0
DWIDTH 0 0
BBX 10 12 3 19
BITMAP
1E00
3F00
3F00
0700
0F00
0C00
0800
C0C0
E1C0
FFC0
7F80
3F00
ENDCHAR
STARTCHAR uni03060303
ENCODING -1
SWIDTH 0 0
DWIDTH 0 0
BBX 10 11 3 19
BITMAP
78C0
FFC0
FFC0
4380
0000
0000
C0C0
E1C0
FFC0
7F80
3F00
ENDCHAR
STARTCHAR uni03020301
ENCODING -1
SWIDTH 0 0
DWIDTH 0 0
BBX 14 11 1 19
BITMAP
0010
001C
003C
0038
0070
0020
1E00
3F00
7F80
E3C0
4080
ENDCHAR
STARTCHAR uni03020300
ENCODING -1
SWIDTH 0 0
DWIDTH 0 0
BBX 12 11 2 19
BITMAP
0040
01C0
03E0
00E0
0070
0020
1E00
3F80
7FC0
F1E0
4040
ENDCHAR
STARTCHAR uni03020309
ENCODING -1
SWIDTH 0 0
DWIDTH 0 0
BBX 14 11 1 19
BITMAP
00F8
01FC
009C
001C
0038
0070
1E00
3F00
7FC0
F1E0
4040
ENDCHAR
STARTCHAR uni03020303
ENCODING -1
SWIDTH 0 0
DWIDTH 0 0
BBX 10 11 3 19
BITMAP
78C0
FFC0
FFC0
C780
0000
0000
1E00
3F00
7F80
E1C0
4080
ENDCHAR
STARTCHAR uni03080301
ENCODING -1
SWIDTH 0 0
DWIDTH 0 0
BBX 12 11 2 20
BITMAP
0100
03C0
03C0
0780
0F00
0200
30C0
F9F0
F9F0
F9F0
70E0
ENDCHAR
STARTCHAR uni03080304
ENCODING -1
SWIDTH 0 0
DWIDTH 0 0
BBX 12 9 2 20
BITMAP
7FE0
7FE0
7FE0
0000
70E0
F9F0
F9F0
F9F0
30C0
ENDCHAR
STARTCHAR uni03070304
ENCODING -1
SWIDTH 0 0
DWIDTH 0 0
BBX 10 9 3 20
BITMAP
FFC0
FFC0
FFC0
0000
1E00
1E00
3F00
1E00
0C00
ENDCHAR
STARTCHAR uni03010307
ENCODING -1
SWIDTH 0 0
DWIDTH 0 0
BBX 12 6 2 20
BITMAP
0040
20E0
78F0
F9C0
FB80
7180
ENDCHAR
STARTCHAR uni030C.alt
ENCODING -1
SWIDTH 0 0
DWIDTH 0 0
BBX 6 7 5 15
BITMAP
78
78
7C
38
38
F0
40
ENDCHAR
STARTCHAR uni030C0307
ENCODING -1
SWIDTH 0 0
DWIDTH 0 0
BBX 10 10 3 19
BITMAP
1E00
3F00
1E00
1E00
0000
E1C0
F3C0
7F80
3F00
1E00
ENDCHAR
STARTCHAR uni03030308
ENCODING -1
SWIDTH 0 0
DWIDTH 0 0
BBX 12 10 2 20
BITMAP
70E0
F9F0
F9F0
79E0
0000
0000
3C60
7EE0
7FE0
63C0
ENDCHAR
STARTCHAR tildecomb_acutecomb
ENCODING -1
SWIDTH 0 0
DWIDTH 0 0
BBX 10 11 3 20
BITMAP
0200
0300
0780
0F00
0E00
0C00
0000
78C0
FDC0
FFC0
C780
ENDCHAR
STARTCHAR uni03030304
ENCODING -1
SWIDTH 0 0
DWIDTH 0 0
BBX 10 9 3 20
BITMAP
FFC0
FFC0
FFC0
0000
0000
78C0
FDC0
FFC0
C780
ENDCHAR
STARTCHAR uni03040308
ENCODING -1
SWIDTH 0 0
DWIDTH 0 0
BBX 12 10 2 20
BITMAP
70E0
F9F0
F9F0
F9F0
30C0
0000
0000
7FE0
7FE0
7FE0
ENDCHAR
STARTCHAR uni03040300
ENCODING -1
SWIDTH 0 0
DWIDTH 0 0
BBX 10 10 3 20
BITMAP
1800
3800
3C00
1E00
0E00
0400
0000
FFC0
FFC0
FFC0
ENDCHAR
STARTCHAR uni03040301
ENCODING -1
SWIDTH 0 0
DWIDTH 0 0
BBX 10 10 3 20
BITMAP
0200
0780
0700
0E00
1C00
0800
0000
FFC0
FFC0
FFC0
ENDCHAR
STARTCHAR uni0308.case
ENCODING -1
SWIDTH 0 0
DWIDTH 0 0
BBX 12 5 2 24
BITMAP
70E0
F9F0
F9F0
F9F0
70E0
ENDCHAR
STARTCHAR uni03080301.case
ENCODING -1
SWIDTH 0 0
DWIDTH 0 0
BBX 12 11 2 24
BITMAP
0180
03C0
0FC0
1F80
1C00
0000
70E0
F9F0
F9F0
F9F0
70E0
ENDCHAR
STARTCHAR uni03080304.case
ENCODING -1
SWIDTH 0 0
DWIDTH 0 0
BBX 12 9 2 24
BITMAP
7FE0
7FE0
7FE0
0000
70E0
F9F0
F9F0
F9F0
70E0
ENDCHAR
STARTCHAR uni0307.case
ENCODING -1
SWIDTH 0 0
DWIDTH 0 0
BBX 6 5 5 24
BITMAP
30
78
FC
78
30
ENDCHAR
STARTCHAR uni03070304.case
ENCODING -1
SWIDTH 0 0
DWIDTH 0 0
BBX 10 9 3 24
BITMAP
FFC0
FFC0
FFC0
0000
0C00
1E00
3F00
1E00
0C00
ENDCHAR
STARTCHAR gravecomb.case
ENCODING -1
SWIDTH 0 0
DWIDTH 0 0
BBX 8 6 4 24
BITMAP
40
70
7C
FE
1F
02
ENDCHAR
STARTCHAR acutecomb.case
ENCODING -1
SWIDTH 0 0
DWIDTH 0 0
BBX 8 6 4 24
BITMAP
02
0E
1E
7F
F8
40
ENDCHAR
STARTCHAR uni03010307.case
ENCODING -1
SWIDTH 0 0
DWIDTH 0 0
BBX 12 6 2 24
BITMAP
0040
30F0
F9E0
F9C0
FB80
7100
ENDCHAR
STARTCHAR uni030B.case
ENCODING -1
SWIDTH 0 0
DWIDTH 0 0
BBX 14 6 1 24
BITMAP
0810
1C38
3E7C
78F0
F1E0
4080
ENDCHAR
STARTCHAR uni0302.case
ENCODING -1
SWIDTH 0 0
DWIDTH 0 0
BBX 10 5 3 24
BITMAP
1E00
3F00
7F80
F3C0
4080
ENDCHAR
STARTCHAR uni03020300.case
ENCODING -1
SWIDTH 0 0
DWIDTH 0 0
BBX 12 10 2 24
BITMAP
0040
01C0
03E0
00E0
0070
0E20
3F00
7F80
F3C0
40C0
ENDCHAR
STARTCHAR uni03020301.case
ENCODING -1
SWIDTH 0 0
DWIDTH 0 0
BBX 14 10 1 24
BITMAP
0010
0018
003C
0078
0070
0C60
3F00
7F80
F3C0
4080
ENDCHAR
STARTCHAR uni03020303.case
ENCODING -1
SWIDTH 0 0
DWIDTH 0 0
BBX 10 10 3 24
BITMAP
78C0
FFC0
FFC0
C380
0000
0C00
3F00
7F80
F3C0
4080
ENDCHAR
STARTCHAR uni03020309.case
ENCODING -1
SWIDTH 0 0
DWIDTH 0 0
BBX 14 10 1 24
BITMAP
00F8
01FC
009C
001C
0078
0E70
1F00
7F80
F3E0
4040
ENDCHAR
STARTCHAR uni030C.case
ENCODING -1
SWIDTH 0 0
DWIDTH 0 0
BBX 10 5 3 24
BITMAP
4080
F3C0
7F80
3F00
1E00
ENDCHAR
STARTCHAR uni0306.case
ENCODING -1
SWIDTH 0 0
DWIDTH 0 0
BBX 10 5 3 24
BITMAP
E1C0
E1C0
7FC0
7F80
1E00
ENDCHAR
STARTCHAR uni03060300.case
ENCODING -1
SWIDTH 0 0
DWIDTH 0 0
BBX 10 11 3 24
BITMAP
1000
3000
7800
3C00
1C00
0E00
48C0
E1C0
FFC0
7F80
3E00
ENDCHAR
STARTCHAR uni03060301.case
ENCODING -1
SWIDTH 0 0
DWIDTH 0 0
BBX 10 11 3 24
BITMAP
0200
0300
0780
0700
0E00
0C00
44C0
E1C0
FFC0
7F80
3E00
ENDCHAR
STARTCHAR uni03060303.case
ENCODING -1
SWIDTH 0 0
DWIDTH 0 0
BBX 10 10 3 24
BITMAP
78C0
FFC0
FFC0
C380
0000
0000
E1C0
FFC0
7F80
3F00
ENDCHAR
STARTCHAR uni03060309.case
ENCODING -1
SWIDTH 0 0
DWIDTH 0 0
BBX 10 11 3 24
BITMAP
1C00
3F00
3F00
0700
0F00
0C00
48C0
E1C0
FFC0
7F80
3E00
ENDCHAR
STARTCHAR uni030A.case
ENCODING -1
SWIDTH 0 0
DWIDTH 0 0
BBX 8 7 4 22
BITMAP
3C
7E
E7
E7
E7
7E
3C
ENDCHAR
STARTCHAR tildecomb.case
ENCODING -1
SWIDTH 0 0
DWIDTH 0 0
BBX 12 4 2 25
BITMAP
0870
7E70
7FE0
E7E0
ENDCHAR
STARTCHAR uni03030308.case
ENCODING -1
SWIDTH 0 0
DWIDTH 0 0
BBX 12 9 2 25
BITMAP
70E0
F9F0
F9F0
F9F0
70E0
0870
7E70
7FE0
E7E0
ENDCHAR
STARTCHAR tildecomb_acutecomb.case
ENCODING -1
SWIDTH 0 0
DWIDTH 0 0
BBX 12 10 2 25
BITMAP
0080
0380
0780
1FC0
3E00
1000
0870
7E70
7FE0
E7E0
ENDCHAR
STARTCHAR uni03030304.case
ENCODING -1
SWIDTH 0 0
DWIDTH 0 0
BBX 12 8 2 25
BITMAP
7FE0
7FE0
7FE0
0000
0870
7E70
7FE0
E7E0
ENDCHAR
STARTCHAR uni0304.case
ENCODING -1
SWIDTH 0 0
DWIDTH 0 0
BBX 10 3 3 25
BITMAP
FFC0
FFC0
FFC0
ENDCHAR
STARTCHAR uni03040308.case
ENCODING -1
SWIDTH 0 0
DWIDTH 0 0
BBX 12 9 2 25
BITMAP
70E0
F9F0
F9F0
F9F0
70E0
0000
7FE0
7FE0
7FE0
ENDCHAR
STARTCHAR uni03040300.case
ENCODING -1
SWIDTH 0 0
DWIDTH 0 0
BBX 10 10 3 25
BITMAP
2000
3800
3E00
7F00
0F80
0100
0000
FFC0
FFC0
FFC0
ENDCHAR
STARTCHAR uni03040301.case
ENCODING -1
SWIDTH 0 0
DWIDTH 0 0
BBX 10 10 3 25
BITMAP
0100
0700
0F00
3F80
7C00
2000
0000
FFC0
FFC0
FFC0
ENDCHAR
STARTCHAR hookabovecomb.case
ENCODING -1
SWIDTH 0 0
DWIDTH 0 0
BBX 6 7 5 24
BITMAP
78
FC
FC
1C
3C
30
30
ENDCHAR
STARTCHAR uni030F.case
ENCODING -1
SWIDTH 0 0
DWIDTH 0 0
BBX 14 6 1 24
BITMAP
2040
70E0
F9F0
3CF8
1E3C
0418
ENDCHAR
STARTCHAR uni0311.case
ENCODING -1
SWIDTH 0 0
DWIDTH 0 0
BBX 10 5 3 24
BITMAP
1E00
7F80
FFC0
E1C0
E1C0
ENDCHAR
STARTCHAR uni031B.case
ENCODING -1
SWIDTH 0 0
DWIDTH 0 0
BBX 6 7 5 13
BITMAP
1C
1C
3C
78
F8
F0
80
ENDCHAR
STARTCHAR uni0326.case
ENCODING -1
SWIDTH 0 0
DWIDTH 0 0
BBX 6 7 5 -8
BITMAP
30
78
7C
3C
38
F8
60
ENDCHAR
STARTCHAR uni0327.case
ENCODING -1
SWIDTH 0 0
DWIDTH 0 0
BBX 6 9 5 -8
BITMAP
30
70
60
F8
3C
1C
3C
F8
E0
ENDCHAR
STARTCHAR uni0328.case
ENCODING -1
SWIDTH 0 0
DWIDTH 0 0
BBX 8 9 4 -7
BITMAP
04
1E
38
70
F0
F4
7F
7E
10
ENDCHAR
ENDFONT
