STARTFONT 2.1
FONT -FontForge-Lexend-Book-R-Normal--36-350-75-75-P-191-ISO10646-1
SIZE 35 75 75
FONTBOUNDINGBOX 57 48 -7 -9
COMMENT "Generated by fontforge, http://fontforge.sourceforge.net"
COMMENT "Copyright 2019 The Lexend Project Authors (https://github.com/googlefonts/lexend)"
STARTPROPERTIES 39
FOUNDRY "FontForge"
FAMILY_NAME "Lexend"
WEIGHT_NAME "Book"
SLANT "R"
SETWIDTH_NAME "Normal"
ADD_STYLE_NAME ""
PIXEL_SIZE 36
POINT_SIZE 350
RESOLUTION_X 75
RESOLUTION_Y 75
SPACING "P"
AVERAGE_WIDTH 191
CHARSET_REGISTRY "ISO10646"
CHARSET_ENCODING "1"
FONTNAME_REGISTRY ""
CHARSET_COLLECTIONS "ISO8859-2 ISO8859-9 ISO8859-4 ISO10646-1"
FONT_NAME "Lexend-Regular"
FACE_NAME "Lexend Regular"
COPYRIGHT "Copyright 2019 The Lexend Project Authors (https://github.com/googlefonts/lexend)"
FONT_VERSION "1.007"
FONT_ASCENT 29
FONT_DESCENT 7
UNDERLINE_POSITION -4
UNDERLINE_THICKNESS 2
X_HEIGHT 18
CAP_HEIGHT 24
RAW_ASCENT 800
RAW_DESCENT 200
NORM_SPACE 10
RELATIVE_WEIGHT 40
RELATIVE_SETWIDTH 50
SUPERSCRIPT_X 0
SUPERSCRIPT_Y 12
SUPERSCRIPT_SIZE 21
SUBSCRIPT_X 0
SUBSCRIPT_Y 2
SUBSCRIPT_SIZE 21
AVG_LOWERCASE_WIDTH 200
AVG_UPPERCASE_WIDTH 256
ENDPROPERTIES
CHARS 845
STARTCHAR CR
ENCODING 13
SWIDTH 277 0
DWIDTH 10 0
BBX 1 1 0 0
BITMAP
00
ENDCHAR
STARTCHAR space
ENCODING 32
SWIDTH 280 0
DWIDTH 10 0
BBX 1 1 0 0
BITMAP
00
ENDCHAR
STARTCHAR exclam
ENCODING 33
SWIDTH 236 0
DWIDTH 9 0
BBX 5 25 2 0
BITMAP
F0
F0
F0
F0
F0
F0
F0
F0
F0
F0
70
70
70
70
60
60
00
00
00
00
70
F0
F8
F0
F0
ENDCHAR
STARTCHAR quotedbl
ENCODING 34
SWIDTH 412 0
DWIDTH 15 0
BBX 13 9 1 16
BITMAP
7878
7870
78F0
70F0
70E0
70E0
60E0
E0C0
E0C0
ENDCHAR
STARTCHAR numbersign
ENCODING 35
SWIDTH 678 0
DWIDTH 24 0
BBX 22 25 1 0
BITMAP
01C0F0
01C0E0
03C0E0
03C0E0
0380E0
0380E0
7FFFFC
7FFFFC
7FFFFC
0781C0
0701C0
0701C0
0703C0
070380
0F0380
0F0380
FFFFF8
FFFFF8
FFFFF8
0E0700
1E0700
1C0700
1C0700
1C0F00
1C0F00
ENDCHAR
STARTCHAR dollar
ENCODING 36
SWIDTH 624 0
DWIDTH 22 0
BBX 18 31 2 -3
BITMAP
007000
007000
007000
07FE00
1FFF00
3FFF80
3E7FC0
7C73C0
787180
787100
787000
7C7000
3E7000
3FF000
1FFC00
0FFE00
03FF80
01FFC0
01E7C0
01E3C0
21E3C0
61E1C0
71E3C0
F9E3C0
7FEF80
3FFF80
1FFF00
07FC00
01E000
01E000
01E000
ENDCHAR
STARTCHAR percent
ENCODING 37
SWIDTH 839 0
DWIDTH 30 0
BBX 27 26 1 0
BITMAP
06000000
1F800F00
3FC01E00
79E01C00
70E03C00
70E07800
E0E07000
E0E0F000
F0E1E000
70E1C000
70E3C000
7FC78000
3FC70000
1F0F1F80
001E3FC0
001C79C0
003C70E0
007870E0
0070E0E0
00F0E0E0
01E0E0E0
01C070E0
03C070E0
078079C0
07003FC0
0F001F80
ENDCHAR
STARTCHAR ampersand
ENCODING 38
SWIDTH 739 0
DWIDTH 27 0
BBX 24 26 2 0
BITMAP
003800
01FE00
03FF80
07FFC0
0F83C0
0F01C0
0F0100
0F0000
0F8000
078000
07C000
1FC000
3FE000
7FF000
78F838
F07C38
F03E78
F01F70
F00FF0
F007F0
F003E0
7803E0
7E0FF0
3FFFF8
1FFE7C
07FC3F
ENDCHAR
STARTCHAR quotesingle
ENCODING 39
SWIDTH 205 0
DWIDTH 7 0
BBX 5 9 1 16
BITMAP
78
78
78
70
70
70
60
E0
E0
ENDCHAR
STARTCHAR parenleft
ENCODING 40
SWIDTH 366 0
DWIDTH 13 0
BBX 11 32 1 -7
BITMAP
00C0
01E0
03E0
0780
0F00
1F00
1E00
3C00
3C00
7800
7800
7800
7000
7000
F000
F000
F000
F000
7000
7000
7800
7800
3800
3C00
1E00
1E00
0F00
0780
07C0
03E0
00E0
0040
ENDCHAR
STARTCHAR parenright
ENCODING 41
SWIDTH 366 0
DWIDTH 13 0
BBX 11 32 1 -7
BITMAP
6000
F000
F800
3C00
1E00
0F00
0F00
0780
0380
03C0
03C0
01C0
01C0
01E0
01E0
01E0
01E0
01E0
01E0
01C0
01C0
03C0
0380
0780
0780
0F00
1E00
3E00
7C00
F800
6000
4000
ENDCHAR
STARTCHAR asterisk
ENCODING 42
SWIDTH 387 0
DWIDTH 14 0
BBX 12 11 1 14
BITMAP
0600
4600
6660
F6F0
3FE0
0F80
3FC0
FFF0
6660
4620
0600
ENDCHAR
STARTCHAR plus
ENCODING 43
SWIDTH 591 0
DWIDTH 21 0
BBX 18 17 2 2
BITMAP
01C000
01C000
01C000
01C000
01C000
01C000
01C000
FFFFC0
FFFFC0
FFFFC0
FFFFC0
01C000
01C000
01C000
01C000
01C000
01C000
ENDCHAR
STARTCHAR comma
ENCODING 44
SWIDTH 267 0
DWIDTH 10 0
BBX 6 10 2 -6
BITMAP
78
78
7C
7C
3C
1C
38
78
F0
E0
ENDCHAR
STARTCHAR hyphen
ENCODING 45
SWIDTH 394 0
DWIDTH 14 0
BBX 10 4 2 8
BITMAP
FFC0
FFC0
FFC0
FFC0
ENDCHAR
STARTCHAR period
ENCODING 46
SWIDTH 228 0
DWIDTH 8 0
BBX 5 5 2 0
BITMAP
70
F0
F8
F0
F0
ENDCHAR
STARTCHAR slash
ENCODING 47
SWIDTH 557 0
DWIDTH 20 0
BBX 18 30 1 -5
BITMAP
0003C0
000380
000780
000700
000F00
000E00
001E00
001C00
003C00
003800
007800
007000
00F000
00E000
01E000
01C000
03C000
038000
078000
070000
0F0000
0E0000
1E0000
1C0000
3C0000
380000
780000
700000
F00000
E00000
ENDCHAR
STARTCHAR zero
ENCODING 48
SWIDTH 607 0
DWIDTH 22 0
BBX 18 26 2 0
BITMAP
00C000
07F800
1FFC00
3FFE00
3E1F00
780F80
780780
F00780
F003C0
F003C0
F003C0
E003C0
E003C0
E003C0
E003C0
E003C0
F003C0
F003C0
F003C0
F00780
780780
7C0F80
3E1F00
1FFE00
0FFC00
07F800
ENDCHAR
STARTCHAR one
ENCODING 49
SWIDTH 500 0
DWIDTH 18 0
BBX 13 26 3 0
BITMAP
0180
0780
1F80
7F80
FF80
7F80
6780
0780
0780
0780
0780
0780
0780
0780
0780
0780
0780
0780
0780
0780
0780
0780
7FF8
7FF8
7FF8
7FF8
ENDCHAR
STARTCHAR two
ENCODING 50
SWIDTH 548 0
DWIDTH 20 0
BBX 17 26 2 0
BITMAP
01C000
0FF800
1FFC00
3FFE00
7C3E00
F81F00
F00F00
E00F00
200F00
001E00
001E00
003E00
007C00
007C00
00F800
01F000
03E000
07C000
0F8000
1F0000
3F0000
3E0000
7FFF80
FFFF80
7FFF80
7FFF80
ENDCHAR
STARTCHAR three
ENCODING 51
SWIDTH 529 0
DWIDTH 19 0
BBX 17 25 1 0
BITMAP
7FFF00
7FFF00
7FFE00
003C00
007800
00F000
01F000
03E000
07C000
07F000
0FFC00
1FFE00
0FFF00
080F00
000F00
000780
000780
000780
200780
700F00
F80F00
7C3E00
7FFE00
3FFC00
0FF000
ENDCHAR
STARTCHAR four
ENCODING 52
SWIDTH 620 0
DWIDTH 22 0
BBX 20 25 1 0
BITMAP
000E00
001E00
003E00
007E00
007E00
00FE00
01EE00
03CE00
07CE00
0F8E00
0F0E00
1E0E00
3C0E00
7C0E00
F80E00
FFFFF0
7FFFF0
7FFFF0
000E00
000E00
000E00
000E00
000E00
000E00
000E00
ENDCHAR
STARTCHAR five
ENCODING 53
SWIDTH 568 0
DWIDTH 20 0
BBX 17 25 1 0
BITMAP
1FFF80
1FFF80
1FFF80
3C0000
3C0000
3C0000
3C0000
380000
39F000
3FFC00
7FFE00
3FFF00
181F00
000F80
000780
000780
000780
000780
200780
300780
F80F00
7E3F00
3FFE00
1FFC00
0FF000
ENDCHAR
STARTCHAR six
ENCODING 54
SWIDTH 557 0
DWIDTH 20 0
BBX 18 26 1 0
BITMAP
00F000
01E000
01E000
03C000
03C000
078000
0F8000
0F0000
1E6000
1FFC00
3FFE00
3FFF00
7E1F80
7C0780
7807C0
7003C0
F003C0
F003C0
F003C0
780380
780780
7C0F80
3FFF00
1FFE00
0FFC00
03F000
ENDCHAR
STARTCHAR seven
ENCODING 55
SWIDTH 542 0
DWIDTH 20 0
BBX 16 25 2 0
BITMAP
FFFF
FFFF
FFFF
000F
001E
001E
001C
003C
003C
0078
0078
00F0
00F0
01E0
01E0
03C0
03C0
07C0
0780
0780
0F00
0F00
1E00
1E00
3C00
ENDCHAR
STARTCHAR eight
ENCODING 56
SWIDTH 579 0
DWIDTH 21 0
BBX 17 25 2 0
BITMAP
07F000
1FFC00
3FFE00
7F7E00
781F00
780F00
700F00
700F00
780F00
7C1E00
3FFE00
0FF800
1FFC00
7FFE00
781F00
F00F00
F00780
F00780
F00780
F00780
F80F00
7F7F00
3FFE00
1FFC00
07F000
ENDCHAR
STARTCHAR nine
ENCODING 57
SWIDTH 551 0
DWIDTH 20 0
BBX 18 26 1 0
BITMAP
01C000
0FF800
1FFE00
3FFF00
7E1F00
780F80
F80780
F00780
F007C0
F007C0
F00780
F80780
7C0F80
7E3F80
3FFF00
1FFF00
0FFE00
001E00
003E00
003C00
007C00
007800
007800
00F000
00F000
01E000
ENDCHAR
STARTCHAR colon
ENCODING 58
SWIDTH 228 0
DWIDTH 8 0
BBX 5 19 2 0
BITMAP
70
F0
F8
F0
F0
00
00
00
00
00
00
00
00
00
70
F0
F8
F0
F0
ENDCHAR
STARTCHAR semicolon
ENCODING 59
SWIDTH 262 0
DWIDTH 9 0
BBX 6 25 2 -6
BITMAP
38
78
7C
78
78
00
00
00
00
00
00
00
00
00
00
78
78
7C
7C
3C
1C
38
78
F0
E0
ENDCHAR
STARTCHAR less
ENCODING 60
SWIDTH 524 0
DWIDTH 19 0
BBX 15 18 2 0
BITMAP
0008
003C
00FE
01F8
07E0
1FC0
7F00
FC00
F000
F800
FC00
3F00
1FC0
07F0
01F8
007E
003C
0008
ENDCHAR
STARTCHAR equal
ENCODING 61
SWIDTH 566 0
DWIDTH 20 0
BBX 17 10 2 5
BITMAP
FFFF80
FFFF80
FFFF80
000000
000000
000000
000000
FFFF80
FFFF80
FFFF80
ENDCHAR
STARTCHAR greater
ENCODING 62
SWIDTH 524 0
DWIDTH 19 0
BBX 15 18 2 0
BITMAP
2000
7800
FC00
3F00
1FC0
07F0
01F8
007E
003E
003E
00FE
01F8
07E0
1FC0
7F00
FC00
7000
2000
ENDCHAR
STARTCHAR question
ENCODING 63
SWIDTH 511 0
DWIDTH 18 0
BBX 16 26 1 0
BITMAP
0180
0FF0
3FFC
7FFE
FC3E
F01F
600F
200F
000F
001F
001E
003E
00FC
07F0
07E0
0780
0380
0380
0000
0000
0000
0380
0780
07C0
07C0
0780
ENDCHAR
STARTCHAR at
ENCODING 64
SWIDTH 965 0
DWIDTH 35 0
BBX 32 32 1 -6
BITMAP
00003800
0007FFC0
003FFFE0
00FF03F8
01F0007C
03C0001E
0780000E
0F00000F
1E07E707
1C0FF707
381FFF07
383E1F07
707C0F07
70780F07
70700E07
70F00E07
70F01E07
E0F01E0E
E0F03E0E
F0F07E1C
7078FE38
707FDFF8
703F9FE0
701F07C0
38000000
3C000000
1E000000
1F000C00
0FC03E00
03FFFC00
01FFF000
003F8000
ENDCHAR
STARTCHAR A
ENCODING 65
SWIDTH 700 0
DWIDTH 25 0
BBX 23 25 1 0
BITMAP
007C00
007C00
007E00
00FE00
00EE00
01EF00
01EF00
01C780
03C780
03C780
0383C0
0783C0
0783C0
0F01E0
0F01E0
0FFFF0
1FFFF0
1FFFF0
3FFFF8
3C0078
3C007C
78003C
78003C
F0001E
F0001E
ENDCHAR
STARTCHAR B
ENCODING 66
SWIDTH 681 0
DWIDTH 25 0
BBX 19 25 4 0
BITMAP
FFFC00
FFFF00
FFFF80
FFFF80
E00780
E00780
E00380
E00380
E00780
E00F00
FFFE00
FFFE00
FFFF80
FFFFC0
E007C0
E003C0
E001E0
E001E0
E001E0
E003E0
E007C0
FFFFC0
FFFF80
FFFF00
FFFC00
ENDCHAR
STARTCHAR C
ENCODING 67
SWIDTH 679 0
DWIDTH 24 0
BBX 21 25 2 0
BITMAP
01FF80
07FFE0
0FFFF0
1FF7F8
3F00F8
3E0070
7C0020
780000
F00000
F00000
F00000
F00000
F00000
F00000
F00000
F00000
F00000
780000
7C0000
7E0020
3F00F0
1FFFF8
0FFFF0
07FFE0
01FF80
ENDCHAR
STARTCHAR D
ENCODING 68
SWIDTH 748 0
DWIDTH 27 0
BBX 21 25 4 0
BITMAP
FFFC00
FFFF00
FFFF80
FFFFC0
E007E0
E001F0
E000F0
E000F0
E00078
E00078
E00078
E00078
E00078
E00078
E00078
E00078
E00078
E000F0
E001F0
E003F0
E007E0
FFFFC0
FFFF80
FFFE00
FFF800
ENDCHAR
STARTCHAR E
ENCODING 69
SWIDTH 614 0
DWIDTH 22 0
BBX 15 25 4 0
BITMAP
FFFE
FFFE
FFFE
FFFE
E000
E000
E000
E000
E000
E000
FFF8
FFF8
FFF8
FFF8
E000
E000
E000
E000
E000
E000
E000
FFFE
FFFE
FFFE
FFFE
ENDCHAR
STARTCHAR F
ENCODING 70
SWIDTH 602 0
DWIDTH 22 0
BBX 16 25 4 0
BITMAP
FFFF
FFFF
FFFF
FFFF
E000
E000
E000
E000
E000
E000
E000
FFFC
FFFC
FFFC
E000
E000
E000
E000
E000
E000
E000
E000
E000
E000
E000
ENDCHAR
STARTCHAR G
ENCODING 71
SWIDTH 766 0
DWIDTH 28 0
BBX 24 25 2 0
BITMAP
00FFC0
03FFF0
0FFFF8
1FE3FC
3F007C
3E0038
7C0010
780000
F80000
F00000
F00000
F00000
F007FF
F007FF
F007FF
F007FF
F8000F
78000F
7C001E
3E003E
3F807C
1FF3FC
0FFFF0
03FFE0
00FF80
ENDCHAR
STARTCHAR H
ENCODING 72
SWIDTH 761 0
DWIDTH 27 0
BBX 20 25 4 0
BITMAP
E000F0
E000F0
E000F0
E000F0
E000F0
E000F0
E000F0
E000F0
E000F0
E000F0
E000F0
FFFFF0
FFFFF0
FFFFF0
E000F0
E000F0
E000F0
E000F0
E000F0
E000F0
E000F0
E000F0
E000F0
E000F0
E000F0
ENDCHAR
STARTCHAR I
ENCODING 73
SWIDTH 478 0
DWIDTH 17 0
BBX 12 25 3 0
BITMAP
FFF0
FFF0
FFF0
0F00
0F00
0F00
0F00
0F00
0F00
0F00
0F00
0F00
0F00
0F00
0F00
0F00
0F00
0F00
0F00
0F00
0F00
FFF0
FFF0
FFF0
FFF0
ENDCHAR
STARTCHAR J
ENCODING 74
SWIDTH 642 0
DWIDTH 23 0
BBX 19 25 2 0
BITMAP
01FFE0
01FFE0
01FFE0
000E00
000E00
000E00
000E00
000E00
000E00
000E00
000E00
000E00
000E00
000E00
000E00
000E00
000E00
001E00
201E00
601E00
F03E00
FCFC00
7FFC00
3FF800
1FE000
ENDCHAR
STARTCHAR K
ENCODING 75
SWIDTH 732 0
DWIDTH 26 0
BBX 21 25 4 0
BITMAP
E001F8
E003E0
E007C0
E00F80
E01F00
E03E00
E07C00
E0F800
E1F000
E3E000
E7C000
EFE000
FFF000
FEF000
FCF800
F87C00
F03E00
E01E00
E01F00
E00F80
E007C0
E003C0
E003E0
E001F0
E000F8
ENDCHAR
STARTCHAR L
ENCODING 76
SWIDTH 599 0
DWIDTH 22 0
BBX 15 25 4 0
BITMAP
E000
E000
E000
E000
E000
E000
E000
E000
E000
E000
E000
E000
E000
E000
E000
E000
E000
E000
E000
E000
E000
FFFE
FFFE
FFFE
FFFE
ENDCHAR
STARTCHAR M
ENCODING 77
SWIDTH 864 0
DWIDTH 31 0
BBX 24 25 4 0
BITMAP
F0000F
F0001F
F8003F
FC003F
FC007F
FE00FF
FE00FF
EF01EF
EF81EF
E783CF
E3C78F
E3E78F
E1EF0F
E0FE0F
E0FE0F
E07C0F
E07C0F
E0380F
E0000F
E0000F
E0000F
E0000F
E0000F
E0000F
E0000F
ENDCHAR
STARTCHAR N
ENCODING 78
SWIDTH 793 0
DWIDTH 29 0
BBX 21 25 4 0
BITMAP
F00078
F00078
F80078
FC0078
FE0078
FE0078
FF0078
EF8078
E7C078
E3C078
E3E078
E1F078
E0F878
E07878
E07C78
E03E78
E01F78
E00F78
E00FB8
E007F8
E003F8
E001F8
E000F8
E000F8
E00078
ENDCHAR
STARTCHAR O
ENCODING 79
SWIDTH 782 0
DWIDTH 28 0
BBX 24 26 2 0
BITMAP
001C00
01FF80
07FFE0
0FFFF0
1FC3F8
3F00FC
7C003E
78001E
78001F
F0000F
F0000F
F0000F
F0000F
F0000F
F0000F
F0000F
F0000F
F0000F
78001F
7C003E
3E003E
3F00FC
1FE7F8
0FFFF0
07FFE0
01FF80
ENDCHAR
STARTCHAR P
ENCODING 80
SWIDTH 634 0
DWIDTH 23 0
BBX 17 25 4 0
BITMAP
FFF800
FFFC00
FFFE00
FFFF00
E00F80
E00780
E00780
E00780
E00780
E00780
E00F80
E03F00
FFFE00
FFFE00
FFF800
E00000
E00000
E00000
E00000
E00000
E00000
E00000
E00000
E00000
E00000
ENDCHAR
STARTCHAR Q
ENCODING 81
SWIDTH 782 0
DWIDTH 28 0
BBX 24 30 2 -4
BITMAP
001C00
01FF80
07FFE0
0FFFF0
1FC3F8
3F00FC
7C003E
78001E
78001F
F0000F
F0000F
F0000F
F0000F
F0000F
F0000F
F0040F
F00E0F
F01E0F
781F1F
7C0FBE
3E07FE
3F03FC
1FE7F8
0FFFF0
07FFF8
01FFF8
00007C
00003E
00001C
000008
ENDCHAR
STARTCHAR R
ENCODING 82
SWIDTH 695 0
DWIDTH 25 0
BBX 19 25 4 0
BITMAP
FFFC00
FFFE00
FFFF00
FFFF80
E007C0
E003C0
E003C0
E003C0
E003C0
E003C0
E007C0
E00F80
FFFF80
FFFF00
FFFC00
FFFC00
E03C00
E03E00
E01E00
E01F00
E00F80
E00780
E007C0
E003C0
E003E0
ENDCHAR
STARTCHAR S
ENCODING 83
SWIDTH 624 0
DWIDTH 22 0
BBX 18 26 2 0
BITMAP
006000
07FE00
1FFF00
3FFF80
3E0FC0
7C03C0
780180
780100
780000
7C0000
3E0000
3FC000
1FFC00
0FFE00
03FF80
003FC0
0007C0
0003C0
2003C0
6001C0
7003C0
F803C0
7E0F80
3FFF80
1FFF00
07FC00
ENDCHAR
STARTCHAR T
ENCODING 84
SWIDTH 576 0
DWIDTH 21 0
BBX 18 25 1 0
BITMAP
FFFFC0
FFFFC0
FFFFC0
FFFFC0
01E000
01E000
01E000
01E000
01E000
01E000
01E000
01E000
01E000
01E000
01E000
01E000
01E000
01E000
01E000
01E000
01E000
01E000
01E000
01E000
01E000
ENDCHAR
STARTCHAR U
ENCODING 85
SWIDTH 740 0
DWIDTH 27 0
BBX 20 25 3 0
BITMAP
F00070
F00070
F00070
F00070
F00070
F00070
F00070
F00070
F00070
F00070
F00070
F00070
F00070
F00070
F00070
F00070
F00070
F800F0
7800F0
7C01F0
3E03E0
3FFFC0
1FFF80
0FFF00
03FC00
ENDCHAR
STARTCHAR V
ENCODING 86
SWIDTH 715 0
DWIDTH 26 0
BBX 24 25 1 0
BITMAP
F8001F
78001E
78003E
7C003C
3C003C
3E007C
1E0078
1E0078
1F00F0
0F00F0
0F81F0
0781E0
0781E0
07C3C0
03C3C0
03C3C0
01E780
01E780
01F700
00FF00
00FF00
007E00
007E00
007C00
003C00
ENDCHAR
STARTCHAR W
ENCODING 87
SWIDTH 996 0
DWIDTH 36 0
BBX 34 25 1 0
BITMAP
F0000003C0
F800000780
7800000780
7800000780
7801E00F80
3C01E00F00
3C03F00F00
3C03F01F00
1E07F01E00
1E07F81E00
1E07781E00
0F0F3C3C00
0F0F3C3C00
0F1E3C3C00
079E1E7800
079C1E7800
07BC0F7800
07BC0FF000
03F807F000
03F807F000
03F007E000
01F003E000
01F003E000
01E001C000
00E001C000
ENDCHAR
STARTCHAR X
ENCODING 88
SWIDTH 685 0
DWIDTH 25 0
BBX 23 25 1 0
BITMAP
F8007C
7C0078
3E00F8
1F01F0
1F01E0
0F83E0
07C7C0
03C780
03EF00
01FF00
00FE00
00FC00
007C00
00FC00
01FE00
03FF00
03CF80
07C780
0F87C0
0F03E0
1F01F0
3E01F0
3C00F8
78007C
F8003E
ENDCHAR
STARTCHAR Y
ENCODING 89
SWIDTH 660 0
DWIDTH 24 0
BBX 23 25 0 0
BITMAP
FC003E
3C003C
3E007C
1F0078
0F00F0
0F81F0
07C1E0
03C3C0
01E7C0
01F780
00FF00
007F00
007E00
003C00
003C00
003C00
003C00
003C00
003C00
003C00
003C00
003C00
003C00
003C00
003C00
ENDCHAR
STARTCHAR Z
ENCODING 90
SWIDTH 659 0
DWIDTH 24 0
BBX 20 25 2 0
BITMAP
7FFFE0
7FFFE0
7FFFE0
7FFFE0
0007C0
000780
000F00
001F00
003E00
003C00
007C00
00F800
01F000
01E000
03E000
07C000
0F8000
0F0000
1F0000
3E0000
7C0000
7FFFF0
FFFFF0
FFFFF0
FFFFF0
ENDCHAR
STARTCHAR bracketleft
ENCODING 91
SWIDTH 403 0
DWIDTH 15 0
BBX 9 32 3 -7
BITMAP
FF80
FF80
FF80
E000
E000
E000
E000
E000
E000
E000
E000
E000
E000
E000
E000
E000
E000
E000
E000
E000
E000
E000
E000
E000
E000
E000
E000
E000
E000
FF80
FF80
FF80
ENDCHAR
STARTCHAR backslash
ENCODING 92
SWIDTH 557 0
DWIDTH 20 0
BBX 18 29 2 -4
BITMAP
F00000
700000
780000
380000
3C0000
1C0000
1E0000
0E0000
0F0000
070000
078000
078000
03C000
03C000
01E000
01E000
00F000
00F000
007800
007800
003C00
003C00
001E00
001E00
000F00
000F00
000780
000780
0003C0
ENDCHAR
STARTCHAR bracketright
ENCODING 93
SWIDTH 403 0
DWIDTH 15 0
BBX 10 32 2 -7
BITMAP
FFC0
FFC0
FFC0
03C0
03C0
03C0
03C0
03C0
03C0
03C0
03C0
03C0
03C0
03C0
03C0
03C0
03C0
03C0
03C0
03C0
03C0
03C0
03C0
03C0
03C0
03C0
03C0
03C0
03C0
FFC0
FFC0
FFC0
ENDCHAR
STARTCHAR asciicircum
ENCODING 94
SWIDTH 579 0
DWIDTH 21 0
BBX 19 13 1 13
BITMAP
01F000
01F000
03F800
07F800
07BC00
0F3E00
0F1E00
1E0F00
1E0F00
3C0780
7807C0
7803C0
F001E0
ENDCHAR
STARTCHAR underscore
ENCODING 95
SWIDTH 690 0
DWIDTH 25 0
BBX 21 3 2 -6
BITMAP
FFFFF8
FFFFF8
FFFFF8
ENDCHAR
STARTCHAR grave
ENCODING 96
SWIDTH 500 0
DWIDTH 18 0
BBX 8 6 5 22
BITMAP
20
78
FC
3E
1F
06
ENDCHAR
STARTCHAR a
ENCODING 97
SWIDTH 633 0
DWIDTH 23 0
BBX 19 19 1 0
BITMAP
03F9E0
0FFDE0
1FFFE0
3F0FE0
7C03E0
7803E0
7801E0
7001E0
F000E0
F000E0
F000E0
7001E0
7801E0
7803E0
7C03E0
3F0FE0
1FFFE0
0FFDE0
07F1E0
ENDCHAR
STARTCHAR b
ENCODING 98
SWIDTH 630 0
DWIDTH 23 0
BBX 18 27 3 0
BITMAP
E00000
E00000
E00000
E00000
E00000
E00000
E00000
E00000
E3F800
EFFE00
EFFF00
FE1F80
F80780
F007C0
F003C0
E003C0
E001C0
E001C0
E001C0
E003C0
F003C0
F007C0
F80780
FE1F80
FFFF00
EFFE00
E3F800
ENDCHAR
STARTCHAR c
ENCODING 99
SWIDTH 535 0
DWIDTH 19 0
BBX 17 19 1 0
BITMAP
03FC00
0FFE00
1FFF80
3F0F80
3C0380
780100
780000
700000
F00000
F00000
F00000
700000
780000
780100
3C0300
3F0F80
1FFF80
0FFF00
03FC00
ENDCHAR
STARTCHAR d
ENCODING 100
SWIDTH 634 0
DWIDTH 23 0
BBX 19 27 1 0
BITMAP
0000E0
0000E0
0000E0
0000E0
0000E0
0000E0
0000E0
0000E0
03F8E0
0FFEE0
1FFFE0
3F0FE0
3C03E0
7801E0
7801E0
7001E0
F000E0
F000E0
F000E0
7000E0
7801E0
7801E0
3C03E0
3E07E0
1FFFE0
0FFEE0
03F8E0
ENDCHAR
STARTCHAR e
ENCODING 101
SWIDTH 586 0
DWIDTH 21 0
BBX 19 19 1 0
BITMAP
03FC00
0FFE00
1FFF00
3F0F80
3C03C0
7803C0
7801C0
7FFFE0
FFFFE0
FFFFE0
F00000
700000
780000
780000
3C0100
3F0780
1FFFC0
0FFF80
03FE00
ENDCHAR
STARTCHAR f
ENCODING 102
SWIDTH 393 0
DWIDTH 14 0
BBX 12 27 2 0
BITMAP
0180
07F0
0FF0
1FE0
1E20
1C00
1C00
1C00
FFE0
FFE0
FFE0
FFE0
1C00
1C00
1C00
1C00
1C00
1C00
1C00
1C00
1C00
1C00
1C00
1C00
1C00
1C00
1C00
ENDCHAR
STARTCHAR g
ENCODING 103
SWIDTH 649 0
DWIDTH 23 0
BBX 20 27 1 -8
BITMAP
03F8F0
0FFEF0
1FFFF0
3F0FF0
3C03F0
7801F0
7800F0
7000F0
F000F0
F000F0
F000F0
7000F0
7800F0
7801F0
3C03F0
3F07F0
1FFFF0
0FFEF0
03F8F0
0000F0
0000E0
0001E0
0801E0
0E07C0
1FFF80
1FFF00
03FC00
ENDCHAR
STARTCHAR h
ENCODING 104
SWIDTH 595 0
DWIDTH 21 0
BBX 16 27 3 0
BITMAP
E000
E000
E000
E000
E000
E000
E000
E000
E3F8
E7FC
EFFE
FC3E
F80F
F00F
E00F
E00F
E00F
E00F
E00F
E00F
E00F
E00F
E00F
E00F
E00F
E00F
E00F
ENDCHAR
STARTCHAR i
ENCODING 105
SWIDTH 278 0
DWIDTH 10 0
BBX 4 28 3 0
BITMAP
60
F0
F0
F0
F0
00
00
00
00
F0
F0
F0
F0
F0
F0
F0
F0
F0
F0
F0
F0
F0
F0
F0
F0
F0
F0
F0
ENDCHAR
STARTCHAR j
ENCODING 106
SWIDTH 265 0
DWIDTH 10 0
BBX 9 35 -1 -7
BITMAP
0600
0F00
0F80
0F00
0F00
0000
0000
0000
0000
0F00
0F00
0F00
0F00
0F00
0F00
0F00
0F00
0F00
0F00
0F00
0F00
0F00
0F00
0F00
0F00
0F00
0F00
0F00
0F00
0F00
0F00
1E00
FE00
7C00
7000
ENDCHAR
STARTCHAR k
ENCODING 107
SWIDTH 568 0
DWIDTH 20 0
BBX 17 27 3 0
BITMAP
E00000
E00000
E00000
E00000
E00000
E00000
E00000
E00000
E01F80
E03E00
E07C00
E0F800
E1F000
E3E000
E7C000
EF8000
FF0000
FF8000
FFC000
FBE000
F1F000
E0F000
E0F800
E07C00
E03E00
E01F00
E00F80
ENDCHAR
STARTCHAR l
ENCODING 108
SWIDTH 251 0
DWIDTH 9 0
BBX 3 27 3 0
BITMAP
E0
E0
E0
E0
E0
E0
E0
E0
E0
E0
E0
E0
E0
E0
E0
E0
E0
E0
E0
E0
E0
E0
E0
E0
E0
E0
E0
ENDCHAR
STARTCHAR m
ENCODING 109
SWIDTH 921 0
DWIDTH 33 0
BBX 28 19 3 0
BITMAP
E3F03F80
E7FC7FC0
EFFCFFE0
FC3FC3E0
F81F81E0
F01F00F0
E00F00F0
E00E00F0
E00E00F0
E00E00F0
E00E00F0
E00E00F0
E00E00F0
E00E00F0
E00E00F0
E00E00F0
E00E00F0
E00E00F0
E00E00F0
ENDCHAR
STARTCHAR n
ENCODING 110
SWIDTH 595 0
DWIDTH 21 0
BBX 16 19 3 0
BITMAP
E3F8
E7FC
EFFE
FC3E
F80F
F00F
E00F
E00F
E00F
E00F
E00F
E00F
E00F
E00F
E00F
E00F
E00F
E00F
E00F
ENDCHAR
STARTCHAR o
ENCODING 111
SWIDTH 615 0
DWIDTH 22 0
BBX 20 19 1 0
BITMAP
03FC00
0FFF00
1FFF80
3F0FC0
3C03C0
7801E0
7801E0
7000F0
F000F0
F000F0
F000F0
7000F0
7801E0
7801E0
3C03E0
3F0FC0
1FFF80
0FFF00
03FC00
ENDCHAR
STARTCHAR p
ENCODING 112
SWIDTH 631 0
DWIDTH 23 0
BBX 18 27 3 -8
BITMAP
E3F800
E7FE00
EFFF00
FE1F80
F80780
F007C0
F003C0
E003C0
E001C0
E001C0
E001C0
E003C0
F003C0
F003C0
F80780
FE1F80
FFFF00
EFFE00
E3F800
E00000
E00000
E00000
E00000
E00000
E00000
E00000
E00000
ENDCHAR
STARTCHAR q
ENCODING 113
SWIDTH 630 0
DWIDTH 23 0
BBX 19 27 1 -8
BITMAP
03F9E0
0FFDE0
1FFFE0
3F0FE0
3C07E0
7803E0
7801E0
7001E0
F001E0
F000E0
F001E0
7001E0
7801E0
7803E0
3C03E0
3F0FE0
1FFFE0
0FFDE0
07F9E0
0001E0
0001E0
0001E0
0001E0
0001E0
0001E0
0001E0
0001E0
ENDCHAR
STARTCHAR r
ENCODING 114
SWIDTH 403 0
DWIDTH 15 0
BBX 11 19 3 0
BITMAP
E3E0
E7E0
EFE0
FFC0
F800
F000
F000
E000
E000
E000
E000
E000
E000
E000
E000
E000
E000
E000
E000
ENDCHAR
STARTCHAR s
ENCODING 115
SWIDTH 479 0
DWIDTH 17 0
BBX 15 19 1 0
BITMAP
0FF0
1FF8
3FFE
783C
7808
7800
7800
7E00
3FE0
1FF8
07FC
00FC
001E
001E
301E
781C
FFFC
3FF8
0FF0
ENDCHAR
STARTCHAR t
ENCODING 116
SWIDTH 384 0
DWIDTH 14 0
BBX 12 24 1 0
BITMAP
0F00
0F00
0F00
0F00
0F00
FFF0
FFF0
FFF0
FFF0
0F00
0F00
0F00
0F00
0F00
0F00
0F00
0F00
0F00
0F00
0F00
0F00
0F00
0F00
0F00
ENDCHAR
STARTCHAR u
ENCODING 117
SWIDTH 605 0
DWIDTH 22 0
BBX 16 19 3 0
BITMAP
E00F
E00F
E00F
E00F
E00F
E00F
E00F
E00F
E00F
E00F
E00F
E00F
E00F
F00F
F01F
F83F
7FFF
3FEF
1FCF
ENDCHAR
STARTCHAR v
ENCODING 118
SWIDTH 573 0
DWIDTH 21 0
BBX 19 19 1 0
BITMAP
F001E0
F003C0
7803C0
780380
3C0780
3C0700
3C0F00
1E0F00
1E1E00
0F1E00
0F1C00
073C00
07B800
07F800
03F000
03F000
01F000
01E000
00E000
ENDCHAR
STARTCHAR w
ENCODING 119
SWIDTH 800 0
DWIDTH 29 0
BBX 27 19 1 0
BITMAP
F00001E0
F00001E0
700003C0
780E03C0
780E03C0
381F0780
3C1F0780
3C3F8780
1C3F8F00
1E7B8F00
1E73CF00
0EF1CE00
0FE1FE00
0FE0FE00
07E0FC00
07C07C00
07C07800
03807800
03803800
ENDCHAR
STARTCHAR x
ENCODING 120
SWIDTH 562 0
DWIDTH 20 0
BBX 19 19 1 0
BITMAP
F807C0
780780
7C0F00
3E1F00
1F1E00
0F3C00
0FF800
07F800
03F000
01E000
03F000
07F800
07FC00
0F3C00
1E1E00
3E1F00
7C0F80
7807C0
F003E0
ENDCHAR
STARTCHAR y
ENCODING 121
SWIDTH 581 0
DWIDTH 21 0
BBX 21 27 0 -8
BITMAP
F800F8
7800F0
7C01F0
3C01E0
3C01E0
1E03E0
1E03C0
1F03C0
0F0780
0F8780
078700
078F00
03CF00
03DE00
01FE00
01FC00
01FC00
00FC00
00F800
007800
007000
00F000
00F000
01E000
01E000
01C000
03C000
ENDCHAR
STARTCHAR z
ENCODING 122
SWIDTH 484 0
DWIDTH 17 0
BBX 14 19 2 0
BITMAP
FFFC
FFFC
FFFC
0078
00F8
00F0
01E0
03C0
07C0
0780
0F00
1E00
3E00
3C00
7800
F000
FFFC
FFFC
FFFC
ENDCHAR
STARTCHAR braceleft
ENCODING 123
SWIDTH 411 0
DWIDTH 15 0
BBX 12 32 2 -7
BITMAP
0060
01F0
03E0
0780
0700
0700
0700
0700
0700
0700
0700
0700
0F00
0E00
3E00
F800
FC00
3E00
0E00
0F00
0700
0700
0700
0700
0700
0700
0700
0700
0780
03E0
01F0
0060
ENDCHAR
STARTCHAR bar
ENCODING 124
SWIDTH 231 0
DWIDTH 8 0
BBX 4 34 2 -7
BITMAP
F0
F0
F0
F0
F0
F0
F0
F0
F0
F0
F0
F0
F0
F0
F0
F0
F0
F0
F0
F0
F0
F0
F0
F0
F0
F0
F0
F0
F0
F0
F0
F0
F0
F0
ENDCHAR
STARTCHAR braceright
ENCODING 125
SWIDTH 411 0
DWIDTH 15 0
BBX 12 32 1 -7
BITMAP
E000
F800
FC00
3E00
1E00
0E00
0E00
0E00
0E00
0E00
0E00
0E00
0F00
0F00
07C0
03F0
03F0
07C0
0F00
0E00
0E00
0E00
0E00
0E00
0E00
0E00
0E00
1E00
3E00
FC00
F800
E000
ENDCHAR
STARTCHAR asciitilde
ENCODING 126
SWIDTH 510 0
DWIDTH 18 0
BBX 16 5 1 8
BITMAP
3F07
7FE7
7FFF
61FE
E03C
ENDCHAR
STARTCHAR uni00A0
ENCODING 160
SWIDTH 280 0
DWIDTH 10 0
BBX 1 1 0 0
BITMAP
00
ENDCHAR
STARTCHAR exclamdown
ENCODING 161
SWIDTH 236 0
DWIDTH 9 0
BBX 5 25 2 -6
BITMAP
F0
F8
F8
F0
70
00
00
00
00
60
60
60
60
F0
F0
F0
F0
F0
F0
F0
F0
F0
F0
F0
F0
ENDCHAR
STARTCHAR cent
ENCODING 162
SWIDTH 535 0
DWIDTH 19 0
BBX 17 25 1 0
BITMAP
00E000
00E000
00E000
07FC00
0FFF00
1FFF80
3EEF80
3CE300
78E100
78E000
70E000
F0E000
F0E000
F0E000
70E000
78E000
78E100
3CE380
3FEF80
1FFF00
0FFE00
03F800
00E000
00E000
00E000
ENDCHAR
STARTCHAR sterling
ENCODING 163
SWIDTH 610 0
DWIDTH 22 0
BBX 20 27 1 -1
BITMAP
003800
01FF00
07FF80
07FFC0
0F8380
0F0100
1E0000
1E0000
1E0000
1E0000
1E0000
7FFE00
7FFE00
7FFE00
070000
078000
078000
078000
078000
078000
070000
070000
1FC020
FFF9E0
7FFFF0
707FE0
000F00
ENDCHAR
STARTCHAR currency
ENCODING 164
SWIDTH 550 0
DWIDTH 20 0
BBX 16 16 2 3
BITMAP
2004
700E
FFFF
7FFE
3FFC
3C3C
381C
381C
381C
381C
3C3C
3FFC
7FFE
FFFF
718E
2004
ENDCHAR
STARTCHAR yen
ENCODING 165
SWIDTH 660 0
DWIDTH 24 0
BBX 23 25 0 0
BITMAP
FC003E
3C003C
3E007C
1F0078
0F00F0
0F81F0
07C1E0
03C3C0
01E7C0
01F780
00FF00
007F00
007E00
003C00
07FFF0
07FFF0
07FFF0
003C00
003C00
07FFF0
07FFF0
07FFF0
003C00
003C00
003C00
ENDCHAR
STARTCHAR brokenbar
ENCODING 166
SWIDTH 239 0
DWIDTH 9 0
BBX 3 34 3 -7
BITMAP
E0
E0
E0
E0
E0
E0
E0
E0
E0
E0
E0
E0
E0
E0
E0
00
00
00
00
00
E0
E0
E0
E0
E0
E0
E0
E0
E0
E0
E0
E0
E0
E0
ENDCHAR
STARTCHAR section
ENCODING 167
SWIDTH 549 0
DWIDTH 20 0
BBX 16 31 2 -5
BITMAP
01C0
0FF8
1FFC
3FFE
3C1C
7804
7800
7800
3C00
3F00
1FF0
7FFC
7FFE
F0FF
F01F
F007
F007
FC07
FF8F
7FFE
1FFC
03FC
007E
001E
000E
600E
701E
FE7E
7FFC
1FF8
07E0
ENDCHAR
STARTCHAR dieresis
ENCODING 168
SWIDTH 500 0
DWIDTH 18 0
BBX 12 5 3 23
BITMAP
70E0
F9F0
F9F0
F9F0
70E0
ENDCHAR
STARTCHAR copyright
ENCODING 169
SWIDTH 786 0
DWIDTH 28 0
BBX 26 25 1 0
BITMAP
00FFC000
03FFF000
07E0F800
0F003C00
1E000E00
3C1F8700
387FC780
70FFC380
71E0C180
61C001C0
E3C001C0
E38001C0
E38001C0
E38001C0
E3C001C0
61C001C0
71F0C380
70FFC380
387FE700
3C1F0F00
1E001E00
0F803C00
07F1F800
01FFF000
007F8000
ENDCHAR
STARTCHAR ordfeminine
ENCODING 170
SWIDTH 365 0
DWIDTH 13 0
BBX 11 12 1 14
BITMAP
3CE0
7EE0
FBE0
F1E0
E0E0
E0E0
E0E0
E0E0
E1E0
FFE0
7EE0
3CE0
ENDCHAR
STARTCHAR guillemotleft
ENCODING 171
SWIDTH 486 0
DWIDTH 18 0
BBX 16 15 0 2
BITMAP
0202
0707
0F0F
1E1E
1C1C
3C3C
7878
F0F0
7878
3C3C
3C3C
1E1E
0F0F
0707
0202
ENDCHAR
STARTCHAR logicalnot
ENCODING 172
SWIDTH 670 0
DWIDTH 24 0
BBX 20 11 2 4
BITMAP
FFFFF0
FFFFF0
FFFFF0
FFFFF0
000070
000070
000070
000070
000070
000070
000070
ENDCHAR
STARTCHAR uni00AD
ENCODING 173
SWIDTH 394 0
DWIDTH 14 0
BBX 10 4 2 8
BITMAP
FFC0
FFC0
FFC0
FFC0
ENDCHAR
STARTCHAR registered
ENCODING 174
SWIDTH 507 0
DWIDTH 18 0
BBX 17 17 1 9
BITMAP
018000
0FF000
1FFC00
381E00
77E600
67F700
E63300
C63300
C7E380
C6C380
E66300
666700
767700
380E00
1FFC00
0FF800
03C000
ENDCHAR
STARTCHAR macron
ENCODING 175
SWIDTH 424 0
DWIDTH 15 0
BBX 10 3 4 23
BITMAP
FFC0
FFC0
FFC0
ENDCHAR
STARTCHAR degree
ENCODING 176
SWIDTH 532 0
DWIDTH 19 0
BBX 11 12 4 14
BITMAP
0400
3F80
7FC0
71E0
E0E0
E0E0
E0E0
E0E0
F1E0
7FC0
3F80
0E00
ENDCHAR
STARTCHAR plusminus
ENCODING 177
SWIDTH 582 0
DWIDTH 21 0
BBX 17 19 2 0
BITMAP
01C000
01C000
01C000
01C000
01C000
FFFF80
FFFF80
FFFF80
FFFF80
01C000
01C000
01C000
01C000
01C000
000000
000000
FFFF80
FFFF80
FFFF80
ENDCHAR
STARTCHAR uni00B2
ENCODING 178
SWIDTH 346 0
DWIDTH 12 0
BBX 9 13 2 15
BITMAP
3E00
7F00
FF00
C780
4700
0700
0E00
1C00
3800
7000
E000
FF80
FF80
ENDCHAR
STARTCHAR uni00B3
ENCODING 179
SWIDTH 342 0
DWIDTH 12 0
BBX 9 13 2 15
BITMAP
7F00
7F00
7F00
0E00
1C00
7C00
7F00
2700
0380
0380
4700
FF00
7E00
ENDCHAR
STARTCHAR acute
ENCODING 180
SWIDTH 500 0
DWIDTH 18 0
BBX 8 6 5 22
BITMAP
04
1E
3F
7C
F8
60
ENDCHAR
STARTCHAR uni00B5
ENCODING 181
SWIDTH 586 0
DWIDTH 21 0
BBX 16 25 3 -6
BITMAP
E00F
E00F
E00F
E00F
E00F
E00F
E00F
E00F
E00F
E00F
E00F
E00F
E00F
F01F
F01F
F83F
FFFF
FFEF
EFCF
E000
E000
E000
E000
E000
E000
ENDCHAR
STARTCHAR paragraph
ENCODING 182
SWIDTH 712 0
DWIDTH 26 0
BBX 20 25 2 0
BITMAP
0FFFF0
3FFFF0
7FFFF0
7FFFF0
FFE0F0
FFE0F0
FFE0F0
FFE0F0
FFE0F0
FFE0F0
FFE0F0
7FE0F0
7FE0F0
3FE0F0
0FE0F0
01E0F0
01E0F0
01E0F0
01E0F0
01E0F0
01E0F0
01E0F0
01E0F0
01E0F0
01E0F0
ENDCHAR
STARTCHAR periodcentered
ENCODING 183
SWIDTH 228 0
DWIDTH 8 0
BBX 5 5 2 10
BITMAP
70
F0
F8
F0
F0
ENDCHAR
STARTCHAR cedilla
ENCODING 184
SWIDTH 500 0
DWIDTH 18 0
BBX 8 10 5 -9
BITMAP
1C
18
30
7C
7E
0F
0F
9E
7C
60
ENDCHAR
STARTCHAR uni00B9
ENCODING 185
SWIDTH 281 0
DWIDTH 10 0
BBX 5 12 2 16
BITMAP
38
F8
F8
58
18
18
18
18
18
18
18
18
ENDCHAR
STARTCHAR ordmasculine
ENCODING 186
SWIDTH 354 0
DWIDTH 13 0
BBX 11 12 1 14
BITMAP
0C00
3F80
7FC0
F1C0
E1E0
E0E0
E0E0
E0E0
F1E0
7FC0
3F80
1E00
ENDCHAR
STARTCHAR guillemotright
ENCODING 187
SWIDTH 491 0
DWIDTH 18 0
BBX 16 15 1 2
BITMAP
2020
F0F0
7878
3838
3C3C
1E1E
0F0F
0F0F
0F0F
1E1E
1C1C
3C3C
7878
F0F0
2020
ENDCHAR
STARTCHAR onequarter
ENCODING 188
SWIDTH 793 0
DWIDTH 29 0
BBX 25 25 2 0
BITMAP
38003C00
F8007800
F8007000
5800F000
1801E000
1801C000
1803C000
18078000
18070000
180F0000
181E0000
181C0000
003C0E00
00780E00
00701E00
00F03E00
01E07E00
01C0EE00
03C0EE00
0781CE00
0701FF80
0F01FF80
1E000E00
1C000E00
3C000E00
ENDCHAR
STARTCHAR onehalf
ENCODING 189
SWIDTH 785 0
DWIDTH 28 0
BBX 25 25 2 0
BITMAP
38003C00
F8007800
F8007000
5800F000
1801E000
1801C000
1803C000
18078000
18070000
180F0000
181E0000
181C0000
003C3E00
00787F00
0070FF00
00F0C780
01E04700
01C00700
03C00E00
07801C00
07003800
0F007000
1E00E000
1C00FF80
3C00FF80
ENDCHAR
STARTCHAR threequarters
ENCODING 190
SWIDTH 791 0
DWIDTH 28 0
BBX 26 26 1 0
BITMAP
7F000000
7F000F00
7F001E00
0E001C00
1C003C00
7C007800
7F007000
2700F000
0381E000
0381C000
4703C000
FF078000
7E070000
000F0700
001E0700
001C0F00
003C1F00
00783F00
00707700
00F07700
01E0E700
01C0FFC0
03C0FFC0
07800700
07000700
0F000700
ENDCHAR
STARTCHAR questiondown
ENCODING 191
SWIDTH 511 0
DWIDTH 18 0
BBX 16 26 1 -6
BITMAP
0080
03E0
03E0
03E0
03E0
01C0
0000
0000
01C0
01C0
01C0
03C0
0FE0
1FE0
3F00
7C00
F800
F000
F000
F004
F00E
F81F
7C3E
7FFC
3FF8
0FE0
ENDCHAR
STARTCHAR Agrave
ENCODING 192
SWIDTH 700 0
DWIDTH 25 0
BBX 23 33 1 0
BITMAP
00C000
00E000
01F800
00FC00
001E00
000400
000000
000000
007C00
007C00
007E00
00FE00
00EE00
01EF00
01EF00
01C780
03C780
03C780
0383C0
0783C0
0783C0
0F01E0
0F01E0
0FFFF0
1FFFF0
1FFFF0
3FFFF8
3C0078
3C007C
78003C
78003C
F0001E
F0001E
ENDCHAR
STARTCHAR Aacute
ENCODING 193
SWIDTH 700 0
DWIDTH 25 0
BBX 23 33 1 0
BITMAP
000600
000E00
003F00
007E00
00F000
004000
000000
000000
007C00
007C00
007E00
00FE00
00EE00
01EF00
01EF00
01C780
03C780
03C780
0383C0
0783C0
0783C0
0F01E0
0F01E0
0FFFF0
1FFFF0
1FFFF0
3FFFF8
3C0078
3C007C
78003C
78003C
F0001E
F0001E
ENDCHAR
STARTCHAR Acircumflex
ENCODING 194
SWIDTH 700 0
DWIDTH 25 0
BBX 23 32 1 0
BITMAP
003C00
007E00
00FF80
03C3C0
010080
000000
000000
007C00
007C00
007E00
00FE00
00EE00
01EF00
01EF00
01C780
03C780
03C780
0383C0
0783C0
0783C0
0F01E0
0F01E0
0FFFF0
1FFFF0
1FFFF0
3FFFF8
3C0078
3C007C
78003C
78003C
F0001E
F0001E
ENDCHAR
STARTCHAR Atilde
ENCODING 195
SWIDTH 700 0
DWIDTH 25 0
BBX 23 32 1 0
BITMAP
00E0C0
01FDC0
03FFC0
039F80
000000
000000
000000
007C00
007C00
007E00
00FE00
00EE00
01EF00
01EF00
01C780
03C780
03C780
0383C0
0783C0
0783C0
0F01E0
0F01E0
0FFFF0
1FFFF0
1FFFF0
3FFFF8
3C0078
3C007C
78003C
78003C
F0001E
F0001E
ENDCHAR
STARTCHAR Adieresis
ENCODING 196
SWIDTH 700 0
DWIDTH 25 0
BBX 23 32 1 0
BITMAP
01C380
03E7C0
03E7C0
03C7C0
018180
000000
000000
007C00
007C00
007E00
00FE00
00EE00
01EF00
01EF00
01C780
03C780
03C780
0383C0
0783C0
0783C0
0F01E0
0F01E0
0FFFF0
1FFFF0
1FFFF0
3FFFF8
3C0078
3C007C
78003C
78003C
F0001E
F0001E
ENDCHAR
STARTCHAR Aring
ENCODING 197
SWIDTH 700 0
DWIDTH 25 0
BBX 23 32 1 0
BITMAP
003C00
007E00
00E700
00C300
00C300
007E00
007E00
007C00
007C00
007E00
00FE00
00EE00
01EF00
01EF00
01C780
03C780
03C780
0383C0
0783C0
0783C0
0F01E0
0F01E0
0FFFF0
1FFFF0
1FFFF0
3FFFF8
3C0078
3C007C
78003C
78003C
F0001E
F0001E
ENDCHAR
STARTCHAR AE
ENCODING 198
SWIDTH 969 0
DWIDTH 35 0
BBX 32 25 0 0
BITMAP
00007FFF
00007FFF
0000FFFF
0001F000
0003F000
0003F000
0007F000
000F7000
000E7000
001E7000
003C7000
00387FFE
00787FFE
00F07FFE
01E07000
01E07000
03FFF000
07FFF000
07FFF000
0F007000
1E007000
1E007000
3C007FFF
78007FFF
F0007FFF
ENDCHAR
STARTCHAR Ccedilla
ENCODING 199
SWIDTH 679 0
DWIDTH 24 0
BBX 21 34 2 -9
BITMAP
01FF80
07FFE0
0FFFF0
1FF7F8
3F00F8
3E0070
7C0020
780000
F00000
F00000
F00000
F00000
F00000
F00000
F00000
F00000
F00000
780000
7C0000
7E0020
3F00F0
1FFFF8
0FFFF0
07FFE0
01FF80
003800
003000
007C00
007E00
000F00
000E00
003E00
00FC00
006000
ENDCHAR
STARTCHAR Egrave
ENCODING 200
SWIDTH 614 0
DWIDTH 22 0
BBX 15 33 4 0
BITMAP
0C00
0E00
1F80
0FC0
01E0
0040
0000
0000
FFFE
FFFE
FFFE
FFFE
E000
E000
E000
E000
E000
E000
FFF8
FFF8
FFF8
FFF8
E000
E000
E000
E000
E000
E000
E000
FFFE
FFFE
FFFE
FFFE
ENDCHAR
STARTCHAR Eacute
ENCODING 201
SWIDTH 614 0
DWIDTH 22 0
BBX 15 33 4 0
BITMAP
0060
00E0
03F0
07E0
0F00
0400
0000
0000
FFFE
FFFE
FFFE
FFFE
E000
E000
E000
E000
E000
E000
FFF8
FFF8
FFF8
FFF8
E000
E000
E000
E000
E000
E000
E000
FFFE
FFFE
FFFE
FFFE
ENDCHAR
STARTCHAR Ecircumflex
ENCODING 202
SWIDTH 614 0
DWIDTH 22 0
BBX 15 32 4 0
BITMAP
03C0
07E0
0FF8
3C3C
1008
0000
0000
FFFE
FFFE
FFFE
FFFE
E000
E000
E000
E000
E000
E000
FFF8
FFF8
FFF8
FFF8
E000
E000
E000
E000
E000
E000
E000
FFFE
FFFE
FFFE
FFFE
ENDCHAR
STARTCHAR Edieresis
ENCODING 203
SWIDTH 614 0
DWIDTH 22 0
BBX 15 32 4 0
BITMAP
1C38
3E7C
3E7C
3C7C
1818
0000
0000
FFFE
FFFE
FFFE
FFFE
E000
E000
E000
E000
E000
E000
FFF8
FFF8
FFF8
FFF8
E000
E000
E000
E000
E000
E000
E000
FFFE
FFFE
FFFE
FFFE
ENDCHAR
STARTCHAR Igrave
ENCODING 204
SWIDTH 478 0
DWIDTH 17 0
BBX 12 33 3 0
BITMAP
3000
3800
7E00
3F00
0780
0100
0000
0000
FFF0
FFF0
FFF0
0F00
0F00
0F00
0F00
0F00
0F00
0F00
0F00
0F00
0F00
0F00
0F00
0F00
0F00
0F00
0F00
0F00
0F00
FFF0
FFF0
FFF0
FFF0
ENDCHAR
STARTCHAR Iacute
ENCODING 205
SWIDTH 478 0
DWIDTH 17 0
BBX 12 33 3 0
BITMAP
0180
0380
0FC0
1F80
3C00
1000
0000
0000
FFF0
FFF0
FFF0
0F00
0F00
0F00
0F00
0F00
0F00
0F00
0F00
0F00
0F00
0F00
0F00
0F00
0F00
0F00
0F00
0F00
0F00
FFF0
FFF0
FFF0
FFF0
ENDCHAR
STARTCHAR Icircumflex
ENCODING 206
SWIDTH 478 0
DWIDTH 17 0
BBX 12 32 3 0
BITMAP
0F00
1F80
3FE0
F0F0
4020
0000
0000
FFF0
FFF0
FFF0
0F00
0F00
0F00
0F00
0F00
0F00
0F00
0F00
0F00
0F00
0F00
0F00
0F00
0F00
0F00
0F00
0F00
0F00
FFF0
FFF0
FFF0
FFF0
ENDCHAR
STARTCHAR Idieresis
ENCODING 207
SWIDTH 478 0
DWIDTH 17 0
BBX 12 32 3 0
BITMAP
70E0
F9F0
F9F0
F1F0
6060
0000
0000
FFF0
FFF0
FFF0
0F00
0F00
0F00
0F00
0F00
0F00
0F00
0F00
0F00
0F00
0F00
0F00
0F00
0F00
0F00
0F00
0F00
0F00
FFF0
FFF0
FFF0
FFF0
ENDCHAR
STARTCHAR Eth
ENCODING 208
SWIDTH 748 0
DWIDTH 27 0
BBX 23 25 2 0
BITMAP
3FFF00
3FFFC0
3FFFE0
3FFFF0
3801F8
38007C
38003C
38003C
38001E
38001E
38001E
FF801E
FF801E
FF801E
38001E
38001E
38001E
38003C
38007C
3800FC
3801F8
3FFFF0
3FFFE0
3FFF80
3FFE00
ENDCHAR
STARTCHAR Ntilde
ENCODING 209
SWIDTH 793 0
DWIDTH 29 0
BBX 21 32 4 0
BITMAP
038300
07F700
0FFF00
0E7E00
000000
000000
000000
F00078
F00078
F80078
FC0078
FE0078
FE0078
FF0078
EF8078
E7C078
E3C078
E3E078
E1F078
E0F878
E07878
E07C78
E03E78
E01F78
E00F78
E00FB8
E007F8
E003F8
E001F8
E000F8
E000F8
E00078
ENDCHAR
STARTCHAR Ograve
ENCODING 210
SWIDTH 782 0
DWIDTH 28 0
BBX 24 33 2 0
BITMAP
006000
007000
00FC00
007E00
000F00
000200
000000
001C00
01FF80
07FFE0
0FFFF0
1FC3F8
3F00FC
7C003E
78001E
78001F
F0000F
F0000F
F0000F
F0000F
F0000F
F0000F
F0000F
F0000F
F0000F
78001F
7C003E
3E003E
3F00FC
1FE7F8
0FFFF0
07FFE0
01FF80
ENDCHAR
STARTCHAR Oacute
ENCODING 211
SWIDTH 782 0
DWIDTH 28 0
BBX 24 33 2 0
BITMAP
000300
000700
001F80
003F00
007800
002000
000000
001C00
01FF80
07FFE0
0FFFF0
1FC3F8
3F00FC
7C003E
78001E
78001F
F0000F
F0000F
F0000F
F0000F
F0000F
F0000F
F0000F
F0000F
F0000F
78001F
7C003E
3E003E
3F00FC
1FE7F8
0FFFF0
07FFE0
01FF80
ENDCHAR
STARTCHAR Ocircumflex
ENCODING 212
SWIDTH 782 0
DWIDTH 28 0
BBX 24 32 2 0
BITMAP
003C00
007E00
00FF80
03C3C0
010080
000000
001C00
01FF80
07FFE0
0FFFF0
1FC3F8
3F00FC
7C003E
78001E
78001F
F0000F
F0000F
F0000F
F0000F
F0000F
F0000F
F0000F
F0000F
F0000F
78001F
7C003E
3E003E
3F00FC
1FE7F8
0FFFF0
07FFE0
01FF80
ENDCHAR
STARTCHAR Otilde
ENCODING 213
SWIDTH 782 0
DWIDTH 28 0
BBX 24 32 2 0
BITMAP
00E0C0
01FDC0
03FFC0
039F80
000000
000000
001C00
01FF80
07FFE0
0FFFF0
1FC3F8
3F00FC
7C003E
78001E
78001F
F0000F
F0000F
F0000F
F0000F
F0000F
F0000F
F0000F
F0000F
F0000F
78001F
7C003E
3E003E
3F00FC
1FE7F8
0FFFF0
07FFE0
01FF80
ENDCHAR
STARTCHAR Odieresis
ENCODING 214
SWIDTH 782 0
DWIDTH 28 0
BBX 24 32 2 0
BITMAP
01C380
03E7C0
03E7C0
03C7C0
018180
000000
001C00
01FF80
07FFE0
0FFFF0
1FC3F8
3F00FC
7C003E
78001E
78001F
F0000F
F0000F
F0000F
F0000F
F0000F
F0000F
F0000F
F0000F
F0000F
78001F
7C003E
3E003E
3F00FC
1FE7F8
0FFFF0
07FFE0
01FF80
ENDCHAR
STARTCHAR multiply
ENCODING 215
SWIDTH 484 0
DWIDTH 17 0
BBX 15 15 1 3
BITMAP
2008
700C
F81E
7C3C
3E78
1FF0
0FE0
07C0
07E0
0FF0
1EF8
3C7C
783E
F01E
200C
ENDCHAR
STARTCHAR Oslash
ENCODING 216
SWIDTH 770 0
DWIDTH 28 0
BBX 24 28 2 -1
BITMAP
000004
001C0E
01FF8F
07FFFE
0FFFFC
1FC3F8
3F00FC
7C01FE
7801FE
F803DF
F0078F
F00F0F
F01E0F
F01C0F
F03C0F
F0780F
F0F00F
F1E00F
F3C00F
7BC01E
7F803E
3F003C
3F00FC
3FE7F8
3FFFF0
7FFFE0
F1FF80
200000
ENDCHAR
STARTCHAR Ugrave
ENCODING 217
SWIDTH 740 0
DWIDTH 27 0
BBX 20 33 3 0
BITMAP
018000
01C000
03F000
01F800
003C00
000800
000000
000000
F00070
F00070
F00070
F00070
F00070
F00070
F00070
F00070
F00070
F00070
F00070
F00070
F00070
F00070
F00070
F00070
F00070
F800F0
7800F0
7C01F0
3E03E0
3FFFC0
1FFF80
0FFF00
03FC00
ENDCHAR
STARTCHAR Uacute
ENCODING 218
SWIDTH 740 0
DWIDTH 27 0
BBX 20 33 3 0
BITMAP
000C00
001C00
007E00
00FC00
01E000
008000
000000
000000
F00070
F00070
F00070
F00070
F00070
F00070
F00070
F00070
F00070
F00070
F00070
F00070
F00070
F00070
F00070
F00070
F00070
F800F0
7800F0
7C01F0
3E03E0
3FFFC0
1FFF80
0FFF00
03FC00
ENDCHAR
STARTCHAR Ucircumflex
ENCODING 219
SWIDTH 740 0
DWIDTH 27 0
BBX 20 32 3 0
BITMAP
00F000
01F800
03FE00
0F0F00
040200
000000
000000
F00070
F00070
F00070
F00070
F00070
F00070
F00070
F00070
F00070
F00070
F00070
F00070
F00070
F00070
F00070
F00070
F00070
F800F0
7800F0
7C01F0
3E03E0
3FFFC0
1FFF80
0FFF00
03FC00
ENDCHAR
STARTCHAR Udieresis
ENCODING 220
SWIDTH 740 0
DWIDTH 27 0
BBX 20 32 3 0
BITMAP
070E00
0F9F00
0F9F00
0F1F00
060600
000000
000000
F00070
F00070
F00070
F00070
F00070
F00070
F00070
F00070
F00070
F00070
F00070
F00070
F00070
F00070
F00070
F00070
F00070
F800F0
7800F0
7C01F0
3E03E0
3FFFC0
1FFF80
0FFF00
03FC00
ENDCHAR
STARTCHAR Yacute
ENCODING 221
SWIDTH 660 0
DWIDTH 24 0
BBX 23 33 0 0
BITMAP
000300
000700
001F80
003F00
007800
002000
000000
800000
7C003E
3C003C
3E007C
1F0078
0F00F0
0F81F0
07C1E0
03C3C0
01E7C0
01F780
00FF00
007F00
007E00
003C00
003C00
003C00
003C00
003C00
003C00
003C00
003C00
003C00
003C00
003C00
003C00
ENDCHAR
STARTCHAR Thorn
ENCODING 222
SWIDTH 634 0
DWIDTH 23 0
BBX 17 25 4 0
BITMAP
E00000
E00000
E00000
E00000
FFE000
FFFC00
FFFE00
FFFF00
E01F00
E00F80
E00780
E00780
E00780
E00780
E00780
E00F00
FFFF00
FFFE00
FFFC00
FFF000
E00000
E00000
E00000
E00000
E00000
ENDCHAR
STARTCHAR germandbls
ENCODING 223
SWIDTH 664 0
DWIDTH 24 0
BBX 20 26 2 0
BITMAP
01FE00
07FF00
0FFF80
0F07C0
1E03C0
1E03C0
1C03C0
1C0380
FC0780
FC1E00
FC3E00
1C3F80
1C0FC0
1C03E0
1C01E0
1C00F0
1C00F0
1C0070
1C0070
1C0070
1C0070
1C00F0
1C40F0
1CFBE0
1CFFC0
1C3F80
ENDCHAR
STARTCHAR agrave
ENCODING 224
SWIDTH 633 0
DWIDTH 23 0
BBX 19 28 1 0
BITMAP
008000
01E000
03F000
00F800
007C00
001800
000000
000000
000000
03F9E0
0FFDE0
1FFFE0
3F0FE0
7C03E0
7803E0
7801E0
7001E0
F000E0
F000E0
F000E0
7001E0
7801E0
7803E0
7C03E0
3F0FE0
1FFFE0
0FFDE0
07F1E0
ENDCHAR
STARTCHAR aacute
ENCODING 225
SWIDTH 633 0
DWIDTH 23 0
BBX 19 28 1 0
BITMAP
001000
007800
00FC00
01F000
03E000
018000
000000
000000
000000
03F9E0
0FFDE0
1FFFE0
3F0FE0
7C03E0
7803E0
7801E0
7001E0
F000E0
F000E0
F000E0
7001E0
7801E0
7803E0
7C03E0
3F0FE0
1FFFE0
0FFDE0
07F1E0
ENDCHAR
STARTCHAR acircumflex
ENCODING 226
SWIDTH 633 0
DWIDTH 23 0
BBX 19 27 1 0
BITMAP
00F000
01F800
03FC00
0F9F00
060600
000000
000000
000000
03F9E0
0FFDE0
1FFFE0
3F0FE0
7C03E0
7803E0
7801E0
7001E0
F000E0
F000E0
F000E0
7001E0
7801E0
7803E0
7C03E0
3F0FE0
1FFFE0
0FFDE0
07F1E0
ENDCHAR
STARTCHAR atilde
ENCODING 227
SWIDTH 633 0
DWIDTH 23 0
BBX 19 27 1 0
BITMAP
038700
07E700
07FE00
0E7E00
0E1800
000000
000000
000000
03F9E0
0FFDE0
1FFFE0
3F0FE0
7C03E0
7803E0
7801E0
7001E0
F000E0
F000E0
F000E0
7001E0
7801E0
7803E0
7C03E0
3F0FE0
1FFFE0
0FFDE0
07F1E0
ENDCHAR
STARTCHAR adieresis
ENCODING 228
SWIDTH 633 0
DWIDTH 23 0
BBX 19 28 1 0
BITMAP
070E00
0F9F00
0F9F00
0F9F00
070E00
000000
000000
000000
000000
03F9E0
0FFDE0
1FFFE0
3F0FE0
7C03E0
7803E0
7801E0
7001E0
F000E0
F000E0
F000E0
7001E0
7801E0
7803E0
7C03E0
3F0FE0
1FFFE0
0FFDE0
07F1E0
ENDCHAR
STARTCHAR aring
ENCODING 229
SWIDTH 633 0
DWIDTH 23 0
BBX 19 29 1 0
BITMAP
00F000
01F800
039C00
030C00
039C00
01F800
00F000
000000
000000
000000
03F9E0
0FFDE0
1FFFE0
3F0FE0
7C03E0
7803E0
7801E0
7001E0
F000E0
F000E0
F000E0
7001E0
7801E0
7803E0
7C03E0
3F0FE0
1FFFE0
0FFDE0
07F1E0
ENDCHAR
STARTCHAR ae
ENCODING 230
SWIDTH 899 0
DWIDTH 32 0
BBX 30 19 1 0
BITMAP
07F83F80
1FFCFFE0
3FFFFFF0
7C3FE1F0
380FC078
100F8038
000F003C
000F003C
1FFFFFFC
3FFFFFFC
7F0F0000
78070000
F0070000
F00F8000
F01FC010
783FF078
7FF9FFFC
3FF0FFF0
1FC03FC0
ENDCHAR
STARTCHAR ccedilla
ENCODING 231
SWIDTH 535 0
DWIDTH 19 0
BBX 17 28 1 -9
BITMAP
03FC00
0FFE00
1FFF80
3F0F80
3C0380
780100
780000
700000
F00000
F00000
F00000
700000
780000
780100
3C0300
3F0F80
1FFF80
0FFF00
03FC00
006000
00C000
01F000
01F800
003C00
003C00
027800
01F000
018000
ENDCHAR
STARTCHAR egrave
ENCODING 232
SWIDTH 586 0
DWIDTH 21 0
BBX 19 28 1 0
BITMAP
010000
03C000
07E000
01F000
00F800
003000
000000
000000
000000
03FC00
0FFE00
1FFF00
3F0F80
3C03C0
7803C0
7801C0
7FFFE0
FFFFE0
FFFFE0
F00000
700000
780000
780000
3C0100
3F0780
1FFFC0
0FFF80
03FE00
ENDCHAR
STARTCHAR eacute
ENCODING 233
SWIDTH 586 0
DWIDTH 21 0
BBX 19 28 1 0
BITMAP
001000
007800
00FC00
01F000
03E000
018000
000000
000000
000000
03FC00
0FFE00
1FFF00
3F0F80
3C03C0
7803C0
7801C0
7FFFE0
FFFFE0
FFFFE0
F00000
700000
780000
780000
3C0100
3F0780
1FFFC0
0FFF80
03FE00
ENDCHAR
STARTCHAR ecircumflex
ENCODING 234
SWIDTH 586 0
DWIDTH 21 0
BBX 19 27 1 0
BITMAP
00F000
01F800
03FC00
0F9F00
060600
000000
000000
000000
03FC00
0FFE00
1FFF00
3F0F80
3C03C0
7803C0
7801C0
7FFFE0
FFFFE0
FFFFE0
F00000
700000
780000
780000
3C0100
3F0780
1FFFC0
0FFF80
03FE00
ENDCHAR
STARTCHAR edieresis
ENCODING 235
SWIDTH 586 0
DWIDTH 21 0
BBX 19 28 1 0
BITMAP
070E00
0F9F00
0F9F00
0F9F00
070E00
000000
000000
000000
000000
03FC00
0FFE00
1FFF00
3F0F80
3C03C0
7803C0
7801C0
7FFFE0
FFFFE0
FFFFE0
F00000
700000
780000
780000
3C0100
3F0780
1FFFC0
0FFF80
03FE00
ENDCHAR
STARTCHAR igrave
ENCODING 236
SWIDTH 243 0
DWIDTH 9 0
BBX 8 28 0 0
BITMAP
20
78
FC
3E
1F
06
00
00
00
1C
1C
1C
1C
1C
1C
1C
1C
1C
1C
1C
1C
1C
1C
1C
1C
1C
1C
1C
ENDCHAR
STARTCHAR iacute
ENCODING 237
SWIDTH 243 0
DWIDTH 9 0
BBX 8 28 0 0
BITMAP
04
1E
3F
7C
F8
60
00
00
00
1C
1C
1C
1C
1C
1C
1C
1C
1C
1C
1C
1C
1C
1C
1C
1C
1C
1C
1C
ENDCHAR
STARTCHAR icircumflex
ENCODING 238
SWIDTH 243 0
DWIDTH 9 0
BBX 12 27 -2 0
BITMAP
0F00
1F80
3FC0
F9F0
6060
0000
0000
0000
0700
0700
0700
0700
0700
0700
0700
0700
0700
0700
0700
0700
0700
0700
0700
0700
0700
0700
0700
ENDCHAR
STARTCHAR idieresis
ENCODING 239
SWIDTH 243 0
DWIDTH 9 0
BBX 12 28 -2 0
BITMAP
70E0
F9F0
F9F0
F9F0
70E0
0000
0000
0000
0000
0700
0700
0700
0700
0700
0700
0700
0700
0700
0700
0700
0700
0700
0700
0700
0700
0700
0700
0700
ENDCHAR
STARTCHAR eth
ENCODING 240
SWIDTH 574 0
DWIDTH 21 0
BBX 18 27 1 0
BITMAP
020000
03C000
07F080
03FF80
00FF80
07FE00
0FFE00
060F00
03F780
0FFF80
1FFF80
3FBFC0
3C0FC0
7807C0
7803C0
7003C0
F001C0
F001C0
F001C0
7003C0
7803C0
780380
3C0780
3F1F00
1FFF00
0FFE00
03F800
ENDCHAR
STARTCHAR ntilde
ENCODING 241
SWIDTH 595 0
DWIDTH 21 0
BBX 16 27 3 0
BITMAP
070E
0FCE
0FFC
1CFC
1C30
0000
0000
0000
E3F8
E7FC
EFFE
FC3E
F80F
F00F
E00F
E00F
E00F
E00F
E00F
E00F
E00F
E00F
E00F
E00F
E00F
E00F
E00F
ENDCHAR
STARTCHAR ograve
ENCODING 242
SWIDTH 615 0
DWIDTH 22 0
BBX 20 28 1 0
BITMAP
010000
03C000
07E000
01F000
00F800
003000
000000
000000
000000
03FC00
0FFF00
1FFF80
3F0FC0
3C03C0
7801E0
7801E0
7000F0
F000F0
F000F0
F000F0
7000F0
7801E0
7801E0
3C03E0
3F0FC0
1FFF80
0FFF00
03FC00
ENDCHAR
STARTCHAR oacute
ENCODING 243
SWIDTH 615 0
DWIDTH 22 0
BBX 20 28 1 0
BITMAP
001000
007800
00FC00
01F000
03E000
018000
000000
000000
000000
03FC00
0FFF00
1FFF80
3F0FC0
3C03C0
7801E0
7801E0
7000F0
F000F0
F000F0
F000F0
7000F0
7801E0
7801E0
3C03E0
3F0FC0
1FFF80
0FFF00
03FC00
ENDCHAR
STARTCHAR ocircumflex
ENCODING 244
SWIDTH 615 0
DWIDTH 22 0
BBX 20 27 1 0
BITMAP
00F000
01F800
03FC00
0F9F00
060600
000000
000000
000000
03FC00
0FFF00
1FFF80
3F0FC0
3C03C0
7801E0
7801E0
7000F0
F000F0
F000F0
F000F0
7000F0
7801E0
7801E0
3C03E0
3F0FC0
1FFF80
0FFF00
03FC00
ENDCHAR
STARTCHAR otilde
ENCODING 245
SWIDTH 615 0
DWIDTH 22 0
BBX 20 27 1 0
BITMAP
038700
07E700
07FE00
0E7E00
0E1800
000000
000000
000000
03FC00
0FFF00
1FFF80
3F0FC0
3C03C0
7801E0
7801E0
7000F0
F000F0
F000F0
F000F0
7000F0
7801E0
7801E0
3C03E0
3F0FC0
1FFF80
0FFF00
03FC00
ENDCHAR
STARTCHAR odieresis
ENCODING 246
SWIDTH 615 0
DWIDTH 22 0
BBX 20 28 1 0
BITMAP
070E00
0F9F00
0F9F00
0F9F00
070E00
000000
000000
000000
000000
03FC00
0FFF00
1FFF80
3F0FC0
3C03C0
7801E0
7801E0
7000F0
F000F0
F000F0
F000F0
7000F0
7801E0
7801E0
3C03E0
3F0FC0
1FFF80
0FFF00
03FC00
ENDCHAR
STARTCHAR divide
ENCODING 247
SWIDTH 597 0
DWIDTH 21 0
BBX 18 17 2 1
BITMAP
01C000
03E000
03E000
01E000
008000
000000
000000
FFFFC0
FFFFC0
FFFFC0
000000
000000
000000
01C000
03E000
03E000
01C000
ENDCHAR
STARTCHAR oslash
ENCODING 248
SWIDTH 615 0
DWIDTH 22 0
BBX 20 21 1 -1
BITMAP
000080
03FCC0
0FFFE0
1FFFC0
3F0FC0
3C0FC0
780FE0
781FE0
703CF0
F078F0
F0F0F0
F1E0F0
73C0F0
7BC1E0
7F81E0
3F03E0
3F0FC0
3FFF80
7FFF00
F3FC00
300000
ENDCHAR
STARTCHAR ugrave
ENCODING 249
SWIDTH 605 0
DWIDTH 22 0
BBX 16 28 3 0
BITMAP
0400
0F00
1F80
07C0
03E0
00C0
0000
0000
0000
E00F
E00F
E00F
E00F
E00F
E00F
E00F
E00F
E00F
E00F
E00F
E00F
E00F
F00F
F01F
F83F
7FFF
3FEF
1FCF
ENDCHAR
STARTCHAR uacute
ENCODING 250
SWIDTH 605 0
DWIDTH 22 0
BBX 16 28 3 0
BITMAP
0040
01E0
03F0
07C0
0F80
0600
0000
0000
0000
E00F
E00F
E00F
E00F
E00F
E00F
E00F
E00F
E00F
E00F
E00F
E00F
E00F
F00F
F01F
F83F
7FFF
3FEF
1FCF
ENDCHAR
STARTCHAR ucircumflex
ENCODING 251
SWIDTH 605 0
DWIDTH 22 0
BBX 16 27 3 0
BITMAP
03C0
07E0
0FF0
3E7C
1818
0000
0000
0000
E00F
E00F
E00F
E00F
E00F
E00F
E00F
E00F
E00F
E00F
E00F
E00F
E00F
F00F
F01F
F83F
7FFF
3FEF
1FCF
ENDCHAR
STARTCHAR udieresis
ENCODING 252
SWIDTH 605 0
DWIDTH 22 0
BBX 16 28 3 0
BITMAP
1C38
3E7C
3E7C
3E7C
1C38
0000
0000
0000
0000
E00F
E00F
E00F
E00F
E00F
E00F
E00F
E00F
E00F
E00F
E00F
E00F
E00F
F00F
F01F
F83F
7FFF
3FEF
1FCF
ENDCHAR
STARTCHAR yacute
ENCODING 253
SWIDTH 581 0
DWIDTH 21 0
BBX 21 36 0 -8
BITMAP
001000
007800
00FC00
01F000
03E000
018000
000000
000000
000000
F800F8
7800F0
7C01F0
3C01E0
3C01E0
1E03E0
1E03C0
1F03C0
0F0780
0F8780
078700
078F00
03CF00
03DE00
01FE00
01FC00
01FC00
00FC00
00F800
007800
007000
00F000
00F000
01E000
01E000
01C000
03C000
ENDCHAR
STARTCHAR thorn
ENCODING 254
SWIDTH 631 0
DWIDTH 23 0
BBX 18 35 3 -8
BITMAP
E00000
E00000
E00000
E00000
E00000
E00000
E00000
E00000
E3F800
E7FE00
EFFF00
FE1F80
F80780
F007C0
F003C0
E003C0
E001C0
E001C0
E001C0
E003C0
F003C0
F003C0
F80780
FE1F80
FFFF00
EFFE00
E3F800
E00000
E00000
E00000
E00000
E00000
E00000
E00000
E00000
ENDCHAR
STARTCHAR ydieresis
ENCODING 255
SWIDTH 581 0
DWIDTH 21 0
BBX 21 36 0 -8
BITMAP
070E00
0F9F00
0F9F00
0F9F00
070E00
000000
000000
000000
000000
F800F8
7800F0
7C01F0
3C01E0
3C01E0
1E03E0
1E03C0
1F03C0
0F0780
0F8780
078700
078F00
03CF00
03DE00
01FE00
01FC00
01FC00
00FC00
00F800
007800
007000
00F000
00F000
01E000
01E000
01C000
03C000
ENDCHAR
STARTCHAR Amacron
ENCODING 256
SWIDTH 700 0
DWIDTH 25 0
BBX 23 31 1 0
BITMAP
03FFC0
03FFC0
03FFC0
000000
000000
000000
007C00
007C00
007E00
00FE00
00EE00
01EF00
01EF00
01C780
03C780
03C780
0383C0
0783C0
0783C0
0F01E0
0F01E0
0FFFF0
1FFFF0
1FFFF0
3FFFF8
3C0078
3C007C
78003C
78003C
F0001E
F0001E
ENDCHAR
STARTCHAR amacron
ENCODING 257
SWIDTH 633 0
DWIDTH 23 0
BBX 19 26 1 0
BITMAP
07FE00
07FE00
07FE00
000000
000000
000000
000000
03F9E0
0FFDE0
1FFFE0
3F0FE0
7C03E0
7803E0
7801E0
7001E0
F000E0
F000E0
F000E0
7001E0
7801E0
7803E0
7C03E0
3F0FE0
1FFFE0
0FFDE0
07F1E0
ENDCHAR
STARTCHAR Abreve
ENCODING 258
SWIDTH 700 0
DWIDTH 25 0
BBX 23 32 1 0
BITMAP
0381C0
01C380
01FF80
00FF00
003C00
000000
000000
007C00
007C00
007E00
00FE00
00EE00
01EF00
01EF00
01C780
03C780
03C780
0383C0
0783C0
0783C0
0F01E0
0F01E0
0FFFF0
1FFFF0
1FFFF0
3FFFF8
3C0078
3C007C
78003C
78003C
F0001E
F0001E
ENDCHAR
STARTCHAR abreve
ENCODING 259
SWIDTH 633 0
DWIDTH 23 0
BBX 19 27 1 0
BITMAP
0E0700
0F0E00
079E00
07FC00
03FC00
00F000
000000
000000
03F9E0
0FFDE0
1FFFE0
3F0FE0
7C03E0
7803E0
7801E0
7001E0
F000E0
F000E0
F000E0
7001E0
7801E0
7803E0
7C03E0
3F0FE0
1FFFE0
0FFDE0
07F1E0
ENDCHAR
STARTCHAR Aogonek
ENCODING 260
SWIDTH 700 0
DWIDTH 25 0
BBX 24 32 1 -7
BITMAP
007C00
007C00
007E00
00FE00
00EE00
01EF00
01EF00
01C780
03C780
03C780
0383C0
0783C0
0783C0
0F01E0
0F01E0
0FFFF0
1FFFF0
1FFFF0
3FFFF8
3C0078
3C007C
78003C
78003C
F0001E
F0001E
00007C
000070
0000F0
0000E0
0000FE
00007F
00003E
ENDCHAR
STARTCHAR aogonek
ENCODING 261
SWIDTH 633 0
DWIDTH 23 0
BBX 20 26 1 -7
BITMAP
03F9E0
0FFDE0
1FFFE0
3F0FE0
7C03E0
7803E0
7801E0
7001E0
F000E0
F000E0
F000E0
7001E0
7801E0
7803E0
7C03E0
3F0FE0
1FFFE0
0FFDE0
07F1E0
0003C0
000700
000F00
000E00
000FE0
0007F0
0003E0
ENDCHAR
STARTCHAR Cacute
ENCODING 262
SWIDTH 679 0
DWIDTH 24 0
BBX 21 33 2 0
BITMAP
000300
000700
001F80
003F00
007800
002000
000000
000000
01FF80
07FFE0
0FFFF0
1FF7F8
3F00F8
3E0070
7C0020
780000
F00000
F00000
F00000
F00000
F00000
F00000
F00000
F00000
F00000
780000
7C0000
7E0020
3F00F0
1FFFF8
0FFFF0
07FFE0
01FF80
ENDCHAR
STARTCHAR cacute
ENCODING 263
SWIDTH 535 0
DWIDTH 19 0
BBX 17 28 1 0
BITMAP
001000
007800
00FC00
01F000
03E000
018000
000000
000000
000000
03FC00
0FFE00
1FFF80
3F0F80
3C0380
780100
780000
700000
F00000
F00000
F00000
700000
780000
780100
3C0300
3F0F80
1FFF80
0FFF00
03FC00
ENDCHAR
STARTCHAR Ccircumflex
ENCODING 264
SWIDTH 679 0
DWIDTH 24 0
BBX 21 32 2 0
BITMAP
003C00
007E00
00FF80
03C3C0
010080
000000
000000
01FF80
07FFE0
0FFFF0
1FF7F8
3F00F8
3E0070
7C0020
780000
F00000
F00000
F00000
F00000
F00000
F00000
F00000
F00000
F00000
780000
7C0000
7E0020
3F00F0
1FFFF8
0FFFF0
07FFE0
01FF80
ENDCHAR
STARTCHAR ccircumflex
ENCODING 265
SWIDTH 535 0
DWIDTH 19 0
BBX 17 27 1 0
BITMAP
00F000
01F800
03FC00
0F9F00
060600
000000
000000
000000
03FC00
0FFE00
1FFF80
3F0F80
3C0380
780100
780000
700000
F00000
F00000
F00000
700000
780000
780100
3C0300
3F0F80
1FFF80
0FFF00
03FC00
ENDCHAR
STARTCHAR Cdotaccent
ENCODING 266
SWIDTH 679 0
DWIDTH 24 0
BBX 21 32 2 0
BITMAP
003C00
003C00
003C00
003C00
001800
000000
000000
01FF80
07FFE0
0FFFF0
1FF7F8
3F00F8
3E0070
7C0020
780000
F00000
F00000
F00000
F00000
F00000
F00000
F00000
F00000
F00000
780000
7C0000
7E0020
3F00F0
1FFFF8
0FFFF0
07FFE0
01FF80
ENDCHAR
STARTCHAR cdotaccent
ENCODING 267
SWIDTH 535 0
DWIDTH 19 0
BBX 17 28 1 0
BITMAP
006000
00F000
00F000
00F000
00F000
000000
000000
000000
000000
03FC00
0FFE00
1FFF80
3F0F80
3C0380
780100
780000
700000
F00000
F00000
F00000
700000
780000
780100
3C0300
3F0F80
1FFF80
0FFF00
03FC00
ENDCHAR
STARTCHAR Ccaron
ENCODING 268
SWIDTH 679 0
DWIDTH 24 0
BBX 21 32 2 0
BITMAP
018180
03E7C0
00FF00
007E00
003C00
000000
000000
01FF80
07FFE0
0FFFF0
1FF7F8
3F00F8
3E0070
7C0020
780000
F00000
F00000
F00000
F00000
F00000
F00000
F00000
F00000
F00000
780000
7C0000
7E0020
3F00F0
1FFFF8
0FFFF0
07FFE0
01FF80
ENDCHAR
STARTCHAR ccaron
ENCODING 269
SWIDTH 535 0
DWIDTH 19 0
BBX 17 27 1 0
BITMAP
060600
079E00
03FC00
01F800
00F000
000000
000000
000000
03FC00
0FFE00
1FFF80
3F0F80
3C0380
780100
780000
700000
F00000
F00000
F00000
700000
780000
780100
3C0300
3F0F80
1FFF80
0FFF00
03FC00
ENDCHAR
STARTCHAR Dcaron
ENCODING 270
SWIDTH 748 0
DWIDTH 27 0
BBX 21 32 4 0
BITMAP
0C0C00
1F3E00
07F800
03F000
01E000
000000
000000
FFFC00
FFFF00
FFFF80
FFFFC0
E007E0
E001F0
E000F0
E000F0
E00078
E00078
E00078
E00078
E00078
E00078
E00078
E00078
E00078
E000F0
E001F0
E003F0
E007E0
FFFFC0
FFFF80
FFFE00
FFF800
ENDCHAR
STARTCHAR dcaron
ENCODING 271
SWIDTH 653 0
DWIDTH 24 0
BBX 27 27 1 0
BITMAP
0000E180
0000E3C0
0000E3E0
0000E1E0
0000E1C0
0000E3C0
0000E700
0000E000
03F8E000
0FFEE000
1FFFE000
3F0FE000
3C03E000
7801E000
7801E000
7001E000
F000E000
F000E000
F000E000
7000E000
7801E000
7801E000
3C03E000
3E07E000
1FFFE000
0FFEE000
03F8E000
ENDCHAR
STARTCHAR Dcroat
ENCODING 272
SWIDTH 748 0
DWIDTH 27 0
BBX 23 25 2 0
BITMAP
3FFF00
3FFFC0
3FFFE0
3FFFF0
3801F8
38007C
38003C
38003C
38001E
38001E
38001E
FF801E
FF801E
FF801E
38001E
38001E
38001E
38003C
38007C
3800FC
3801F8
3FFFF0
3FFFE0
3FFF80
3FFE00
ENDCHAR
STARTCHAR dcroat
ENCODING 273
SWIDTH 634 0
DWIDTH 23 0
BBX 22 27 1 0
BITMAP
0000E0
0000E0
0000E0
000FFC
000FFC
000FFC
0000E0
0000E0
03F8E0
0FFEE0
1FFFE0
3F0FE0
3C03E0
7801E0
7801E0
7001E0
F000E0
F000E0
F000E0
7000E0
7801E0
7801E0
3C03E0
3E07E0
1FFFE0
0FFEE0
03F8E0
ENDCHAR
STARTCHAR Emacron
ENCODING 274
SWIDTH 614 0
DWIDTH 22 0
BBX 15 31 4 0
BITMAP
3FFC
3FFC
3FFC
0000
0000
0000
FFFE
FFFE
FFFE
FFFE
E000
E000
E000
E000
E000
E000
FFF8
FFF8
FFF8
FFF8
E000
E000
E000
E000
E000
E000
E000
FFFE
FFFE
FFFE
FFFE
ENDCHAR
STARTCHAR emacron
ENCODING 275
SWIDTH 586 0
DWIDTH 21 0
BBX 19 26 1 0
BITMAP
07FE00
07FE00
07FE00
000000
000000
000000
000000
03FC00
0FFE00
1FFF00
3F0F80
3C03C0
7803C0
7801C0
7FFFE0
FFFFE0
FFFFE0
F00000
700000
780000
780000
3C0100
3F0780
1FFFC0
0FFF80
03FE00
ENDCHAR
STARTCHAR Ebreve
ENCODING 276
SWIDTH 614 0
DWIDTH 22 0
BBX 15 32 4 0
BITMAP
381C
1C38
1FF8
0FF0
03C0
0000
0000
FFFE
FFFE
FFFE
FFFE
E000
E000
E000
E000
E000
E000
FFF8
FFF8
FFF8
FFF8
E000
E000
E000
E000
E000
E000
E000
FFFE
FFFE
FFFE
FFFE
ENDCHAR
STARTCHAR ebreve
ENCODING 277
SWIDTH 586 0
DWIDTH 21 0
BBX 19 27 1 0
BITMAP
0E0700
0F0E00
079E00
07FC00
03FC00
00F000
000000
000000
03FC00
0FFE00
1FFF00
3F0F80
3C03C0
7803C0
7801C0
7FFFE0
FFFFE0
FFFFE0
F00000
700000
780000
780000
3C0100
3F0780
1FFFC0
0FFF80
03FE00
ENDCHAR
STARTCHAR Edotaccent
ENCODING 278
SWIDTH 614 0
DWIDTH 22 0
BBX 15 32 4 0
BITMAP
03C0
03C0
03C0
03C0
0180
0000
0000
FFFE
FFFE
FFFE
FFFE
E000
E000
E000
E000
E000
E000
FFF8
FFF8
FFF8
FFF8
E000
E000
E000
E000
E000
E000
E000
FFFE
FFFE
FFFE
FFFE
ENDCHAR
STARTCHAR edotaccent
ENCODING 279
SWIDTH 586 0
DWIDTH 21 0
BBX 19 28 1 0
BITMAP
006000
00F000
00F000
00F000
00F000
000000
000000
000000
000000
03FC00
0FFE00
1FFF00
3F0F80
3C03C0
7803C0
7801C0
7FFFE0
FFFFE0
FFFFE0
F00000
700000
780000
780000
3C0100
3F0780
1FFFC0
0FFF80
03FE00
ENDCHAR
STARTCHAR Eogonek
ENCODING 280
SWIDTH 614 0
DWIDTH 22 0
BBX 15 32 4 -7
BITMAP
FFFE
FFFE
FFFE
FFFE
E000
E000
E000
E000
E000
E000
FFF8
FFF8
FFF8
FFF8
E000
E000
E000
E000
E000
E000
E000
FFFE
FFFE
FFFE
FFFE
00F8
00E0
01E0
01C0
01FC
00FE
007C
ENDCHAR
STARTCHAR eogonek
ENCODING 281
SWIDTH 586 0
DWIDTH 21 0
BBX 19 26 1 -7
BITMAP
03FC00
0FFE00
1FFF00
3F0F80
3C03C0
7803C0
7801C0
7FFFE0
FFFFE0
FFFFE0
F00000
700000
780000
780000
3C0100
3F0780
1FFFC0
0FFF80
03FE00
003C00
003800
007000
007000
007F80
003F80
001F00
ENDCHAR
STARTCHAR Ecaron
ENCODING 282
SWIDTH 614 0
DWIDTH 22 0
BBX 15 32 4 0
BITMAP
1818
3E7C
0FF0
07E0
03C0
0000
0000
FFFE
FFFE
FFFE
FFFE
E000
E000
E000
E000
E000
E000
FFF8
FFF8
FFF8
FFF8
E000
E000
E000
E000
E000
E000
E000
FFFE
FFFE
FFFE
FFFE
ENDCHAR
STARTCHAR ecaron
ENCODING 283
SWIDTH 586 0
DWIDTH 21 0
BBX 19 27 1 0
BITMAP
060600
079E00
03FC00
01F800
00F000
000000
000000
000000
03FC00
0FFE00
1FFF00
3F0F80
3C03C0
7803C0
7801C0
7FFFE0
FFFFE0
FFFFE0
F00000
700000
780000
780000
3C0100
3F0780
1FFFC0
0FFF80
03FE00
ENDCHAR
STARTCHAR Gcircumflex
ENCODING 284
SWIDTH 766 0
DWIDTH 28 0
BBX 24 32 2 0
BITMAP
003C00
007E00
00FF80
03C3C0
010080
000000
000000
00FFC0
03FFF0
0FFFF8
1FE3FC
3F007C
3E0038
7C0010
780000
F80000
F00000
F00000
F00000
F007FF
F007FF
F007FF
F007FF
F8000F
78000F
7C001E
3E003E
3F807C
1FF3FC
0FFFF0
03FFE0
00FF80
ENDCHAR
STARTCHAR gcircumflex
ENCODING 285
SWIDTH 649 0
DWIDTH 23 0
BBX 20 35 1 -8
BITMAP
007800
00FC00
01FE00
07CF80
030300
000000
000000
000000
03F8F0
0FFEF0
1FFFF0
3F0FF0
3C03F0
7801F0
7800F0
7000F0
F000F0
F000F0
F000F0
7000F0
7800F0
7801F0
3C03F0
3F07F0
1FFFF0
0FFEF0
03F8F0
0000F0
0000E0
0001E0
0801E0
0E07C0
1FFF80
1FFF00
03FC00
ENDCHAR
STARTCHAR Gbreve
ENCODING 286
SWIDTH 766 0
DWIDTH 28 0
BBX 24 32 2 0
BITMAP
01C0E0
00E1C0
00FFC0
007F80
001E00
000000
000000
00FFC0
03FFF0
0FFFF8
1FE3FC
3F007C
3E0038
7C0010
780000
F80000
F00000
F00000
F00000
F007FF
F007FF
F007FF
F007FF
F8000F
78000F
7C001E
3E003E
3F807C
1FF3FC
0FFFF0
03FFE0
00FF80
ENDCHAR
STARTCHAR gbreve
ENCODING 287
SWIDTH 649 0
DWIDTH 23 0
BBX 20 35 1 -8
BITMAP
070380
078700
03CF00
03FE00
01FE00
007800
000000
000000
03F8F0
0FFEF0
1FFFF0
3F0FF0
3C03F0
7801F0
7800F0
7000F0
F000F0
F000F0
F000F0
7000F0
7800F0
7801F0
3C03F0
3F07F0
1FFFF0
0FFEF0
03F8F0
0000F0
0000E0
0001E0
0801E0
0E07C0
1FFF80
1FFF00
03FC00
ENDCHAR
STARTCHAR Gdotaccent
ENCODING 288
SWIDTH 766 0
DWIDTH 28 0
BBX 24 32 2 0
BITMAP
001E00
001E00
001E00
001E00
000C00
000000
000000
00FFC0
03FFF0
0FFFF8
1FE3FC
3F007C
3E0038
7C0010
780000
F80000
F00000
F00000
F00000
F007FF
F007FF
F007FF
F007FF
F8000F
78000F
7C001E
3E003E
3F807C
1FF3FC
0FFFF0
03FFE0
00FF80
ENDCHAR
STARTCHAR gdotaccent
ENCODING 289
SWIDTH 649 0
DWIDTH 23 0
BBX 20 36 1 -8
BITMAP
003000
007800
007800
007800
007800
000000
000000
000000
000000
03F8F0
0FFEF0
1FFFF0
3F0FF0
3C03F0
7801F0
7800F0
7000F0
F000F0
F000F0
F000F0
7000F0
7800F0
7801F0
3C03F0
3F07F0
1FFFF0
0FFEF0
03F8F0
0000F0
0000E0
0001E0
0801E0
0E07C0
1FFF80
1FFF00
03FC00
ENDCHAR
STARTCHAR uni0122
ENCODING 290
SWIDTH 766 0
DWIDTH 28 0
BBX 24 34 2 -9
BITMAP
00FFC0
03FFF0
0FFFF8
1FE3FC
3F007C
3E0038
7C0010
780000
F80000
F00000
F00000
F00000
F007FF
F007FF
F007FF
F007FF
F8000F
78000F
7C001E
3E003E
3F807C
1FF3FC
0FFFF0
03FFE0
00FF80
000000
000000
003C00
003E00
003E00
001C00
001C00
007800
002000
ENDCHAR
STARTCHAR uni0123
ENCODING 291
SWIDTH 649 0
DWIDTH 23 0
BBX 20 37 1 -8
BITMAP
000800
003C00
007000
00F000
00F800
00F800
007800
000000
000000
000000
03F8F0
0FFEF0
1FFFF0
3F0FF0
3C03F0
7801F0
7800F0
7000F0
F000F0
F000F0
F000F0
7000F0
7800F0
7801F0
3C03F0
3F07F0
1FFFF0
0FFEF0
03F8F0
0000F0
0000E0
0001E0
0801E0
0E07C0
1FFF80
1FFF00
03FC00
ENDCHAR
STARTCHAR Hcircumflex
ENCODING 292
SWIDTH 761 0
DWIDTH 27 0
BBX 20 32 4 0
BITMAP
00F000
01F800
03FE00
0F0F00
040200
000000
000000
E000F0
E000F0
E000F0
E000F0
E000F0
E000F0
E000F0
E000F0
E000F0
E000F0
E000F0
FFFFF0
FFFFF0
FFFFF0
E000F0
E000F0
E000F0
E000F0
E000F0
E000F0
E000F0
E000F0
E000F0
E000F0
E000F0
ENDCHAR
STARTCHAR hcircumflex
ENCODING 293
SWIDTH 595 0
DWIDTH 21 0
BBX 16 33 3 0
BITMAP
03C0
07E0
0FF8
3C3C
1008
0000
E000
E000
E000
E000
E000
E000
E000
E000
E3F8
E7FC
EFFE
FC3E
F80F
F00F
E00F
E00F
E00F
E00F
E00F
E00F
E00F
E00F
E00F
E00F
E00F
E00F
E00F
ENDCHAR
STARTCHAR Hbar
ENCODING 294
SWIDTH 857 0
DWIDTH 31 0
BBX 27 25 2 0
BITMAP
1E000F00
1E000F00
1E000F00
1E000F00
FE000FE0
FFFFFFE0
FFFFFFE0
FFFFFFE0
1E000F00
1E000F00
1E000F00
1FFFFF00
1FFFFF00
1FFFFF00
1E000F00
1E000F00
1E000F00
1E000F00
1E000F00
1E000F00
1E000F00
1E000F00
1E000F00
1E000F00
1E000F00
ENDCHAR
STARTCHAR hbar
ENCODING 295
SWIDTH 595 0
DWIDTH 21 0
BBX 19 27 0 0
BITMAP
1C0000
1C0000
FFC000
FFC000
FFC000
FFC000
1C0000
1C0000
1C7F00
1CFF80
1DFFC0
1F87C0
1F01E0
1E01E0
1C01E0
1C01E0
1C01E0
1C01E0
1C01E0
1C01E0
1C01E0
1C01E0
1C01E0
1C01E0
1C01E0
1C01E0
1C01E0
ENDCHAR
STARTCHAR Itilde
ENCODING 296
SWIDTH 478 0
DWIDTH 17 0
BBX 12 32 3 0
BITMAP
3830
7F70
FFF0
E7E0
0000
0000
0000
FFF0
FFF0
FFF0
0F00
0F00
0F00
0F00
0F00
0F00
0F00
0F00
0F00
0F00
0F00
0F00
0F00
0F00
0F00
0F00
0F00
0F00
FFF0
FFF0
FFF0
FFF0
ENDCHAR
STARTCHAR itilde
ENCODING 297
SWIDTH 243 0
DWIDTH 9 0
BBX 12 27 -2 0
BITMAP
3870
7E70
7FE0
E7E0
E180
0000
0000
0000
0700
0700
0700
0700
0700
0700
0700
0700
0700
0700
0700
0700
0700
0700
0700
0700
0700
0700
0700
ENDCHAR
STARTCHAR Imacron
ENCODING 298
SWIDTH 478 0
DWIDTH 17 0
BBX 12 31 3 0
BITMAP
FFF0
FFF0
FFF0
0000
0000
0000
FFF0
FFF0
FFF0
0F00
0F00
0F00
0F00
0F00
0F00
0F00
0F00
0F00
0F00
0F00
0F00
0F00
0F00
0F00
0F00
0F00
0F00
FFF0
FFF0
FFF0
FFF0
ENDCHAR
STARTCHAR imacron
ENCODING 299
SWIDTH 243 0
DWIDTH 9 0
BBX 10 26 -1 0
BITMAP
FFC0
FFC0
FFC0
0000
0000
0000
0000
0E00
0E00
0E00
0E00
0E00
0E00
0E00
0E00
0E00
0E00
0E00
0E00
0E00
0E00
0E00
0E00
0E00
0E00
0E00
ENDCHAR
STARTCHAR Ibreve
ENCODING 300
SWIDTH 478 0
DWIDTH 17 0
BBX 12 32 3 0
BITMAP
E070
70E0
7FE0
3FC0
0F00
0000
0000
FFF0
FFF0
FFF0
0F00
0F00
0F00
0F00
0F00
0F00
0F00
0F00
0F00
0F00
0F00
0F00
0F00
0F00
0F00
0F00
0F00
0F00
FFF0
FFF0
FFF0
FFF0
ENDCHAR
STARTCHAR ibreve
ENCODING 301
SWIDTH 243 0
DWIDTH 9 0
BBX 12 27 -2 0
BITMAP
E070
F0E0
79E0
7FC0
3FC0
0F00
0000
0000
0700
0700
0700
0700
0700
0700
0700
0700
0700
0700
0700
0700
0700
0700
0700
0700
0700
0700
0700
ENDCHAR
STARTCHAR Iogonek
ENCODING 302
SWIDTH 478 0
DWIDTH 17 0
BBX 12 32 3 -7
BITMAP
FFF0
FFF0
FFF0
0F00
0F00
0F00
0F00
0F00
0F00
0F00
0F00
0F00
0F00
0F00
0F00
0F00
0F00
0F00
0F00
0F00
0F00
FFF0
FFF0
FFF0
FFF0
1F00
1C00
3C00
3800
3F80
1FC0
0F80
ENDCHAR
STARTCHAR iogonek
ENCODING 303
SWIDTH 243 0
DWIDTH 9 0
BBX 8 35 -1 -7
BITMAP
0C
1E
1E
1E
1E
00
00
00
00
0E
0E
0E
0E
0E
0E
0E
0E
0E
0E
0E
0E
0E
0E
0E
0E
0E
0E
1E
3C
70
F0
E0
FE
7F
3E
ENDCHAR
STARTCHAR Idotaccent
ENCODING 304
SWIDTH 478 0
DWIDTH 17 0
BBX 12 32 3 0
BITMAP
0F00
0F00
0F00
0F00
0600
0000
0000
FFF0
FFF0
FFF0
0F00
0F00
0F00
0F00
0F00
0F00
0F00
0F00
0F00
0F00
0F00
0F00
0F00
0F00
0F00
0F00
0F00
0F00
FFF0
FFF0
FFF0
FFF0
ENDCHAR
STARTCHAR dotlessi
ENCODING 305
SWIDTH 243 0
DWIDTH 9 0
BBX 3 19 3 0
BITMAP
E0
E0
E0
E0
E0
E0
E0
E0
E0
E0
E0
E0
E0
E0
E0
E0
E0
E0
E0
ENDCHAR
STARTCHAR IJ
ENCODING 306
SWIDTH 1120 0
DWIDTH 40 0
BBX 35 25 3 0
BITMAP
FFF001FFE0
FFF001FFE0
FFF001FFE0
0F00000E00
0F00000E00
0F00000E00
0F00000E00
0F00000E00
0F00000E00
0F00000E00
0F00000E00
0F00000E00
0F00000E00
0F00000E00
0F00000E00
0F00000E00
0F00000E00
0F00001E00
0F00201E00
0F00601E00
0F00F03E00
FFF0FCFC00
FFF07FFC00
FFF03FF800
FFF01FE000
ENDCHAR
STARTCHAR ij
ENCODING 307
SWIDTH 543 0
DWIDTH 20 0
BBX 15 35 3 -7
BITMAP
6018
F03C
F03E
F03C
F03C
0000
0000
0000
0000
F03C
F03C
F03C
F03C
F03C
F03C
F03C
F03C
F03C
F03C
F03C
F03C
F03C
F03C
F03C
F03C
F03C
F03C
F03C
003C
003C
003C
0078
03F8
01F0
01C0
ENDCHAR
STARTCHAR Jcircumflex
ENCODING 308
SWIDTH 642 0
DWIDTH 23 0
BBX 19 32 2 0
BITMAP
001E00
003F00
007FC0
01E1E0
008040
000000
000000
01FFE0
01FFE0
01FFE0
000E00
000E00
000E00
000E00
000E00
000E00
000E00
000E00
000E00
000E00
000E00
000E00
000E00
000E00
001E00
201E00
601E00
F03E00
FCFC00
7FFC00
3FF800
1FE000
ENDCHAR
STARTCHAR jcircumflex
ENCODING 309
SWIDTH 263 0
DWIDTH 9 0
BBX 12 34 -1 -7
BITMAP
0F00
1F80
3FC0
F9F0
6060
0000
0000
0000
0F00
0F00
0F00
0F00
0F00
0F00
0F00
0F00
0F00
0F00
0F00
0F00
0F00
0F00
0F00
0F00
0F00
0F00
0F00
0F00
0F00
1F00
1E00
FE00
FC00
7000
ENDCHAR
STARTCHAR uni0136
ENCODING 310
SWIDTH 732 0
DWIDTH 26 0
BBX 21 34 4 -9
BITMAP
E001F8
E003E0
E007C0
E00F80
E01F00
E03E00
E07C00
E0F800
E1F000
E3E000
E7C000
EFE000
FFF000
FEF000
FCF800
F87C00
F03E00
E01E00
E01F00
E00F80
E007C0
E003C0
E003E0
E001F0
E000F8
000000
000000
01E000
01F000
01F000
00E000
00E000
03C000
010000
ENDCHAR
STARTCHAR uni0137
ENCODING 311
SWIDTH 568 0
DWIDTH 20 0
BBX 17 36 3 -9
BITMAP
E00000
E00000
E00000
E00000
E00000
E00000
E00000
E00000
E01F80
E03E00
E07C00
E0F800
E1F000
E3E000
E7C000
EF8000
FF0000
FF8000
FFC000
FBE000
F1F000
E0F000
E0F800
E07C00
E03E00
E01F00
E00F80
000000
000000
078000
07C000
07C000
038000
038000
0F0000
040000
ENDCHAR
STARTCHAR kgreenlandic
ENCODING 312
SWIDTH 554 0
DWIDTH 20 0
BBX 16 19 3 0
BITMAP
E01F
E03E
E07C
E0F8
E1F0
E1E0
E3C0
E780
EF00
FF80
FFC0
FBC0
F1E0
E0F0
E078
E078
E03C
E01E
E01F
ENDCHAR
STARTCHAR Lacute
ENCODING 313
SWIDTH 599 0
DWIDTH 22 0
BBX 17 33 2 0
BITMAP
060000
0E0000
3F0000
7E0000
F00000
400000
000000
000000
380000
380000
380000
380000
380000
380000
380000
380000
380000
380000
380000
380000
380000
380000
380000
380000
380000
380000
380000
380000
380000
3FFF80
3FFF80
3FFF80
3FFF80
ENDCHAR
STARTCHAR lacute
ENCODING 314
SWIDTH 251 0
DWIDTH 9 0
BBX 8 34 1 0
BITMAP
06
0E
3F
7E
F0
40
00
38
38
38
38
38
38
38
38
38
38
38
38
38
38
38
38
38
38
38
38
38
38
38
38
38
38
38
ENDCHAR
STARTCHAR uni013B
ENCODING 315
SWIDTH 599 0
DWIDTH 22 0
BBX 15 34 4 -9
BITMAP
E000
E000
E000
E000
E000
E000
E000
E000
E000
E000
E000
E000
E000
E000
E000
E000
E000
E000
E000
E000
E000
FFFE
FFFE
FFFE
FFFE
0000
0000
0780
07C0
07C0
0380
0380
0F00
0400
ENDCHAR
STARTCHAR uni013C
ENCODING 316
SWIDTH 251 0
DWIDTH 9 0
BBX 6 36 2 -9
BITMAP
70
70
70
70
70
70
70
70
70
70
70
70
70
70
70
70
70
70
70
70
70
70
70
70
70
70
70
00
00
78
7C
7C
38
38
F0
40
ENDCHAR
STARTCHAR Lcaron
ENCODING 317
SWIDTH 599 0
DWIDTH 22 0
BBX 15 25 4 0
BITMAP
E060
E0F0
E0F8
E078
E070
E0F0
E1C0
E000
E000
E000
E000
E000
E000
E000
E000
E000
E000
E000
E000
E000
E000
FFFE
FFFE
FFFE
FFFE
ENDCHAR
STARTCHAR lcaron
ENCODING 318
SWIDTH 271 0
DWIDTH 10 0
BBX 11 27 3 0
BITMAP
E180
E3C0
E3E0
E1E0
E1C0
E3C0
E700
E000
E000
E000
E000
E000
E000
E000
E000
E000
E000
E000
E000
E000
E000
E000
E000
E000
E000
E000
E000
ENDCHAR
STARTCHAR Ldot
ENCODING 319
SWIDTH 599 0
DWIDTH 22 0
BBX 15 25 4 0
BITMAP
E000
E000
E000
E000
E000
E000
E000
E000
E000
E01C
E03C
E03E
E03C
E03C
E000
E000
E000
E000
E000
E000
E000
FFFE
FFFE
FFFE
FFFE
ENDCHAR
STARTCHAR ldot
ENCODING 320
SWIDTH 351 0
DWIDTH 13 0
BBX 11 27 3 0
BITMAP
E000
E000
E000
E000
E000
E000
E000
E000
E000
E000
E000
E1C0
E3C0
E3E0
E3C0
E3C0
E000
E000
E000
E000
E000
E000
E000
E000
E000
E000
E000
ENDCHAR
STARTCHAR Lslash
ENCODING 321
SWIDTH 638 0
DWIDTH 23 0
BBX 20 25 1 0
BITMAP
0F0000
0F0000
0F0000
0F0000
0F0000
0F0000
0F0000
0F0000
0F2000
0F6000
0FF000
0FE000
3F8000
FF0000
7F0000
4F0000
0F0000
0F0000
0F0000
0F0000
0F0000
0FFFF0
0FFFF0
0FFFF0
0FFFF0
ENDCHAR
STARTCHAR lslash
ENCODING 322
SWIDTH 253 0
DWIDTH 9 0
BBX 9 27 0 0
BITMAP
1C00
1C00
1C00
1C00
1C00
1C00
1C00
1C00
1C00
1C00
1D00
1F80
1F80
FF00
FC00
7C00
1C00
1C00
1C00
1C00
1C00
1C00
1C00
1C00
1C00
1C00
1C00
ENDCHAR
STARTCHAR Nacute
ENCODING 323
SWIDTH 793 0
DWIDTH 29 0
BBX 21 33 4 0
BITMAP
000C00
001C00
007E00
00FC00
01E000
008000
000000
000000
F00078
F00078
F80078
FC0078
FE0078
FE0078
FF0078
EF8078
E7C078
E3C078
E3E078
E1F078
E0F878
E07878
E07C78
E03E78
E01F78
E00F78
E00FB8
E007F8
E003F8
E001F8
E000F8
E000F8
E00078
ENDCHAR
STARTCHAR nacute
ENCODING 324
SWIDTH 595 0
DWIDTH 21 0
BBX 16 28 3 0
BITMAP
0020
00F0
01F8
03E0
07C0
0300
0000
0000
0000
E3F8
E7FC
EFFE
FC3E
F80F
F00F
E00F
E00F
E00F
E00F
E00F
E00F
E00F
E00F
E00F
E00F
E00F
E00F
E00F
ENDCHAR
STARTCHAR uni0145
ENCODING 325
SWIDTH 793 0
DWIDTH 29 0
BBX 21 34 4 -9
BITMAP
F00078
F00078
F80078
FC0078
FE0078
FE0078
FF0078
EF8078
E7C078
E3C078
E3E078
E1F078
E0F878
E07878
E07C78
E03E78
E01F78
E00F78
E00FB8
E007F8
E003F8
E001F8
E000F8
E000F8
E00078
000000
000000
00F000
00F800
00F800
007000
007000
01E000
008000
ENDCHAR
STARTCHAR uni0146
ENCODING 326
SWIDTH 595 0
DWIDTH 21 0
BBX 16 28 3 -9
BITMAP
E3F8
E7FC
EFFE
FC3E
F80F
F00F
E00F
E00F
E00F
E00F
E00F
E00F
E00F
E00F
E00F
E00F
E00F
E00F
E00F
0000
0000
03C0
03E0
03E0
01C0
01C0
0780
0200
ENDCHAR
STARTCHAR Ncaron
ENCODING 327
SWIDTH 793 0
DWIDTH 29 0
BBX 21 32 4 0
BITMAP
060600
0F9F00
03FC00
01F800
00F000
000000
000000
F00078
F00078
F80078
FC0078
FE0078
FE0078
FF0078
EF8078
E7C078
E3C078
E3E078
E1F078
E0F878
E07878
E07C78
E03E78
E01F78
E00F78
E00FB8
E007F8
E003F8
E001F8
E000F8
E000F8
E00078
ENDCHAR
STARTCHAR ncaron
ENCODING 328
SWIDTH 595 0
DWIDTH 21 0
BBX 16 27 3 0
BITMAP
0C0C
0F3C
07F8
03F0
01E0
0000
0000
0000
E3F8
E7FC
EFFE
FC3E
F80F
F00F
E00F
E00F
E00F
E00F
E00F
E00F
E00F
E00F
E00F
E00F
E00F
E00F
E00F
ENDCHAR
STARTCHAR napostrophe
ENCODING 329
SWIDTH 636 0
DWIDTH 23 0
BBX 22 25 -2 0
BITMAP
780000
780000
780000
700000
700000
700000
638FE0
E39FF0
E3BFF8
03F0F8
03E03C
03C03C
03803C
03803C
03803C
03803C
03803C
03803C
03803C
03803C
03803C
03803C
03803C
03803C
03803C
ENDCHAR
STARTCHAR Eng
ENCODING 330
SWIDTH 793 0
DWIDTH 29 0
BBX 21 32 4 -7
BITMAP
F00078
F00078
F80078
FC0078
FE0078
FE0078
FF0078
EF8078
E7C078
E3C078
E3E078
E1F078
E0F878
E07878
E07C78
E03E78
E01F78
E00F78
E00FB8
E007F8
E003F8
E001F8
E000F8
E000F8
E00078
000078
000078
000078
0000F0
0007F0
0003E0
0003C0
ENDCHAR
STARTCHAR eng
ENCODING 331
SWIDTH 595 0
DWIDTH 21 0
BBX 16 26 3 -7
BITMAP
E3F8
E7FC
EFFE
FC3E
F80F
F00F
E00F
E00F
E00F
E00F
E00F
E00F
E00F
E00F
E00F
E00F
E00F
E00F
E00F
000F
000F
000F
001E
00FE
007C
0078
ENDCHAR
STARTCHAR Omacron
ENCODING 332
SWIDTH 782 0
DWIDTH 28 0
BBX 24 31 2 0
BITMAP
03FFC0
03FFC0
03FFC0
000000
000000
001C00
01FF80
07FFE0
0FFFF0
1FC3F8
3F00FC
7C003E
78001E
78001F
F0000F
F0000F
F0000F
F0000F
F0000F
F0000F
F0000F
F0000F
F0000F
78001F
7C003E
3E003E
3F00FC
1FE7F8
0FFFF0
07FFE0
01FF80
ENDCHAR
STARTCHAR omacron
ENCODING 333
SWIDTH 615 0
DWIDTH 22 0
BBX 20 26 1 0
BITMAP
07FE00
07FE00
07FE00
000000
000000
000000
000000
03FC00
0FFF00
1FFF80
3F0FC0
3C03C0
7801E0
7801E0
7000F0
F000F0
F000F0
F000F0
7000F0
7801E0
7801E0
3C03E0
3F0FC0
1FFF80
0FFF00
03FC00
ENDCHAR
STARTCHAR Obreve
ENCODING 334
SWIDTH 782 0
DWIDTH 28 0
BBX 24 32 2 0
BITMAP
0381C0
01C380
01FF80
00FF00
003C00
000000
001C00
01FF80
07FFE0
0FFFF0
1FC3F8
3F00FC
7C003E
78001E
78001F
F0000F
F0000F
F0000F
F0000F
F0000F
F0000F
F0000F
F0000F
F0000F
78001F
7C003E
3E003E
3F00FC
1FE7F8
0FFFF0
07FFE0
01FF80
ENDCHAR
STARTCHAR obreve
ENCODING 335
SWIDTH 615 0
DWIDTH 22 0
BBX 20 27 1 0
BITMAP
0E0700
0F0E00
079E00
07FC00
03FC00
00F000
000000
000000
03FC00
0FFF00
1FFF80
3F0FC0
3C03C0
7801E0
7801E0
7000F0
F000F0
F000F0
F000F0
7000F0
7801E0
7801E0
3C03E0
3F0FC0
1FFF80
0FFF00
03FC00
ENDCHAR
STARTCHAR Ohungarumlaut
ENCODING 336
SWIDTH 782 0
DWIDTH 28 0
BBX 24 34 2 0
BITMAP
001020
003830
007C78
00F8F8
01F1E0
01C3C0
008100
000000
001C00
01FF80
07FFE0
0FFFF0
1FC3F8
3F00FC
7C003E
78001E
78001F
F0000F
F0000F
F0000F
F0000F
F0000F
F0000F
F0000F
F0000F
F0000F
78001F
7C003E
3E003E
3F00FC
1FE7F8
0FFFF0
07FFE0
01FF80
ENDCHAR
STARTCHAR ohungarumlaut
ENCODING 337
SWIDTH 615 0
DWIDTH 22 0
BBX 20 28 1 0
BITMAP
010300
038700
07CF80
0F9F00
1E3C00
181000
000000
000000
000000
03FC00
0FFF00
1FFF80
3F0FC0
3C03C0
7801E0
7801E0
7000F0
F000F0
F000F0
F000F0
7000F0
7801E0
7801E0
3C03E0
3F0FC0
1FFF80
0FFF00
03FC00
ENDCHAR
STARTCHAR OE
ENCODING 338
SWIDTH 1027 0
DWIDTH 37 0
BBX 32 25 2 0
BITMAP
00FFFFFF
07FFFFFF
0FFFFFFF
1FFFFFFF
3F00F000
7C00F000
7800F000
7800F000
F000F000
F000F000
F000FFFC
F000FFFC
F000FFFC
F000FFFC
F000F000
F000F000
F000F000
7800F000
7800F000
7C00F000
3F00F000
1FFFFFFF
0FFFFFFF
07FFFFFF
00FFFFFF
ENDCHAR
STARTCHAR oe
ENCODING 339
SWIDTH 1017 0
DWIDTH 37 0
BBX 34 19 1 0
BITMAP
03FC03F800
0FFF0FFE00
1FFF9FFF00
3F0FFE1F80
3C03F80780
7801F803C0
7801F003C0
7000FFFFC0
F000FFFFC0
F000FFFFC0
F000F00000
7000F00000
7801F00000
7801F80000
3C03FC0100
3F0FFE0780
1FFF9FFF80
0FFF0FFF00
03FC07FC00
ENDCHAR
STARTCHAR Racute
ENCODING 340
SWIDTH 695 0
DWIDTH 25 0
BBX 19 33 4 0
BITMAP
006000
00E000
03F000
07E000
0F0000
040000
000000
000000
FFFC00
FFFE00
FFFF00
FFFF80
E007C0
E003C0
E003C0
E003C0
E003C0
E003C0
E007C0
E00F80
FFFF80
FFFF00
FFFC00
FFFC00
E03C00
E03E00
E01E00
E01F00
E00F80
E00780
E007C0
E003C0
E003E0
ENDCHAR
STARTCHAR racute
ENCODING 341
SWIDTH 403 0
DWIDTH 15 0
BBX 11 28 3 0
BITMAP
0100
0780
0FC0
1F00
3E00
1800
0000
0000
0000
E3E0
E7E0
EFE0
FFC0
F800
F000
F000
E000
E000
E000
E000
E000
E000
E000
E000
E000
E000
E000
E000
ENDCHAR
STARTCHAR uni0156
ENCODING 342
SWIDTH 695 0
DWIDTH 25 0
BBX 19 34 4 -9
BITMAP
FFFC00
FFFE00
FFFF00
FFFF80
E007C0
E003C0
E003C0
E003C0
E003C0
E003C0
E007C0
E00F80
FFFF80
FFFF00
FFFC00
FFFC00
E03C00
E03E00
E01E00
E01F00
E00F80
E00780
E007C0
E003C0
E003E0
000000
000000
01E000
01F000
01F000
00E000
00E000
03C000
010000
ENDCHAR
STARTCHAR uni0157
ENCODING 343
SWIDTH 403 0
DWIDTH 15 0
BBX 13 28 1 -9
BITMAP
38F8
39F8
3BF8
3FF0
3E00
3C00
3C00
3800
3800
3800
3800
3800
3800
3800
3800
3800
3800
3800
3800
0000
0000
7800
7C00
7C00
3800
3800
F000
4000
ENDCHAR
STARTCHAR Rcaron
ENCODING 344
SWIDTH 695 0
DWIDTH 25 0
BBX 19 32 4 0
BITMAP
303000
7CF800
1FE000
0FC000
078000
000000
000000
FFFC00
FFFE00
FFFF00
FFFF80
E007C0
E003C0
E003C0
E003C0
E003C0
E003C0
E007C0
E00F80
FFFF80
FFFF00
FFFC00
FFFC00
E03C00
E03E00
E01E00
E01F00
E00F80
E00780
E007C0
E003C0
E003E0
ENDCHAR
STARTCHAR rcaron
ENCODING 345
SWIDTH 403 0
DWIDTH 15 0
BBX 11 27 3 0
BITMAP
6060
79E0
3FC0
1F80
0F00
0000
0000
0000
E3E0
E7E0
EFE0
FFC0
F800
F000
F000
E000
E000
E000
E000
E000
E000
E000
E000
E000
E000
E000
E000
ENDCHAR
STARTCHAR Sacute
ENCODING 346
SWIDTH 624 0
DWIDTH 22 0
BBX 18 33 2 0
BITMAP
000C00
001C00
007E00
00FC00
01E000
008000
000000
006000
07FE00
1FFF00
3FFF80
3E0FC0
7C03C0
780180
780100
780000
7C0000
3E0000
3FC000
1FFC00
0FFE00
03FF80
003FC0
0007C0
0003C0
2003C0
6001C0
7003C0
F803C0
7E0F80
3FFF80
1FFF00
07FC00
ENDCHAR
STARTCHAR sacute
ENCODING 347
SWIDTH 479 0
DWIDTH 17 0
BBX 15 28 1 0
BITMAP
0040
01E0
03F0
07C0
0F80
0600
0000
0000
0000
0FF0
1FF8
3FFE
783C
7808
7800
7800
7E00
3FE0
1FF8
07FC
00FC
001E
001E
301E
781C
FFFC
3FF8
0FF0
ENDCHAR
STARTCHAR Scircumflex
ENCODING 348
SWIDTH 624 0
DWIDTH 22 0
BBX 18 32 2 0
BITMAP
00F000
01F800
03FE00
0F0F00
040200
000000
006000
07FE00
1FFF00
3FFF80
3E0FC0
7C03C0
780180
780100
780000
7C0000
3E0000
3FC000
1FFC00
0FFE00
03FF80
003FC0
0007C0
0003C0
2003C0
6001C0
7003C0
F803C0
7E0F80
3FFF80
1FFF00
07FC00
ENDCHAR
STARTCHAR scircumflex
ENCODING 349
SWIDTH 479 0
DWIDTH 17 0
BBX 15 27 1 0
BITMAP
03C0
07E0
0FF0
3E7C
1818
0000
0000
0000
0FF0
1FF8
3FFE
783C
7808
7800
7800
7E00
3FE0
1FF8
07FC
00FC
001E
001E
301E
781C
FFFC
3FF8
0FF0
ENDCHAR
STARTCHAR Scedilla
ENCODING 350
SWIDTH 624 0
DWIDTH 22 0
BBX 18 35 2 -9
BITMAP
006000
07FE00
1FFF00
3FFF80
3E0FC0
7C03C0
780180
780100
780000
7C0000
3E0000
3FC000
1FFC00
0FFE00
03FF80
003FC0
0007C0
0003C0
2003C0
6001C0
7003C0
F803C0
7E0F80
3FFF80
1FFF00
07FC00
00E000
00C000
01F000
01F800
003C00
003800
00F800
03F000
018000
ENDCHAR
STARTCHAR scedilla
ENCODING 351
SWIDTH 479 0
DWIDTH 17 0
BBX 15 28 1 -9
BITMAP
0FF0
1FF8
3FFE
783C
7808
7800
7800
7E00
3FE0
1FF8
07FC
00FC
001E
001E
301E
781C
FFFC
3FF8
0FF0
0180
0300
07C0
07E0
00F0
00F0
09E0
07C0
0600
ENDCHAR
STARTCHAR Scaron
ENCODING 352
SWIDTH 624 0
DWIDTH 22 0
BBX 18 32 2 0
BITMAP
060600
0F9F00
03FC00
01F800
00F000
000000
006000
07FE00
1FFF00
3FFF80
3E0FC0
7C03C0
780180
780100
780000
7C0000
3E0000
3FC000
1FFC00
0FFE00
03FF80
003FC0
0007C0
0003C0
2003C0
6001C0
7003C0
F803C0
7E0F80
3FFF80
1FFF00
07FC00
ENDCHAR
STARTCHAR scaron
ENCODING 353
SWIDTH 479 0
DWIDTH 17 0
BBX 15 27 1 0
BITMAP
1818
1E78
0FF0
07E0
03C0
0000
0000
0000
0FF0
1FF8
3FFE
783C
7808
7800
7800
7E00
3FE0
1FF8
07FC
00FC
001E
001E
301E
781C
FFFC
3FF8
0FF0
ENDCHAR
STARTCHAR uni0162
ENCODING 354
SWIDTH 576 0
DWIDTH 21 0
BBX 18 34 1 -9
BITMAP
FFFFC0
FFFFC0
FFFFC0
FFFFC0
01E000
01E000
01E000
01E000
01E000
01E000
01E000
01E000
01E000
01E000
01E000
01E000
01E000
01E000
01E000
01E000
01E000
01E000
01E000
01E000
01E000
01C000
018000
03E000
03F000
007800
007000
01F000
07E000
030000
ENDCHAR
STARTCHAR uni0163
ENCODING 355
SWIDTH 384 0
DWIDTH 14 0
BBX 12 33 1 -9
BITMAP
0F00
0F00
0F00
0F00
0F00
FFF0
FFF0
FFF0
FFF0
0F00
0F00
0F00
0F00
0F00
0F00
0F00
0F00
0F00
0F00
0F00
0F00
0F00
0F00
0F00
0600
0C00
1F00
1F80
03C0
03C0
2780
1F00
1800
ENDCHAR
STARTCHAR Tcaron
ENCODING 356
SWIDTH 576 0
DWIDTH 21 0
BBX 18 32 1 0
BITMAP
0C0C00
1F3E00
07F800
03F000
01E000
000000
000000
FFFFC0
FFFFC0
FFFFC0
FFFFC0
01E000
01E000
01E000
01E000
01E000
01E000
01E000
01E000
01E000
01E000
01E000
01E000
01E000
01E000
01E000
01E000
01E000
01E000
01E000
01E000
01E000
ENDCHAR
STARTCHAR tcaron
ENCODING 357
SWIDTH 384 0
DWIDTH 14 0
BBX 15 29 1 0
BITMAP
0018
003C
003E
001E
001C
0F3C
0F70
0F00
0F00
0F00
FFF0
FFF0
FFF0
FFF0
0F00
0F00
0F00
0F00
0F00
0F00
0F00
0F00
0F00
0F00
0F00
0F00
0F00
0F00
0F00
ENDCHAR
STARTCHAR Tbar
ENCODING 358
SWIDTH 576 0
DWIDTH 21 0
BBX 18 25 1 0
BITMAP
FFFFC0
FFFFC0
FFFFC0
FFFFC0
01E000
01E000
01E000
01E000
01E000
01E000
01E000
07FC00
07FC00
07FC00
01E000
01E000
01E000
01E000
01E000
01E000
01E000
01E000
01E000
01E000
01E000
ENDCHAR
STARTCHAR tbar
ENCODING 359
SWIDTH 384 0
DWIDTH 14 0
BBX 12 24 1 0
BITMAP
0F00
0F00
0F00
0F00
0F00
FFF0
FFF0
FFF0
FFF0
0F00
0F00
0F00
0F00
7FE0
7FE0
7FE0
0F00
0F00
0F00
0F00
0F00
0F00
0F00
0F00
ENDCHAR
STARTCHAR Utilde
ENCODING 360
SWIDTH 740 0
DWIDTH 27 0
BBX 20 32 3 0
BITMAP
038300
07F700
0FFF00
0E7E00
000000
000000
000000
F00070
F00070
F00070
F00070
F00070
F00070
F00070
F00070
F00070
F00070
F00070
F00070
F00070
F00070
F00070
F00070
F00070
F800F0
7800F0
7C01F0
3E03E0
3FFFC0
1FFF80
0FFF00
03FC00
ENDCHAR
STARTCHAR utilde
ENCODING 361
SWIDTH 605 0
DWIDTH 22 0
BBX 16 27 3 0
BITMAP
0E1C
1F9C
1FF8
39F8
3860
0000
0000
0000
E00F
E00F
E00F
E00F
E00F
E00F
E00F
E00F
E00F
E00F
E00F
E00F
E00F
F00F
F01F
F83F
7FFF
3FEF
1FCF
ENDCHAR
STARTCHAR Umacron
ENCODING 362
SWIDTH 740 0
DWIDTH 27 0
BBX 20 31 3 0
BITMAP
0FFF00
0FFF00
0FFF00
000000
000000
000000
F00070
F00070
F00070
F00070
F00070
F00070
F00070
F00070
F00070
F00070
F00070
F00070
F00070
F00070
F00070
F00070
F00070
F800F0
7800F0
7C01F0
3E03E0
3FFFC0
1FFF80
0FFF00
03FC00
ENDCHAR
STARTCHAR umacron
ENCODING 363
SWIDTH 605 0
DWIDTH 22 0
BBX 16 26 3 0
BITMAP
1FF8
1FF8
1FF8
0000
0000
0000
0000
E00F
E00F
E00F
E00F
E00F
E00F
E00F
E00F
E00F
E00F
E00F
E00F
E00F
F00F
F01F
F83F
7FFF
3FEF
1FCF
ENDCHAR
STARTCHAR Ubreve
ENCODING 364
SWIDTH 740 0
DWIDTH 27 0
BBX 20 32 3 0
BITMAP
0E0700
070E00
07FE00
03FC00
00F000
000000
000000
F00070
F00070
F00070
F00070
F00070
F00070
F00070
F00070
F00070
F00070
F00070
F00070
F00070
F00070
F00070
F00070
F00070
F800F0
7800F0
7C01F0
3E03E0
3FFFC0
1FFF80
0FFF00
03FC00
ENDCHAR
STARTCHAR ubreve
ENCODING 365
SWIDTH 605 0
DWIDTH 22 0
BBX 16 27 3 0
BITMAP
381C
3C38
1E78
1FF0
0FF0
03C0
0000
0000
E00F
E00F
E00F
E00F
E00F
E00F
E00F
E00F
E00F
E00F
E00F
E00F
E00F
F00F
F01F
F83F
7FFF
3FEF
1FCF
ENDCHAR
STARTCHAR Uring
ENCODING 366
SWIDTH 740 0
DWIDTH 27 0
BBX 20 32 3 0
BITMAP
00F000
01F800
039C00
030C00
030C00
01F800
01F800
F06070
F00070
F00070
F00070
F00070
F00070
F00070
F00070
F00070
F00070
F00070
F00070
F00070
F00070
F00070
F00070
F00070
F800F0
7800F0
7C01F0
3E03E0
3FFFC0
1FFF80
0FFF00
03FC00
ENDCHAR
STARTCHAR uring
ENCODING 367
SWIDTH 605 0
DWIDTH 22 0
BBX 16 29 3 0
BITMAP
03C0
07E0
0E70
0C30
0E70
07E0
03C0
0000
0000
0000
E00F
E00F
E00F
E00F
E00F
E00F
E00F
E00F
E00F
E00F
E00F
E00F
E00F
F00F
F01F
F83F
7FFF
3FEF
1FCF
ENDCHAR
STARTCHAR Uhungarumlaut
ENCODING 368
SWIDTH 740 0
DWIDTH 27 0
BBX 20 34 3 0
BITMAP
004080
00E0C0
01F1E0
03E3E0
07C780
070F00
020400
000000
000000
F00070
F00070
F00070
F00070
F00070
F00070
F00070
F00070
F00070
F00070
F00070
F00070
F00070
F00070
F00070
F00070
F00070
F800F0
7800F0
7C01F0
3E03E0
3FFFC0
1FFF80
0FFF00
03FC00
ENDCHAR
STARTCHAR uhungarumlaut
ENCODING 369
SWIDTH 605 0
DWIDTH 22 0
BBX 16 28 3 0
BITMAP
040C
0E1C
1F3E
3E7C
78F0
6040
0000
0000
0000
E00F
E00F
E00F
E00F
E00F
E00F
E00F
E00F
E00F
E00F
E00F
E00F
E00F
F00F
F01F
F83F
7FFF
3FEF
1FCF
ENDCHAR
STARTCHAR Uogonek
ENCODING 370
SWIDTH 740 0
DWIDTH 27 0
BBX 20 32 3 -7
BITMAP
F00070
F00070
F00070
F00070
F00070
F00070
F00070
F00070
F00070
F00070
F00070
F00070
F00070
F00070
F00070
F00070
F00070
F800F0
7800F0
7C01F0
3E03E0
3FFFC0
1FFF80
0FFF00
03FE00
003800
007000
007000
007000
007F80
007F00
003E00
ENDCHAR
STARTCHAR uogonek
ENCODING 371
SWIDTH 605 0
DWIDTH 22 0
BBX 17 26 3 -7
BITMAP
E00F00
E00F00
E00F00
E00F00
E00F00
E00F00
E00F00
E00F00
E00F00
E00F00
E00F00
E00F00
E00F00
F00F00
F01F00
F83F00
7FFF00
3FEF00
1FCF00
001E00
003800
007800
007000
007F00
003F80
001F00
ENDCHAR
STARTCHAR Wcircumflex
ENCODING 372
SWIDTH 996 0
DWIDTH 36 0
BBX 34 32 1 0
BITMAP
0001E00000
0003F00000
0007FC0000
001E1E0000
0008040000
0000000000
0000000000
F0000003C0
F800000780
7800000780
7800000780
7801E00F80
3C01E00F00
3C03F00F00
3C03F01F00
1E07F01E00
1E07F81E00
1E07781E00
0F0F3C3C00
0F0F3C3C00
0F1E3C3C00
079E1E7800
079C1E7800
07BC0F7800
07BC0FF000
03F807F000
03F807F000
03F007E000
01F003E000
01F003E000
01E001C000
00E001C000
ENDCHAR
STARTCHAR wcircumflex
ENCODING 373
SWIDTH 800 0
DWIDTH 29 0
BBX 27 27 1 0
BITMAP
001E0000
003F0000
007F8000
01F3E000
00C0C000
00000000
00000000
00000000
F00001E0
F00001E0
700003C0
780E03C0
780E03C0
381F0780
3C1F0780
3C3F8780
1C3F8F00
1E7B8F00
1E73CF00
0EF1CE00
0FE1FE00
0FE0FE00
07E0FC00
07C07C00
07C07800
03807800
03803800
ENDCHAR
STARTCHAR Ycircumflex
ENCODING 374
SWIDTH 660 0
DWIDTH 24 0
BBX 23 32 0 0
BITMAP
003C00
007E00
00FF80
03C3C0
010080
000000
800000
7C003E
3C003C
3E007C
1F0078
0F00F0
0F81F0
07C1E0
03C3C0
01E7C0
01F780
00FF00
007F00
007E00
003C00
003C00
003C00
003C00
003C00
003C00
003C00
003C00
003C00
003C00
003C00
003C00
ENDCHAR
STARTCHAR ycircumflex
ENCODING 375
SWIDTH 581 0
DWIDTH 21 0
BBX 21 35 0 -8
BITMAP
00F000
01F800
03FC00
0F9F00
060600
000000
000000
000000
F800F8
7800F0
7C01F0
3C01E0
3C01E0
1E03E0
1E03C0
1F03C0
0F0780
0F8780
078700
078F00
03CF00
03DE00
01FE00
01FC00
01FC00
00FC00
00F800
007800
007000
00F000
00F000
01E000
01E000
01C000
03C000
ENDCHAR
STARTCHAR Ydieresis
ENCODING 376
SWIDTH 660 0
DWIDTH 24 0
BBX 23 32 0 0
BITMAP
01C380
03E7C0
03E7C0
03C7C0
018180
000000
800000
7C003E
3C003C
3E007C
1F0078
0F00F0
0F81F0
07C1E0
03C3C0
01E7C0
01F780
00FF00
007F00
007E00
003C00
003C00
003C00
003C00
003C00
003C00
003C00
003C00
003C00
003C00
003C00
003C00
ENDCHAR
STARTCHAR Zacute
ENCODING 377
SWIDTH 659 0
DWIDTH 24 0
BBX 20 33 2 0
BITMAP
000C00
001C00
007E00
00FC00
01E000
008000
000000
000000
7FFFE0
7FFFE0
7FFFE0
7FFFE0
0007C0
000780
000F00
001F00
003E00
003C00
007C00
00F800
01F000
01E000
03E000
07C000
0F8000
0F0000
1F0000
3E0000
7C0000
7FFFF0
FFFFF0
FFFFF0
FFFFF0
ENDCHAR
STARTCHAR zacute
ENCODING 378
SWIDTH 484 0
DWIDTH 17 0
BBX 14 28 2 0
BITMAP
0080
03C0
07E0
0F80
1F00
0C00
0000
0000
0000
FFFC
FFFC
FFFC
0078
00F8
00F0
01E0
03C0
07C0
0780
0F00
1E00
3E00
3C00
7800
F000
FFFC
FFFC
FFFC
ENDCHAR
STARTCHAR Zdotaccent
ENCODING 379
SWIDTH 659 0
DWIDTH 24 0
BBX 20 32 2 0
BITMAP
00F000
00F000
00F000
00F000
006000
000000
000000
7FFFE0
7FFFE0
7FFFE0
7FFFE0
0007C0
000780
000F00
001F00
003E00
003C00
007C00
00F800
01F000
01E000
03E000
07C000
0F8000
0F0000
1F0000
3E0000
7C0000
7FFFF0
FFFFF0
FFFFF0
FFFFF0
ENDCHAR
STARTCHAR zdotaccent
ENCODING 380
SWIDTH 484 0
DWIDTH 17 0
BBX 14 28 2 0
BITMAP
0300
0780
0780
0780
0780
0000
0000
0000
0000
FFFC
FFFC
FFFC
0078
00F8
00F0
01E0
03C0
07C0
0780
0F00
1E00
3E00
3C00
7800
F000
FFFC
FFFC
FFFC
ENDCHAR
STARTCHAR Zcaron
ENCODING 381
SWIDTH 659 0
DWIDTH 24 0
BBX 20 32 2 0
BITMAP
060600
0F9F00
03FC00
01F800
00F000
000000
000000
7FFFE0
7FFFE0
7FFFE0
7FFFE0
0007C0
000780
000F00
001F00
003E00
003C00
007C00
00F800
01F000
01E000
03E000
07C000
0F8000
0F0000
1F0000
3E0000
7C0000
7FFFF0
FFFFF0
FFFFF0
FFFFF0
ENDCHAR
STARTCHAR zcaron
ENCODING 382
SWIDTH 484 0
DWIDTH 17 0
BBX 14 27 2 0
BITMAP
3030
3CF0
1FE0
0FC0
0780
0000
0000
0000
FFFC
FFFC
FFFC
0078
00F8
00F0
01E0
03C0
07C0
0780
0F00
1E00
3E00
3C00
7800
F000
FFFC
FFFC
FFFC
ENDCHAR
STARTCHAR uni018F
ENCODING 399
SWIDTH 780 0
DWIDTH 28 0
BBX 24 26 2 0
BITMAP
003800
03FF80
0FFFE0
1FFFF0
3F01F8
1C007C
08003C
00001E
00000E
00000F
00000F
00000F
FFFFFF
FFFFFF
FFFFFF
F0000F
F0000F
F0000F
F8001E
78001E
7C003C
3E007C
1FC1F8
0FFFF0
07FFC0
01FF00
ENDCHAR
STARTCHAR florin
ENCODING 402
SWIDTH 519 0
DWIDTH 19 0
BBX 19 26 0 -1
BITMAP
000F80
003FE0
007FC0
007840
00F000
00F000
00F000
00E000
00E000
1FFF00
1FFF00
1FFF00
01E000
01C000
01C000
03C000
03C000
03C000
03C000
038000
038000
078000
078000
7F0000
FE0000
7C0000
ENDCHAR
STARTCHAR uni019D
ENCODING 413
SWIDTH 777 0
DWIDTH 28 0
BBX 25 32 -1 -7
BITMAP
0F000380
0F800380
0F800380
0FC00380
0FE00380
0FF00380
0EF00380
0E780380
0E7C0380
0F3E0380
0F1E0380
0F0F0380
0F0F8380
0F07C380
0F03C380
0F01E380
0F01F380
0F00FB80
0F007B80
0F003F80
0F003F80
0F001F80
0F000F80
0F000780
0F000780
0F000000
0F000000
1F000000
1E000000
FE000000
FC000000
70000000
ENDCHAR
STARTCHAR Ohorn
ENCODING 416
SWIDTH 782 0
DWIDTH 28 0
BBX 24 29 2 0
BITMAP
00000E
00000E
00001E
00183C
01FFFC
07FFF8
0FFFF0
1FC3F8
3F00FC
7C003E
78001E
78001F
F0000F
F0000F
F0000F
F0000F
F0000F
F0000F
F0000F
F0000F
F0000F
78001F
7C003E
3E003E
3F00FC
1FE7F8
0FFFF0
07FFE0
01FF80
ENDCHAR
STARTCHAR ohorn
ENCODING 417
SWIDTH 615 0
DWIDTH 22 0
BBX 20 23 1 0
BITMAP
000070
0000E0
0000E0
0000E0
03FFC0
0FFF80
1FFF80
3F0FC0
3C03C0
7801E0
7801E0
7000F0
F000F0
F000F0
F000F0
7000F0
7801E0
7801E0
3C03E0
3F0FC0
1FFF80
0FFF00
03FC00
ENDCHAR
STARTCHAR Uhorn
ENCODING 431
SWIDTH 740 0
DWIDTH 27 0
BBX 25 29 3 0
BITMAP
00000780
00000700
00000700
00000F00
F0007E00
F0007C00
F0007000
F0007000
F0007000
F0007000
F0007000
F0007000
F0007000
F0007000
F0007000
F0007000
F0007000
F0007000
F0007000
F0007000
F0007000
F800F000
7800F000
7C01F000
3E03E000
3FFFC000
1FFF8000
0FFF0000
03FC0000
ENDCHAR
STARTCHAR uhorn
ENCODING 432
SWIDTH 605 0
DWIDTH 22 0
BBX 19 23 3 0
BITMAP
0000E0
0000E0
0000E0
0001C0
E00FC0
E00F00
E00F00
E00F00
E00F00
E00F00
E00F00
E00F00
E00F00
E00F00
E00F00
E00F00
E00F00
F00F00
F01F00
F83F00
7FFF00
3FEF00
1FCF00
ENDCHAR
STARTCHAR uni01C4
ENCODING 452
SWIDTH 1362 0
DWIDTH 49 0
BBX 43 32 4 0
BITMAP
0000000C0C00
0000001F3E00
00000007F800
00000003F000
00000001E000
000000000000
000000000000
FFFC00FFFFC0
FFFF00FFFFC0
FFFF80FFFFC0
FFFFC0FFFFC0
E007E0000F80
E001F0000F00
E000F0001E00
E000F0003E00
E00078007C00
E00078007800
E0007800F800
E0007801F000
E0007803E000
E0007803C000
E0007807C000
E000780F8000
E000781F0000
E000F01E0000
E001F03E0000
E003F07C0000
E007E0F80000
FFFFC0FFFFE0
FFFF81FFFFE0
FFFE01FFFFE0
FFF801FFFFE0
ENDCHAR
STARTCHAR uni01C5
ENCODING 453
SWIDTH 1231 0
DWIDTH 44 0
BBX 39 27 4 0
BITMAP
0000001818
0000001E78
FFFC000FF0
FFFF0007E0
FFFF8003C0
FFFFC00000
E007E00000
E001F00000
E000F07FFE
E000F07FFE
E000787FFE
E00078003C
E00078007C
E000780078
E0007800F0
E0007801E0
E0007803E0
E0007803C0
E000780780
E000F00F00
E001F01F00
E003F01E00
E007E03C00
FFFFC07800
FFFF807FFE
FFFE007FFE
FFF8007FFE
ENDCHAR
STARTCHAR uni01C6
ENCODING 454
SWIDTH 1118 0
DWIDTH 40 0
BBX 38 27 1 0
BITMAP
0000E03030
0000E03CF0
0000E01FE0
0000E00FC0
0000E00780
0000E00000
0000E00000
0000E00000
03F8E0FFFC
0FFEE0FFFC
1FFFE0FFFC
3F0FE00078
3C03E000F8
7801E000F0
7801E001E0
7001E003C0
F000E007C0
F000E00780
F000E00F00
7000E01E00
7801E03E00
7801E03C00
3C03E07800
3E07E0F000
1FFFE0FFFC
0FFEE0FFFC
03F8E0FFFC
ENDCHAR
STARTCHAR uni01C7
ENCODING 455
SWIDTH 1241 0
DWIDTH 45 0
BBX 39 25 4 0
BITMAP
E000001FFE
E000001FFE
E000001FFE
E0000000E0
E0000000E0
E0000000E0
E0000000E0
E0000000E0
E0000000E0
E0000000E0
E0000000E0
E0000000E0
E0000000E0
E0000000E0
E0000000E0
E0000000E0
E0000000E0
E0000001E0
E0000201E0
E0000601E0
E0000F03E0
FFFE0FCFC0
FFFE07FFC0
FFFE03FF80
FFFE01FE00
ENDCHAR
STARTCHAR uni01C8
ENCODING 456
SWIDTH 864 0
DWIDTH 31 0
BBX 26 35 4 -7
BITMAP
00000300
00000780
000007C0
E0000780
E0000780
E0000000
E0000000
E0000000
E0000000
E0000780
E0000780
E0000780
E0000780
E0000780
E0000780
E0000780
E0000780
E0000780
E0000780
E0000780
E0000780
E0000780
E0000780
E0000780
FFFE0780
FFFE0780
FFFE0780
FFFE0780
00000780
00000780
00000780
00000F00
00007F00
00003E00
00003800
ENDCHAR
STARTCHAR uni01C9
ENCODING 457
SWIDTH 502 0
DWIDTH 18 0
BBX 14 35 3 -7
BITMAP
0030
E078
E07C
E078
E078
E000
E000
E000
E000
E078
E078
E078
E078
E078
E078
E078
E078
E078
E078
E078
E078
E078
E078
E078
E078
E078
E078
E078
0078
0078
0078
00F0
07F0
03E0
0380
ENDCHAR
STARTCHAR uni01CA
ENCODING 458
SWIDTH 1435 0
DWIDTH 52 0
BBX 46 25 4 0
BITMAP
F00078003FFC
F00078003FFC
F80078003FFC
FC00780001C0
FE00780001C0
FE00780001C0
FF00780001C0
EF80780001C0
E7C0780001C0
E3C0780001C0
E3E0780001C0
E1F0780001C0
E0F8780001C0
E078780001C0
E07C780001C0
E03E780001C0
E01F780001C0
E00F780003C0
E00FB80403C0
E007F80C03C0
E003F81E07C0
E001F81F9F80
E000F80FFF80
E000F807FF00
E0007803FC00
ENDCHAR
STARTCHAR uni01CB
ENCODING 459
SWIDTH 1058 0
DWIDTH 38 0
BBX 33 35 4 -7
BITMAP
0000000600
0000000F00
0000000F80
F000780F00
F000780F00
F800780000
FC00780000
FE00780000
FE00780000
FF00780F00
EF80780F00
E7C0780F00
E3C0780F00
E3E0780F00
E1F0780F00
E0F8780F00
E078780F00
E07C780F00
E03E780F00
E01F780F00
E00F780F00
E00FB80F00
E007F80F00
E003F80F00
E001F80F00
E000F80F00
E000F80F00
E000780F00
0000000F00
0000000F00
0000000F00
0000001E00
000000FE00
0000007C00
0000007000
ENDCHAR
STARTCHAR uni01CC
ENCODING 460
SWIDTH 860 0
DWIDTH 31 0
BBX 26 35 3 -7
BITMAP
00000300
00000780
000007C0
00000780
00000780
00000000
00000000
00000000
00000000
E3F80780
E7FC0780
EFFE0780
FC3E0780
F80F0780
F00F0780
E00F0780
E00F0780
E00F0780
E00F0780
E00F0780
E00F0780
E00F0780
E00F0780
E00F0780
E00F0780
E00F0780
E00F0780
E00F0780
00000780
00000780
00000780
00000F00
00007F00
00003E00
00003800
ENDCHAR
STARTCHAR uni01CD
ENCODING 461
SWIDTH 700 0
DWIDTH 25 0
BBX 23 32 1 0
BITMAP
018180
03E7C0
00FF00
007E00
003C00
000000
000000
007C00
007C00
007E00
00FE00
00EE00
01EF00
01EF00
01C780
03C780
03C780
0383C0
0783C0
0783C0
0F01E0
0F01E0
0FFFF0
1FFFF0
1FFFF0
3FFFF8
3C0078
3C007C
78003C
78003C
F0001E
F0001E
ENDCHAR
STARTCHAR uni01CE
ENCODING 462
SWIDTH 633 0
DWIDTH 23 0
BBX 19 27 1 0
BITMAP
060600
079E00
03FC00
01F800
00F000
000000
000000
000000
03F9E0
0FFDE0
1FFFE0
3F0FE0
7C03E0
7803E0
7801E0
7001E0
F000E0
F000E0
F000E0
7001E0
7801E0
7803E0
7C03E0
3F0FE0
1FFFE0
0FFDE0
07F1E0
ENDCHAR
STARTCHAR uni01CF
ENCODING 463
SWIDTH 478 0
DWIDTH 17 0
BBX 12 32 3 0
BITMAP
6060
F9F0
3FC0
1F80
0F00
0000
0000
FFF0
FFF0
FFF0
0F00
0F00
0F00
0F00
0F00
0F00
0F00
0F00
0F00
0F00
0F00
0F00
0F00
0F00
0F00
0F00
0F00
0F00
FFF0
FFF0
FFF0
FFF0
ENDCHAR
STARTCHAR uni01D0
ENCODING 464
SWIDTH 243 0
DWIDTH 9 0
BBX 10 27 -1 0
BITMAP
C0C0
F3C0
7F80
3F00
1E00
0000
0000
0000
0E00
0E00
0E00
0E00
0E00
0E00
0E00
0E00
0E00
0E00
0E00
0E00
0E00
0E00
0E00
0E00
0E00
0E00
0E00
ENDCHAR
STARTCHAR uni01D1
ENCODING 465
SWIDTH 782 0
DWIDTH 28 0
BBX 24 32 2 0
BITMAP
018180
03E7C0
00FF00
007E00
003C00
000000
001C00
01FF80
07FFE0
0FFFF0
1FC3F8
3F00FC
7C003E
78001E
78001F
F0000F
F0000F
F0000F
F0000F
F0000F
F0000F
F0000F
F0000F
F0000F
78001F
7C003E
3E003E
3F00FC
1FE7F8
0FFFF0
07FFE0
01FF80
ENDCHAR
STARTCHAR uni01D2
ENCODING 466
SWIDTH 615 0
DWIDTH 22 0
BBX 20 27 1 0
BITMAP
060600
079E00
03FC00
01F800
00F000
000000
000000
000000
03FC00
0FFF00
1FFF80
3F0FC0
3C03C0
7801E0
7801E0
7000F0
F000F0
F000F0
F000F0
7000F0
7801E0
7801E0
3C03E0
3F0FC0
1FFF80
0FFF00
03FC00
ENDCHAR
STARTCHAR uni01D3
ENCODING 467
SWIDTH 740 0
DWIDTH 27 0
BBX 20 32 3 0
BITMAP
060600
0F9F00
03FC00
01F800
00F000
000000
000000
F00070
F00070
F00070
F00070
F00070
F00070
F00070
F00070
F00070
F00070
F00070
F00070
F00070
F00070
F00070
F00070
F00070
F800F0
7800F0
7C01F0
3E03E0
3FFFC0
1FFF80
0FFF00
03FC00
ENDCHAR
STARTCHAR uni01D4
ENCODING 468
SWIDTH 605 0
DWIDTH 22 0
BBX 16 27 3 0
BITMAP
1818
1E78
0FF0
07E0
03C0
0000
0000
0000
E00F
E00F
E00F
E00F
E00F
E00F
E00F
E00F
E00F
E00F
E00F
E00F
E00F
F00F
F01F
F83F
7FFF
3FEF
1FCF
ENDCHAR
STARTCHAR Gcaron
ENCODING 486
SWIDTH 766 0
DWIDTH 28 0
BBX 24 32 2 0
BITMAP
00C0C0
01F3E0
007F80
003F00
001E00
000000
000000
00FFC0
03FFF0
0FFFF8
1FE3FC
3F007C
3E0038
7C0010
780000
F80000
F00000
F00000
F00000
F007FF
F007FF
F007FF
F007FF
F8000F
78000F
7C001E
3E003E
3F807C
1FF3FC
0FFFF0
03FFE0
00FF80
ENDCHAR
STARTCHAR gcaron
ENCODING 487
SWIDTH 649 0
DWIDTH 23 0
BBX 20 35 1 -8
BITMAP
030300
03CF00
01FE00
00FC00
007800
000000
000000
000000
03F8F0
0FFEF0
1FFFF0
3F0FF0
3C03F0
7801F0
7800F0
7000F0
F000F0
F000F0
F000F0
7000F0
7800F0
7801F0
3C03F0
3F07F0
1FFFF0
0FFEF0
03F8F0
0000F0
0000E0
0001E0
0801E0
0E07C0
1FFF80
1FFF00
03FC00
ENDCHAR
STARTCHAR uni01EA
ENCODING 490
SWIDTH 782 0
DWIDTH 28 0
BBX 24 33 2 -7
BITMAP
001C00
01FF80
07FFE0
0FFFF0
1FC3F8
3F00FC
7C003E
78001E
78001F
F0000F
F0000F
F0000F
F0000F
F0000F
F0000F
F0000F
F0000F
F0000F
78001F
7C003E
3E003E
3F00FC
1FE7F8
0FFFF0
07FFE0
01FF80
000F00
000E00
001C00
001C00
001FC0
000FE0
0007C0
ENDCHAR
STARTCHAR uni01EB
ENCODING 491
SWIDTH 615 0
DWIDTH 22 0
BBX 20 26 1 -7
BITMAP
03FC00
0FFF00
1FFF80
3F0FC0
3C03C0
7801E0
7801E0
7000F0
F000F0
F000F0
F000F0
7000F0
7801E0
7801E0
3C03E0
3F0FC0
1FFF80
0FFF00
03FC00
003800
007000
007000
007000
007F00
007F80
003E00
ENDCHAR
STARTCHAR uni01F1
ENCODING 497
SWIDTH 1362 0
DWIDTH 49 0
BBX 43 25 4 0
BITMAP
FFFC00FFFFC0
FFFF00FFFFC0
FFFF80FFFFC0
FFFFC0FFFFC0
E007E0000F80
E001F0000F00
E000F0001E00
E000F0003E00
E00078007C00
E00078007800
E0007800F800
E0007801F000
E0007803E000
E0007803C000
E0007807C000
E000780F8000
E000781F0000
E000F01E0000
E001F03E0000
E003F07C0000
E007E0F80000
FFFFC0FFFFE0
FFFF81FFFFE0
FFFE01FFFFE0
FFF801FFFFE0
ENDCHAR
STARTCHAR uni01F2
ENCODING 498
SWIDTH 1231 0
DWIDTH 44 0
BBX 39 25 4 0
BITMAP
FFFC000000
FFFF000000
FFFF800000
FFFFC00000
E007E00000
E001F00000
E000F07FFE
E000F07FFE
E000787FFE
E00078003C
E00078007C
E000780078
E0007800F0
E0007801E0
E0007803E0
E0007803C0
E000780780
E000F00F00
E001F01F00
E003F01E00
E007E03C00
FFFFC07800
FFFF807FFE
FFFE007FFE
FFF8007FFE
ENDCHAR
STARTCHAR Aringacute
ENCODING 506
SWIDTH 700 0
DWIDTH 25 0
BBX 23 39 1 0
BITMAP
000600
000E00
003F00
007E00
00F000
004000
000000
003C00
007E00
00E700
00C300
00C300
007E00
007E00
007C00
007C00
007E00
00FE00
00EE00
01EF00
01EF00
01C780
03C780
03C780
0383C0
0783C0
0783C0
0F01E0
0F01E0
0FFFF0
1FFFF0
1FFFF0
3FFFF8
3C0078
3C007C
78003C
78003C
F0001E
F0001E
ENDCHAR
STARTCHAR aringacute
ENCODING 507
SWIDTH 633 0
DWIDTH 23 0
BBX 19 36 1 0
BITMAP
001000
007800
00FC00
01F000
03E000
018000
000000
00F000
01F800
039C00
030C00
039C00
01F800
00F000
000000
000000
000000
03F9E0
0FFDE0
1FFFE0
3F0FE0
7C03E0
7803E0
7801E0
7001E0
F000E0
F000E0
F000E0
7001E0
7801E0
7803E0
7C03E0
3F0FE0
1FFFE0
0FFDE0
07F1E0
ENDCHAR
STARTCHAR AEacute
ENCODING 508
SWIDTH 969 0
DWIDTH 35 0
BBX 32 33 0 0
BITMAP
00000060
000000E0
000003F0
000007E0
00000F00
00000400
00000000
00000000
00007FFF
00007FFF
0000FFFF
0001F000
0003F000
0003F000
0007F000
000F7000
000E7000
001E7000
003C7000
00387FFE
00787FFE
00F07FFE
01E07000
01E07000
03FFF000
07FFF000
07FFF000
0F007000
1E007000
1E007000
3C007FFF
78007FFF
F0007FFF
ENDCHAR
STARTCHAR aeacute
ENCODING 509
SWIDTH 899 0
DWIDTH 32 0
BBX 30 28 1 0
BITMAP
00008000
0003C000
0007E000
000F8000
001F0000
000C0000
00000000
00000000
00000000
07F83F80
1FFCFFE0
3FFFFFF0
7C3FE1F0
380FC078
100F8038
000F003C
000F003C
1FFFFFFC
3FFFFFFC
7F0F0000
78070000
F0070000
F00F8000
F01FC010
783FF078
7FF9FFFC
3FF0FFF0
1FC03FC0
ENDCHAR
STARTCHAR Oslashacute
ENCODING 510
SWIDTH 770 0
DWIDTH 28 0
BBX 24 34 2 -1
BITMAP
000300
000700
001F80
003F00
007800
002000
000004
001C0E
01FF8F
07FFFE
0FFFFC
1FC3F8
3F00FC
7C01FE
7801FE
F803DF
F0078F
F00F0F
F01E0F
F01C0F
F03C0F
F0780F
F0F00F
F1E00F
F3C00F
7BC01E
7F803E
3F003C
3F00FC
3FE7F8
3FFFF0
7FFFE0
F1FF80
200000
ENDCHAR
STARTCHAR oslashacute
ENCODING 511
SWIDTH 615 0
DWIDTH 22 0
BBX 20 29 1 -1
BITMAP
001000
007800
00FC00
01F000
03E000
018000
000000
000000
000080
03FCC0
0FFFE0
1FFFC0
3F0FC0
3C0FC0
780FE0
781FE0
703CF0
F078F0
F0F0F0
F1E0F0
73C0F0
7BC1E0
7F81E0
3F03E0
3F0FC0
3FFF80
7FFF00
F3FC00
300000
ENDCHAR
STARTCHAR uni0200
ENCODING 512
SWIDTH 700 0
DWIDTH 25 0
BBX 23 34 1 0
BITMAP
040800
0C1C00
1E3E00
1F1F00
078F80
03C380
008100
000000
000000
007C00
007C00
007E00
00FE00
00EE00
01EF00
01EF00
01C780
03C780
03C780
0383C0
0783C0
0783C0
0F01E0
0F01E0
0FFFF0
1FFFF0
1FFFF0
3FFFF8
3C0078
3C007C
78003C
78003C
F0001E
F0001E
ENDCHAR
STARTCHAR uni0201
ENCODING 513
SWIDTH 633 0
DWIDTH 23 0
BBX 19 28 1 0
BITMAP
302000
387000
7CF800
3E7C00
0F1E00
020600
000000
000000
000000
03F9E0
0FFDE0
1FFFE0
3F0FE0
7C03E0
7803E0
7801E0
7001E0
F000E0
F000E0
F000E0
7001E0
7801E0
7803E0
7C03E0
3F0FE0
1FFFE0
0FFDE0
07F1E0
ENDCHAR
STARTCHAR uni0202
ENCODING 514
SWIDTH 700 0
DWIDTH 25 0
BBX 23 32 1 0
BITMAP
007E00
00FF00
01FF80
01C3C0
0381C0
000000
000000
007C00
007C00
007E00
00FE00
00EE00
01EF00
01EF00
01C780
03C780
03C780
0383C0
0783C0
0783C0
0F01E0
0F01E0
0FFFF0
1FFFF0
1FFFF0
3FFFF8
3C0078
3C007C
78003C
78003C
F0001E
F0001E
ENDCHAR
STARTCHAR uni0203
ENCODING 515
SWIDTH 633 0
DWIDTH 23 0
BBX 19 28 1 0
BITMAP
006000
01F800
03FC00
079E00
070E00
0E0700
000000
000000
000000
03F9E0
0FFDE0
1FFFE0
3F0FE0
7C03E0
7803E0
7801E0
7001E0
F000E0
F000E0
F000E0
7001E0
7801E0
7803E0
7C03E0
3F0FE0
1FFFE0
0FFDE0
07F1E0
ENDCHAR
STARTCHAR uni0204
ENCODING 516
SWIDTH 614 0
DWIDTH 22 0
BBX 16 34 3 0
BITMAP
2040
60E0
F1F0
F8F8
3C7C
1E1C
0408
0000
0000
7FFF
7FFF
7FFF
7FFF
7000
7000
7000
7000
7000
7000
7FFC
7FFC
7FFC
7FFC
7000
7000
7000
7000
7000
7000
7000
7FFF
7FFF
7FFF
7FFF
ENDCHAR
STARTCHAR uni0205
ENCODING 517
SWIDTH 586 0
DWIDTH 21 0
BBX 19 28 1 0
BITMAP
302000
387000
7CF800
3E7C00
0F1E00
020600
000000
000000
000000
03FC00
0FFE00
1FFF00
3F0F80
3C03C0
7803C0
7801C0
7FFFE0
FFFFE0
FFFFE0
F00000
700000
780000
780000
3C0100
3F0780
1FFFC0
0FFF80
03FE00
ENDCHAR
STARTCHAR uni0206
ENCODING 518
SWIDTH 614 0
DWIDTH 22 0
BBX 15 32 4 0
BITMAP
07E0
0FF0
1FF8
1C3C
381C
0000
0000
FFFE
FFFE
FFFE
FFFE
E000
E000
E000
E000
E000
E000
FFF8
FFF8
FFF8
FFF8
E000
E000
E000
E000
E000
E000
E000
FFFE
FFFE
FFFE
FFFE
ENDCHAR
STARTCHAR uni0207
ENCODING 519
SWIDTH 586 0
DWIDTH 21 0
BBX 19 28 1 0
BITMAP
006000
01F800
03FC00
079E00
070E00
0E0700
000000
000000
000000
03FC00
0FFE00
1FFF00
3F0F80
3C03C0
7803C0
7801C0
7FFFE0
FFFFE0
FFFFE0
F00000
700000
780000
780000
3C0100
3F0780
1FFFC0
0FFF80
03FE00
ENDCHAR
STARTCHAR uni0208
ENCODING 520
SWIDTH 478 0
DWIDTH 17 0
BBX 15 34 0 0
BITMAP
2040
60E0
F1F0
F8F8
3C7C
1E1C
0408
0000
0000
1FFE
1FFE
1FFE
01E0
01E0
01E0
01E0
01E0
01E0
01E0
01E0
01E0
01E0
01E0
01E0
01E0
01E0
01E0
01E0
01E0
01E0
1FFE
1FFE
1FFE
1FFE
ENDCHAR
STARTCHAR uni0209
ENCODING 521
SWIDTH 243 0
DWIDTH 9 0
BBX 14 28 -5 0
BITMAP
6040
70E0
F9F0
7CF8
1E3C
040C
0000
0000
0000
00E0
00E0
00E0
00E0
00E0
00E0
00E0
00E0
00E0
00E0
00E0
00E0
00E0
00E0
00E0
00E0
00E0
00E0
00E0
ENDCHAR
STARTCHAR uni020A
ENCODING 522
SWIDTH 478 0
DWIDTH 17 0
BBX 12 32 3 0
BITMAP
1F80
3FC0
7FE0
70F0
E070
0000
0000
FFF0
FFF0
FFF0
0F00
0F00
0F00
0F00
0F00
0F00
0F00
0F00
0F00
0F00
0F00
0F00
0F00
0F00
0F00
0F00
0F00
0F00
FFF0
FFF0
FFF0
FFF0
ENDCHAR
STARTCHAR uni020B
ENCODING 523
SWIDTH 243 0
DWIDTH 9 0
BBX 12 28 -2 0
BITMAP
0600
1F80
3FC0
79E0
70E0
E070
0000
0000
0000
0700
0700
0700
0700
0700
0700
0700
0700
0700
0700
0700
0700
0700
0700
0700
0700
0700
0700
0700
ENDCHAR
STARTCHAR uni020C
ENCODING 524
SWIDTH 782 0
DWIDTH 28 0
BBX 24 34 2 0
BITMAP
040800
0C1C00
1E3E00
1F1F00
078F80
03C380
008100
000000
001C00
01FF80
07FFE0
0FFFF0
1FC3F8
3F00FC
7C003E
78001E
78001F
F0000F
F0000F
F0000F
F0000F
F0000F
F0000F
F0000F
F0000F
F0000F
78001F
7C003E
3E003E
3F00FC
1FE7F8
0FFFF0
07FFE0
01FF80
ENDCHAR
STARTCHAR uni020D
ENCODING 525
SWIDTH 615 0
DWIDTH 22 0
BBX 20 28 1 0
BITMAP
302000
387000
7CF800
3E7C00
0F1E00
020600
000000
000000
000000
03FC00
0FFF00
1FFF80
3F0FC0
3C03C0
7801E0
7801E0
7000F0
F000F0
F000F0
F000F0
7000F0
7801E0
7801E0
3C03E0
3F0FC0
1FFF80
0FFF00
03FC00
ENDCHAR
STARTCHAR uni020E
ENCODING 526
SWIDTH 782 0
DWIDTH 28 0
BBX 24 32 2 0
BITMAP
007E00
00FF00
01FF80
01C3C0
0381C0
000000
001C00
01FF80
07FFE0
0FFFF0
1FC3F8
3F00FC
7C003E
78001E
78001F
F0000F
F0000F
F0000F
F0000F
F0000F
F0000F
F0000F
F0000F
F0000F
78001F
7C003E
3E003E
3F00FC
1FE7F8
0FFFF0
07FFE0
01FF80
ENDCHAR
STARTCHAR uni020F
ENCODING 527
SWIDTH 615 0
DWIDTH 22 0
BBX 20 28 1 0
BITMAP
006000
01F800
03FC00
079E00
070E00
0E0700
000000
000000
000000
03FC00
0FFF00
1FFF80
3F0FC0
3C03C0
7801E0
7801E0
7000F0
F000F0
F000F0
F000F0
7000F0
7801E0
7801E0
3C03E0
3F0FC0
1FFF80
0FFF00
03FC00
ENDCHAR
STARTCHAR uni0210
ENCODING 528
SWIDTH 695 0
DWIDTH 25 0
BBX 20 34 3 0
BITMAP
204000
60E000
F1F000
F8F800
3C7C00
1E1C00
040800
000000
000000
7FFE00
7FFF00
7FFF80
7FFFC0
7003E0
7001E0
7001E0
7001E0
7001E0
7001E0
7003E0
7007C0
7FFFC0
7FFF80
7FFE00
7FFE00
701E00
701F00
700F00
700F80
7007C0
7003C0
7003E0
7001E0
7001F0
ENDCHAR
STARTCHAR uni0211
ENCODING 529
SWIDTH 403 0
DWIDTH 15 0
BBX 15 28 -1 0
BITMAP
6040
70E0
F9F0
7CF8
1E3C
040C
0000
0000
0000
0E3E
0E7E
0EFE
0FFC
0F80
0F00
0F00
0E00
0E00
0E00
0E00
0E00
0E00
0E00
0E00
0E00
0E00
0E00
0E00
ENDCHAR
STARTCHAR uni0212
ENCODING 530
SWIDTH 695 0
DWIDTH 25 0
BBX 19 32 4 0
BITMAP
0FC000
1FE000
3FF000
387800
703800
000000
000000
FFFC00
FFFE00
FFFF00
FFFF80
E007C0
E003C0
E003C0
E003C0
E003C0
E003C0
E007C0
E00F80
FFFF80
FFFF00
FFFC00
FFFC00
E03C00
E03E00
E01E00
E01F00
E00F80
E00780
E007C0
E003C0
E003E0
ENDCHAR
STARTCHAR uni0213
ENCODING 531
SWIDTH 403 0
DWIDTH 15 0
BBX 12 28 3 0
BITMAP
0600
1F80
3FC0
79E0
70E0
E070
0000
0000
0000
E3E0
E7E0
EFE0
FFC0
F800
F000
F000
E000
E000
E000
E000
E000
E000
E000
E000
E000
E000
E000
E000
ENDCHAR
STARTCHAR uni0214
ENCODING 532
SWIDTH 740 0
DWIDTH 27 0
BBX 20 34 3 0
BITMAP
102000
307000
78F800
7C7C00
1E3E00
0F0E00
020400
000000
000000
F00070
F00070
F00070
F00070
F00070
F00070
F00070
F00070
F00070
F00070
F00070
F00070
F00070
F00070
F00070
F00070
F00070
F800F0
7800F0
7C01F0
3E03E0
3FFFC0
1FFF80
0FFF00
03FC00
ENDCHAR
STARTCHAR uni0215
ENCODING 533
SWIDTH 605 0
DWIDTH 22 0
BBX 17 28 2 0
BITMAP
604000
70E000
F9F000
7CF800
1E3C00
040C00
000000
000000
000000
700780
700780
700780
700780
700780
700780
700780
700780
700780
700780
700780
700780
700780
780780
780F80
7C1F80
3FFF80
1FF780
0FE780
ENDCHAR
STARTCHAR uni0216
ENCODING 534
SWIDTH 740 0
DWIDTH 27 0
BBX 20 32 3 0
BITMAP
01F800
03FC00
07FE00
070F00
0E0700
000000
000000
F00070
F00070
F00070
F00070
F00070
F00070
F00070
F00070
F00070
F00070
F00070
F00070
F00070
F00070
F00070
F00070
F00070
F800F0
7800F0
7C01F0
3E03E0
3FFFC0
1FFF80
0FFF00
03FC00
ENDCHAR
STARTCHAR uni0217
ENCODING 535
SWIDTH 605 0
DWIDTH 22 0
BBX 16 28 3 0
BITMAP
0180
07E0
0FF0
1E78
1C38
381C
0000
0000
0000
E00F
E00F
E00F
E00F
E00F
E00F
E00F
E00F
E00F
E00F
E00F
E00F
E00F
F00F
F01F
F83F
7FFF
3FEF
1FCF
ENDCHAR
STARTCHAR uni0218
ENCODING 536
SWIDTH 624 0
DWIDTH 22 0
BBX 18 35 2 -9
BITMAP
006000
07FE00
1FFF00
3FFF80
3E0FC0
7C03C0
780180
780100
780000
7C0000
3E0000
3FC000
1FFC00
0FFE00
03FF80
003FC0
0007C0
0003C0
2003C0
6001C0
7003C0
F803C0
7E0F80
3FFF80
1FFF00
07FC00
000000
000000
00F000
00F800
00F800
007000
007000
01E000
008000
ENDCHAR
STARTCHAR uni0219
ENCODING 537
SWIDTH 479 0
DWIDTH 17 0
BBX 15 28 1 -9
BITMAP
0FF0
1FF8
3FFE
783C
7808
7800
7800
7E00
3FE0
1FF8
07FC
00FC
001E
001E
301E
781C
FFFC
3FF8
0FF0
0000
0000
03C0
03E0
03E0
01C0
01C0
0780
0200
ENDCHAR
STARTCHAR uni021A
ENCODING 538
SWIDTH 576 0
DWIDTH 21 0
BBX 18 34 1 -9
BITMAP
FFFFC0
FFFFC0
FFFFC0
FFFFC0
01E000
01E000
01E000
01E000
01E000
01E000
01E000
01E000
01E000
01E000
01E000
01E000
01E000
01E000
01E000
01E000
01E000
01E000
01E000
01E000
01E000
000000
000000
01E000
01F000
01F000
00E000
00E000
03C000
010000
ENDCHAR
STARTCHAR uni021B
ENCODING 539
SWIDTH 384 0
DWIDTH 14 0
BBX 12 33 1 -9
BITMAP
0F00
0F00
0F00
0F00
0F00
FFF0
FFF0
FFF0
FFF0
0F00
0F00
0F00
0F00
0F00
0F00
0F00
0F00
0F00
0F00
0F00
0F00
0F00
0F00
0F00
0000
0000
0F00
0F80
0F80
0700
0700
1E00
0800
ENDCHAR
STARTCHAR uni022A
ENCODING 554
SWIDTH 782 0
DWIDTH 28 0
BBX 24 36 2 0
BITMAP
03FFC0
03FFC0
03FFC0
000000
01C380
03E7C0
03E7C0
03C7C0
018180
000000
001C00
01FF80
07FFE0
0FFFF0
1FC3F8
3F00FC
7C003E
78001E
78001F
F0000F
F0000F
F0000F
F0000F
F0000F
F0000F
F0000F
F0000F
F0000F
78001F
7C003E
3E003E
3F00FC
1FE7F8
0FFFF0
07FFE0
01FF80
ENDCHAR
STARTCHAR uni022B
ENCODING 555
SWIDTH 615 0
DWIDTH 22 0
BBX 20 33 1 0
BITMAP
07FE00
07FE00
07FE00
000000
000000
070E00
0F9F00
0F9F00
0F9F00
070E00
000000
000000
000000
000000
03FC00
0FFF00
1FFF80
3F0FC0
3C03C0
7801E0
7801E0
7000F0
F000F0
F000F0
F000F0
7000F0
7801E0
7801E0
3C03E0
3F0FC0
1FFF80
0FFF00
03FC00
ENDCHAR
STARTCHAR uni022C
ENCODING 556
SWIDTH 782 0
DWIDTH 28 0
BBX 24 36 2 0
BITMAP
03FFC0
03FFC0
03FFC0
000000
00E0C0
01FDC0
03FFC0
039F80
000000
000000
001C00
01FF80
07FFE0
0FFFF0
1FC3F8
3F00FC
7C003E
78001E
78001F
F0000F
F0000F
F0000F
F0000F
F0000F
F0000F
F0000F
F0000F
F0000F
78001F
7C003E
3E003E
3F00FC
1FE7F8
0FFFF0
07FFE0
01FF80
ENDCHAR
STARTCHAR uni022D
ENCODING 557
SWIDTH 615 0
DWIDTH 22 0
BBX 20 33 1 0
BITMAP
07FE00
07FE00
07FE00
000000
000000
000000
038700
07E700
07FE00
0E7E00
0E1800
000000
000000
000000
03FC00
0FFF00
1FFF80
3F0FC0
3C03C0
7801E0
7801E0
7000F0
F000F0
F000F0
F000F0
7000F0
7801E0
7801E0
3C03E0
3F0FC0
1FFF80
0FFF00
03FC00
ENDCHAR
STARTCHAR uni0230
ENCODING 560
SWIDTH 782 0
DWIDTH 28 0
BBX 24 36 2 0
BITMAP
03FFC0
03FFC0
03FFC0
000000
003C00
003C00
003C00
003C00
001800
000000
001C00
01FF80
07FFE0
0FFFF0
1FC3F8
3F00FC
7C003E
78001E
78001F
F0000F
F0000F
F0000F
F0000F
F0000F
F0000F
F0000F
F0000F
F0000F
78001F
7C003E
3E003E
3F00FC
1FE7F8
0FFFF0
07FFE0
01FF80
ENDCHAR
STARTCHAR uni0231
ENCODING 561
SWIDTH 615 0
DWIDTH 22 0
BBX 20 33 1 0
BITMAP
07FE00
07FE00
07FE00
000000
000000
006000
00F000
00F000
00F000
00F000
000000
000000
000000
000000
03FC00
0FFF00
1FFF80
3F0FC0
3C03C0
7801E0
7801E0
7000F0
F000F0
F000F0
F000F0
7000F0
7801E0
7801E0
3C03E0
3F0FC0
1FFF80
0FFF00
03FC00
ENDCHAR
STARTCHAR uni0232
ENCODING 562
SWIDTH 660 0
DWIDTH 24 0
BBX 23 31 0 0
BITMAP
03FFC0
03FFC0
03FFC0
000000
000000
800000
7C003E
3C003C
3E007C
1F0078
0F00F0
0F81F0
07C1E0
03C3C0
01E7C0
01F780
00FF00
007F00
007E00
003C00
003C00
003C00
003C00
003C00
003C00
003C00
003C00
003C00
003C00
003C00
003C00
ENDCHAR
STARTCHAR uni0233
ENCODING 563
SWIDTH 581 0
DWIDTH 21 0
BBX 21 34 0 -8
BITMAP
07FE00
07FE00
07FE00
000000
000000
000000
000000
F800F8
7800F0
7C01F0
3C01E0
3C01E0
1E03E0
1E03C0
1F03C0
0F0780
0F8780
078700
078F00
03CF00
03DE00
01FE00
01FC00
01FC00
00FC00
00F800
007800
007000
00F000
00F000
01E000
01E000
01C000
03C000
ENDCHAR
STARTCHAR uni0237
ENCODING 567
SWIDTH 263 0
DWIDTH 9 0
BBX 8 26 -1 -7
BITMAP
0F
0F
0F
0F
0F
0F
0F
0F
0F
0F
0F
0F
0F
0F
0F
0F
0F
0F
0F
0F
0F
1F
1E
FE
FC
70
ENDCHAR
STARTCHAR uni0259
ENCODING 601
SWIDTH 586 0
DWIDTH 21 0
BBX 19 19 1 0
BITMAP
07F800
1FFE00
7FFF00
3C1F80
100780
0003C0
0003C0
0001C0
0001E0
FFFFE0
FFFFE0
FFFFC0
7001C0
7803C0
780780
3E0F80
1FFF00
0FFE00
07F800
ENDCHAR
STARTCHAR uni0272
ENCODING 626
SWIDTH 609 0
DWIDTH 22 0
BBX 20 26 -1 -7
BITMAP
0F1F80
0F7FE0
0FFFE0
0FE1F0
0F80F0
0F00F0
0F0070
0F0070
0F0070
0F0070
0F0070
0F0070
0F0070
0F0070
0F0070
0F0070
0F0070
0F0070
0F0070
0F0000
0F0000
0F0000
1E0000
FE0000
7C0000
700000
ENDCHAR
STARTCHAR uni02BB
ENCODING 699
SWIDTH 241 0
DWIDTH 9 0
BBX 7 10 1 17
BITMAP
0C
1E
38
70
70
F8
FC
7C
7C
18
ENDCHAR
STARTCHAR uni02BC
ENCODING 700
SWIDTH 205 0
DWIDTH 7 0
BBX 5 9 1 16
BITMAP
78
78
78
70
70
70
60
E0
E0
ENDCHAR
STARTCHAR uni02BE
ENCODING 702
SWIDTH 221 0
DWIDTH 8 0
BBX 4 8 2 19
BITMAP
80
E0
F0
30
30
70
E0
C0
ENDCHAR
STARTCHAR uni02BF
ENCODING 703
SWIDTH 221 0
DWIDTH 8 0
BBX 4 8 1 19
BITMAP
10
70
70
C0
C0
E0
70
30
ENDCHAR
STARTCHAR circumflex
ENCODING 710
SWIDTH 500 0
DWIDTH 18 0
BBX 12 5 3 22
BITMAP
0F00
1F80
3FC0
F9F0
6060
ENDCHAR
STARTCHAR caron
ENCODING 711
SWIDTH 500 0
DWIDTH 18 0
BBX 10 5 4 22
BITMAP
C0C0
F3C0
7F80
3F00
1E00
ENDCHAR
STARTCHAR uni02C8
ENCODING 712
SWIDTH 231 0
DWIDTH 8 0
BBX 4 13 2 13
BITMAP
F0
F0
F0
F0
F0
F0
F0
F0
F0
F0
F0
F0
F0
ENDCHAR
STARTCHAR uni02CC
ENCODING 716
SWIDTH 231 0
DWIDTH 8 0
BBX 4 12 2 -5
BITMAP
F0
F0
F0
F0
F0
F0
F0
F0
F0
F0
F0
F0
ENDCHAR
STARTCHAR breve
ENCODING 728
SWIDTH 402 0
DWIDTH 14 0
BBX 12 6 3 21
BITMAP
E070
F0E0
79E0
7FC0
3FC0
0F00
ENDCHAR
STARTCHAR dotaccent
ENCODING 729
SWIDTH 500 0
DWIDTH 18 0
BBX 4 5 7 23
BITMAP
60
F0
F0
F0
F0
ENDCHAR
STARTCHAR ring
ENCODING 730
SWIDTH 500 0
DWIDTH 18 0
BBX 8 7 5 22
BITMAP
3C
7E
E7
C3
E7
7E
3C
ENDCHAR
STARTCHAR ogonek
ENCODING 731
SWIDTH 500 0
DWIDTH 18 0
BBX 8 8 5 -7
BITMAP
1E
3C
70
F0
E0
FE
7F
3E
ENDCHAR
STARTCHAR tilde
ENCODING 732
SWIDTH 500 0
DWIDTH 18 0
BBX 12 5 3 22
BITMAP
3870
7E70
7FE0
E7E0
E180
ENDCHAR
STARTCHAR hungarumlaut
ENCODING 733
SWIDTH 500 0
DWIDTH 18 0
BBX 14 6 2 22
BITMAP
0818
1C38
3E7C
7CF8
F1E0
C080
ENDCHAR
STARTCHAR gravecomb
ENCODING 768
SWIDTH 0 0
DWIDTH 0 0
BBX 8 6 5 22
BITMAP
20
78
FC
3E
1F
06
ENDCHAR
STARTCHAR acutecomb
ENCODING 769
SWIDTH 0 0
DWIDTH 0 0
BBX 8 6 5 22
BITMAP
04
1E
3F
7C
F8
60
ENDCHAR
STARTCHAR uni0302
ENCODING 770
SWIDTH 0 0
DWIDTH 0 0
BBX 12 5 3 22
BITMAP
0F00
1F80
3FC0
F9F0
6060
ENDCHAR
STARTCHAR tildecomb
ENCODING 771
SWIDTH 0 0
DWIDTH 0 0
BBX 12 5 3 22
BITMAP
3870
7E70
7FE0
E7E0
E180
ENDCHAR
STARTCHAR uni0304
ENCODING 772
SWIDTH 0 0
DWIDTH 0 0
BBX 10 3 4 23
BITMAP
FFC0
FFC0
FFC0
ENDCHAR
STARTCHAR uni0306
ENCODING 774
SWIDTH 0 0
DWIDTH 0 0
BBX 12 6 3 21
BITMAP
E070
F0E0
79E0
7FC0
3FC0
0F00
ENDCHAR
STARTCHAR uni0307
ENCODING 775
SWIDTH 0 0
DWIDTH 0 0
BBX 4 5 7 23
BITMAP
60
F0
F0
F0
F0
ENDCHAR
STARTCHAR uni0308
ENCODING 776
SWIDTH 0 0
DWIDTH 0 0
BBX 12 5 3 23
BITMAP
70E0
F9F0
F9F0
F9F0
70E0
ENDCHAR
STARTCHAR hookabovecomb
ENCODING 777
SWIDTH 0 0
DWIDTH 0 0
BBX 7 7 6 21
BITMAP
FC
FC
8E
1C
38
30
20
ENDCHAR
STARTCHAR uni030A
ENCODING 778
SWIDTH 0 0
DWIDTH 0 0
BBX 8 7 5 22
BITMAP
3C
7E
E7
C3
E7
7E
3C
ENDCHAR
STARTCHAR uni030B
ENCODING 779
SWIDTH 0 0
DWIDTH 0 0
BBX 14 6 2 22
BITMAP
0818
1C38
3E7C
7CF8
F1E0
C080
ENDCHAR
STARTCHAR uni030C
ENCODING 780
SWIDTH 0 0
DWIDTH 0 0
BBX 10 5 4 22
BITMAP
C0C0
F3C0
7F80
3F00
1E00
ENDCHAR
STARTCHAR uni030F
ENCODING 783
SWIDTH 0 0
DWIDTH 0 0
BBX 14 6 2 22
BITMAP
6040
70E0
F9F0
7CF8
1E3C
040C
ENDCHAR
STARTCHAR uni0311
ENCODING 785
SWIDTH 0 0
DWIDTH 0 0
BBX 12 6 3 22
BITMAP
0600
1F80
3FC0
79E0
70E0
E070
ENDCHAR
STARTCHAR uni0312
ENCODING 786
SWIDTH 0 0
DWIDTH 0 0
BBX 6 7 6 22
BITMAP
08
3C
70
F0
F8
F8
78
ENDCHAR
STARTCHAR uni031B
ENCODING 795
SWIDTH 0 0
DWIDTH 0 0
BBX 6 6 6 16
BITMAP
1C
1C
1C
38
F8
E0
ENDCHAR
STARTCHAR dotbelowcomb
ENCODING 803
SWIDTH 0 0
DWIDTH 0 0
BBX 4 4 7 -7
BITMAP
F0
F0
F0
F0
ENDCHAR
STARTCHAR uni0324
ENCODING 804
SWIDTH 0 0
DWIDTH 0 0
BBX 12 4 3 -7
BITMAP
F0F0
F9F0
F9F0
F1F0
ENDCHAR
STARTCHAR uni0326
ENCODING 806
SWIDTH 0 0
DWIDTH 0 0
BBX 6 7 6 -9
BITMAP
78
7C
7C
38
38
F0
40
ENDCHAR
STARTCHAR uni0327
ENCODING 807
SWIDTH 0 0
DWIDTH 0 0
BBX 8 10 5 -9
BITMAP
1C
18
30
7C
7E
0F
0F
9E
7C
60
ENDCHAR
STARTCHAR uni0328
ENCODING 808
SWIDTH 0 0
DWIDTH 0 0
BBX 8 8 5 -7
BITMAP
1E
3C
70
F0
E0
FE
7F
3E
ENDCHAR
STARTCHAR uni032E
ENCODING 814
SWIDTH 0 0
DWIDTH 0 0
BBX 12 6 3 -8
BITMAP
2040
E070
70E0
7FE0
3FC0
1F80
ENDCHAR
STARTCHAR uni0331
ENCODING 817
SWIDTH 0 0
DWIDTH 0 0
BBX 10 2 4 -6
BITMAP
FFC0
FFC0
ENDCHAR
STARTCHAR uni0335
ENCODING 821
SWIDTH 0 0
DWIDTH 0 0
BBX 10 3 4 9
BITMAP
FFC0
FFC0
FFC0
ENDCHAR
STARTCHAR uni0394
ENCODING 916
SWIDTH 711 0
DWIDTH 26 0
BBX 25 26 0 0
BITMAP
00080000
00080000
000C0000
001C0000
001E0000
003E0000
003F0000
007F0000
00778000
00F38000
00E3C000
01E1C000
01C1E000
03C0E000
0380F000
07807000
07007800
07003800
0F003C00
0E001C00
1E001E00
1C000E00
3C000F00
3FFFFF00
7FFFFF80
FFFFFF80
ENDCHAR
STARTCHAR uni03A9
ENCODING 937
SWIDTH 675 0
DWIDTH 24 0
BBX 22 26 1 0
BITMAP
003800
03FF00
0FFFC0
1FFFE0
3F03F0
3C00F8
780078
70003C
F0003C
F0001C
E0001C
E0001C
E0001C
F0001C
F0001C
70003C
700038
780038
380070
3C00F0
1E00E0
0E01E0
0703C0
FF87FC
FF87FC
FF87FC
ENDCHAR
STARTCHAR uni03BC
ENCODING 956
SWIDTH 586 0
DWIDTH 21 0
BBX 16 25 3 -6
BITMAP
E00F
E00F
E00F
E00F
E00F
E00F
E00F
E00F
E00F
E00F
E00F
E00F
E00F
F01F
F01F
F83F
FFFF
FFEF
EFCF
E000
E000
E000
E000
E000
E000
ENDCHAR
STARTCHAR pi
ENCODING 960
SWIDTH 614 0
DWIDTH 22 0
BBX 20 19 1 0
BITMAP
FFFFF0
FFFFF0
FFFFF0
FFFFF0
1C0380
1C0380
1C0380
1C0380
1C0380
1C0380
1C0380
1C0380
1C0380
1C0380
1C0380
1C0380
1C0380
1C0380
1C0380
ENDCHAR
STARTCHAR uni1E08
ENCODING 7688
SWIDTH 679 0
DWIDTH 24 0
BBX 21 42 2 -9
BITMAP
000300
000700
001F80
003F00
007800
002000
000000
000000
01FF80
07FFE0
0FFFF0
1FF7F8
3F00F8
3E0070
7C0020
780000
F00000
F00000
F00000
F00000
F00000
F00000
F00000
F00000
F00000
780000
7C0000
7E0020
3F00F0
1FFFF8
0FFFF0
07FFE0
01FF80
003800
003000
007C00
007E00
000F00
000E00
003E00
00FC00
006000
ENDCHAR
STARTCHAR uni1E09
ENCODING 7689
SWIDTH 535 0
DWIDTH 19 0
BBX 17 37 1 -9
BITMAP
001000
007800
00FC00
01F000
03E000
018000
000000
000000
000000
03FC00
0FFE00
1FFF80
3F0F80
3C0380
780100
780000
700000
F00000
F00000
F00000
700000
780000
780100
3C0300
3F0F80
1FFF80
0FFF00
03FC00
006000
00C000
01F000
01F800
003C00
003C00
027800
01F000
018000
ENDCHAR
STARTCHAR uni1E0C
ENCODING 7692
SWIDTH 748 0
DWIDTH 27 0
BBX 21 32 4 -7
BITMAP
FFFC00
FFFF00
FFFF80
FFFFC0
E007E0
E001F0
E000F0
E000F0
E00078
E00078
E00078
E00078
E00078
E00078
E00078
E00078
E00078
E000F0
E001F0
E003F0
E007E0
FFFFC0
FFFF80
FFFE00
FFF800
000000
000000
000000
01E000
01E000
01E000
01E000
ENDCHAR
STARTCHAR uni1E0D
ENCODING 7693
SWIDTH 634 0
DWIDTH 23 0
BBX 19 34 1 -7
BITMAP
0000E0
0000E0
0000E0
0000E0
0000E0
0000E0
0000E0
0000E0
03F8E0
0FFEE0
1FFFE0
3F0FE0
3C03E0
7801E0
7801E0
7001E0
F000E0
F000E0
F000E0
7000E0
7801E0
7801E0
3C03E0
3E07E0
1FFFE0
0FFEE0
03F8E0
000000
000000
000000
00F000
00F000
00F000
00F000
ENDCHAR
STARTCHAR uni1E0E
ENCODING 7694
SWIDTH 748 0
DWIDTH 27 0
BBX 21 31 4 -6
BITMAP
FFFC00
FFFF00
FFFF80
FFFFC0
E007E0
E001F0
E000F0
E000F0
E00078
E00078
E00078
E00078
E00078
E00078
E00078
E00078
E00078
E000F0
E001F0
E003F0
E007E0
FFFFC0
FFFF80
FFFE00
FFF800
000000
000000
000000
000000
0FFC00
0FFC00
ENDCHAR
STARTCHAR uni1E0F
ENCODING 7695
SWIDTH 634 0
DWIDTH 23 0
BBX 19 33 1 -6
BITMAP
0000E0
0000E0
0000E0
0000E0
0000E0
0000E0
0000E0
0000E0
03F8E0
0FFEE0
1FFFE0
3F0FE0
3C03E0
7801E0
7801E0
7001E0
F000E0
F000E0
F000E0
7000E0
7801E0
7801E0
3C03E0
3E07E0
1FFFE0
0FFEE0
03F8E0
000000
000000
000000
000000
07FE00
07FE00
ENDCHAR
STARTCHAR uni1E14
ENCODING 7700
SWIDTH 614 0
DWIDTH 22 0
BBX 15 38 4 0
BITMAP
0C00
0E00
1F80
0FC0
01E0
0040
0000
3FFC
3FFC
3FFC
0000
0000
0000
FFFE
FFFE
FFFE
FFFE
E000
E000
E000
E000
E000
E000
FFF8
FFF8
FFF8
FFF8
E000
E000
E000
E000
E000
E000
E000
FFFE
FFFE
FFFE
FFFE
ENDCHAR
STARTCHAR uni1E15
ENCODING 7701
SWIDTH 586 0
DWIDTH 21 0
BBX 19 33 1 0
BITMAP
00C000
03C000
01E000
00F000
007000
002000
000000
000000
07FE00
07FE00
000000
000000
000000
000000
03FC00
0FFE00
1FFF00
3F0F80
3C03C0
7803C0
7801C0
7FFFE0
FFFFE0
FFFFE0
F00000
700000
780000
780000
3C0100
3F0780
1FFFC0
0FFF80
03FE00
ENDCHAR
STARTCHAR uni1E16
ENCODING 7702
SWIDTH 614 0
DWIDTH 22 0
BBX 15 38 4 0
BITMAP
0060
00E0
03F0
07E0
0F00
0400
0000
3FFC
3FFC
3FFC
0000
0000
0000
FFFE
FFFE
FFFE
FFFE
E000
E000
E000
E000
E000
E000
FFF8
FFF8
FFF8
FFF8
E000
E000
E000
E000
E000
E000
E000
FFFE
FFFE
FFFE
FFFE
ENDCHAR
STARTCHAR uni1E17
ENCODING 7703
SWIDTH 586 0
DWIDTH 21 0
BBX 19 33 1 0
BITMAP
001000
003C00
003C00
007800
00F000
006000
000000
000000
07FE00
07FE00
000000
000000
000000
000000
03FC00
0FFE00
1FFF00
3F0F80
3C03C0
7803C0
7801C0
7FFFE0
FFFFE0
FFFFE0
F00000
700000
780000
780000
3C0100
3F0780
1FFFC0
0FFF80
03FE00
ENDCHAR
STARTCHAR uni1E1C
ENCODING 7708
SWIDTH 614 0
DWIDTH 22 0
BBX 15 41 4 -9
BITMAP
381C
1C38
1FF8
0FF0
03C0
0000
0000
FFFE
FFFE
FFFE
FFFE
E000
E000
E000
E000
E000
E000
FFF8
FFF8
FFF8
FFF8
E000
E000
E000
E000
E000
E000
E000
FFFE
FFFE
FFFE
FFFE
0700
0600
0F80
0FC0
01E0
01C0
07C0
1F80
0C00
ENDCHAR
STARTCHAR uni1E1D
ENCODING 7709
SWIDTH 586 0
DWIDTH 21 0
BBX 19 36 1 -9
BITMAP
0E0700
0F0E00
079E00
07FC00
03FC00
00F000
000000
000000
03FC00
0FFE00
1FFF00
3F0F80
3C03C0
7803C0
7801C0
7FFFE0
FFFFE0
FFFFE0
F00000
700000
780000
780000
3C0100
3F0780
1FFFC0
0FFF80
03FE00
006000
00C000
01F000
01F800
003C00
003C00
027800
01F000
018000
ENDCHAR
STARTCHAR uni1E20
ENCODING 7712
SWIDTH 766 0
DWIDTH 28 0
BBX 24 31 2 0
BITMAP
03FFC0
03FFC0
03FFC0
000000
000000
000000
00FFC0
03FFF0
0FFFF8
1FE3FC
3F007C
3E0038
7C0010
780000
F80000
F00000
F00000
F00000
F007FF
F007FF
F007FF
F007FF
F8000F
78000F
7C001E
3E003E
3F807C
1FF3FC
0FFFF0
03FFE0
00FF80
ENDCHAR
STARTCHAR uni1E21
ENCODING 7713
SWIDTH 649 0
DWIDTH 23 0
BBX 20 34 1 -8
BITMAP
03FF00
03FF00
03FF00
000000
000000
000000
000000
03F8F0
0FFEF0
1FFFF0
3F0FF0
3C03F0
7801F0
7800F0
7000F0
F000F0
F000F0
F000F0
7000F0
7800F0
7801F0
3C03F0
3F07F0
1FFFF0
0FFEF0
03F8F0
0000F0
0000E0
0001E0
0801E0
0E07C0
1FFF80
1FFF00
03FC00
ENDCHAR
STARTCHAR uni1E24
ENCODING 7716
SWIDTH 761 0
DWIDTH 27 0
BBX 20 32 4 -7
BITMAP
E000F0
E000F0
E000F0
E000F0
E000F0
E000F0
E000F0
E000F0
E000F0
E000F0
E000F0
FFFFF0
FFFFF0
FFFFF0
E000F0
E000F0
E000F0
E000F0
E000F0
E000F0
E000F0
E000F0
E000F0
E000F0
E000F0
000000
000000
000000
00F000
00F000
00F000
00F000
ENDCHAR
STARTCHAR uni1E25
ENCODING 7717
SWIDTH 595 0
DWIDTH 21 0
BBX 16 34 3 -7
BITMAP
E000
E000
E000
E000
E000
E000
E000
E000
E3F8
E7FC
EFFE
FC3E
F80F
F00F
E00F
E00F
E00F
E00F
E00F
E00F
E00F
E00F
E00F
E00F
E00F
E00F
E00F
0000
0000
0000
03C0
03C0
03C0
03C0
ENDCHAR
STARTCHAR uni1E2A
ENCODING 7722
SWIDTH 761 0
DWIDTH 27 0
BBX 20 33 4 -8
BITMAP
E000F0
E000F0
E000F0
E000F0
E000F0
E000F0
E000F0
E000F0
E000F0
E000F0
E000F0
FFFFF0
FFFFF0
FFFFF0
E000F0
E000F0
E000F0
E000F0
E000F0
E000F0
E000F0
E000F0
E000F0
E000F0
E000F0
000000
000000
020400
0E0700
070E00
07FE00
03FC00
01F800
ENDCHAR
STARTCHAR uni1E2B
ENCODING 7723
SWIDTH 595 0
DWIDTH 21 0
BBX 16 35 3 -8
BITMAP
E000
E000
E000
E000
E000
E000
E000
E000
E3F8
E7FC
EFFE
FC3E
F80F
F00F
E00F
E00F
E00F
E00F
E00F
E00F
E00F
E00F
E00F
E00F
E00F
E00F
E00F
0000
0000
0810
381C
1C38
1FF8
0FF0
07E0
ENDCHAR
STARTCHAR uni1E2E
ENCODING 7726
SWIDTH 478 0
DWIDTH 17 0
BBX 12 39 3 0
BITMAP
0080
01C0
07C0
0FE0
1F00
1800
0000
70E0
F9F0
F9F0
F1F0
6060
0000
0000
FFF0
FFF0
FFF0
0F00
0F00
0F00
0F00
0F00
0F00
0F00
0F00
0F00
0F00
0F00
0F00
0F00
0F00
0F00
0F00
0F00
0F00
FFF0
FFF0
FFF0
FFF0
ENDCHAR
STARTCHAR uni1E2F
ENCODING 7727
SWIDTH 243 0
DWIDTH 9 0
BBX 12 35 -2 0
BITMAP
0100
0180
03E0
03C0
0780
0F00
0200
2040
F9F0
F9F0
F9F0
70E0
0000
0000
0000
0000
0700
0700
0700
0700
0700
0700
0700
0700
0700
0700
0700
0700
0700
0700
0700
0700
0700
0700
0700
ENDCHAR
STARTCHAR uni1E36
ENCODING 7734
SWIDTH 599 0
DWIDTH 22 0
BBX 15 32 4 -7
BITMAP
E000
E000
E000
E000
E000
E000
E000
E000
E000
E000
E000
E000
E000
E000
E000
E000
E000
E000
E000
E000
E000
FFFE
FFFE
FFFE
FFFE
0000
0000
0000
0780
0780
0780
0780
ENDCHAR
STARTCHAR uni1E37
ENCODING 7735
SWIDTH 251 0
DWIDTH 9 0
BBX 4 34 3 -7
BITMAP
E0
E0
E0
E0
E0
E0
E0
E0
E0
E0
E0
E0
E0
E0
E0
E0
E0
E0
E0
E0
E0
E0
E0
E0
E0
E0
E0
00
00
00
F0
F0
F0
F0
ENDCHAR
STARTCHAR uni1E3A
ENCODING 7738
SWIDTH 599 0
DWIDTH 22 0
BBX 15 31 4 -6
BITMAP
E000
E000
E000
E000
E000
E000
E000
E000
E000
E000
E000
E000
E000
E000
E000
E000
E000
E000
E000
E000
E000
FFFE
FFFE
FFFE
FFFE
0000
0000
0000
0000
3FF0
3FF0
ENDCHAR
STARTCHAR uni1E3B
ENCODING 7739
SWIDTH 251 0
DWIDTH 9 0
BBX 10 33 0 -6
BITMAP
1C00
1C00
1C00
1C00
1C00
1C00
1C00
1C00
1C00
1C00
1C00
1C00
1C00
1C00
1C00
1C00
1C00
1C00
1C00
1C00
1C00
1C00
1C00
1C00
1C00
1C00
1C00
0000
0000
0000
0000
FFC0
FFC0
ENDCHAR
STARTCHAR uni1E42
ENCODING 7746
SWIDTH 864 0
DWIDTH 31 0
BBX 24 32 4 -7
BITMAP
F0000F
F0001F
F8003F
FC003F
FC007F
FE00FF
FE00FF
EF01EF
EF81EF
E783CF
E3C78F
E3E78F
E1EF0F
E0FE0F
E0FE0F
E07C0F
E07C0F
E0380F
E0000F
E0000F
E0000F
E0000F
E0000F
E0000F
E0000F
000000
000000
000000
003C00
003C00
003C00
003C00
ENDCHAR
STARTCHAR uni1E43
ENCODING 7747
SWIDTH 921 0
DWIDTH 33 0
BBX 28 26 3 -7
BITMAP
E3F03F80
E7FC7FC0
EFFCFFE0
FC3FC3E0
F81F81E0
F01F00F0
E00F00F0
E00E00F0
E00E00F0
E00E00F0
E00E00F0
E00E00F0
E00E00F0
E00E00F0
E00E00F0
E00E00F0
E00E00F0
E00E00F0
E00E00F0
00000000
00000000
00000000
000F0000
000F0000
000F0000
000F0000
ENDCHAR
STARTCHAR uni1E44
ENCODING 7748
SWIDTH 793 0
DWIDTH 29 0
BBX 21 32 4 0
BITMAP
00F000
00F000
00F000
00F000
006000
000000
000000
F00078
F00078
F80078
FC0078
FE0078
FE0078
FF0078
EF8078
E7C078
E3C078
E3E078
E1F078
E0F878
E07878
E07C78
E03E78
E01F78
E00F78
E00FB8
E007F8
E003F8
E001F8
E000F8
E000F8
E00078
ENDCHAR
STARTCHAR uni1E45
ENCODING 7749
SWIDTH 595 0
DWIDTH 21 0
BBX 16 28 3 0
BITMAP
00C0
01E0
01E0
01E0
01E0
0000
0000
0000
0000
E3F8
E7FC
EFFE
FC3E
F80F
F00F
E00F
E00F
E00F
E00F
E00F
E00F
E00F
E00F
E00F
E00F
E00F
E00F
E00F
ENDCHAR
STARTCHAR uni1E46
ENCODING 7750
SWIDTH 793 0
DWIDTH 29 0
BBX 21 32 4 -7
BITMAP
F00078
F00078
F80078
FC0078
FE0078
FE0078
FF0078
EF8078
E7C078
E3C078
E3E078
E1F078
E0F878
E07878
E07C78
E03E78
E01F78
E00F78
E00FB8
E007F8
E003F8
E001F8
E000F8
E000F8
E00078
000000
000000
000000
00F000
00F000
00F000
00F000
ENDCHAR
STARTCHAR uni1E47
ENCODING 7751
SWIDTH 595 0
DWIDTH 21 0
BBX 16 26 3 -7
BITMAP
E3F8
E7FC
EFFE
FC3E
F80F
F00F
E00F
E00F
E00F
E00F
E00F
E00F
E00F
E00F
E00F
E00F
E00F
E00F
E00F
0000
0000
0000
03C0
03C0
03C0
03C0
ENDCHAR
STARTCHAR uni1E48
ENCODING 7752
SWIDTH 793 0
DWIDTH 29 0
BBX 21 31 4 -6
BITMAP
F00078
F00078
F80078
FC0078
FE0078
FE0078
FF0078
EF8078
E7C078
E3C078
E3E078
E1F078
E0F878
E07878
E07C78
E03E78
E01F78
E00F78
E00FB8
E007F8
E003F8
E001F8
E000F8
E000F8
E00078
000000
000000
000000
000000
07FE00
07FE00
ENDCHAR
STARTCHAR uni1E49
ENCODING 7753
SWIDTH 595 0
DWIDTH 21 0
BBX 16 25 3 -6
BITMAP
E3F8
E7FC
EFFE
FC3E
F80F
F00F
E00F
E00F
E00F
E00F
E00F
E00F
E00F
E00F
E00F
E00F
E00F
E00F
E00F
0000
0000
0000
0000
1FF8
1FF8
ENDCHAR
STARTCHAR uni1E4C
ENCODING 7756
SWIDTH 782 0
DWIDTH 28 0
BBX 24 38 2 0
BITMAP
000300
000700
001F80
003F00
007800
002000
00E0C0
01FDC0
03FFC0
039F80
000000
000000
001C00
01FF80
07FFE0
0FFFF0
1FC3F8
3F00FC
7C003E
78001E
78001F
F0000F
F0000F
F0000F
F0000F
F0000F
F0000F
F0000F
F0000F
F0000F
78001F
7C003E
3E003E
3F00FC
1FE7F8
0FFFF0
07FFE0
01FF80
ENDCHAR
STARTCHAR uni1E4D
ENCODING 7757
SWIDTH 615 0
DWIDTH 22 0
BBX 20 34 1 0
BITMAP
000800
001C00
003E00
003800
007000
006000
000000
038700
07E700
07FE00
0E7E00
0E1800
000000
000000
000000
03FC00
0FFF00
1FFF80
3F0FC0
3C03C0
7801E0
7801E0
7000F0
F000F0
F000F0
F000F0
7000F0
7801E0
7801E0
3C03E0
3F0FC0
1FFF80
0FFF00
03FC00
ENDCHAR
STARTCHAR uni1E4E
ENCODING 7758
SWIDTH 782 0
DWIDTH 28 0
BBX 24 37 2 0
BITMAP
01C380
03E7C0
03E7C0
03C7C0
018180
00E0C0
01FDC0
03FFC0
039F80
000000
000000
001C00
01FF80
07FFE0
0FFFF0
1FC3F8
3F00FC
7C003E
78001E
78001F
F0000F
F0000F
F0000F
F0000F
F0000F
F0000F
F0000F
F0000F
F0000F
78001F
7C003E
3E003E
3F00FC
1FE7F8
0FFFF0
07FFE0
01FF80
ENDCHAR
STARTCHAR uni1E4F
ENCODING 7759
SWIDTH 615 0
DWIDTH 22 0
BBX 20 33 1 0
BITMAP
0F0F00
0F9F00
0F9F00
0F0F00
000000
000000
038700
07E700
07FE00
0E7E00
0E3800
000000
000000
000000
03FC00
0FFF00
1FFF80
3F0FC0
3C03C0
7801E0
7801E0
7000F0
F000F0
F000F0
F000F0
7000F0
7801E0
7801E0
3C03E0
3F0FC0
1FFF80
0FFF00
03FC00
ENDCHAR
STARTCHAR uni1E50
ENCODING 7760
SWIDTH 782 0
DWIDTH 28 0
BBX 24 38 2 0
BITMAP
006000
007000
00FC00
007E00
000F00
000200
000000
03FFC0
03FFC0
03FFC0
000000
000000
001C00
01FF80
07FFE0
0FFFF0
1FC3F8
3F00FC
7C003E
78001E
78001F
F0000F
F0000F
F0000F
F0000F
F0000F
F0000F
F0000F
F0000F
F0000F
78001F
7C003E
3E003E
3F00FC
1FE7F8
0FFFF0
07FFE0
01FF80
ENDCHAR
STARTCHAR uni1E51
ENCODING 7761
SWIDTH 615 0
DWIDTH 22 0
BBX 20 33 1 0
BITMAP
00C000
03C000
01E000
00F000
007000
002000
000000
000000
07FE00
07FE00
000000
000000
000000
000000
03FC00
0FFF00
1FFF80
3F0FC0
3C03C0
7801E0
7801E0
7000F0
F000F0
F000F0
F000F0
7000F0
7801E0
7801E0
3C03E0
3F0FC0
1FFF80
0FFF00
03FC00
ENDCHAR
STARTCHAR uni1E52
ENCODING 7762
SWIDTH 782 0
DWIDTH 28 0
BBX 24 38 2 0
BITMAP
000300
000700
001F80
003F00
007800
002000
000000
03FFC0
03FFC0
03FFC0
000000
000000
001C00
01FF80
07FFE0
0FFFF0
1FC3F8
3F00FC
7C003E
78001E
78001F
F0000F
F0000F
F0000F
F0000F
F0000F
F0000F
F0000F
F0000F
F0000F
78001F
7C003E
3E003E
3F00FC
1FE7F8
0FFFF0
07FFE0
01FF80
ENDCHAR
STARTCHAR uni1E53
ENCODING 7763
SWIDTH 615 0
DWIDTH 22 0
BBX 20 33 1 0
BITMAP
001000
003C00
003C00
007800
00F000
006000
000000
000000
07FE00
07FE00
000000
000000
000000
000000
03FC00
0FFF00
1FFF80
3F0FC0
3C03C0
7801E0
7801E0
7000F0
F000F0
F000F0
F000F0
7000F0
7801E0
7801E0
3C03E0
3F0FC0
1FFF80
0FFF00
03FC00
ENDCHAR
STARTCHAR uni1E5A
ENCODING 7770
SWIDTH 695 0
DWIDTH 25 0
BBX 19 32 4 -7
BITMAP
FFFC00
FFFE00
FFFF00
FFFF80
E007C0
E003C0
E003C0
E003C0
E003C0
E003C0
E007C0
E00F80
FFFF80
FFFF00
FFFC00
FFFC00
E03C00
E03E00
E01E00
E01F00
E00F80
E00780
E007C0
E003C0
E003E0
000000
000000
000000
01E000
01E000
01E000
01E000
ENDCHAR
STARTCHAR uni1E5B
ENCODING 7771
SWIDTH 403 0
DWIDTH 15 0
BBX 12 26 2 -7
BITMAP
71F0
73F0
77F0
7FE0
7C00
7800
7800
7000
7000
7000
7000
7000
7000
7000
7000
7000
7000
7000
7000
0000
0000
0000
F000
F000
F000
F000
ENDCHAR
STARTCHAR uni1E5E
ENCODING 7774
SWIDTH 695 0
DWIDTH 25 0
BBX 19 31 4 -6
BITMAP
FFFC00
FFFE00
FFFF00
FFFF80
E007C0
E003C0
E003C0
E003C0
E003C0
E003C0
E007C0
E00F80
FFFF80
FFFF00
FFFC00
FFFC00
E03C00
E03E00
E01E00
E01F00
E00F80
E00780
E007C0
E003C0
E003E0
000000
000000
000000
000000
1FF800
1FF800
ENDCHAR
STARTCHAR uni1E5F
ENCODING 7775
SWIDTH 403 0
DWIDTH 15 0
BBX 15 25 -1 -6
BITMAP
0E3E
0E7E
0EFE
0FFC
0F80
0F00
0F00
0E00
0E00
0E00
0E00
0E00
0E00
0E00
0E00
0E00
0E00
0E00
0E00
0000
0000
0000
0000
FFC0
FFC0
ENDCHAR
STARTCHAR uni1E60
ENCODING 7776
SWIDTH 624 0
DWIDTH 22 0
BBX 18 32 2 0
BITMAP
00F000
00F000
00F000
00F000
006000
000000
006000
07FE00
1FFF00
3FFF80
3E0FC0
7C03C0
780180
780100
780000
7C0000
3E0000
3FC000
1FFC00
0FFE00
03FF80
003FC0
0007C0
0003C0
2003C0
6001C0
7003C0
F803C0
7E0F80
3FFF80
1FFF00
07FC00
ENDCHAR
STARTCHAR uni1E61
ENCODING 7777
SWIDTH 479 0
DWIDTH 17 0
BBX 15 28 1 0
BITMAP
0180
03C0
03C0
03C0
03C0
0000
0000
0000
0000
0FF0
1FF8
3FFE
783C
7808
7800
7800
7E00
3FE0
1FF8
07FC
00FC
001E
001E
301E
781C
FFFC
3FF8
0FF0
ENDCHAR
STARTCHAR uni1E62
ENCODING 7778
SWIDTH 624 0
DWIDTH 22 0
BBX 18 33 2 -7
BITMAP
006000
07FE00
1FFF00
3FFF80
3E0FC0
7C03C0
780180
780100
780000
7C0000
3E0000
3FC000
1FFC00
0FFE00
03FF80
003FC0
0007C0
0003C0
2003C0
6001C0
7003C0
F803C0
7E0F80
3FFF80
1FFF00
07FC00
000000
000000
000000
00F000
00F000
00F000
00F000
ENDCHAR
STARTCHAR uni1E63
ENCODING 7779
SWIDTH 479 0
DWIDTH 17 0
BBX 15 26 1 -7
BITMAP
0FF0
1FF8
3FFE
783C
7808
7800
7800
7E00
3FE0
1FF8
07FC
00FC
001E
001E
301E
781C
FFFC
3FF8
0FF0
0000
0000
0000
03C0
03C0
03C0
03C0
ENDCHAR
STARTCHAR uni1E64
ENCODING 7780
SWIDTH 624 0
DWIDTH 22 0
BBX 18 33 2 0
BITMAP
000300
038780
07CF00
07CE00
07DC00
030800
000000
006000
07FE00
1FFF00
3FFF80
3E0FC0
7C03C0
780180
780100
780000
7C0000
3E0000
3FC000
1FFC00
0FFE00
03FF80
003FC0
0007C0
0003C0
2003C0
6001C0
7003C0
F803C0
7E0F80
3FFF80
1FFF00
07FC00
ENDCHAR
STARTCHAR uni1E65
ENCODING 7781
SWIDTH 479 0
DWIDTH 17 0
BBX 15 29 1 0
BITMAP
0010
0838
3E3C
3E78
3EF0
3C60
0000
0000
0000
0000
0FF0
1FF8
3FFE
783C
7808
7800
7800
7E00
3FE0
1FF8
07FC
00FC
001E
001E
301E
781C
FFFC
3FF8
0FF0
ENDCHAR
STARTCHAR uni1E66
ENCODING 7782
SWIDTH 624 0
DWIDTH 22 0
BBX 18 37 2 0
BITMAP
00F000
00F000
00F000
00F000
006000
060600
0F9F00
03FC00
01F800
00F000
000000
006000
07FE00
1FFF00
3FFF80
3E0FC0
7C03C0
780180
780100
780000
7C0000
3E0000
3FC000
1FFC00
0FFE00
03FF80
003FC0
0007C0
0003C0
2003C0
6001C0
7003C0
F803C0
7E0F80
3FFF80
1FFF00
07FC00
ENDCHAR
STARTCHAR uni1E67
ENCODING 7783
SWIDTH 479 0
DWIDTH 17 0
BBX 15 32 1 0
BITMAP
03C0
03C0
03C0
03C0
0000
1818
1E78
0FF0
07E0
03C0
0000
0000
0000
0FF0
1FF8
3FFE
783C
7808
7800
7800
7E00
3FE0
1FF8
07FC
00FC
001E
001E
301E
781C
FFFC
3FF8
0FF0
ENDCHAR
STARTCHAR uni1E68
ENCODING 7784
SWIDTH 624 0
DWIDTH 22 0
BBX 18 39 2 -7
BITMAP
00F000
00F000
00F000
00F000
006000
000000
006000
07FE00
1FFF00
3FFF80
3E0FC0
7C03C0
780180
780100
780000
7C0000
3E0000
3FC000
1FFC00
0FFE00
03FF80
003FC0
0007C0
0003C0
2003C0
6001C0
7003C0
F803C0
7E0F80
3FFF80
1FFF00
07FC00
000000
000000
000000
00F000
00F000
00F000
00F000
ENDCHAR
STARTCHAR uni1E69
ENCODING 7785
SWIDTH 479 0
DWIDTH 17 0
BBX 15 35 1 -7
BITMAP
0180
03C0
03C0
03C0
03C0
0000
0000
0000
0000
0FF0
1FF8
3FFE
783C
7808
7800
7800
7E00
3FE0
1FF8
07FC
00FC
001E
001E
301E
781C
FFFC
3FF8
0FF0
0000
0000
0000
03C0
03C0
03C0
03C0
ENDCHAR
STARTCHAR uni1E6C
ENCODING 7788
SWIDTH 576 0
DWIDTH 21 0
BBX 18 32 1 -7
BITMAP
FFFFC0
FFFFC0
FFFFC0
FFFFC0
01E000
01E000
01E000
01E000
01E000
01E000
01E000
01E000
01E000
01E000
01E000
01E000
01E000
01E000
01E000
01E000
01E000
01E000
01E000
01E000
01E000
000000
000000
000000
01E000
01E000
01E000
01E000
ENDCHAR
STARTCHAR uni1E6D
ENCODING 7789
SWIDTH 384 0
DWIDTH 14 0
BBX 12 31 1 -7
BITMAP
0F00
0F00
0F00
0F00
0F00
FFF0
FFF0
FFF0
FFF0
0F00
0F00
0F00
0F00
0F00
0F00
0F00
0F00
0F00
0F00
0F00
0F00
0F00
0F00
0F00
0000
0000
0000
0F00
0F00
0F00
0F00
ENDCHAR
STARTCHAR uni1E6E
ENCODING 7790
SWIDTH 576 0
DWIDTH 21 0
BBX 18 31 1 -6
BITMAP
FFFFC0
FFFFC0
FFFFC0
FFFFC0
01E000
01E000
01E000
01E000
01E000
01E000
01E000
01E000
01E000
01E000
01E000
01E000
01E000
01E000
01E000
01E000
01E000
01E000
01E000
01E000
01E000
000000
000000
000000
000000
0FFC00
0FFC00
ENDCHAR
STARTCHAR uni1E6F
ENCODING 7791
SWIDTH 384 0
DWIDTH 14 0
BBX 12 30 1 -6
BITMAP
0F00
0F00
0F00
0F00
0F00
FFF0
FFF0
FFF0
FFF0
0F00
0F00
0F00
0F00
0F00
0F00
0F00
0F00
0F00
0F00
0F00
0F00
0F00
0F00
0F00
0000
0000
0000
0000
7FE0
7FE0
ENDCHAR
STARTCHAR uni1E78
ENCODING 7800
SWIDTH 740 0
DWIDTH 27 0
BBX 20 38 3 0
BITMAP
000C00
001C00
007E00
00FC00
01E000
008000
038300
07F700
0FFF00
0E7E00
000000
000000
000000
F00070
F00070
F00070
F00070
F00070
F00070
F00070
F00070
F00070
F00070
F00070
F00070
F00070
F00070
F00070
F00070
F00070
F800F0
7800F0
7C01F0
3E03E0
3FFFC0
1FFF80
0FFF00
03FC00
ENDCHAR
STARTCHAR uni1E79
ENCODING 7801
SWIDTH 605 0
DWIDTH 22 0
BBX 16 34 3 0
BITMAP
0020
0070
00F8
00E0
01C0
0180
0000
0E1C
1F9C
1FF8
39F8
3860
0000
0000
0000
E00F
E00F
E00F
E00F
E00F
E00F
E00F
E00F
E00F
E00F
E00F
E00F
E00F
F00F
F01F
F83F
7FFF
3FEF
1FCF
ENDCHAR
STARTCHAR uni1E7A
ENCODING 7802
SWIDTH 740 0
DWIDTH 27 0
BBX 20 37 3 0
BITMAP
070E00
0F9F00
0F9F00
0F1F00
060600
000000
0FFF00
0FFF00
0FFF00
000000
000000
000000
F00070
F00070
F00070
F00070
F00070
F00070
F00070
F00070
F00070
F00070
F00070
F00070
F00070
F00070
F00070
F00070
F00070
F800F0
7800F0
7C01F0
3E03E0
3FFFC0
1FFF80
0FFF00
03FC00
ENDCHAR
STARTCHAR uni1E7B
ENCODING 7803
SWIDTH 605 0
DWIDTH 22 0
BBX 16 33 3 0
BITMAP
1C38
3E7C
3E7C
3E7C
1C38
0000
0000
1FF8
1FF8
1FF8
0000
0000
0000
0000
E00F
E00F
E00F
E00F
E00F
E00F
E00F
E00F
E00F
E00F
E00F
E00F
E00F
F00F
F01F
F83F
7FFF
3FEF
1FCF
ENDCHAR
STARTCHAR Wgrave
ENCODING 7808
SWIDTH 996 0
DWIDTH 36 0
BBX 34 33 1 0
BITMAP
0003000000
0003800000
0007E00000
0003F00000
0000780000
0000100000
0000000000
0000000000
F0000003C0
F800000780
7800000780
7800000780
7801E00F80
3C01E00F00
3C03F00F00
3C03F01F00
1E07F01E00
1E07F81E00
1E07781E00
0F0F3C3C00
0F0F3C3C00
0F1E3C3C00
079E1E7800
079C1E7800
07BC0F7800
07BC0FF000
03F807F000
03F807F000
03F007E000
01F003E000
01F003E000
01E001C000
00E001C000
ENDCHAR
STARTCHAR wgrave
ENCODING 7809
SWIDTH 800 0
DWIDTH 29 0
BBX 27 28 1 0
BITMAP
00100000
003C0000
007E0000
001F0000
000F8000
00030000
00000000
00000000
00000000
F00001E0
F00001E0
700003C0
780E03C0
780E03C0
381F0780
3C1F0780
3C3F8780
1C3F8F00
1E7B8F00
1E73CF00
0EF1CE00
0FE1FE00
0FE0FE00
07E0FC00
07C07C00
07C07800
03807800
03803800
ENDCHAR
STARTCHAR Wacute
ENCODING 7810
SWIDTH 996 0
DWIDTH 36 0
BBX 34 33 1 0
BITMAP
0000180000
0000380000
0000FC0000
0001F80000
0003C00000
0001000000
0000000000
0000000000
F0000003C0
F800000780
7800000780
7800000780
7801E00F80
3C01E00F00
3C03F00F00
3C03F01F00
1E07F01E00
1E07F81E00
1E07781E00
0F0F3C3C00
0F0F3C3C00
0F1E3C3C00
079E1E7800
079C1E7800
07BC0F7800
07BC0FF000
03F807F000
03F807F000
03F007E000
01F003E000
01F003E000
01E001C000
00E001C000
ENDCHAR
STARTCHAR wacute
ENCODING 7811
SWIDTH 800 0
DWIDTH 29 0
BBX 27 28 1 0
BITMAP
00020000
000F0000
001F8000
003E0000
007C0000
00300000
00000000
00000000
00000000
F00001E0
F00001E0
700003C0
780E03C0
780E03C0
381F0780
3C1F0780
3C3F8780
1C3F8F00
1E7B8F00
1E73CF00
0EF1CE00
0FE1FE00
0FE0FE00
07E0FC00
07C07C00
07C07800
03807800
03803800
ENDCHAR
STARTCHAR Wdieresis
ENCODING 7812
SWIDTH 996 0
DWIDTH 36 0
BBX 34 32 1 0
BITMAP
000E1C0000
001F3E0000
001F3E0000
001E3E0000
000C0C0000
0000000000
0000000000
F0000003C0
F800000780
7800000780
7800000780
7801E00F80
3C01E00F00
3C03F00F00
3C03F01F00
1E07F01E00
1E07F81E00
1E07781E00
0F0F3C3C00
0F0F3C3C00
0F1E3C3C00
079E1E7800
079C1E7800
07BC0F7800
07BC0FF000
03F807F000
03F807F000
03F007E000
01F003E000
01F003E000
01E001C000
00E001C000
ENDCHAR
STARTCHAR wdieresis
ENCODING 7813
SWIDTH 800 0
DWIDTH 29 0
BBX 27 28 1 0
BITMAP
00E1C000
01F3E000
01F3E000
01F3E000
00E1C000
00000000
00000000
00000000
00000000
F00001E0
F00001E0
700003C0
780E03C0
780E03C0
381F0780
3C1F0780
3C3F8780
1C3F8F00
1E7B8F00
1E73CF00
0EF1CE00
0FE1FE00
0FE0FE00
07E0FC00
07C07C00
07C07800
03807800
03803800
ENDCHAR
STARTCHAR uni1E8E
ENCODING 7822
SWIDTH 660 0
DWIDTH 24 0
BBX 23 32 0 0
BITMAP
003C00
003C00
003C00
003C00
001800
000000
800000
7C003E
3C003C
3E007C
1F0078
0F00F0
0F81F0
07C1E0
03C3C0
01E7C0
01F780
00FF00
007F00
007E00
003C00
003C00
003C00
003C00
003C00
003C00
003C00
003C00
003C00
003C00
003C00
003C00
ENDCHAR
STARTCHAR uni1E8F
ENCODING 7823
SWIDTH 581 0
DWIDTH 21 0
BBX 21 36 0 -8
BITMAP
006000
00F000
00F000
00F000
00F000
000000
000000
000000
000000
F800F8
7800F0
7C01F0
3C01E0
3C01E0
1E03E0
1E03C0
1F03C0
0F0780
0F8780
078700
078F00
03CF00
03DE00
01FE00
01FC00
01FC00
00FC00
00F800
007800
007000
00F000
00F000
01E000
01E000
01C000
03C000
ENDCHAR
STARTCHAR uni1E92
ENCODING 7826
SWIDTH 659 0
DWIDTH 24 0
BBX 20 32 2 -7
BITMAP
7FFFE0
7FFFE0
7FFFE0
7FFFE0
0007C0
000780
000F00
001F00
003E00
003C00
007C00
00F800
01F000
01E000
03E000
07C000
0F8000
0F0000
1F0000
3E0000
7C0000
7FFFF0
FFFFF0
FFFFF0
FFFFF0
000000
000000
000000
00F000
00F000
00F000
00F000
ENDCHAR
STARTCHAR uni1E93
ENCODING 7827
SWIDTH 484 0
DWIDTH 17 0
BBX 14 26 2 -7
BITMAP
FFFC
FFFC
FFFC
0078
00F8
00F0
01E0
03C0
07C0
0780
0F00
1E00
3E00
3C00
7800
F000
FFFC
FFFC
FFFC
0000
0000
0000
0780
0780
0780
0780
ENDCHAR
STARTCHAR uni1E97
ENCODING 7831
SWIDTH 384 0
DWIDTH 14 0
BBX 12 31 1 0
BITMAP
70E0
F9F0
F9F0
F9F0
70E0
0000
0000
0F00
0F00
0F00
0F00
0F00
FFF0
FFF0
FFF0
FFF0
0F00
0F00
0F00
0F00
0F00
0F00
0F00
0F00
0F00
0F00
0F00
0F00
0F00
0F00
0F00
ENDCHAR
STARTCHAR uni1E9E
ENCODING 7838
SWIDTH 762 0
DWIDTH 27 0
BBX 21 26 4 0
BITMAP
01FF00
07FFE0
0FFFE0
1F87E0
3E1F80
7C3C00
787800
F8F000
F0F000
F0F000
F0F800
F0FC00
F07F00
E03FC0
E01FF0
E007F0
E001F8
E000F8
E00078
E00038
E04038
E0C078
E1F0F8
E1FFF0
E0FFE0
E03F80
ENDCHAR
STARTCHAR uni1EA0
ENCODING 7840
SWIDTH 700 0
DWIDTH 25 0
BBX 23 32 1 -7
BITMAP
007C00
007C00
007E00
00FE00
00EE00
01EF00
01EF00
01C780
03C780
03C780
0383C0
0783C0
0783C0
0F01E0
0F01E0
0FFFF0
1FFFF0
1FFFF0
3FFFF8
3C0078
3C007C
78003C
78003C
F0001E
F0001E
000000
000000
000000
003C00
003C00
003C00
003C00
ENDCHAR
STARTCHAR uni1EA1
ENCODING 7841
SWIDTH 633 0
DWIDTH 23 0
BBX 19 26 1 -7
BITMAP
03F9E0
0FFDE0
1FFFE0
3F0FE0
7C03E0
7803E0
7801E0
7001E0
F000E0
F000E0
F000E0
7001E0
7801E0
7803E0
7C03E0
3F0FE0
1FFFE0
0FFDE0
07F1E0
000000
000000
000000
00F000
00F000
00F000
00F000
ENDCHAR
STARTCHAR uni1EA2
ENCODING 7842
SWIDTH 700 0
DWIDTH 25 0
BBX 23 34 1 0
BITMAP
007E00
007E00
004700
000E00
001C00
001800
001000
000000
000000
007C00
007C00
007E00
00FE00
00EE00
01EF00
01EF00
01C780
03C780
03C780
0383C0
0783C0
0783C0
0F01E0
0F01E0
0FFFF0
1FFFF0
1FFFF0
3FFFF8
3C0078
3C007C
78003C
78003C
F0001E
F0001E
ENDCHAR
STARTCHAR uni1EA3
ENCODING 7843
SWIDTH 633 0
DWIDTH 23 0
BBX 19 28 1 0
BITMAP
01F800
01F800
011C00
003800
007000
006000
004000
000000
000000
03F9E0
0FFDE0
1FFFE0
3F0FE0
7C03E0
7803E0
7801E0
7001E0
F000E0
F000E0
F000E0
7001E0
7801E0
7803E0
7C03E0
3F0FE0
1FFFE0
0FFDE0
07F1E0
ENDCHAR
STARTCHAR uni1EA4
ENCODING 7844
SWIDTH 700 0
DWIDTH 25 0
BBX 23 38 1 0
BITMAP
000020
000030
00007C
000078
0000F0
0000E0
003C40
007E00
01FF00
03C780
010080
000000
000000
007C00
007C00
007E00
00FE00
00EE00
01EF00
01EF00
01C780
03C780
03C780
0383C0
0783C0
0783C0
0F01E0
0F01E0
0FFFF0
1FFFF0
1FFFF0
3FFFF8
3C0078
3C007C
78003C
78003C
F0001E
F0001E
ENDCHAR
STARTCHAR uni1EA5
ENCODING 7845
SWIDTH 633 0
DWIDTH 23 0
BBX 21 33 1 0
BITMAP
000060
000078
0000F0
0000E0
0001C0
000080
007800
00FC00
01FE00
078F00
030300
000000
000000
000000
03F9E0
0FFDE0
1FFFE0
3F0FE0
7C03E0
7803E0
7801E0
7001E0
F000E0
F000E0
F000E0
7001E0
7801E0
7803E0
7C03E0
3F0FE0
1FFFE0
0FFDE0
07F1E0
ENDCHAR
STARTCHAR uni1EA6
ENCODING 7846
SWIDTH 700 0
DWIDTH 25 0
BBX 23 38 1 0
BITMAP
000080
000180
0003C0
0001E0
0000E0
000070
003C40
007E00
00FF00
03C3C0
010080
000000
000000
007C00
007C00
007E00
00FE00
00EE00
01EF00
01EF00
01C780
03C780
03C780
0383C0
0783C0
0783C0
0F01E0
0F01E0
0FFFF0
1FFFF0
1FFFF0
3FFFF8
3C0078
3C007C
78003C
78003C
F0001E
F0001E
ENDCHAR
STARTCHAR uni1EA7
ENCODING 7847
SWIDTH 633 0
DWIDTH 23 0
BBX 19 33 1 0
BITMAP
000600
001F00
000F00
000780
000380
000180
00F000
01F800
03FC00
079F00
060600
000000
000000
000000
03F9E0
0FFDE0
1FFFE0
3F0FE0
7C03E0
7803E0
7801E0
7001E0
F000E0
F000E0
F000E0
7001E0
7801E0
7803E0
7C03E0
3F0FE0
1FFFE0
0FFDE0
07F1E0
ENDCHAR
STARTCHAR uni1EA8
ENCODING 7848
SWIDTH 700 0
DWIDTH 25 0
BBX 23 38 1 0
BITMAP
0001C0
0007F0
0003F0
000070
0000F0
0000C0
0078C0
00FC00
01FF00
03C780
010100
000000
000000
007C00
007C00
007E00
00FE00
00EE00
01EF00
01EF00
01C780
03C780
03C780
0383C0
0783C0
0783C0
0F01E0
0F01E0
0FFFF0
1FFFF0
1FFFF0
3FFFF8
3C0078
3C007C
78003C
78003C
F0001E
F0001E
ENDCHAR
STARTCHAR uni1EA9
ENCODING 7849
SWIDTH 633 0
DWIDTH 23 0
BBX 20 33 1 0
BITMAP
0007E0
0007E0
000470
0000E0
0001C0
000180
00F100
01F800
03FC00
0F9F00
060600
000000
000000
000000
03F9E0
0FFDE0
1FFFE0
3F0FE0
7C03E0
7803E0
7801E0
7001E0
F000E0
F000E0
F000E0
7001E0
7801E0
7803E0
7C03E0
3F0FE0
1FFFE0
0FFDE0
07F1E0
ENDCHAR
STARTCHAR uni1EAA
ENCODING 7850
SWIDTH 700 0
DWIDTH 25 0
BBX 23 38 1 0
BITMAP
00E1C0
01FFC0
03FF80
038F80
000000
000000
003C00
007E00
00FF00
03C3C0
010080
000000
000000
007C00
007C00
007E00
00FE00
00EE00
01EF00
01EF00
01C780
03C780
03C780
0383C0
0783C0
0783C0
0F01E0
0F01E0
0FFFF0
1FFFF0
1FFFF0
3FFFF8
3C0078
3C007C
78003C
78003C
F0001E
F0001E
ENDCHAR
STARTCHAR uni1EAB
ENCODING 7851
SWIDTH 633 0
DWIDTH 23 0
BBX 19 33 1 0
BITMAP
03C700
07FF00
0FFE00
061C00
000000
000000
00F000
01F800
03FC00
0F9F00
060600
000000
000000
000000
03F9E0
0FFDE0
1FFFE0
3F0FE0
7C03E0
7803E0
7801E0
7001E0
F000E0
F000E0
F000E0
7001E0
7801E0
7803E0
7C03E0
3F0FE0
1FFFE0
0FFDE0
07F1E0
ENDCHAR
STARTCHAR uni1EAC
ENCODING 7852
SWIDTH 700 0
DWIDTH 25 0
BBX 23 39 1 -7
BITMAP
003C00
007E00
00FF80
03C3C0
010080
000000
000000
007C00
007C00
007E00
00FE00
00EE00
01EF00
01EF00
01C780
03C780
03C780
0383C0
0783C0
0783C0
0F01E0
0F01E0
0FFFF0
1FFFF0
1FFFF0
3FFFF8
3C0078
3C007C
78003C
78003C
F0001E
F0001E
000000
000000
000000
003C00
003C00
003C00
003C00
ENDCHAR
STARTCHAR uni1EAD
ENCODING 7853
SWIDTH 633 0
DWIDTH 23 0
BBX 19 34 1 -7
BITMAP
00F000
01F800
03FC00
0F9F00
060600
000000
000000
000000
03F9E0
0FFDE0
1FFFE0
3F0FE0
7C03E0
7803E0
7801E0
7001E0
F000E0
F000E0
F000E0
7001E0
7801E0
7803E0
7C03E0
3F0FE0
1FFFE0
0FFDE0
07F1E0
000000
000000
000000
00F000
00F000
00F000
00F000
ENDCHAR
STARTCHAR uni1EAE
ENCODING 7854
SWIDTH 700 0
DWIDTH 25 0
BBX 23 38 1 0
BITMAP
000600
000F80
000F00
001E00
003C00
001800
0381C0
01C380
01FF80
00FF00
007C00
000000
000000
007C00
007C00
007E00
00FE00
00EE00
01EF00
01EF00
01C780
03C780
03C780
0383C0
0783C0
0783C0
0F01E0
0F01E0
0FFFF0
1FFFF0
1FFFF0
3FFFF8
3C0078
3C007C
78003C
78003C
F0001E
F0001E
ENDCHAR
STARTCHAR uni1EAF
ENCODING 7855
SWIDTH 633 0
DWIDTH 23 0
BBX 19 34 1 0
BITMAP
001000
001800
003C00
007C00
007800
00F000
002000
000000
0E0700
079E00
07FE00
03FC00
00F000
000000
000000
03F9E0
0FFDE0
1FFFE0
3F0FE0
7C03E0
7803E0
7801E0
7001E0
F000E0
F000E0
F000E0
7001E0
7801E0
7803E0
7C03E0
3F0FE0
1FFFE0
0FFDE0
07F1E0
ENDCHAR
STARTCHAR uni1EB0
ENCODING 7856
SWIDTH 700 0
DWIDTH 25 0
BBX 23 38 1 0
BITMAP
006000
00F000
00F000
007800
003C00
001800
0381C0
01C380
01FF80
00FF00
007C00
000000
000000
007C00
007C00
007E00
00FE00
00EE00
01EF00
01EF00
01C780
03C780
03C780
0383C0
0783C0
0783C0
0F01E0
0F01E0
0FFFF0
1FFFF0
1FFFF0
3FFFF8
3C0078
3C007C
78003C
78003C
F0001E
F0001E
ENDCHAR
STARTCHAR uni1EB1
ENCODING 7857
SWIDTH 633 0
DWIDTH 23 0
BBX 19 34 1 0
BITMAP
008000
01C000
03C000
01E000
00E000
007000
002000
060600
0F0F00
079E00
07FE00
03FC00
00F000
000000
000000
03F9E0
0FFDE0
1FFFE0
3F0FE0
7C03E0
7803E0
7801E0
7001E0
F000E0
F000E0
F000E0
7001E0
7801E0
7803E0
7C03E0
3F0FE0
1FFFE0
0FFDE0
07F1E0
ENDCHAR
STARTCHAR uni1EB2
ENCODING 7858
SWIDTH 700 0
DWIDTH 25 0
BBX 23 39 1 0
BITMAP
001800
007E00
007F00
004700
000E00
001C00
001800
0381C0
01C380
01FF80
00FF00
007C00
000000
000000
007C00
007C00
007E00
00FE00
00EE00
01EF00
01EF00
01C780
03C780
03C780
0383C0
0783C0
0783C0
0F01E0
0F01E0
0FFFF0
1FFFF0
1FFFF0
3FFFF8
3C0078
3C007C
78003C
78003C
F0001E
F0001E
ENDCHAR
STARTCHAR uni1EB3
ENCODING 7859
SWIDTH 633 0
DWIDTH 23 0
BBX 19 34 1 0
BITMAP
03F000
01F800
013800
003800
007000
006000
004000
060600
0F0F00
079E00
07FE00
03FC00
00F000
000000
000000
03F9E0
0FFDE0
1FFFE0
3F0FE0
7C03E0
7803E0
7801E0
7001E0
F000E0
F000E0
F000E0
7001E0
7801E0
7803E0
7C03E0
3F0FE0
1FFFE0
0FFDE0
07F1E0
ENDCHAR
STARTCHAR uni1EB4
ENCODING 7860
SWIDTH 700 0
DWIDTH 25 0
BBX 23 38 1 0
BITMAP
00E1C0
01FFC0
03FF80
038F80
000000
000000
0381C0
03C3C0
01FF80
00FF00
007E00
000000
000000
007C00
007C00
007E00
00FE00
00EE00
01EF00
01EF00
01C780
03C780
03C780
0383C0
0783C0
0783C0
0F01E0
0F01E0
0FFFF0
1FFFF0
1FFFF0
3FFFF8
3C0078
3C007C
78003C
78003C
F0001E
F0001E
ENDCHAR
STARTCHAR uni1EB5
ENCODING 7861
SWIDTH 633 0
DWIDTH 23 0
BBX 19 34 1 0
BITMAP
018400
07E700
07FF00
0E7E00
000C00
000000
000000
060600
0F0F00
079E00
07FE00
03FC00
00F000
000000
000000
03F9E0
0FFDE0
1FFFE0
3F0FE0
7C03E0
7803E0
7801E0
7001E0
F000E0
F000E0
F000E0
7001E0
7801E0
7803E0
7C03E0
3F0FE0
1FFFE0
0FFDE0
07F1E0
ENDCHAR
STARTCHAR uni1EB6
ENCODING 7862
SWIDTH 700 0
DWIDTH 25 0
BBX 23 39 1 -7
BITMAP
0381C0
01C380
01FF80
00FF00
003C00
000000
000000
007C00
007C00
007E00
00FE00
00EE00
01EF00
01EF00
01C780
03C780
03C780
0383C0
0783C0
0783C0
0F01E0
0F01E0
0FFFF0
1FFFF0
1FFFF0
3FFFF8
3C0078
3C007C
78003C
78003C
F0001E
F0001E
000000
000000
000000
003C00
003C00
003C00
003C00
ENDCHAR
STARTCHAR uni1EB7
ENCODING 7863
SWIDTH 633 0
DWIDTH 23 0
BBX 19 34 1 -7
BITMAP
0E0700
0F0E00
079E00
07FC00
03FC00
00F000
000000
000000
03F9E0
0FFDE0
1FFFE0
3F0FE0
7C03E0
7803E0
7801E0
7001E0
F000E0
F000E0
F000E0
7001E0
7801E0
7803E0
7C03E0
3F0FE0
1FFFE0
0FFDE0
07F1E0
000000
000000
000000
00F000
00F000
00F000
00F000
ENDCHAR
STARTCHAR uni1EB8
ENCODING 7864
SWIDTH 614 0
DWIDTH 22 0
BBX 15 32 4 -7
BITMAP
FFFE
FFFE
FFFE
FFFE
E000
E000
E000
E000
E000
E000
FFF8
FFF8
FFF8
FFF8
E000
E000
E000
E000
E000
E000
E000
FFFE
FFFE
FFFE
FFFE
0000
0000
0000
0780
0780
0780
0780
ENDCHAR
STARTCHAR uni1EB9
ENCODING 7865
SWIDTH 586 0
DWIDTH 21 0
BBX 19 26 1 -7
BITMAP
03FC00
0FFE00
1FFF00
3F0F80
3C03C0
7803C0
7801C0
7FFFE0
FFFFE0
FFFFE0
F00000
700000
780000
780000
3C0100
3F0780
1FFFC0
0FFF80
03FE00
000000
000000
000000
00F000
00F000
00F000
00F000
ENDCHAR
STARTCHAR uni1EBA
ENCODING 7866
SWIDTH 614 0
DWIDTH 22 0
BBX 15 34 4 0
BITMAP
07E0
07E0
0470
00E0
01C0
0180
0100
0000
0000
FFFE
FFFE
FFFE
FFFE
E000
E000
E000
E000
E000
E000
FFF8
FFF8
FFF8
FFF8
E000
E000
E000
E000
E000
E000
E000
FFFE
FFFE
FFFE
FFFE
ENDCHAR
STARTCHAR uni1EBB
ENCODING 7867
SWIDTH 586 0
DWIDTH 21 0
BBX 19 28 1 0
BITMAP
01F800
01F800
011C00
003800
007000
006000
004000
000000
000000
03FC00
0FFE00
1FFF00
3F0F80
3C03C0
7803C0
7801C0
7FFFE0
FFFFE0
FFFFE0
F00000
700000
780000
780000
3C0100
3F0780
1FFFC0
0FFF80
03FE00
ENDCHAR
STARTCHAR uni1EBC
ENCODING 7868
SWIDTH 614 0
DWIDTH 22 0
BBX 15 32 4 0
BITMAP
0E0C
1FDC
3FFC
39F8
0000
0000
0000
FFFE
FFFE
FFFE
FFFE
E000
E000
E000
E000
E000
E000
FFF8
FFF8
FFF8
FFF8
E000
E000
E000
E000
E000
E000
E000
FFFE
FFFE
FFFE
FFFE
ENDCHAR
STARTCHAR uni1EBD
ENCODING 7869
SWIDTH 586 0
DWIDTH 21 0
BBX 19 27 1 0
BITMAP
038700
07E700
07FE00
0E7E00
0E1800
000000
000000
000000
03FC00
0FFE00
1FFF00
3F0F80
3C03C0
7803C0
7801C0
7FFFE0
FFFFE0
FFFFE0
F00000
700000
780000
780000
3C0100
3F0780
1FFFC0
0FFF80
03FE00
ENDCHAR
STARTCHAR uni1EBE
ENCODING 7870
SWIDTH 614 0
DWIDTH 22 0
BBX 18 38 4 0
BITMAP
000200
000300
0007C0
000780
000F00
000E00
03C400
07E000
1FF000
3C7800
100800
000000
000000
FFFE00
FFFE00
FFFE00
FFFE00
E00000
E00000
E00000
E00000
E00000
E00000
FFF800
FFF800
FFF800
FFF800
E00000
E00000
E00000
E00000
E00000
E00000
E00000
FFFE00
FFFE00
FFFE00
FFFE00
ENDCHAR
STARTCHAR uni1EBF
ENCODING 7871
SWIDTH 586 0
DWIDTH 21 0
BBX 20 33 1 0
BITMAP
0000C0
0000F0
0001E0
0001C0
000380
000100
00F000
01F800
03FC00
0F1E00
060600
000000
000000
000000
03FC00
0FFE00
1FFF00
3F0F80
3C03C0
7803C0
7801C0
7FFFE0
FFFFE0
FFFFE0
F00000
700000
780000
780000
3C0100
3F0780
1FFFC0
0FFF80
03FE00
ENDCHAR
STARTCHAR uni1EC0
ENCODING 7872
SWIDTH 614 0
DWIDTH 22 0
BBX 16 38 4 0
BITMAP
0008
0018
003C
001E
000E
0007
03C4
07E0
0FF0
3C3C
1008
0000
0000
FFFE
FFFE
FFFE
FFFE
E000
E000
E000
E000
E000
E000
FFF8
FFF8
FFF8
FFF8
E000
E000
E000
E000
E000
E000
E000
FFFE
FFFE
FFFE
FFFE
ENDCHAR
STARTCHAR uni1EC1
ENCODING 7873
SWIDTH 586 0
DWIDTH 21 0
BBX 19 33 1 0
BITMAP
000600
001F00
000F00
000780
000380
000180
00F000
01F800
03FC00
079F00
060600
000000
000000
000000
03FC00
0FFE00
1FFF00
3F0F80
3C03C0
7803C0
7801C0
7FFFE0
FFFFE0
FFFFE0
F00000
700000
780000
780000
3C0100
3F0780
1FFFC0
0FFF80
03FE00
ENDCHAR
STARTCHAR uni1EC2
ENCODING 7874
SWIDTH 614 0
DWIDTH 22 0
BBX 17 38 4 0
BITMAP
000E00
003F80
001F80
000380
000780
000600
03C600
07E000
0FF800
1E3C00
080800
000000
000000
FFFE00
FFFE00
FFFE00
FFFE00
E00000
E00000
E00000
E00000
E00000
E00000
FFF800
FFF800
FFF800
FFF800
E00000
E00000
E00000
E00000
E00000
E00000
E00000
FFFE00
FFFE00
FFFE00
FFFE00
ENDCHAR
STARTCHAR uni1EC3
ENCODING 7875
SWIDTH 586 0
DWIDTH 21 0
BBX 20 33 1 0
BITMAP
0007E0
0007E0
000470
0000E0
0001C0
000180
00F100
01F800
03FC00
0F9F00
060600
000000
000000
000000
03FC00
0FFE00
1FFF00
3F0F80
3C03C0
7803C0
7801C0
7FFFE0
FFFFE0
FFFFE0
F00000
700000
780000
780000
3C0100
3F0780
1FFFC0
0FFF80
03FE00
ENDCHAR
STARTCHAR uni1EC4
ENCODING 7876
SWIDTH 614 0
DWIDTH 22 0
BBX 15 38 4 0
BITMAP
0E1C
1FFC
3FF8
38F8
0000
0000
03C0
07E0
0FF0
3C3C
1008
0000
0000
FFFE
FFFE
FFFE
FFFE
E000
E000
E000
E000
E000
E000
FFF8
FFF8
FFF8
FFF8
E000
E000
E000
E000
E000
E000
E000
FFFE
FFFE
FFFE
FFFE
ENDCHAR
STARTCHAR uni1EC5
ENCODING 7877
SWIDTH 586 0
DWIDTH 21 0
BBX 19 33 1 0
BITMAP
03C700
07FF00
0FFE00
061C00
000000
000000
00F000
01F800
03FC00
0F9F00
060600
000000
000000
000000
03FC00
0FFE00
1FFF00
3F0F80
3C03C0
7803C0
7801C0
7FFFE0
FFFFE0
FFFFE0
F00000
700000
780000
780000
3C0100
3F0780
1FFFC0
0FFF80
03FE00
ENDCHAR
STARTCHAR uni1EC6
ENCODING 7878
SWIDTH 614 0
DWIDTH 22 0
BBX 15 39 4 -7
BITMAP
03C0
07E0
0FF8
3C3C
1008
0000
0000
FFFE
FFFE
FFFE
FFFE
E000
E000
E000
E000
E000
E000
FFF8
FFF8
FFF8
FFF8
E000
E000
E000
E000
E000
E000
E000
FFFE
FFFE
FFFE
FFFE
0000
0000
0000
0780
0780
0780
0780
ENDCHAR
STARTCHAR uni1EC7
ENCODING 7879
SWIDTH 586 0
DWIDTH 21 0
BBX 19 34 1 -7
BITMAP
00F000
01F800
03FC00
0F9F00
060600
000000
000000
000000
03FC00
0FFE00
1FFF00
3F0F80
3C03C0
7803C0
7801C0
7FFFE0
FFFFE0
FFFFE0
F00000
700000
780000
780000
3C0100
3F0780
1FFFC0
0FFF80
03FE00
000000
000000
000000
00F000
00F000
00F000
00F000
ENDCHAR
STARTCHAR uni1EC8
ENCODING 7880
SWIDTH 478 0
DWIDTH 17 0
BBX 12 34 3 0
BITMAP
1F80
1F80
11C0
0380
0700
0600
0400
0000
0000
FFF0
FFF0
FFF0
0F00
0F00
0F00
0F00
0F00
0F00
0F00
0F00
0F00
0F00
0F00
0F00
0F00
0F00
0F00
0F00
0F00
0F00
FFF0
FFF0
FFF0
FFF0
ENDCHAR
STARTCHAR uni1EC9
ENCODING 7881
SWIDTH 243 0
DWIDTH 9 0
BBX 7 28 1 0
BITMAP
FC
FC
8E
1C
38
30
20
00
00
38
38
38
38
38
38
38
38
38
38
38
38
38
38
38
38
38
38
38
ENDCHAR
STARTCHAR uni1ECA
ENCODING 7882
SWIDTH 478 0
DWIDTH 17 0
BBX 12 32 3 -7
BITMAP
FFF0
FFF0
FFF0
0F00
0F00
0F00
0F00
0F00
0F00
0F00
0F00
0F00
0F00
0F00
0F00
0F00
0F00
0F00
0F00
0F00
0F00
FFF0
FFF0
FFF0
FFF0
0000
0000
0000
0F00
0F00
0F00
0F00
ENDCHAR
STARTCHAR uni1ECB
ENCODING 7883
SWIDTH 278 0
DWIDTH 10 0
BBX 4 35 3 -7
BITMAP
60
F0
F0
F0
F0
00
00
00
00
F0
F0
F0
F0
F0
F0
F0
F0
F0
F0
F0
F0
F0
F0
F0
F0
F0
F0
F0
00
00
00
F0
F0
F0
F0
ENDCHAR
STARTCHAR uni1ECC
ENCODING 7884
SWIDTH 782 0
DWIDTH 28 0
BBX 24 33 2 -7
BITMAP
001C00
01FF80
07FFE0
0FFFF0
1FC3F8
3F00FC
7C003E
78001E
78001F
F0000F
F0000F
F0000F
F0000F
F0000F
F0000F
F0000F
F0000F
F0000F
78001F
7C003E
3E003E
3F00FC
1FE7F8
0FFFF0
07FFE0
01FF80
000000
000000
000000
003C00
003C00
003C00
003C00
ENDCHAR
STARTCHAR uni1ECD
ENCODING 7885
SWIDTH 615 0
DWIDTH 22 0
BBX 20 26 1 -7
BITMAP
03FC00
0FFF00
1FFF80
3F0FC0
3C03C0
7801E0
7801E0
7000F0
F000F0
F000F0
F000F0
7000F0
7801E0
7801E0
3C03E0
3F0FC0
1FFF80
0FFF00
03FC00
000000
000000
000000
00F000
00F000
00F000
00F000
ENDCHAR
STARTCHAR uni1ECE
ENCODING 7886
SWIDTH 782 0
DWIDTH 28 0
BBX 24 34 2 0
BITMAP
007E00
007E00
004700
000E00
001C00
001800
001000
000000
001C00
01FF80
07FFE0
0FFFF0
1FC3F8
3F00FC
7C003E
78001E
78001F
F0000F
F0000F
F0000F
F0000F
F0000F
F0000F
F0000F
F0000F
F0000F
78001F
7C003E
3E003E
3F00FC
1FE7F8
0FFFF0
07FFE0
01FF80
ENDCHAR
STARTCHAR uni1ECF
ENCODING 7887
SWIDTH 615 0
DWIDTH 22 0
BBX 20 28 1 0
BITMAP
01F800
01F800
011C00
003800
007000
006000
004000
000000
000000
03FC00
0FFF00
1FFF80
3F0FC0
3C03C0
7801E0
7801E0
7000F0
F000F0
F000F0
F000F0
7000F0
7801E0
7801E0
3C03E0
3F0FC0
1FFF80
0FFF00
03FC00
ENDCHAR
STARTCHAR uni1ED0
ENCODING 7888
SWIDTH 782 0
DWIDTH 28 0
BBX 24 38 2 0
BITMAP
000020
000030
00007C
000078
0000F0
0000E0
003C40
007E00
01FF00
03C780
010080
000000
001C00
01FF80
07FFE0
0FFFF0
1FC3F8
3F00FC
7C003E
78001E
78001F
F0000F
F0000F
F0000F
F0000F
F0000F
F0000F
F0000F
F0000F
F0000F
78001F
7C003E
3E003E
3F00FC
1FE7F8
0FFFF0
07FFE0
01FF80
ENDCHAR
STARTCHAR uni1ED1
ENCODING 7889
SWIDTH 615 0
DWIDTH 22 0
BBX 20 33 1 0
BITMAP
0000C0
0000F0
0001E0
0001C0
000380
000100
00F000
01F800
03FC00
0F1E00
060600
000000
000000
000000
03FC00
0FFF00
1FFF80
3F0FC0
3C03C0
7801E0
7801E0
7000F0
F000F0
F000F0
F000F0
7000F0
7801E0
7801E0
3C03E0
3F0FC0
1FFF80
0FFF00
03FC00
ENDCHAR
STARTCHAR uni1ED2
ENCODING 7890
SWIDTH 782 0
DWIDTH 28 0
BBX 24 38 2 0
BITMAP
000080
000180
0003C0
0001E0
0000E0
000070
003C40
007E00
00FF00
03C3C0
010080
000000
001C00
01FF80
07FFE0
0FFFF0
1FC3F8
3F00FC
7C003E
78001E
78001F
F0000F
F0000F
F0000F
F0000F
F0000F
F0000F
F0000F
F0000F
F0000F
78001F
7C003E
3E003E
3F00FC
1FE7F8
0FFFF0
07FFE0
01FF80
ENDCHAR
STARTCHAR uni1ED3
ENCODING 7891
SWIDTH 615 0
DWIDTH 22 0
BBX 20 33 1 0
BITMAP
000600
001F00
000F00
000780
000380
000180
00F000
01F800
03FC00
079F00
060600
000000
000000
000000
03FC00
0FFF00
1FFF80
3F0FC0
3C03C0
7801E0
7801E0
7000F0
F000F0
F000F0
F000F0
7000F0
7801E0
7801E0
3C03E0
3F0FC0
1FFF80
0FFF00
03FC00
ENDCHAR
STARTCHAR uni1ED4
ENCODING 7892
SWIDTH 782 0
DWIDTH 28 0
BBX 24 38 2 0
BITMAP
0000E0
0003F8
0001F8
000038
000078
000060
003C60
007E00
00FF80
01E3C0
008080
000000
001C00
01FF80
07FFE0
0FFFF0
1FC3F8
3F00FC
7C003E
78001E
78001F
F0000F
F0000F
F0000F
F0000F
F0000F
F0000F
F0000F
F0000F
F0000F
78001F
7C003E
3E003E
3F00FC
1FE7F8
0FFFF0
07FFE0
01FF80
ENDCHAR
STARTCHAR uni1ED5
ENCODING 7893
SWIDTH 615 0
DWIDTH 22 0
BBX 20 33 1 0
BITMAP
0007E0
0007E0
000470
0000E0
0001C0
000180
00F100
01F800
03FC00
0F9F00
060600
000000
000000
000000
03FC00
0FFF00
1FFF80
3F0FC0
3C03C0
7801E0
7801E0
7000F0
F000F0
F000F0
F000F0
7000F0
7801E0
7801E0
3C03E0
3F0FC0
1FFF80
0FFF00
03FC00
ENDCHAR
STARTCHAR uni1ED6
ENCODING 7894
SWIDTH 782 0
DWIDTH 28 0
BBX 24 38 2 0
BITMAP
00E1C0
01FFC0
03FF80
038F80
000000
000000
003C00
007E00
00FF00
03C3C0
010080
000000
001C00
01FF80
07FFE0
0FFFF0
1FC3F8
3F00FC
7C003E
78001E
78001F
F0000F
F0000F
F0000F
F0000F
F0000F
F0000F
F0000F
F0000F
F0000F
78001F
7C003E
3E003E
3F00FC
1FE7F8
0FFFF0
07FFE0
01FF80
ENDCHAR
STARTCHAR uni1ED7
ENCODING 7895
SWIDTH 615 0
DWIDTH 22 0
BBX 20 33 1 0
BITMAP
03C700
07FF00
0FFE00
061C00
000000
000000
00F000
01F800
03FC00
0F9F00
060600
000000
000000
000000
03FC00
0FFF00
1FFF80
3F0FC0
3C03C0
7801E0
7801E0
7000F0
F000F0
F000F0
F000F0
7000F0
7801E0
7801E0
3C03E0
3F0FC0
1FFF80
0FFF00
03FC00
ENDCHAR
STARTCHAR uni1ED8
ENCODING 7896
SWIDTH 782 0
DWIDTH 28 0
BBX 24 39 2 -7
BITMAP
003C00
007E00
00FF80
03C3C0
010080
000000
001C00
01FF80
07FFE0
0FFFF0
1FC3F8
3F00FC
7C003E
78001E
78001F
F0000F
F0000F
F0000F
F0000F
F0000F
F0000F
F0000F
F0000F
F0000F
78001F
7C003E
3E003E
3F00FC
1FE7F8
0FFFF0
07FFE0
01FF80
000000
000000
000000
003C00
003C00
003C00
003C00
ENDCHAR
STARTCHAR uni1ED9
ENCODING 7897
SWIDTH 615 0
DWIDTH 22 0
BBX 20 34 1 -7
BITMAP
00F000
01F800
03FC00
0F9F00
060600
000000
000000
000000
03FC00
0FFF00
1FFF80
3F0FC0
3C03C0
7801E0
7801E0
7000F0
F000F0
F000F0
F000F0
7000F0
7801E0
7801E0
3C03E0
3F0FC0
1FFF80
0FFF00
03FC00
000000
000000
000000
00F000
00F000
00F000
00F000
ENDCHAR
STARTCHAR uni1EDA
ENCODING 7898
SWIDTH 782 0
DWIDTH 28 0
BBX 24 33 2 0
BITMAP
000300
000700
001F80
003F00
00780E
00200E
00001E
00183C
01FFFC
07FFF8
0FFFF0
1FC3F8
3F00FC
7C003E
78001E
78001F
F0000F
F0000F
F0000F
F0000F
F0000F
F0000F
F0000F
F0000F
F0000F
78001F
7C003E
3E003E
3F00FC
1FE7F8
0FFFF0
07FFE0
01FF80
ENDCHAR
STARTCHAR uni1EDB
ENCODING 7899
SWIDTH 615 0
DWIDTH 22 0
BBX 20 28 1 0
BITMAP
001000
007800
00FC00
01F000
03E000
018070
0000E0
0000E0
0000E0
03FFC0
0FFF80
1FFF80
3F0FC0
3C03C0
7801E0
7801E0
7000F0
F000F0
F000F0
F000F0
7000F0
7801E0
7801E0
3C03E0
3F0FC0
1FFF80
0FFF00
03FC00
ENDCHAR
STARTCHAR uni1EDC
ENCODING 7900
SWIDTH 782 0
DWIDTH 28 0
BBX 24 33 2 0
BITMAP
006000
007000
00FC00
007E00
000F0E
00020E
00001E
00183C
01FFFC
07FFF8
0FFFF0
1FC3F8
3F00FC
7C003E
78001E
78001F
F0000F
F0000F
F0000F
F0000F
F0000F
F0000F
F0000F
F0000F
F0000F
78001F
7C003E
3E003E
3F00FC
1FE7F8
0FFFF0
07FFE0
01FF80
ENDCHAR
STARTCHAR uni1EDD
ENCODING 7901
SWIDTH 615 0
DWIDTH 22 0
BBX 20 28 1 0
BITMAP
010000
03C000
07E000
01F000
00F800
003070
0000E0
0000E0
0000E0
03FFC0
0FFF80
1FFF80
3F0FC0
3C03C0
7801E0
7801E0
7000F0
F000F0
F000F0
F000F0
7000F0
7801E0
7801E0
3C03E0
3F0FC0
1FFF80
0FFF00
03FC00
ENDCHAR
STARTCHAR uni1EDE
ENCODING 7902
SWIDTH 782 0
DWIDTH 28 0
BBX 24 34 2 0
BITMAP
007E00
007E00
004700
000E00
001C00
00180E
00100E
00001E
00183C
01FFFC
07FFF8
0FFFF0
1FC3F8
3F00FC
7C003E
78001E
78001F
F0000F
F0000F
F0000F
F0000F
F0000F
F0000F
F0000F
F0000F
F0000F
78001F
7C003E
3E003E
3F00FC
1FE7F8
0FFFF0
07FFE0
01FF80
ENDCHAR
STARTCHAR uni1EDF
ENCODING 7903
SWIDTH 615 0
DWIDTH 22 0
BBX 20 28 1 0
BITMAP
01F800
01F800
011C00
003800
007000
006070
0040E0
0000E0
0000E0
03FFC0
0FFF80
1FFF80
3F0FC0
3C03C0
7801E0
7801E0
7000F0
F000F0
F000F0
F000F0
7000F0
7801E0
7801E0
3C03E0
3F0FC0
1FFF80
0FFF00
03FC00
ENDCHAR
STARTCHAR uni1EE0
ENCODING 7904
SWIDTH 782 0
DWIDTH 28 0
BBX 24 32 2 0
BITMAP
00E0C0
01FDC0
03FFC0
039F8E
00000E
00001E
00183C
01FFFC
07FFF8
0FFFF0
1FC3F8
3F00FC
7C003E
78001E
78001F
F0000F
F0000F
F0000F
F0000F
F0000F
F0000F
F0000F
F0000F
F0000F
78001F
7C003E
3E003E
3F00FC
1FE7F8
0FFFF0
07FFE0
01FF80
ENDCHAR
STARTCHAR uni1EE1
ENCODING 7905
SWIDTH 615 0
DWIDTH 22 0
BBX 20 27 1 0
BITMAP
038700
07E700
07FE00
0E7E00
0E1870
0000E0
0000E0
0000E0
03FFC0
0FFF80
1FFF80
3F0FC0
3C03C0
7801E0
7801E0
7000F0
F000F0
F000F0
F000F0
7000F0
7801E0
7801E0
3C03E0
3F0FC0
1FFF80
0FFF00
03FC00
ENDCHAR
STARTCHAR uni1EE2
ENCODING 7906
SWIDTH 782 0
DWIDTH 28 0
BBX 24 36 2 -7
BITMAP
00000E
00000E
00001E
00183C
01FFFC
07FFF8
0FFFF0
1FC3F8
3F00FC
7C003E
78001E
78001F
F0000F
F0000F
F0000F
F0000F
F0000F
F0000F
F0000F
F0000F
F0000F
78001F
7C003E
3E003E
3F00FC
1FE7F8
0FFFF0
07FFE0
01FF80
000000
000000
000000
003C00
003C00
003C00
003C00
ENDCHAR
STARTCHAR uni1EE3
ENCODING 7907
SWIDTH 615 0
DWIDTH 22 0
BBX 20 30 1 -7
BITMAP
000070
0000E0
0000E0
0000E0
03FFC0
0FFF80
1FFF80
3F0FC0
3C03C0
7801E0
7801E0
7000F0
F000F0
F000F0
F000F0
7000F0
7801E0
7801E0
3C03E0
3F0FC0
1FFF80
0FFF00
03FC00
000000
000000
000000
00F000
00F000
00F000
00F000
ENDCHAR
STARTCHAR uni1EE4
ENCODING 7908
SWIDTH 740 0
DWIDTH 27 0
BBX 20 32 3 -7
BITMAP
F00070
F00070
F00070
F00070
F00070
F00070
F00070
F00070
F00070
F00070
F00070
F00070
F00070
F00070
F00070
F00070
F00070
F800F0
7800F0
7C01F0
3E03E0
3FFFC0
1FFF80
0FFF00
03FC00
000000
000000
000000
00F000
00F000
00F000
00F000
ENDCHAR
STARTCHAR uni1EE5
ENCODING 7909
SWIDTH 605 0
DWIDTH 22 0
BBX 16 26 3 -7
BITMAP
E00F
E00F
E00F
E00F
E00F
E00F
E00F
E00F
E00F
E00F
E00F
E00F
E00F
F00F
F01F
F83F
7FFF
3FEF
1FCF
0000
0000
0000
03C0
03C0
03C0
03C0
ENDCHAR
STARTCHAR uni1EE6
ENCODING 7910
SWIDTH 740 0
DWIDTH 27 0
BBX 20 34 3 0
BITMAP
01F800
01F800
011C00
003800
007000
006000
004000
000000
000000
F00070
F00070
F00070
F00070
F00070
F00070
F00070
F00070
F00070
F00070
F00070
F00070
F00070
F00070
F00070
F00070
F00070
F800F0
7800F0
7C01F0
3E03E0
3FFFC0
1FFF80
0FFF00
03FC00
ENDCHAR
STARTCHAR uni1EE7
ENCODING 7911
SWIDTH 605 0
DWIDTH 22 0
BBX 16 28 3 0
BITMAP
07E0
07E0
0470
00E0
01C0
0180
0100
0000
0000
E00F
E00F
E00F
E00F
E00F
E00F
E00F
E00F
E00F
E00F
E00F
E00F
E00F
F00F
F01F
F83F
7FFF
3FEF
1FCF
ENDCHAR
STARTCHAR uni1EE8
ENCODING 7912
SWIDTH 740 0
DWIDTH 27 0
BBX 25 33 3 0
BITMAP
000C0000
001C0000
007E0000
00FC0000
01E00780
00800700
00000700
00000F00
F0007E00
F0007C00
F0007000
F0007000
F0007000
F0007000
F0007000
F0007000
F0007000
F0007000
F0007000
F0007000
F0007000
F0007000
F0007000
F0007000
F0007000
F800F000
7800F000
7C01F000
3E03E000
3FFFC000
1FFF8000
0FFF0000
03FC0000
ENDCHAR
STARTCHAR uni1EE9
ENCODING 7913
SWIDTH 605 0
DWIDTH 22 0
BBX 19 28 3 0
BITMAP
004000
01E000
03F000
07C000
0F8000
0600E0
0000E0
0000E0
0001C0
E00FC0
E00F00
E00F00
E00F00
E00F00
E00F00
E00F00
E00F00
E00F00
E00F00
E00F00
E00F00
E00F00
F00F00
F01F00
F83F00
7FFF00
3FEF00
1FCF00
ENDCHAR
STARTCHAR uni1EEA
ENCODING 7914
SWIDTH 740 0
DWIDTH 27 0
BBX 25 33 3 0
BITMAP
01800000
01C00000
03F00000
01F80000
003C0780
00080700
00000700
00000F00
F0007E00
F0007C00
F0007000
F0007000
F0007000
F0007000
F0007000
F0007000
F0007000
F0007000
F0007000
F0007000
F0007000
F0007000
F0007000
F0007000
F0007000
F800F000
7800F000
7C01F000
3E03E000
3FFFC000
1FFF8000
0FFF0000
03FC0000
ENDCHAR
STARTCHAR uni1EEB
ENCODING 7915
SWIDTH 605 0
DWIDTH 22 0
BBX 19 28 3 0
BITMAP
040000
0F0000
1F8000
07C000
03E000
00C0E0
0000E0
0000E0
0001C0
E00FC0
E00F00
E00F00
E00F00
E00F00
E00F00
E00F00
E00F00
E00F00
E00F00
E00F00
E00F00
E00F00
F00F00
F01F00
F83F00
7FFF00
3FEF00
1FCF00
ENDCHAR
STARTCHAR uni1EEC
ENCODING 7916
SWIDTH 740 0
DWIDTH 27 0
BBX 25 34 3 0
BITMAP
01F80000
01F80000
011C0000
00380000
00700000
00600780
00400700
00000700
00000F00
F0007E00
F0007C00
F0007000
F0007000
F0007000
F0007000
F0007000
F0007000
F0007000
F0007000
F0007000
F0007000
F0007000
F0007000
F0007000
F0007000
F0007000
F800F000
7800F000
7C01F000
3E03E000
3FFFC000
1FFF8000
0FFF0000
03FC0000
ENDCHAR
STARTCHAR uni1EED
ENCODING 7917
SWIDTH 605 0
DWIDTH 22 0
BBX 19 28 3 0
BITMAP
07E000
07E000
047000
00E000
01C000
0180E0
0100E0
0000E0
0001C0
E00FC0
E00F00
E00F00
E00F00
E00F00
E00F00
E00F00
E00F00
E00F00
E00F00
E00F00
E00F00
E00F00
F00F00
F01F00
F83F00
7FFF00
3FEF00
1FCF00
ENDCHAR
STARTCHAR uni1EEE
ENCODING 7918
SWIDTH 740 0
DWIDTH 27 0
BBX 25 32 3 0
BITMAP
03830000
07F70000
0FFF0000
0E7E0780
00000700
00000700
00000F00
F0007E00
F0007C00
F0007000
F0007000
F0007000
F0007000
F0007000
F0007000
F0007000
F0007000
F0007000
F0007000
F0007000
F0007000
F0007000
F0007000
F0007000
F800F000
7800F000
7C01F000
3E03E000
3FFFC000
1FFF8000
0FFF0000
03FC0000
ENDCHAR
STARTCHAR uni1EEF
ENCODING 7919
SWIDTH 605 0
DWIDTH 22 0
BBX 19 27 3 0
BITMAP
0E1C00
1F9C00
1FF800
39F800
3860E0
0000E0
0000E0
0001C0
E00FC0
E00F00
E00F00
E00F00
E00F00
E00F00
E00F00
E00F00
E00F00
E00F00
E00F00
E00F00
E00F00
F00F00
F01F00
F83F00
7FFF00
3FEF00
1FCF00
ENDCHAR
STARTCHAR uni1EF0
ENCODING 7920
SWIDTH 740 0
DWIDTH 27 0
BBX 25 36 3 -7
BITMAP
00000780
00000700
00000700
00000F00
F0007E00
F0007C00
F0007000
F0007000
F0007000
F0007000
F0007000
F0007000
F0007000
F0007000
F0007000
F0007000
F0007000
F0007000
F0007000
F0007000
F0007000
F800F000
7800F000
7C01F000
3E03E000
3FFFC000
1FFF8000
0FFF0000
03FC0000
00000000
00000000
00000000
00F00000
00F00000
00F00000
00F00000
ENDCHAR
STARTCHAR uni1EF1
ENCODING 7921
SWIDTH 605 0
DWIDTH 22 0
BBX 19 30 3 -7
BITMAP
0000E0
0000E0
0000E0
0001C0
E00FC0
E00F00
E00F00
E00F00
E00F00
E00F00
E00F00
E00F00
E00F00
E00F00
E00F00
E00F00
E00F00
F00F00
F01F00
F83F00
7FFF00
3FEF00
1FCF00
000000
000000
000000
03C000
03C000
03C000
03C000
ENDCHAR
STARTCHAR Ygrave
ENCODING 7922
SWIDTH 660 0
DWIDTH 24 0
BBX 23 33 0 0
BITMAP
006000
007000
00FC00
007E00
000F00
000200
000000
800000
7C003E
3C003C
3E007C
1F0078
0F00F0
0F81F0
07C1E0
03C3C0
01E7C0
01F780
00FF00
007F00
007E00
003C00
003C00
003C00
003C00
003C00
003C00
003C00
003C00
003C00
003C00
003C00
003C00
ENDCHAR
STARTCHAR ygrave
ENCODING 7923
SWIDTH 581 0
DWIDTH 21 0
BBX 21 36 0 -8
BITMAP
008000
01E000
03F000
00F800
007C00
001800
000000
000000
000000
F800F8
7800F0
7C01F0
3C01E0
3C01E0
1E03E0
1E03C0
1F03C0
0F0780
0F8780
078700
078F00
03CF00
03DE00
01FE00
01FC00
01FC00
00FC00
00F800
007800
007000
00F000
00F000
01E000
01E000
01C000
03C000
ENDCHAR
STARTCHAR uni1EF4
ENCODING 7924
SWIDTH 660 0
DWIDTH 24 0
BBX 23 32 0 -7
BITMAP
FC003E
3C003C
3E007C
1F0078
0F00F0
0F81F0
07C1E0
03C3C0
01E7C0
01F780
00FF00
007F00
007E00
003C00
003C00
003C00
003C00
003C00
003C00
003C00
003C00
003C00
003C00
003C00
003C00
000000
000000
000000
003C00
003C00
003C00
003C00
ENDCHAR
STARTCHAR uni1EF5
ENCODING 7925
SWIDTH 581 0
DWIDTH 21 0
BBX 21 27 0 -8
BITMAP
F800F8
7800F0
7C01F0
3C01E0
3C01E0
1E03E0
1E03C0
1F03C0
0F0780
0F8780
078700
078F00
03CF00
03DE00
01FE00
01FC00
01FC00
00FC00
00F800
007800
007000
00F000
00F1E0
01E1E0
01E1E0
01C1E0
03C000
ENDCHAR
STARTCHAR uni1EF6
ENCODING 7926
SWIDTH 660 0
DWIDTH 24 0
BBX 23 34 0 0
BITMAP
007E00
007E00
004700
000E00
001C00
001800
001000
000000
800000
7C003E
3C003C
3E007C
1F0078
0F00F0
0F81F0
07C1E0
03C3C0
01E7C0
01F780
00FF00
007F00
007E00
003C00
003C00
003C00
003C00
003C00
003C00
003C00
003C00
003C00
003C00
003C00
003C00
ENDCHAR
STARTCHAR uni1EF7
ENCODING 7927
SWIDTH 581 0
DWIDTH 21 0
BBX 21 36 0 -8
BITMAP
01F800
01F800
011C00
003800
007000
006000
004000
000000
000000
F800F8
7800F0
7C01F0
3C01E0
3C01E0
1E03E0
1E03C0
1F03C0
0F0780
0F8780
078700
078F00
03CF00
03DE00
01FE00
01FC00
01FC00
00FC00
00F800
007800
007000
00F000
00F000
01E000
01E000
01C000
03C000
ENDCHAR
STARTCHAR uni1EF8
ENCODING 7928
SWIDTH 660 0
DWIDTH 24 0
BBX 23 32 0 0
BITMAP
00E0C0
01FDC0
03FFC0
039F80
000000
000000
800000
7C003E
3C003C
3E007C
1F0078
0F00F0
0F81F0
07C1E0
03C3C0
01E7C0
01F780
00FF00
007F00
007E00
003C00
003C00
003C00
003C00
003C00
003C00
003C00
003C00
003C00
003C00
003C00
003C00
ENDCHAR
STARTCHAR uni1EF9
ENCODING 7929
SWIDTH 581 0
DWIDTH 21 0
BBX 21 35 0 -8
BITMAP
038700
07E700
07FE00
0E7E00
0E1800
000000
000000
000000
F800F8
7800F0
7C01F0
3C01E0
3C01E0
1E03E0
1E03C0
1F03C0
0F0780
0F8780
078700
078F00
03CF00
03DE00
01FE00
01FC00
01FC00
00FC00
00F800
007800
007000
00F000
00F000
01E000
01E000
01C000
03C000
ENDCHAR
STARTCHAR uni2007
ENCODING 8199
SWIDTH 550 0
DWIDTH 20 0
BBX 1 1 0 0
BITMAP
00
ENDCHAR
STARTCHAR uni2008
ENCODING 8200
SWIDTH 260 0
DWIDTH 9 0
BBX 1 1 0 0
BITMAP
00
ENDCHAR
STARTCHAR uni2009
ENCODING 8201
SWIDTH 205 0
DWIDTH 7 0
BBX 1 1 0 0
BITMAP
00
ENDCHAR
STARTCHAR uni200A
ENCODING 8202
SWIDTH 102 0
DWIDTH 4 0
BBX 1 1 0 0
BITMAP
00
ENDCHAR
STARTCHAR uni200B
ENCODING 8203
SWIDTH 0 0
DWIDTH 0 0
BBX 1 1 0 0
BITMAP
00
ENDCHAR
STARTCHAR uni2010
ENCODING 8208
SWIDTH 394 0
DWIDTH 14 0
BBX 10 4 2 8
BITMAP
FFC0
FFC0
FFC0
FFC0
ENDCHAR
STARTCHAR figuredash
ENCODING 8210
SWIDTH 514 0
DWIDTH 19 0
BBX 15 3 2 9
BITMAP
FFFE
FFFE
FFFE
ENDCHAR
STARTCHAR endash
ENCODING 8211
SWIDTH 514 0
DWIDTH 19 0
BBX 15 3 2 9
BITMAP
FFFE
FFFE
FFFE
ENDCHAR
STARTCHAR emdash
ENCODING 8212
SWIDTH 868 0
DWIDTH 31 0
BBX 27 3 2 9
BITMAP
FFFFFFE0
FFFFFFE0
FFFFFFE0
ENDCHAR
STARTCHAR uni2015
ENCODING 8213
SWIDTH 868 0
DWIDTH 31 0
BBX 27 3 2 9
BITMAP
FFFFFFE0
FFFFFFE0
FFFFFFE0
ENDCHAR
STARTCHAR quoteleft
ENCODING 8216
SWIDTH 241 0
DWIDTH 9 0
BBX 7 10 1 17
BITMAP
0C
1E
38
70
70
F8
FC
7C
7C
18
ENDCHAR
STARTCHAR quoteright
ENCODING 8217
SWIDTH 241 0
DWIDTH 9 0
BBX 6 10 1 17
BITMAP
70
FC
7C
7C
1C
1C
38
78
F0
40
ENDCHAR
STARTCHAR quotesinglbase
ENCODING 8218
SWIDTH 267 0
DWIDTH 10 0
BBX 6 10 2 -6
BITMAP
78
78
7C
7C
3C
1C
38
78
F0
E0
ENDCHAR
STARTCHAR quotedblleft
ENCODING 8220
SWIDTH 448 0
DWIDTH 16 0
BBX 14 10 1 17
BITMAP
0C18
1E3C
3870
70E0
70E0
F9F0
FDF8
7CF8
7CF8
1830
ENDCHAR
STARTCHAR quotedblright
ENCODING 8221
SWIDTH 445 0
DWIDTH 16 0
BBX 13 10 1 17
BITMAP
70E0
FDF8
7CF8
7CF8
1C38
1C38
3870
78F0
F1E0
4080
ENDCHAR
STARTCHAR quotedblbase
ENCODING 8222
SWIDTH 492 0
DWIDTH 18 0
BBX 14 10 2 -6
BITMAP
7878
7878
7C7C
7C7C
3C3C
1C1C
3838
7878
F0F0
E0E0
ENDCHAR
STARTCHAR dagger
ENCODING 8224
SWIDTH 440 0
DWIDTH 16 0
BBX 12 18 2 8
BITMAP
0F00
0F00
0F00
0F00
0F00
FFF0
FFF0
FFF0
0F00
0F00
0F00
0F00
0F00
0F00
0F00
0F00
0F00
0F00
ENDCHAR
STARTCHAR daggerdbl
ENCODING 8225
SWIDTH 404 0
DWIDTH 15 0
BBX 11 19 2 7
BITMAP
0E00
0E00
0E00
0E00
0E00
FFE0
FFE0
FFE0
0E00
0E00
FFE0
FFE0
FFE0
0E00
0E00
0E00
0E00
0E00
0E00
ENDCHAR
STARTCHAR bullet
ENCODING 8226
SWIDTH 346 0
DWIDTH 12 0
BBX 10 10 1 8
BITMAP
0C00
3F00
7F80
7FC0
FFC0
FFC0
FFC0
7FC0
7F80
1F00
ENDCHAR
STARTCHAR ellipsis
ENCODING 8230
SWIDTH 605 0
DWIDTH 22 0
BBX 19 5 2 0
BITMAP
70E1C0
F1E3C0
F9F3E0
F1E3C0
F1E3C0
ENDCHAR
STARTCHAR perthousand
ENCODING 8240
SWIDTH 1190 0
DWIDTH 43 0
BBX 40 26 1 0
BITMAP
0600000000
1F800F0000
3FC01E0000
79E01E0000
70E03C0000
70E0380000
E0E0780000
E0E0F00000
F0E0E00000
70E1E00000
70E3C00000
7FC3800000
3FC7800000
1F0F1F80F8
000E3FC1FC
001E79C3DE
003C70E78F
003870E707
0078E0E707
00F0E0E707
00E0E0E707
01E070E707
03C070E78E
038079C3DE
07803FC1FC
0F001F80F8
ENDCHAR
STARTCHAR second
ENCODING 8243
SWIDTH 412 0
DWIDTH 15 0
BBX 13 9 1 16
BITMAP
7878
7870
78F0
70F0
70E0
70E0
60E0
E0C0
E0C0
ENDCHAR
STARTCHAR guilsinglleft
ENCODING 8249
SWIDTH 273 0
DWIDTH 10 0
BBX 8 15 0 2
BITMAP
02
07
0F
1E
1C
3C
78
F0
78
3C
3C
1E
0F
07
02
ENDCHAR
STARTCHAR guilsinglright
ENCODING 8250
SWIDTH 275 0
DWIDTH 10 0
BBX 8 15 1 2
BITMAP
20
F0
78
38
3C
1E
0F
0F
0F
1E
1C
3C
78
F0
20
ENDCHAR
STARTCHAR fraction
ENCODING 8260
SWIDTH 606 0
DWIDTH 22 0
BBX 20 25 1 0
BITMAP
0000F0
0001E0
0001C0
0003C0
000780
000700
000F00
001E00
001C00
003C00
007800
007000
00F000
01E000
01C000
03C000
078000
070000
0F0000
1E0000
1C0000
3C0000
780000
700000
F00000
ENDCHAR
STARTCHAR uni2070
ENCODING 8304
SWIDTH 364 0
DWIDTH 13 0
BBX 11 13 1 15
BITMAP
1F00
3F80
7FC0
71C0
E0E0
E0E0
E0E0
E0E0
E0E0
F1E0
7BC0
3F80
1F00
ENDCHAR
STARTCHAR uni2074
ENCODING 8308
SWIDTH 390 0
DWIDTH 14 0
BBX 10 13 2 15
BITMAP
0700
0700
0F00
1F00
3F00
7700
7700
E700
FFC0
FFC0
0700
0700
0700
ENDCHAR
STARTCHAR uni2075
ENCODING 8309
SWIDTH 358 0
DWIDTH 13 0
BBX 9 12 2 15
BITMAP
7F00
7F00
6000
6000
FF00
FF00
4780
0380
0380
4780
FF00
7E00
ENDCHAR
STARTCHAR uni2076
ENCODING 8310
SWIDTH 343 0
DWIDTH 12 0
BBX 10 13 1 15
BITMAP
0F00
3F80
7F80
7100
6000
EF00
FF80
F3C0
E1C0
61C0
7380
7F80
3F00
ENDCHAR
STARTCHAR uni2077
ENCODING 8311
SWIDTH 326 0
DWIDTH 12 0
BBX 9 12 2 15
BITMAP
FF00
FF80
0700
0700
0E00
0E00
1C00
1C00
3800
3800
3000
7000
ENDCHAR
STARTCHAR uni2078
ENCODING 8312
SWIDTH 353 0
DWIDTH 13 0
BBX 9 13 2 15
BITMAP
3C00
7F00
F780
E380
E380
7F00
3E00
FF00
E380
C380
E380
FF00
7E00
ENDCHAR
STARTCHAR uni2079
ENCODING 8313
SWIDTH 333 0
DWIDTH 12 0
BBX 10 13 1 15
BITMAP
1E00
3F00
7F80
E180
E1C0
E1C0
7FC0
7FC0
1980
0380
2780
7F00
3E00
ENDCHAR
STARTCHAR uni2080
ENCODING 8320
SWIDTH 364 0
DWIDTH 13 0
BBX 11 13 1 -7
BITMAP
1F00
3F80
7FC0
71C0
E0E0
E0E0
E0E0
E0E0
E0E0
F1E0
7BC0
3F80
1F00
ENDCHAR
STARTCHAR uni2081
ENCODING 8321
SWIDTH 281 0
DWIDTH 10 0
BBX 5 12 2 -7
BITMAP
38
F8
F8
58
18
18
18
18
18
18
18
18
ENDCHAR
STARTCHAR uni2082
ENCODING 8322
SWIDTH 346 0
DWIDTH 12 0
BBX 9 13 2 -7
BITMAP
3E00
7F00
FF00
C780
4700
0700
0E00
1C00
3800
7000
E000
FF80
FF80
ENDCHAR
STARTCHAR uni2083
ENCODING 8323
SWIDTH 342 0
DWIDTH 12 0
BBX 9 13 2 -7
BITMAP
7F00
7F00
7F00
0E00
1C00
7C00
7F00
2700
0380
0380
4700
FF00
7E00
ENDCHAR
STARTCHAR uni2084
ENCODING 8324
SWIDTH 390 0
DWIDTH 14 0
BBX 10 13 2 -7
BITMAP
0700
0700
0F00
1F00
3F00
7700
7700
E700
FFC0
FFC0
0700
0700
0700
ENDCHAR
STARTCHAR uni2085
ENCODING 8325
SWIDTH 358 0
DWIDTH 13 0
BBX 9 12 2 -7
BITMAP
7F00
7F00
6000
6000
FF00
FF00
4780
0380
0380
4780
FF00
7E00
ENDCHAR
STARTCHAR uni2086
ENCODING 8326
SWIDTH 343 0
DWIDTH 12 0
BBX 10 13 1 -7
BITMAP
0F00
3F80
7F80
7100
6000
EF00
FF80
F3C0
E1C0
61C0
7380
7F80
3F00
ENDCHAR
STARTCHAR uni2087
ENCODING 8327
SWIDTH 326 0
DWIDTH 12 0
BBX 9 12 2 -7
BITMAP
FF00
FF80
0700
0700
0E00
0E00
1C00
1C00
3800
3800
3000
7000
ENDCHAR
STARTCHAR uni2088
ENCODING 8328
SWIDTH 353 0
DWIDTH 13 0
BBX 9 13 2 -7
BITMAP
3C00
7F00
F780
E380
E380
7F00
3E00
FF00
E380
C380
E380
FF00
7E00
ENDCHAR
STARTCHAR uni2089
ENCODING 8329
SWIDTH 333 0
DWIDTH 12 0
BBX 10 13 1 -7
BITMAP
1E00
3F00
7F80
E180
E1C0
E1C0
7FC0
7FC0
1980
0380
2780
7F00
3E00
ENDCHAR
STARTCHAR colonmonetary
ENCODING 8353
SWIDTH 679 0
DWIDTH 24 0
BBX 24 34 1 -5
BITMAP
000180
0001C4
0003C7
00038E
00FFCE
03FFFC
07FFFC
0FFFFC
1F9E7C
1F1C78
3E3C70
3C38F0
7878E0
7871E0
78F1C0
78E3C0
79E380
79C780
7BC700
7B8F00
7F8E00
3F1E00
3F1C00
3F3C10
1FB878
1FFFFC
3FFFF8
3BFFF0
78FFC0
71E000
71C000
E3C000
238000
018000
ENDCHAR
STARTCHAR franc
ENCODING 8355
SWIDTH 602 0
DWIDTH 22 0
BBX 19 25 1 0
BITMAP
1FFFE0
1FFFE0
1FFFE0
1FFFE0
1C0000
1C0000
1C0000
1C0000
1C0000
1C0000
1C0000
1FFF80
1FFF80
1FFF80
1C0000
1C0000
1C0000
FFC000
FFC000
FFC000
1C0000
1C0000
1C0000
1C0000
1C0000
ENDCHAR
STARTCHAR lira
ENCODING 8356
SWIDTH 610 0
DWIDTH 22 0
BBX 20 27 1 -1
BITMAP
003800
01FF00
07FF80
07FFC0
0F8380
0F0100
1E0000
1E0000
1E0000
1E0000
1E0000
7FFE00
7FFE00
7FFE00
0F0000
078000
7FFE00
7FFE00
7FFE00
078000
070000
070000
1FC020
FFF9E0
7FFFF0
707FE0
000F00
ENDCHAR
STARTCHAR uni20A6
ENCODING 8358
SWIDTH 795 0
DWIDTH 29 0
BBX 28 25 0 0
BITMAP
0F000780
0F000780
0F800780
0FC00780
0FE00780
0FE00780
0FF00780
0EF80780
0E7C0780
0E3C0780
FE3E07F0
FFFFFFF0
FFFFFFF0
FE0787F0
0E07C780
0E03E780
0E01F780
0E00F780
0E00FB80
0E007F80
0E003F80
0E001F80
0E000F80
0E000F80
0E000780
ENDCHAR
STARTCHAR peseta
ENCODING 8359
SWIDTH 791 0
DWIDTH 28 0
BBX 22 25 4 0
BITMAP
3FFF00
3FFF80
3FFFC0
3FFFE0
3C01F0
3C00F0
FFFFFC
FFFFFC
FFFFFC
3C00F0
3C01F0
3C07E0
3FFFC0
3FFFC0
3FFF00
3C0000
3C0000
3C0000
3C0000
3C0000
3C0000
3C0000
3C0000
3C0000
3C0000
ENDCHAR
STARTCHAR uni20A9
ENCODING 8361
SWIDTH 996 0
DWIDTH 36 0
BBX 34 25 1 0
BITMAP
F0000003C0
F800000780
7800000780
7800000780
7801E00F80
3C01E00F00
3C03F00F00
3C03F01F00
1E07F01E00
1E07F81E00
7E07781F80
7FFFFFFF80
7FFFFFFF80
0F1E3C3C00
079E1E7800
079C1E7800
07BC0F7800
07BC0FF000
03F807F000
03F807F000
03F007E000
01F003E000
01F003E000
01E001C000
00E001C000
ENDCHAR
STARTCHAR dong
ENCODING 8363
SWIDTH 491 0
DWIDTH 18 0
BBX 16 25 1 0
BITMAP
0038
0038
0038
03FF
03FF
03FF
0038
0F38
3FB8
3FF8
78F8
7078
F038
F038
F038
7078
7CF8
3FF8
1FB8
0E00
0000
0000
FFFC
FFFC
FFFC
ENDCHAR
STARTCHAR Euro
ENCODING 8364
SWIDTH 646 0
DWIDTH 23 0
BBX 20 25 1 0
BITMAP
003FE0
00FFF0
01FFF0
03F060
07C000
0F0000
0F0000
1E0000
FFFC00
FFFC00
FFFC00
FFFC00
3C0000
3C0000
FFFC00
FFFC00
FFFC00
1E0000
0F0000
0F0000
07C000
07F060
03FFF0
00FFF0
003FE0
ENDCHAR
STARTCHAR uni20AD
ENCODING 8365
SWIDTH 759 0
DWIDTH 27 0
BBX 25 25 1 0
BITMAP
1E001F80
1E003E00
1E007C00
1E00F800
1E01F000
1E03E000
1E07C000
1E0F8000
1E1F0000
1E3E0000
FE7FFC00
FEFFFC00
FFFFFC00
1FEF0000
1FCF8000
1F87C000
1F03E000
1E01E000
1E01F000
1E00F800
1E007C00
1E003C00
1E003E00
1E001F00
1E000F80
ENDCHAR
STARTCHAR uni20B1
ENCODING 8369
SWIDTH 795 0
DWIDTH 29 0
BBX 22 25 4 0
BITMAP
1FFF00
1FFFC0
1FFFE0
1FFFE0
FE01FC
FFFFFC
FE00FC
1E00F0
FE00FC
FFFFFC
FE01FC
1E03E0
1FFFE0
1FFFC0
1FFF00
1E0000
1E0000
1E0000
1E0000
1E0000
1E0000
1E0000
1E0000
1E0000
1E0000
ENDCHAR
STARTCHAR uni20B2
ENCODING 8370
SWIDTH 766 0
DWIDTH 28 0
BBX 24 34 2 -5
BITMAP
007800
007800
007800
007800
00FFC0
03FFF0
0FFFF8
1FFBFC
3F787C
3E7838
7C7810
787800
F87800
F07800
F07800
F07800
F07FFF
F07FFF
F07FFF
F07FFF
F8780F
78780F
7C781E
3E783E
3FF87C
1FFBFC
0FFFF8
03FFE0
00FF80
007800
007800
007800
007800
007800
ENDCHAR
STARTCHAR uni20B5
ENCODING 8373
SWIDTH 679 0
DWIDTH 24 0
BBX 21 31 2 -3
BITMAP
003800
003800
003800
01FF80
07FFE0
0FFFF0
1FFFF8
3F38F8
3E3870
7C3820
783800
F03800
F03800
F03800
F03800
F03800
F03800
F03800
F03800
F03800
783800
7C3800
7E3820
3F38F0
1FFFF8
0FFFF0
07FFE0
01FF80
003800
003800
003800
ENDCHAR
STARTCHAR uni20B9
ENCODING 8377
SWIDTH 540 0
DWIDTH 19 0
BBX 16 25 2 0
BITMAP
FFFF
FFFF
FFFF
FFFF
00F8
0078
01FF
01FF
01FF
007C
0078
00F8
3FF0
3FE0
1FC0
0F00
0F80
07C0
03E0
01E0
01F0
00F8
0078
007C
003E
ENDCHAR
STARTCHAR uni20BA
ENCODING 8378
SWIDTH 609 0
DWIDTH 22 0
BBX 19 25 1 0
BITMAP
070000
070000
070000
070000
071800
077C00
07F800
07E000
1F8000
3F0800
FF1C00
777E00
47F800
07E000
0FC000
3F0000
7F0000
770080
2701E0
0703E0
0707C0
071F80
07FF00
07FE00
07F000
ENDCHAR
STARTCHAR uni20BC
ENCODING 8380
SWIDTH 760 0
DWIDTH 27 0
BBX 20 29 4 0
BITMAP
00E000
00E000
00E000
00E000
07FC00
1FFF00
3FFF80
7FFFC0
7CE7E0
F8E3E0
F0E1E0
F0E0F0
E0E0F0
E0E0F0
E0E0F0
E0E0F0
E0E0F0
E0E0F0
E0E0F0
E0E0F0
E000F0
E000F0
E000F0
E000F0
E000F0
E000F0
E000F0
E000F0
E000F0
ENDCHAR
STARTCHAR uni20BD
ENCODING 8381
SWIDTH 727 0
DWIDTH 26 0
BBX 21 25 4 0
BITMAP
1FFF00
1FFFC0
1FFFE0
1FFFE0
1E01F0
1E00F0
1E00F0
1E0078
1E00F0
1E00F0
1E01F0
1E03F0
FFFFE0
FFFFC0
FFFF00
1E0000
1E0000
1E0000
FF8000
FF8000
FF8000
1E0000
1E0000
1E0000
1E0000
ENDCHAR
STARTCHAR uni2113
ENCODING 8467
SWIDTH 539 0
DWIDTH 19 0
BBX 18 27 1 0
BITMAP
003F00
007F80
00FF80
01E3C0
03C1C0
0381C0
0783C0
070380
070380
0F0780
0E0700
0E0F00
0E0E00
0E1C00
1E3C00
1C7800
1CF000
1DE000
1FC000
1F8000
1F0000
7E0000
FE0000
6F0400
07FE00
03FC00
01F800
ENDCHAR
STARTCHAR uni2116
ENCODING 8470
SWIDTH 1177 0
DWIDTH 42 0
BBX 37 25 4 0
BITMAP
F000781FC0
F000783FE0
F800787FF0
FC00787070
FE0078F078
FE0078F078
FF0078F078
EF80787078
E7C07878F0
E3C0787FF0
E3E0783FE0
E1F0780F80
E0F8780000
E078780000
E07C780000
E03E787FF8
E01F787FF8
E00F787FF8
E00FB80000
E007F80000
E003F80000
E001F80000
E000F80000
E000F80000
E000780000
ENDCHAR
STARTCHAR trademark
ENCODING 8482
SWIDTH 794 0
DWIDTH 29 0
BBX 26 13 1 12
BITMAP
FFCE03C0
FFCE03C0
0C0F07C0
0C0F07C0
0C0F8FC0
0C0FDDC0
0C0FDDC0
0C0EF9C0
0C0EF9C0
0C0E71C0
0C0E01C0
0C0E01C0
0C0E01C0
ENDCHAR
STARTCHAR uni2126
ENCODING 8486
SWIDTH 675 0
DWIDTH 24 0
BBX 22 26 1 0
BITMAP
003800
03FF00
0FFFC0
1FFFE0
3F03F0
3C00F8
780078
70003C
F0003C
F0001C
E0001C
E0001C
E0001C
F0001C
F0001C
70003C
700038
780038
380070
3C00F0
1E00E0
0E01E0
0703C0
FF87FC
FF87FC
FF87FC
ENDCHAR
STARTCHAR estimated
ENCODING 8494
SWIDTH 629 0
DWIDTH 23 0
BBX 19 21 2 0
BITMAP
03F800
0F3E00
180300
300180
7001C0
7001C0
F001E0
F001E0
F001E0
FFFFE0
FFFFE0
F00000
F00000
F00000
F00000
F00000
7000C0
300180
380300
0E0E00
07FC00
ENDCHAR
STARTCHAR oneeighth
ENCODING 8539
SWIDTH 792 0
DWIDTH 29 0
BBX 24 25 2 0
BITMAP
380078
F800F0
F800E0
5801E0
1803C0
180380
180780
180F00
180E00
181E00
183C00
183800
007878
00F0FE
00E1EF
01E1C7
03C1C7
0380FE
07807C
0F01FE
0E01C7
1E0187
3C01C7
3801FE
7800FC
ENDCHAR
STARTCHAR threeeighths
ENCODING 8540
SWIDTH 805 0
DWIDTH 29 0
BBX 26 26 1 0
BITMAP
7F000000
7F001E00
7F003C00
0E003800
1C007800
7C00F000
7F00E000
2701E000
0383C000
03838000
47078000
FF0F0000
7E0E0000
001E1E00
003C3F80
00387BC0
007871C0
00F071C0
00E03F80
01E01F00
03C07F80
038071C0
078061C0
0F0071C0
0E007F80
1E003F00
ENDCHAR
STARTCHAR fiveeighths
ENCODING 8541
SWIDTH 847 0
DWIDTH 30 0
BBX 26 25 2 0
BITMAP
7F000F00
7F001E00
60001C00
60003C00
FF007800
FF007000
4780F000
0381E000
0381C000
4783C000
FF078000
7E070000
000F1E00
001E3F80
001C7BC0
003C71C0
007871C0
00703F80
00F01F00
01E07F80
01C071C0
03C061C0
078071C0
07007F80
0F003F00
ENDCHAR
STARTCHAR seveneighths
ENCODING 8542
SWIDTH 817 0
DWIDTH 29 0
BBX 25 25 2 0
BITMAP
FF003C00
FF807800
07007000
0700F000
0E01E000
0E01C000
1C03C000
1C078000
38070000
380F0000
301E0000
701C0000
003C3C00
00787F00
0070F780
00F0E380
01E0E380
01C07F00
03C03E00
0780FF00
0700E380
0F00C380
1E00E380
1C00FF00
3C007E00
ENDCHAR
STARTCHAR partialdiff
ENCODING 8706
SWIDTH 590 0
DWIDTH 21 0
BBX 19 26 1 0
BITMAP
01C000
01F000
03F800
007C00
003E00
001E00
000F00
03F780
0FFF80
1FFFC0
3E0FC0
3C07C0
7803C0
7001E0
7001E0
F001E0
F000E0
F001E0
7001E0
7801C0
7803C0
3C0780
3E0F80
1FFF00
0FFE00
03F800
ENDCHAR
STARTCHAR emptyset
ENCODING 8709
SWIDTH 615 0
DWIDTH 22 0
BBX 20 19 1 0
BITMAP
03FC60
0FFFF0
1FFFF0
3F0FE0
3C07C0
780FE0
781FE0
703EF0
F07CF0
F0F8F0
F1F0F0
73E0F0
7FC1E0
7F81E0
3F03E0
3F0FC0
7FFF80
FFFF00
33FC00
ENDCHAR
STARTCHAR uni2206
ENCODING 8710
SWIDTH 711 0
DWIDTH 26 0
BBX 25 26 0 0
BITMAP
00080000
00080000
000C0000
001C0000
001E0000
003E0000
003F0000
007F0000
00778000
00F38000
00E3C000
01E1C000
01C1E000
03C0E000
0380F000
07807000
07007800
07003800
0F003C00
0E001C00
1E001E00
1C000E00
3C000F00
3FFFFF00
7FFFFF80
FFFFFF80
ENDCHAR
STARTCHAR product
ENCODING 8719
SWIDTH 708 0
DWIDTH 25 0
BBX 23 32 1 -7
BITMAP
FFFFFE
FFFFFE
FFFFFE
0E00F0
0E00F0
0E00F0
0E00F0
0E00F0
0E00F0
0E00F0
0E00F0
0E00F0
0E00F0
0E00F0
0E00F0
0E00F0
0E00F0
0E00F0
0E00F0
0E00F0
0E00F0
0E00F0
0E00F0
0E00F0
0E00F0
0E00F0
0E00F0
0E00F0
0E00F0
0E00F0
0E00F0
0E00F0
ENDCHAR
STARTCHAR summation
ENCODING 8721
SWIDTH 523 0
DWIDTH 19 0
BBX 15 24 2 0
BITMAP
7FFE
7FFE
7FFE
F000
7800
3C00
1E00
0F00
0780
0380
03C0
01E0
01E0
03C0
0780
0F00
0E00
1E00
3C00
7800
F000
7FFE
7FFE
3FFE
ENDCHAR
STARTCHAR minus
ENCODING 8722
SWIDTH 580 0
DWIDTH 21 0
BBX 17 3 2 9
BITMAP
FFFF80
FFFF80
FFFF80
ENDCHAR
STARTCHAR uni2215
ENCODING 8725
SWIDTH 551 0
DWIDTH 20 0
BBX 18 31 1 -4
BITMAP
0001C0
000380
000380
000700
000700
000E00
000E00
001C00
001C00
003800
003800
007000
007000
00E000
00E000
01C000
01C000
038000
038000
070000
070000
0E0000
0E0000
1C0000
1C0000
380000
380000
700000
700000
E00000
E00000
ENDCHAR
STARTCHAR uni2219
ENCODING 8729
SWIDTH 244 0
DWIDTH 9 0
BBX 5 5 2 8
BITMAP
F0
F8
F8
F8
70
ENDCHAR
STARTCHAR radical
ENCODING 8730
SWIDTH 684 0
DWIDTH 25 0
BBX 23 30 1 -5
BITMAP
0000FE
0001FE
0001FE
0001E0
0003C0
0003C0
0003C0
000780
000780
000700
000F00
000F00
000E00
001E00
F01E00
F01C00
703C00
783C00
787800
387800
3C7000
1CF000
1CF000
1EE000
0FE000
0FE000
07C000
07C000
07C000
038000
ENDCHAR
STARTCHAR infinity
ENCODING 8734
SWIDTH 867 0
DWIDTH 31 0
BBX 28 14 2 2
BITMAP
0F000E00
3FC03F80
7FE0FFC0
F9F1F3E0
E07BC0E0
E03F80E0
E01F0070
E00F0070
E01F80F0
E03BC0E0
F0F1E1E0
7FE0FFE0
7FC07FC0
1F803F80
ENDCHAR
STARTCHAR integral
ENCODING 8747
SWIDTH 553 0
DWIDTH 20 0
BBX 20 32 0 -5
BITMAP
0003C0
000FF0
001FF0
001FF0
003C20
003C00
003800
003800
007800
007800
007800
007800
007000
007000
00F000
00F000
00F000
00F000
00E000
00E000
01E000
01E000
01E000
01E000
01C000
03C000
03C000
67C000
7F8000
FF0000
7F0000
180000
ENDCHAR
STARTCHAR approxequal
ENCODING 8776
SWIDTH 559 0
DWIDTH 20 0
BBX 16 12 2 4
BITMAP
1800
7F03
FFC7
E7FF
C0FE
001C
0000
3C00
7F83
FFE7
E3FF
007E
ENDCHAR
STARTCHAR notequal
ENCODING 8800
SWIDTH 566 0
DWIDTH 20 0
BBX 17 18 2 1
BITMAP
001C00
003800
003800
007000
FFFF80
FFFF80
FFFF80
01C000
01C000
038000
038000
FFFF80
FFFF80
FFFF80
1C0000
1C0000
380000
380000
ENDCHAR
STARTCHAR lessequal
ENCODING 8804
SWIDTH 627 0
DWIDTH 23 0
BBX 18 19 2 0
BITMAP
000100
000700
003F80
01FF00
0FF800
3FC000
FF0000
FE0000
7FC000
1FF000
03FE00
007F80
000F00
000300
000000
000000
FFFFC0
FFFFC0
FFFFC0
ENDCHAR
STARTCHAR greaterequal
ENCODING 8805
SWIDTH 627 0
DWIDTH 23 0
BBX 18 19 2 0
BITMAP
200000
3C0000
3F8000
1FE000
03FC00
00FF80
001FC0
000FC0
007FC0
03FE00
0FF000
3FC000
3E0000
100000
000000
000000
FFFFC0
FFFFC0
FFFFC0
ENDCHAR
STARTCHAR lozenge
ENCODING 9674
SWIDTH 596 0
DWIDTH 21 0
BBX 19 27 1 -2
BITMAP
004000
006000
00E000
01F000
01F800
03FC00
079C00
0F1E00
0E0F00
1E0780
3C0380
3803C0
7001E0
F001E0
7801C0
3C03C0
1C0780
1E0700
0F0E00
071E00
07BC00
03F800
01F800
00F000
00E000
004000
004000
ENDCHAR
STARTCHAR fi
ENCODING 64257
SWIDTH 671 0
DWIDTH 24 0
BBX 19 28 2 0
BITMAP
0000C0
0181E0
07F1E0
0FF1E0
1FE1E0
1E2000
1C0000
1C0000
1C0000
FFE1E0
FFE1E0
FFE1E0
FFE1E0
1C01E0
1C01E0
1C01E0
1C01E0
1C01E0
1C01E0
1C01E0
1C01E0
1C01E0
1C01E0
1C01E0
1C01E0
1C01E0
1C01E0
1C01E0
ENDCHAR
STARTCHAR fl
ENCODING 64258
SWIDTH 644 0
DWIDTH 23 0
BBX 18 27 2 0
BITMAP
0181C0
07F1C0
0FF1C0
1FE1C0
1E21C0
1C01C0
1C01C0
1C01C0
FFE1C0
FFE1C0
FFE1C0
FFE1C0
1C01C0
1C01C0
1C01C0
1C01C0
1C01C0
1C01C0
1C01C0
1C01C0
1C01C0
1C01C0
1C01C0
1C01C0
1C01C0
1C01C0
1C01C0
ENDCHAR
STARTCHAR .notdef
ENCODING -1
SWIDTH 584 0
DWIDTH 21 0
BBX 19 25 1 0
BITMAP
7FFFE0
E00060
E00060
D00060
D80060
C80060
C40060
C60060
C20060
C10060
C08060
C0C060
C04060
C02060
C03060
C01060
C00860
C00C60
C00460
C00260
C00360
C00160
C000E0
C00060
7FFFC0
ENDCHAR
STARTCHAR Iacute_J.loclNLD
ENCODING -1
SWIDTH 1120 0
DWIDTH 40 0
BBX 35 33 3 0
BITMAP
0180000180
0380000380
0FC0000FC0
1F80001F80
3C00003C00
1000001000
0000000000
0000000000
FFF001FFE0
FFF001FFE0
FFF001FFE0
0F00000E00
0F00000E00
0F00000E00
0F00000E00
0F00000E00
0F00000E00
0F00000E00
0F00000E00
0F00000E00
0F00000E00
0F00000E00
0F00000E00
0F00000E00
0F00000E00
0F00001E00
0F00201E00
0F00601E00
0F00F03E00
FFF0FCFC00
FFF07FFC00
FFF03FF800
FFF01FE000
ENDCHAR
STARTCHAR I.ss01
ENCODING -1
SWIDTH 308 0
DWIDTH 11 0
BBX 3 25 4 0
BITMAP
E0
E0
E0
E0
E0
E0
E0
E0
E0
E0
E0
E0
E0
E0
E0
E0
E0
E0
E0
E0
E0
E0
E0
E0
E0
ENDCHAR
STARTCHAR IJ.ss01
ENCODING -1
SWIDTH 890 0
DWIDTH 32 0
BBX 24 25 4 0
BITMAP
E00007
E00007
E00007
E00007
E00007
E00007
E00007
E00007
E00007
E00007
E00007
E00007
E00007
E00007
E00007
E00007
E00007
E0000F
E0100F
E0300F
E0781F
E07E7E
E03FFE
E01FFC
E00FF0
ENDCHAR
STARTCHAR Iacute.ss01
ENCODING -1
SWIDTH 308 0
DWIDTH 11 0
BBX 8 33 2 0
BITMAP
06
0E
3F
7E
F0
40
00
00
38
38
38
38
38
38
38
38
38
38
38
38
38
38
38
38
38
38
38
38
38
38
38
38
38
ENDCHAR
STARTCHAR Ibreve.ss01
ENCODING -1
SWIDTH 308 0
DWIDTH 11 0
BBX 12 32 0 0
BITMAP
E070
70E0
7FE0
3FC0
0F00
0000
0000
0E00
0E00
0E00
0E00
0E00
0E00
0E00
0E00
0E00
0E00
0E00
0E00
0E00
0E00
0E00
0E00
0E00
0E00
0E00
0E00
0E00
0E00
0E00
0E00
0E00
ENDCHAR
STARTCHAR uni01CF.ss01
ENCODING -1
SWIDTH 308 0
DWIDTH 11 0
BBX 12 32 0 0
BITMAP
6060
F9F0
3FC0
1F80
0F00
0000
0000
0E00
0E00
0E00
0E00
0E00
0E00
0E00
0E00
0E00
0E00
0E00
0E00
0E00
0E00
0E00
0E00
0E00
0E00
0E00
0E00
0E00
0E00
0E00
0E00
0E00
ENDCHAR
STARTCHAR Icircumflex.ss01
ENCODING -1
SWIDTH 308 0
DWIDTH 11 0
BBX 12 32 0 0
BITMAP
0F00
1F80
3FE0
F0F0
4020
0000
0000
0E00
0E00
0E00
0E00
0E00
0E00
0E00
0E00
0E00
0E00
0E00
0E00
0E00
0E00
0E00
0E00
0E00
0E00
0E00
0E00
0E00
0E00
0E00
0E00
0E00
ENDCHAR
STARTCHAR uni0208.ss01
ENCODING -1
SWIDTH 308 0
DWIDTH 11 0
BBX 14 34 -3 0
BITMAP
2040
60E0
F1F0
F8F8
3C7C
1E1C
0408
0000
0000
01C0
01C0
01C0
01C0
01C0
01C0
01C0
01C0
01C0
01C0
01C0
01C0
01C0
01C0
01C0
01C0
01C0
01C0
01C0
01C0
01C0
01C0
01C0
01C0
01C0
ENDCHAR
STARTCHAR Idieresis.ss01
ENCODING -1
SWIDTH 308 0
DWIDTH 11 0
BBX 12 32 0 0
BITMAP
70E0
F9F0
F9F0
F1F0
6060
0000
0000
0E00
0E00
0E00
0E00
0E00
0E00
0E00
0E00
0E00
0E00
0E00
0E00
0E00
0E00
0E00
0E00
0E00
0E00
0E00
0E00
0E00
0E00
0E00
0E00
0E00
ENDCHAR
STARTCHAR uni1E2E.ss01
ENCODING -1
SWIDTH 308 0
DWIDTH 11 0
BBX 12 39 0 0
BITMAP
0080
01C0
07C0
0FE0
1F00
1800
0000
70E0
F9F0
F9F0
F1F0
6060
0000
0000
0E00
0E00
0E00
0E00
0E00
0E00
0E00
0E00
0E00
0E00
0E00
0E00
0E00
0E00
0E00
0E00
0E00
0E00
0E00
0E00
0E00
0E00
0E00
0E00
0E00
ENDCHAR
STARTCHAR Idotaccent.ss01
ENCODING -1
SWIDTH 308 0
DWIDTH 11 0
BBX 4 32 4 0
BITMAP
F0
F0
F0
F0
60
00
00
E0
E0
E0
E0
E0
E0
E0
E0
E0
E0
E0
E0
E0
E0
E0
E0
E0
E0
E0
E0
E0
E0
E0
E0
E0
ENDCHAR
STARTCHAR uni1ECA.ss01
ENCODING -1
SWIDTH 308 0
DWIDTH 11 0
BBX 4 32 4 -7
BITMAP
E0
E0
E0
E0
E0
E0
E0
E0
E0
E0
E0
E0
E0
E0
E0
E0
E0
E0
E0
E0
E0
E0
E0
E0
E0
00
00
00
F0
F0
F0
F0
ENDCHAR
STARTCHAR Igrave.ss01
ENCODING -1
SWIDTH 308 0
DWIDTH 11 0
BBX 8 33 1 0
BITMAP
60
70
FC
7E
0F
02
00
00
1C
1C
1C
1C
1C
1C
1C
1C
1C
1C
1C
1C
1C
1C
1C
1C
1C
1C
1C
1C
1C
1C
1C
1C
1C
ENDCHAR
STARTCHAR uni1EC8.ss01
ENCODING -1
SWIDTH 308 0
DWIDTH 11 0
BBX 7 34 3 0
BITMAP
FC
FC
8E
1C
38
30
20
00
00
70
70
70
70
70
70
70
70
70
70
70
70
70
70
70
70
70
70
70
70
70
70
70
70
70
ENDCHAR
STARTCHAR uni020A.ss01
ENCODING -1
SWIDTH 308 0
DWIDTH 11 0
BBX 12 32 0 0
BITMAP
1F80
3FC0
7FE0
70F0
E070
0000
0000
0E00
0E00
0E00
0E00
0E00
0E00
0E00
0E00
0E00
0E00
0E00
0E00
0E00
0E00
0E00
0E00
0E00
0E00
0E00
0E00
0E00
0E00
0E00
0E00
0E00
ENDCHAR
STARTCHAR Imacron.ss01
ENCODING -1
SWIDTH 308 0
DWIDTH 11 0
BBX 12 31 0 0
BITMAP
FFF0
FFF0
FFF0
0000
0000
0000
0E00
0E00
0E00
0E00
0E00
0E00
0E00
0E00
0E00
0E00
0E00
0E00
0E00
0E00
0E00
0E00
0E00
0E00
0E00
0E00
0E00
0E00
0E00
0E00
0E00
ENDCHAR
STARTCHAR Iogonek.ss01
ENCODING -1
SWIDTH 308 0
DWIDTH 11 0
BBX 8 32 0 -7
BITMAP
0E
0E
0E
0E
0E
0E
0E
0E
0E
0E
0E
0E
0E
0E
0E
0E
0E
0E
0E
0E
0E
0E
0E
0E
1E
7C
70
F0
E0
FE
7F
3E
ENDCHAR
STARTCHAR Itilde.ss01
ENCODING -1
SWIDTH 308 0
DWIDTH 11 0
BBX 12 32 0 0
BITMAP
3830
7F70
FFF0
E7E0
0000
0000
0000
0E00
0E00
0E00
0E00
0E00
0E00
0E00
0E00
0E00
0E00
0E00
0E00
0E00
0E00
0E00
0E00
0E00
0E00
0E00
0E00
0E00
0E00
0E00
0E00
0E00
ENDCHAR
STARTCHAR J.ss01
ENCODING -1
SWIDTH 582 0
DWIDTH 21 0
BBX 15 25 2 0
BITMAP
000E
000E
000E
000E
000E
000E
000E
000E
000E
000E
000E
000E
000E
000E
000E
000E
000E
001E
201E
601E
F03E
FCFC
7FFC
3FF8
1FE0
ENDCHAR
STARTCHAR Jcircumflex.ss01
ENCODING -1
SWIDTH 582 0
DWIDTH 21 0
BBX 19 32 2 0
BITMAP
001E00
003F00
007FC0
01E1E0
008040
000000
000000
000E00
000E00
000E00
000E00
000E00
000E00
000E00
000E00
000E00
000E00
000E00
000E00
000E00
000E00
000E00
000E00
000E00
001E00
201E00
601E00
F03E00
FCFC00
7FFC00
3FF800
1FE000
ENDCHAR
STARTCHAR uni01C7.ss01
ENCODING -1
SWIDTH 1181 0
DWIDTH 43 0
BBX 35 25 4 0
BITMAP
E0000000E0
E0000000E0
E0000000E0
E0000000E0
E0000000E0
E0000000E0
E0000000E0
E0000000E0
E0000000E0
E0000000E0
E0000000E0
E0000000E0
E0000000E0
E0000000E0
E0000000E0
E0000000E0
E0000000E0
E0000001E0
E0000201E0
E0000601E0
E0000F03E0
FFFE0FCFC0
FFFE07FFC0
FFFE03FF80
FFFE01FE00
ENDCHAR
STARTCHAR uni01CA.ss01
ENCODING -1
SWIDTH 1375 0
DWIDTH 50 0
BBX 42 25 4 0
BITMAP
F000780001C0
F000780001C0
F800780001C0
FC00780001C0
FE00780001C0
FE00780001C0
FF00780001C0
EF80780001C0
E7C0780001C0
E3C0780001C0
E3E0780001C0
E1F0780001C0
E0F8780001C0
E078780001C0
E07C780001C0
E03E780001C0
E01F780001C0
E00F780003C0
E00FB80403C0
E007F80C03C0
E003F81E07C0
E001F81F9F80
E000F80FFF80
E000F807FF00
E0007803FC00
ENDCHAR
STARTCHAR i.loclTRK
ENCODING -1
SWIDTH 243 0
DWIDTH 9 0
BBX 4 28 2 0
BITMAP
60
F0
F0
F0
F0
00
00
00
00
70
70
70
70
70
70
70
70
70
70
70
70
70
70
70
70
70
70
70
ENDCHAR
STARTCHAR iacute_j.loclNLD
ENCODING -1
SWIDTH 506 0
DWIDTH 18 0
BBX 18 35 0 -7
BITMAP
040100
1E0780
3F0FC0
7C1F00
F83E00
601800
000000
000000
000000
1C0F00
1C0F00
1C0F00
1C0F00
1C0F00
1C0F00
1C0F00
1C0F00
1C0F00
1C0F00
1C0F00
1C0F00
1C0F00
1C0F00
1C0F00
1C0F00
1C0F00
1C0F00
1C0F00
000F00
000F00
001F00
001E00
00FE00
00FC00
007000
ENDCHAR
STARTCHAR a.ss01
ENCODING -1
SWIDTH 534 0
DWIDTH 19 0
BBX 15 19 2 0
BITMAP
0FF0
3FF8
7FFC
FC3E
701E
200E
000E
000E
1FFE
7FFE
7E0E
F00E
E00E
E00E
E01E
F07E
FFFE
7FEE
1F8E
ENDCHAR
STARTCHAR aacute.ss01
ENCODING -1
SWIDTH 534 0
DWIDTH 19 0
BBX 15 28 2 0
BITMAP
0040
01E0
03F0
07C0
0F80
0600
0000
0000
0000
0FF0
3FF8
7FFC
FC3E
701E
200E
000E
000E
1FFE
7FFE
7E0E
F00E
E00E
E00E
E01E
F07E
FFFE
7FEE
1F8E
ENDCHAR
STARTCHAR abreve.ss01
ENCODING -1
SWIDTH 534 0
DWIDTH 19 0
BBX 15 27 2 0
BITMAP
381C
3C38
1E78
1FF0
0FF0
03C0
0000
0000
0FF0
3FF8
7FFC
FC3E
701E
200E
000E
000E
1FFE
7FFE
7E0E
F00E
E00E
E00E
E01E
F07E
FFFE
7FEE
1F8E
ENDCHAR
STARTCHAR uni1EAF.ss01
ENCODING -1
SWIDTH 534 0
DWIDTH 19 0
BBX 15 34 2 0
BITMAP
0040
0060
00F0
01F0
01E0
03C0
0080
0000
381C
1E78
1FF8
0FF0
03C0
0000
0000
0FF0
3FF8
7FFC
FC3E
701E
200E
000E
000E
1FFE
7FFE
7E0E
F00E
E00E
E00E
E01E
F07E
FFFE
7FEE
1F8E
ENDCHAR
STARTCHAR uni1EB7.ss01
ENCODING -1
SWIDTH 534 0
DWIDTH 19 0
BBX 15 34 2 -7
BITMAP
381C
3C38
1E78
1FF0
0FF0
03C0
0000
0000
0FF0
3FF8
7FFC
FC3E
701E
200E
000E
000E
1FFE
7FFE
7E0E
F00E
E00E
E00E
E01E
F07E
FFFE
7FEE
1F8E
0000
0000
0000
03C0
03C0
03C0
03C0
ENDCHAR
STARTCHAR uni1EB1.ss01
ENCODING -1
SWIDTH 534 0
DWIDTH 19 0
BBX 15 34 2 0
BITMAP
0200
0700
0F00
0780
0380
01C0
0080
1818
3C3C
1E78
1FF8
0FF0
03C0
0000
0000
0FF0
3FF8
7FFC
FC3E
701E
200E
000E
000E
1FFE
7FFE
7E0E
F00E
E00E
E00E
E01E
F07E
FFFE
7FEE
1F8E
ENDCHAR
STARTCHAR uni1EB3.ss01
ENCODING -1
SWIDTH 534 0
DWIDTH 19 0
BBX 15 34 2 0
BITMAP
0FC0
07E0
04E0
00E0
01C0
0180
0100
1818
3C3C
1E78
1FF8
0FF0
03C0
0000
0000
0FF0
3FF8
7FFC
FC3E
701E
200E
000E
000E
1FFE
7FFE
7E0E
F00E
E00E
E00E
E01E
F07E
FFFE
7FEE
1F8E
ENDCHAR
STARTCHAR uni1EB5.ss01
ENCODING -1
SWIDTH 534 0
DWIDTH 19 0
BBX 15 34 2 0
BITMAP
0610
1F9C
1FFC
39F8
0030
0000
0000
1818
3C3C
1E78
1FF8
0FF0
03C0
0000
0000
0FF0
3FF8
7FFC
FC3E
701E
200E
000E
000E
1FFE
7FFE
7E0E
F00E
E00E
E00E
E01E
F07E
FFFE
7FEE
1F8E
ENDCHAR
STARTCHAR uni01CE.ss01
ENCODING -1
SWIDTH 534 0
DWIDTH 19 0
BBX 15 27 2 0
BITMAP
1818
1E78
0FF0
07E0
03C0
0000
0000
0000
0FF0
3FF8
7FFC
FC3E
701E
200E
000E
000E
1FFE
7FFE
7E0E
F00E
E00E
E00E
E01E
F07E
FFFE
7FEE
1F8E
ENDCHAR
STARTCHAR acircumflex.ss01
ENCODING -1
SWIDTH 534 0
DWIDTH 19 0
BBX 15 27 2 0
BITMAP
03C0
07E0
0FF0
3E7C
1818
0000
0000
0000
0FF0
3FF8
7FFC
FC3E
701E
200E
000E
000E
1FFE
7FFE
7E0E
F00E
E00E
E00E
E01E
F07E
FFFE
7FEE
1F8E
ENDCHAR
STARTCHAR uni1EA5.ss01
ENCODING -1
SWIDTH 534 0
DWIDTH 19 0
BBX 18 33 2 0
BITMAP
000300
0003C0
000780
000700
000E00
000400
03C000
07E000
0FF000
3C7800
181800
000000
000000
000000
0FF000
3FF800
7FFC00
FC3E00
701E00
200E00
000E00
000E00
1FFE00
7FFE00
7E0E00
F00E00
E00E00
E00E00
E01E00
F07E00
FFFE00
7FEE00
1F8E00
ENDCHAR
STARTCHAR uni1EAD.ss01
ENCODING -1
SWIDTH 534 0
DWIDTH 19 0
BBX 15 34 2 -7
BITMAP
03C0
07E0
0FF0
3E7C
1818
0000
0000
0000
0FF0
3FF8
7FFC
FC3E
701E
200E
000E
000E
1FFE
7FFE
7E0E
F00E
E00E
E00E
E01E
F07E
FFFE
7FEE
1F8E
0000
0000
0000
03C0
03C0
03C0
03C0
ENDCHAR
STARTCHAR uni1EA7.ss01
ENCODING -1
SWIDTH 534 0
DWIDTH 19 0
BBX 15 33 2 0
BITMAP
0030
00F8
0078
003C
001C
000C
0780
0FC0
1FE0
3CF8
3030
0000
0000
0000
0FF0
3FF8
7FFC
FC3E
701E
200E
000E
000E
1FFE
7FFE
7E0E
F00E
E00E
E00E
E01E
F07E
FFFE
7FEE
1F8E
ENDCHAR
STARTCHAR uni1EA9.ss01
ENCODING -1
SWIDTH 534 0
DWIDTH 19 0
BBX 18 33 2 0
BITMAP
001F80
001F80
0011C0
000380
000700
000600
03C400
07E000
0FF000
3E7C00
181800
000000
000000
000000
0FF000
3FF800
7FFC00
FC3E00
701E00
200E00
000E00
000E00
1FFE00
7FFE00
7E0E00
F00E00
E00E00
E00E00
E01E00
F07E00
FFFE00
7FEE00
1F8E00
ENDCHAR
STARTCHAR uni1EAB.ss01
ENCODING -1
SWIDTH 534 0
DWIDTH 19 0
BBX 15 33 2 0
BITMAP
0F1C
1FFC
3FF8
1870
0000
0000
03C0
07E0
0FF0
3E7C
1818
0000
0000
0000
0FF0
3FF8
7FFC
FC3E
701E
200E
000E
000E
1FFE
7FFE
7E0E
F00E
E00E
E00E
E01E
F07E
FFFE
7FEE
1F8E
ENDCHAR
STARTCHAR uni0201.ss01
ENCODING -1
SWIDTH 534 0
DWIDTH 19 0
BBX 17 28 0 0
BITMAP
604000
70E000
F9F000
7CF800
1E3C00
040C00
000000
000000
000000
03FC00
0FFE00
1FFF00
3F0F80
1C0780
080380
000380
000380
07FF80
1FFF80
1F8380
3C0380
380380
380380
380780
3C1F80
3FFF80
1FFB80
07E380
ENDCHAR
STARTCHAR adieresis.ss01
ENCODING -1
SWIDTH 534 0
DWIDTH 19 0
BBX 15 28 2 0
BITMAP
1C38
3E7C
3E7C
3E7C
1C38
0000
0000
0000
0000
0FF0
3FF8
7FFC
FC3E
701E
200E
000E
000E
1FFE
7FFE
7E0E
F00E
E00E
E00E
E01E
F07E
FFFE
7FEE
1F8E
ENDCHAR
STARTCHAR uni1EA1.ss01
ENCODING -1
SWIDTH 534 0
DWIDTH 19 0
BBX 15 26 2 -7
BITMAP
0FF0
3FF8
7FFC
FC3E
701E
200E
000E
000E
1FFE
7FFE
7E0E
F00E
E00E
E00E
E01E
F07E
FFFE
7FEE
1F8E
0000
0000
0000
03C0
03C0
03C0
03C0
ENDCHAR
STARTCHAR agrave.ss01
ENCODING -1
SWIDTH 534 0
DWIDTH 19 0
BBX 15 28 2 0
BITMAP
0400
0F00
1F80
07C0
03E0
00C0
0000
0000
0000
0FF0
3FF8
7FFC
FC3E
701E
200E
000E
000E
1FFE
7FFE
7E0E
F00E
E00E
E00E
E01E
F07E
FFFE
7FEE
1F8E
ENDCHAR
STARTCHAR uni1EA3.ss01
ENCODING -1
SWIDTH 534 0
DWIDTH 19 0
BBX 15 28 2 0
BITMAP
07E0
07E0
0470
00E0
01C0
0180
0100
0000
0000
0FF0
3FF8
7FFC
FC3E
701E
200E
000E
000E
1FFE
7FFE
7E0E
F00E
E00E
E00E
E01E
F07E
FFFE
7FEE
1F8E
ENDCHAR
STARTCHAR uni0203.ss01
ENCODING -1
SWIDTH 534 0
DWIDTH 19 0
BBX 15 28 2 0
BITMAP
0180
07E0
0FF0
1E78
1C38
381C
0000
0000
0000
0FF0
3FF8
7FFC
FC3E
701E
200E
000E
000E
1FFE
7FFE
7E0E
F00E
E00E
E00E
E01E
F07E
FFFE
7FEE
1F8E
ENDCHAR
STARTCHAR amacron.ss01
ENCODING -1
SWIDTH 534 0
DWIDTH 19 0
BBX 15 26 2 0
BITMAP
1FF8
1FF8
1FF8
0000
0000
0000
0000
0FF0
3FF8
7FFC
FC3E
701E
200E
000E
000E
1FFE
7FFE
7E0E
F00E
E00E
E00E
E01E
F07E
FFFE
7FEE
1F8E
ENDCHAR
STARTCHAR aogonek.ss01
ENCODING -1
SWIDTH 534 0
DWIDTH 19 0
BBX 16 26 2 -7
BITMAP
0FF0
3FF8
7FFC
FC3E
701E
200E
000E
000E
1FFE
7FFE
7E0E
F00E
E00E
E00E
E01E
F07E
FFFE
7FEE
1F9E
003C
0070
00F0
00E0
00FE
007F
003E
ENDCHAR
STARTCHAR aring.ss01
ENCODING -1
SWIDTH 534 0
DWIDTH 19 0
BBX 15 29 2 0
BITMAP
03C0
07E0
0E70
0C30
0E70
07E0
03C0
0000
0000
0000
0FF0
3FF8
7FFC
FC3E
701E
200E
000E
000E
1FFE
7FFE
7E0E
F00E
E00E
E00E
E01E
F07E
FFFE
7FEE
1F8E
ENDCHAR
STARTCHAR aringacute.ss01
ENCODING -1
SWIDTH 534 0
DWIDTH 19 0
BBX 15 36 2 0
BITMAP
0040
01E0
03F0
07C0
0F80
0600
0000
03C0
07E0
0E70
0C30
0E70
07E0
03C0
0000
0000
0000
0FF0
3FF8
7FFC
FC3E
701E
200E
000E
000E
1FFE
7FFE
7E0E
F00E
E00E
E00E
E01E
F07E
FFFE
7FEE
1F8E
ENDCHAR
STARTCHAR atilde.ss01
ENCODING -1
SWIDTH 534 0
DWIDTH 19 0
BBX 15 27 2 0
BITMAP
0E1C
1F9C
1FF8
39F8
3860
0000
0000
0000
0FF0
3FF8
7FFC
FC3E
701E
200E
000E
000E
1FFE
7FFE
7E0E
F00E
E00E
E00E
E01E
F07E
FFFE
7FEE
1F8E
ENDCHAR
STARTCHAR g.ss01
ENCODING -1
SWIDTH 538 0
DWIDTH 19 0
BBX 17 28 1 -9
BITMAP
07FF80
1FFF80
3FFF80
3E3E00
781E00
780F00
780F00
780F00
781E00
3C3E00
3FFC00
1FF800
7FE000
780000
F00000
780000
7FF800
1FFE00
7FFF00
7C0F80
F00780
F00380
F00780
F80F80
7FFF00
3FFF00
1FFC00
03E000
ENDCHAR
STARTCHAR gbreve.ss01
ENCODING -1
SWIDTH 538 0
DWIDTH 19 0
BBX 17 36 1 -9
BITMAP
1C0E00
1E1C00
0F3C00
0FF800
07F800
01E000
000000
000000
07FF80
1FFF80
3FFF80
3E3E00
781E00
780F00
780F00
780F00
781E00
3C3E00
3FFC00
1FF800
7FE000
780000
F00000
780000
7FF800
1FFE00
7FFF00
7C0F80
F00780
F00380
F00780
F80F80
7FFF00
3FFF00
1FFC00
03E000
ENDCHAR
STARTCHAR gcaron.ss01
ENCODING -1
SWIDTH 538 0
DWIDTH 19 0
BBX 17 36 1 -9
BITMAP
0C0C00
0F3C00
07F800
03F000
01E000
000000
000000
000000
07FF80
1FFF80
3FFF80
3E3E00
781E00
780F00
780F00
780F00
781E00
3C3E00
3FFC00
1FF800
7FE000
780000
F00000
780000
7FF800
1FFE00
7FFF00
7C0F80
F00780
F00380
F00780
F80F80
7FFF00
3FFF00
1FFC00
03E000
ENDCHAR
STARTCHAR gcircumflex.ss01
ENCODING -1
SWIDTH 538 0
DWIDTH 19 0
BBX 17 36 1 -9
BITMAP
01E000
03F000
07F800
1F3E00
0C0C00
000000
000000
000000
07FF80
1FFF80
3FFF80
3E3E00
781E00
780F00
780F00
780F00
781E00
3C3E00
3FFC00
1FF800
7FE000
780000
F00000
780000
7FF800
1FFE00
7FFF00
7C0F80
F00780
F00380
F00780
F80F80
7FFF00
3FFF00
1FFC00
03E000
ENDCHAR
STARTCHAR uni0123.ss01
ENCODING -1
SWIDTH 538 0
DWIDTH 19 0
BBX 17 38 1 -9
BITMAP
002000
00F000
01C000
03C000
03E000
03E000
01E000
000000
000000
000000
07FF80
1FFF80
3FFF80
3E3E00
781E00
780F00
780F00
780F00
781E00
3C3E00
3FFC00
1FF800
7FE000
780000
F00000
780000
7FF800
1FFE00
7FFF00
7C0F80
F00780
F00380
F00780
F80F80
7FFF00
3FFF00
1FFC00
03E000
ENDCHAR
STARTCHAR gdotaccent.ss01
ENCODING -1
SWIDTH 538 0
DWIDTH 19 0
BBX 17 37 1 -9
BITMAP
00C000
01E000
01E000
01E000
01E000
000000
000000
000000
000000
07FF80
1FFF80
3FFF80
3E3E00
781E00
780F00
780F00
780F00
781E00
3C3E00
3FFC00
1FF800
7FE000
780000
F00000
780000
7FF800
1FFE00
7FFF00
7C0F80
F00780
F00380
F00780
F80F80
7FFF00
3FFF00
1FFC00
03E000
ENDCHAR
STARTCHAR uni1E21.ss01
ENCODING -1
SWIDTH 538 0
DWIDTH 19 0
BBX 17 35 1 -9
BITMAP
0FFC00
0FFC00
0FFC00
000000
000000
000000
000000
07FF80
1FFF80
3FFF80
3E3E00
781E00
780F00
780F00
780F00
781E00
3C3E00
3FFC00
1FF800
7FE000
780000
F00000
780000
7FF800
1FFE00
7FFF00
7C0F80
F00780
F00380
F00780
F80F80
7FFF00
3FFF00
1FFC00
03E000
ENDCHAR
STARTCHAR f_f
ENCODING -1
SWIDTH 786 0
DWIDTH 28 0
BBX 26 27 2 0
BITMAP
01800600
07F01FC0
0FF03FC0
1FE07F80
1E207880
1C007000
1C007000
1C007000
FFE3FF80
FFE3FF80
FFE3FF80
FFE3FF80
1C007000
1C007000
1C007000
1C007000
1C007000
1C007000
1C007000
1C007000
1C007000
1C007000
1C007000
1C007000
1C007000
1C007000
1C007000
ENDCHAR
STARTCHAR f_f_i
ENCODING -1
SWIDTH 1064 0
DWIDTH 38 0
BBX 33 28 2 0
BITMAP
0000000300
0180060780
07F01FC780
0FF03FC780
1FE07F8780
1E20788000
1C00700000
1C00700000
1C00700000
FFE3FF8780
FFE3FF8780
FFE3FF8780
FFE3FF8780
1C00700780
1C00700780
1C00700780
1C00700780
1C00700780
1C00700780
1C00700780
1C00700780
1C00700780
1C00700780
1C00700780
1C00700780
1C00700780
1C00700780
1C00700780
ENDCHAR
STARTCHAR f_f_ij
ENCODING -1
SWIDTH 1329 0
DWIDTH 48 0
BBX 44 35 2 -7
BITMAP
0000000300C0
0180060781E0
07F01FC781F0
0FF03FC781E0
1FE07F8781E0
1E2078800000
1C0070000000
1C0070000000
1C0070000000
FFE3FF8781E0
FFE3FF8781E0
FFE3FF8781E0
FFE3FF8781E0
1C00700781E0
1C00700781E0
1C00700781E0
1C00700781E0
1C00700781E0
1C00700781E0
1C00700781E0
1C00700781E0
1C00700781E0
1C00700781E0
1C00700781E0
1C00700781E0
1C00700781E0
1C00700781E0
1C00700781E0
0000000001E0
0000000001E0
0000000001E0
0000000003C0
000000001FC0
000000000F80
000000000E00
ENDCHAR
STARTCHAR f_f_l
ENCODING -1
SWIDTH 1037 0
DWIDTH 37 0
BBX 32 27 2 0
BITMAP
01800607
07F01FC7
0FF03FC7
1FE07F87
1E207887
1C007007
1C007007
1C007007
FFE3FF87
FFE3FF87
FFE3FF87
FFE3FF87
1C007007
1C007007
1C007007
1C007007
1C007007
1C007007
1C007007
1C007007
1C007007
1C007007
1C007007
1C007007
1C007007
1C007007
1C007007
ENDCHAR
STARTCHAR f_ij
ENCODING -1
SWIDTH 936 0
DWIDTH 34 0
BBX 30 35 2 -7
BITMAP
0000C030
0181E078
07F1E07C
0FF1E078
1FE1E078
1E200000
1C000000
1C000000
1C000000
FFE1E078
FFE1E078
FFE1E078
FFE1E078
1C01E078
1C01E078
1C01E078
1C01E078
1C01E078
1C01E078
1C01E078
1C01E078
1C01E078
1C01E078
1C01E078
1C01E078
1C01E078
1C01E078
1C01E078
00000078
00000078
00000078
000000F0
000007F0
000003E0
00000380
ENDCHAR
STARTCHAR zero.zero
ENCODING -1
SWIDTH 607 0
DWIDTH 22 0
BBX 18 26 2 0
BITMAP
00C000
07F800
1FFC00
3FFE00
3E1F00
780F80
780780
F00780
F003C0
F003C0
F0E3C0
E1E3C0
E1F3C0
E1E3C0
E1E3C0
E003C0
F003C0
F003C0
F003C0
F00780
780780
7C0F80
3E1F00
1FFE00
0FFC00
07F800
ENDCHAR
STARTCHAR zero.dnom
ENCODING -1
SWIDTH 364 0
DWIDTH 13 0
BBX 11 13 1 0
BITMAP
1F00
3F80
7FC0
71C0
E0E0
E0E0
E0E0
E0E0
E0E0
F1E0
7BC0
3F80
1F00
ENDCHAR
STARTCHAR one.dnom
ENCODING -1
SWIDTH 281 0
DWIDTH 10 0
BBX 5 12 2 0
BITMAP
38
F8
F8
58
18
18
18
18
18
18
18
18
ENDCHAR
STARTCHAR two.dnom
ENCODING -1
SWIDTH 346 0
DWIDTH 12 0
BBX 9 13 2 0
BITMAP
3E00
7F00
FF00
C780
4700
0700
0E00
1C00
3800
7000
E000
FF80
FF80
ENDCHAR
STARTCHAR three.dnom
ENCODING -1
SWIDTH 342 0
DWIDTH 12 0
BBX 9 13 2 0
BITMAP
7F00
7F00
7F00
0E00
1C00
7C00
7F00
2700
0380
0380
4700
FF00
7E00
ENDCHAR
STARTCHAR four.dnom
ENCODING -1
SWIDTH 390 0
DWIDTH 14 0
BBX 10 13 2 0
BITMAP
0700
0700
0F00
1F00
3F00
7700
7700
E700
FFC0
FFC0
0700
0700
0700
ENDCHAR
STARTCHAR five.dnom
ENCODING -1
SWIDTH 358 0
DWIDTH 13 0
BBX 9 12 2 0
BITMAP
7F00
7F00
6000
6000
FF00
FF00
4780
0380
0380
4780
FF00
7E00
ENDCHAR
STARTCHAR six.dnom
ENCODING -1
SWIDTH 343 0
DWIDTH 12 0
BBX 10 13 1 0
BITMAP
0F00
3F80
7F80
7100
6000
EF00
FF80
F3C0
E1C0
61C0
7380
7F80
3F00
ENDCHAR
STARTCHAR seven.dnom
ENCODING -1
SWIDTH 326 0
DWIDTH 12 0
BBX 9 12 2 0
BITMAP
FF00
FF80
0700
0700
0E00
0E00
1C00
1C00
3800
3800
3000
7000
ENDCHAR
STARTCHAR eight.dnom
ENCODING -1
SWIDTH 353 0
DWIDTH 13 0
BBX 9 13 2 0
BITMAP
3C00
7F00
F780
E380
E380
7F00
3E00
FF00
E380
C380
E380
FF00
7E00
ENDCHAR
STARTCHAR nine.dnom
ENCODING -1
SWIDTH 333 0
DWIDTH 12 0
BBX 10 13 1 0
BITMAP
1E00
3F00
7F80
E180
E1C0
E1C0
7FC0
7FC0
1980
0380
2780
7F00
3E00
ENDCHAR
STARTCHAR zero.numr
ENCODING -1
SWIDTH 364 0
DWIDTH 13 0
BBX 11 13 1 13
BITMAP
1F00
3F80
7FC0
71C0
E0E0
E0E0
E0E0
E0E0
E0E0
F1E0
7BC0
3F80
1F00
ENDCHAR
STARTCHAR one.numr
ENCODING -1
SWIDTH 281 0
DWIDTH 10 0
BBX 5 12 2 13
BITMAP
38
F8
F8
58
18
18
18
18
18
18
18
18
ENDCHAR
STARTCHAR two.numr
ENCODING -1
SWIDTH 346 0
DWIDTH 12 0
BBX 9 13 2 13
BITMAP
3E00
7F00
FF00
C780
4700
0700
0E00
1C00
3800
7000
E000
FF80
FF80
ENDCHAR
STARTCHAR three.numr
ENCODING -1
SWIDTH 342 0
DWIDTH 12 0
BBX 9 13 2 13
BITMAP
7F00
7F00
7F00
0E00
1C00
7C00
7F00
2700
0380
0380
4700
FF00
7E00
ENDCHAR
STARTCHAR four.numr
ENCODING -1
SWIDTH 390 0
DWIDTH 14 0
BBX 10 13 2 13
BITMAP
0700
0700
0F00
1F00
3F00
7700
7700
E700
FFC0
FFC0
0700
0700
0700
ENDCHAR
STARTCHAR five.numr
ENCODING -1
SWIDTH 358 0
DWIDTH 13 0
BBX 9 12 2 13
BITMAP
7F00
7F00
6000
6000
FF00
FF00
4780
0380
0380
4780
FF00
7E00
ENDCHAR
STARTCHAR six.numr
ENCODING -1
SWIDTH 343 0
DWIDTH 12 0
BBX 10 13 1 13
BITMAP
0F00
3F80
7F80
7100
6000
EF00
FF80
F3C0
E1C0
61C0
7380
7F80
3F00
ENDCHAR
STARTCHAR seven.numr
ENCODING -1
SWIDTH 326 0
DWIDTH 12 0
BBX 9 12 2 13
BITMAP
FF00
FF80
0700
0700
0E00
0E00
1C00
1C00
3800
3800
3000
7000
ENDCHAR
STARTCHAR eight.numr
ENCODING -1
SWIDTH 353 0
DWIDTH 13 0
BBX 9 13 2 13
BITMAP
3C00
7F00
F780
E380
E380
7F00
3E00
FF00
E380
C380
E380
FF00
7E00
ENDCHAR
STARTCHAR nine.numr
ENCODING -1
SWIDTH 333 0
DWIDTH 12 0
BBX 10 13 1 13
BITMAP
1E00
3F00
7F80
E180
E1C0
E1C0
7FC0
7FC0
1980
0380
2780
7F00
3E00
ENDCHAR
STARTCHAR periodcentered.case
ENCODING -1
SWIDTH 228 0
DWIDTH 8 0
BBX 5 5 2 11
BITMAP
70
F0
F8
F0
F0
ENDCHAR
STARTCHAR bullet.case
ENCODING -1
SWIDTH 363 0
DWIDTH 13 0
BBX 10 10 1 8
BITMAP
0C00
3F00
7F80
7FC0
FFC0
FFC0
FFC0
7FC0
7F80
1F00
ENDCHAR
STARTCHAR slash.case
ENCODING -1
SWIDTH 544 0
DWIDTH 20 0
BBX 18 30 1 -5
BITMAP
0003C0
000380
000780
000700
000F00
000E00
001E00
001C00
003C00
003800
007800
007000
00F000
00E000
01E000
01C000
03C000
038000
078000
070000
0F0000
0E0000
1E0000
1C0000
3C0000
380000
780000
700000
F00000
E00000
ENDCHAR
STARTCHAR backslash.case
ENCODING -1
SWIDTH 544 0
DWIDTH 20 0
BBX 18 29 2 -4
BITMAP
F00000
700000
780000
380000
3C0000
1C0000
1E0000
0E0000
0F0000
070000
078000
078000
03C000
03C000
01E000
01E000
00F000
00F000
007800
007800
003C00
003C00
001E00
001E00
000F00
000F00
000780
000780
0003C0
ENDCHAR
STARTCHAR periodcentered.loclCAT
ENCODING -1
SWIDTH 108 0
DWIDTH 4 0
BBX 5 5 0 11
BITMAP
70
F0
F8
F0
F0
ENDCHAR
STARTCHAR periodcentered.loclCAT.case
ENCODING -1
SWIDTH 0 0
DWIDTH 0 0
BBX 5 5 -7 11
BITMAP
70
F0
F8
F0
F0
ENDCHAR
STARTCHAR hyphen.case
ENCODING -1
SWIDTH 394 0
DWIDTH 14 0
BBX 10 4 2 10
BITMAP
FFC0
FFC0
FFC0
FFC0
ENDCHAR
STARTCHAR endash.case
ENCODING -1
SWIDTH 514 0
DWIDTH 19 0
BBX 15 3 2 11
BITMAP
FFFE
FFFE
FFFE
ENDCHAR
STARTCHAR emdash.case
ENCODING -1
SWIDTH 868 0
DWIDTH 31 0
BBX 27 3 2 11
BITMAP
FFFFFFE0
FFFFFFE0
FFFFFFE0
ENDCHAR
STARTCHAR parenleft.case
ENCODING -1
SWIDTH 357 0
DWIDTH 13 0
BBX 11 32 1 -5
BITMAP
00C0
01E0
03E0
0780
0F00
1F00
1E00
3C00
3C00
7800
7800
7800
7000
7000
F000
F000
F000
F000
7000
7000
7800
7800
3800
3C00
1E00
1E00
0F00
0780
07C0
03E0
00E0
0040
ENDCHAR
STARTCHAR parenright.case
ENCODING -1
SWIDTH 357 0
DWIDTH 13 0
BBX 11 32 1 -5
BITMAP
6000
F000
F800
3C00
1E00
0F00
0F00
0780
0380
03C0
03C0
01C0
01C0
01E0
01E0
01E0
01E0
01E0
01E0
01C0
01C0
03C0
0380
0780
0780
0F00
1E00
3E00
7C00
F800
6000
4000
ENDCHAR
STARTCHAR braceleft.case
ENCODING -1
SWIDTH 411 0
DWIDTH 15 0
BBX 12 32 2 -5
BITMAP
0060
01F0
03E0
0780
0700
0700
0700
0700
0700
0700
0700
0700
0F00
0E00
3E00
F800
FC00
3E00
0E00
0F00
0700
0700
0700
0700
0700
0700
0700
0700
0780
03E0
01F0
0060
ENDCHAR
STARTCHAR braceright.case
ENCODING -1
SWIDTH 411 0
DWIDTH 15 0
BBX 12 32 1 -5
BITMAP
E000
F800
FC00
3E00
1E00
0E00
0E00
0E00
0E00
0E00
0E00
0E00
0F00
0F00
07C0
03F0
03F0
07C0
0F00
0E00
0E00
0E00
0E00
0E00
0E00
0E00
0E00
1E00
3E00
FC00
F800
E000
ENDCHAR
STARTCHAR bracketleft.case
ENCODING -1
SWIDTH 403 0
DWIDTH 15 0
BBX 9 32 3 -6
BITMAP
FF80
FF80
FF80
E000
E000
E000
E000
E000
E000
E000
E000
E000
E000
E000
E000
E000
E000
E000
E000
E000
E000
E000
E000
E000
E000
E000
E000
E000
E000
FF80
FF80
FF80
ENDCHAR
STARTCHAR bracketright.case
ENCODING -1
SWIDTH 403 0
DWIDTH 15 0
BBX 10 32 2 -6
BITMAP
FFC0
FFC0
FFC0
03C0
03C0
03C0
03C0
03C0
03C0
03C0
03C0
03C0
03C0
03C0
03C0
03C0
03C0
03C0
03C0
03C0
03C0
03C0
03C0
03C0
03C0
03C0
03C0
03C0
03C0
FFC0
FFC0
FFC0
ENDCHAR
STARTCHAR guillemotleft.case
ENCODING -1
SWIDTH 486 0
DWIDTH 18 0
BBX 16 15 0 5
BITMAP
0202
0707
0F0F
1E1E
1C1C
3C3C
7878
F0F0
7878
3C3C
3C3C
1E1E
0F0F
0707
0202
ENDCHAR
STARTCHAR guillemotright.case
ENCODING -1
SWIDTH 491 0
DWIDTH 18 0
BBX 16 15 1 5
BITMAP
2020
F0F0
7878
3838
3C3C
1E1E
0F0F
0F0F
0F0F
1E1E
1C1C
3C3C
7878
F0F0
2020
ENDCHAR
STARTCHAR guilsinglleft.case
ENCODING -1
SWIDTH 273 0
DWIDTH 10 0
BBX 8 15 0 5
BITMAP
02
07
0F
1E
1C
3C
78
F0
78
3C
3C
1E
0F
07
02
ENDCHAR
STARTCHAR guilsinglright.case
ENCODING -1
SWIDTH 275 0
DWIDTH 10 0
BBX 8 15 1 5
BITMAP
20
F0
78
38
3C
1E
0F
0F
0F
1E
1C
3C
78
F0
20
ENDCHAR
STARTCHAR at.case
ENCODING -1
SWIDTH 965 0
DWIDTH 35 0
BBX 32 32 1 -2
BITMAP
00003800
0007FFC0
003FFFE0
00FF03F8
01F0007C
03C0001E
0780000E
0F00000F
1E07E707
1C0FF707
381FFF07
383E1F07
707C0F07
70780F07
70700E07
70F00E07
70F01E07
E0F01E0E
E0F03E0E
F0F07E1C
7078FE38
707FDFF8
703F9FE0
701F07C0
38000000
3C000000
1E000000
1F000C00
0FC03E00
03FFFC00
01FFF000
003F8000
ENDCHAR
STARTCHAR uni03060301
ENCODING -1
SWIDTH 0 0
DWIDTH 0 0
BBX 12 13 3 21
BITMAP
0100
0180
03C0
07C0
0780
0F00
0200
0000
E070
79E0
7FE0
3FC0
0F00
ENDCHAR
STARTCHAR uni03060300
ENCODING -1
SWIDTH 0 0
DWIDTH 0 0
BBX 12 13 3 21
BITMAP
0800
1C00
3C00
1E00
0E00
0700
0200
6060
F0F0
79E0
7FE0
3FC0
0F00
ENDCHAR
STARTCHAR uni03060309
ENCODING -1
SWIDTH 0 0
DWIDTH 0 0
BBX 12 13 3 21
BITMAP
3F00
1F80
1380
0380
0700
0600
0400
6060
F0F0
79E0
7FE0
3FC0
0F00
ENDCHAR
STARTCHAR uni03060303
ENCODING -1
SWIDTH 0 0
DWIDTH 0 0
BBX 12 13 3 21
BITMAP
1840
7E70
7FF0
E7E0
00C0
0000
0000
6060
F0F0
79E0
7FE0
3FC0
0F00
ENDCHAR
STARTCHAR uni03020301
ENCODING -1
SWIDTH 0 0
DWIDTH 0 0
BBX 16 11 1 22
BITMAP
000C
000F
001E
001C
0038
0010
0F00
1F80
3FC0
F1E0
6060
ENDCHAR
STARTCHAR uni03020300
ENCODING -1
SWIDTH 0 0
DWIDTH 0 0
BBX 12 11 3 22
BITMAP
00C0
03E0
01E0
00F0
0070
0030
1E00
3F00
7F80
F3E0
C0C0
ENDCHAR
STARTCHAR uni03020309
ENCODING -1
SWIDTH 0 0
DWIDTH 0 0
BBX 16 11 1 22
BITMAP
007E
007E
0047
000E
001C
0018
0F10
1F80
3FC0
F9F0
6060
ENDCHAR
STARTCHAR uni03020303
ENCODING -1
SWIDTH 0 0
DWIDTH 0 0
BBX 12 11 3 22
BITMAP
3C70
7FF0
FFE0
61C0
0000
0000
0F00
1F80
3FC0
F9F0
6060
ENDCHAR
STARTCHAR uni03080301
ENCODING -1
SWIDTH 0 0
DWIDTH 0 0
BBX 12 12 3 23
BITMAP
0100
0180
03E0
03C0
0780
0F00
0200
2040
F9F0
F9F0
F9F0
70E0
ENDCHAR
STARTCHAR uni03080304
ENCODING -1
SWIDTH 0 0
DWIDTH 0 0
BBX 12 10 3 23
BITMAP
7FE0
7FE0
7FE0
0000
0000
70E0
F9F0
F9F0
F9F0
70E0
ENDCHAR
STARTCHAR uni03070304
ENCODING -1
SWIDTH 0 0
DWIDTH 0 0
BBX 10 10 4 23
BITMAP
FFC0
FFC0
FFC0
0000
0000
0C00
1E00
1E00
1E00
1E00
ENDCHAR
STARTCHAR uni03010307
ENCODING -1
SWIDTH 0 0
DWIDTH 0 0
BBX 12 6 3 23
BITMAP
0040
20E0
F8F0
F9E0
FBC0
F180
ENDCHAR
STARTCHAR uni030C.alt
ENCODING -1
SWIDTH 0 0
DWIDTH 0 0
BBX 6 7 6 18
BITMAP
30
78
7C
3C
38
78
E0
ENDCHAR
STARTCHAR uni030C0307
ENCODING -1
SWIDTH 0 0
DWIDTH 0 0
BBX 10 10 4 22
BITMAP
1E00
1E00
1E00
1E00
0000
C0C0
F3C0
7F80
3F00
1E00
ENDCHAR
STARTCHAR uni03030308
ENCODING -1
SWIDTH 0 0
DWIDTH 0 0
BBX 12 11 3 22
BITMAP
F0F0
F9F0
F9F0
F0F0
0000
0000
3870
7E70
7FE0
E7E0
E180
ENDCHAR
STARTCHAR tildecomb_acutecomb
ENCODING -1
SWIDTH 0 0
DWIDTH 0 0
BBX 12 12 3 22
BITMAP
0080
01C0
03E0
0380
0700
0600
0000
3870
7E70
7FE0
E7E0
E180
ENDCHAR
STARTCHAR uni03030304
ENCODING -1
SWIDTH 0 0
DWIDTH 0 0
BBX 12 11 3 22
BITMAP
7FE0
7FE0
7FE0
0000
0000
0000
3870
7E70
7FE0
E7E0
E180
ENDCHAR
STARTCHAR uni03040308
ENCODING -1
SWIDTH 0 0
DWIDTH 0 0
BBX 12 10 3 23
BITMAP
70E0
F9F0
F9F0
F9F0
70E0
0000
0000
7FE0
7FE0
7FE0
ENDCHAR
STARTCHAR uni03040300
ENCODING -1
SWIDTH 0 0
DWIDTH 0 0
BBX 10 10 4 23
BITMAP
1800
7800
3C00
1E00
0E00
0400
0000
0000
FFC0
FFC0
ENDCHAR
STARTCHAR uni03040301
ENCODING -1
SWIDTH 0 0
DWIDTH 0 0
BBX 10 10 4 23
BITMAP
0200
0780
0780
0F00
1E00
0C00
0000
0000
FFC0
FFC0
ENDCHAR
STARTCHAR uni0308.case
ENCODING -1
SWIDTH 0 0
DWIDTH 0 0
BBX 12 5 3 27
BITMAP
70E0
F9F0
F9F0
F1F0
6060
ENDCHAR
STARTCHAR uni03080301.case
ENCODING -1
SWIDTH 0 0
DWIDTH 0 0
BBX 12 12 3 27
BITMAP
0080
01C0
07C0
0FE0
1F00
1800
0000
70E0
F9F0
F9F0
F1F0
6060
ENDCHAR
STARTCHAR uni03080304.case
ENCODING -1
SWIDTH 0 0
DWIDTH 0 0
BBX 12 9 3 27
BITMAP
FFF0
FFF0
FFF0
0000
70E0
F9F0
F9F0
F1F0
6060
ENDCHAR
STARTCHAR uni0307.case
ENCODING -1
SWIDTH 0 0
DWIDTH 0 0
BBX 4 5 7 27
BITMAP
F0
F0
F0
F0
60
ENDCHAR
STARTCHAR uni03070304.case
ENCODING -1
SWIDTH 0 0
DWIDTH 0 0
BBX 12 9 3 27
BITMAP
FFF0
FFF0
FFF0
0000
0F00
0F00
0F00
0F00
0600
ENDCHAR
STARTCHAR gravecomb.case
ENCODING -1
SWIDTH 0 0
DWIDTH 0 0
BBX 8 6 5 27
BITMAP
60
70
FC
7E
0F
02
ENDCHAR
STARTCHAR acutecomb.case
ENCODING -1
SWIDTH 0 0
DWIDTH 0 0
BBX 8 6 5 27
BITMAP
06
0E
3F
7E
F0
40
ENDCHAR
STARTCHAR uni03010307.case
ENCODING -1
SWIDTH 0 0
DWIDTH 0 0
BBX 12 6 3 27
BITMAP
0060
70F0
F9E0
F9C0
FB80
6100
ENDCHAR
STARTCHAR uni030B.case
ENCODING -1
SWIDTH 0 0
DWIDTH 0 0
BBX 14 7 2 27
BITMAP
0810
1C18
3E3C
7C7C
F8F0
E1E0
4080
ENDCHAR
STARTCHAR uni0302.case
ENCODING -1
SWIDTH 0 0
DWIDTH 0 0
BBX 12 5 3 27
BITMAP
0F00
1F80
3FE0
F0F0
4020
ENDCHAR
STARTCHAR uni03020300.case
ENCODING -1
SWIDTH 0 0
DWIDTH 0 0
BBX 14 11 2 27
BITMAP
0020
0060
00F0
0078
0038
001C
0F10
1F80
3FC0
F0F0
4020
ENDCHAR
STARTCHAR uni03020301.case
ENCODING -1
SWIDTH 0 0
DWIDTH 0 0
BBX 16 11 1 27
BITMAP
0008
000C
001F
001E
003C
0038
0F10
1F80
7FC0
F1E0
4020
ENDCHAR
STARTCHAR uni03020303.case
ENCODING -1
SWIDTH 0 0
DWIDTH 0 0
BBX 12 11 3 27
BITMAP
3870
7FF0
FFE0
E3E0
0000
0000
0F00
1F80
3FC0
F0F0
4020
ENDCHAR
STARTCHAR uni03020309.case
ENCODING -1
SWIDTH 0 0
DWIDTH 0 0
BBX 14 11 2 27
BITMAP
0070
01FC
00FC
001C
003C
0030
1E30
3F00
7FC0
F1E0
4040
ENDCHAR
STARTCHAR uni030C.case
ENCODING -1
SWIDTH 0 0
DWIDTH 0 0
BBX 12 5 3 27
BITMAP
6060
F9F0
3FC0
1F80
0F00
ENDCHAR
STARTCHAR uni0306.case
ENCODING -1
SWIDTH 0 0
DWIDTH 0 0
BBX 12 5 3 27
BITMAP
E070
70E0
7FE0
3FC0
0F00
ENDCHAR
STARTCHAR uni03060300.case
ENCODING -1
SWIDTH 0 0
DWIDTH 0 0
BBX 12 11 3 27
BITMAP
1800
3C00
3C00
1E00
0F00
0600
E070
70E0
7FE0
3FC0
1F00
ENDCHAR
STARTCHAR uni03060301.case
ENCODING -1
SWIDTH 0 0
DWIDTH 0 0
BBX 12 11 3 27
BITMAP
0180
03E0
03C0
0780
0F00
0600
E070
70E0
7FE0
3FC0
1F00
ENDCHAR
STARTCHAR uni03060303.case
ENCODING -1
SWIDTH 0 0
DWIDTH 0 0
BBX 12 11 3 27
BITMAP
3870
7FF0
FFE0
E3E0
0000
0000
E070
F0F0
7FE0
3FC0
1F80
ENDCHAR
STARTCHAR uni03060309.case
ENCODING -1
SWIDTH 0 0
DWIDTH 0 0
BBX 12 12 3 27
BITMAP
0600
1F80
1FC0
11C0
0380
0700
0600
E070
70E0
7FE0
3FC0
1F00
ENDCHAR
STARTCHAR uni030A.case
ENCODING -1
SWIDTH 0 0
DWIDTH 0 0
BBX 8 8 5 24
BITMAP
3C
7E
E7
C3
C3
7E
7E
18
ENDCHAR
STARTCHAR tildecomb.case
ENCODING -1
SWIDTH 0 0
DWIDTH 0 0
BBX 12 4 3 28
BITMAP
3830
7F70
FFF0
E7E0
ENDCHAR
STARTCHAR uni03030308.case
ENCODING -1
SWIDTH 0 0
DWIDTH 0 0
BBX 12 9 3 28
BITMAP
70E0
F9F0
F9F0
F1F0
6060
3830
7F70
FFF0
E7E0
ENDCHAR
STARTCHAR tildecomb_acutecomb.case
ENCODING -1
SWIDTH 0 0
DWIDTH 0 0
BBX 12 10 3 28
BITMAP
00C0
01C0
07E0
0FC0
1E00
0800
3830
7F70
FFF0
E7E0
ENDCHAR
STARTCHAR uni03030304.case
ENCODING -1
SWIDTH 0 0
DWIDTH 0 0
BBX 12 8 3 28
BITMAP
FFF0
FFF0
FFF0
0000
3830
7F70
FFF0
E7E0
ENDCHAR
STARTCHAR uni0304.case
ENCODING -1
SWIDTH 0 0
DWIDTH 0 0
BBX 12 3 3 28
BITMAP
FFF0
FFF0
FFF0
ENDCHAR
STARTCHAR uni03040308.case
ENCODING -1
SWIDTH 0 0
DWIDTH 0 0
BBX 12 9 3 28
BITMAP
70E0
F9F0
F9F0
F1F0
6060
0000
FFF0
FFF0
FFF0
ENDCHAR
STARTCHAR uni03040300.case
ENCODING -1
SWIDTH 0 0
DWIDTH 0 0
BBX 12 10 3 28
BITMAP
1800
1C00
3F00
1F80
03C0
0080
0000
FFF0
FFF0
FFF0
ENDCHAR
STARTCHAR uni03040301.case
ENCODING -1
SWIDTH 0 0
DWIDTH 0 0
BBX 12 10 3 28
BITMAP
00C0
01C0
07E0
0FC0
1E00
0800
0000
FFF0
FFF0
FFF0
ENDCHAR
STARTCHAR hookabovecomb.case
ENCODING -1
SWIDTH 0 0
DWIDTH 0 0
BBX 7 7 6 27
BITMAP
FC
FC
8E
1C
38
30
20
ENDCHAR
STARTCHAR uni030F.case
ENCODING -1
SWIDTH 0 0
DWIDTH 0 0
BBX 14 7 2 27
BITMAP
2040
60E0
F1F0
F8F8
3C7C
1E1C
0408
ENDCHAR
STARTCHAR uni0311.case
ENCODING -1
SWIDTH 0 0
DWIDTH 0 0
BBX 12 5 3 27
BITMAP
1F80
3FC0
7FE0
70F0
E070
ENDCHAR
STARTCHAR uni031B.case
ENCODING -1
SWIDTH 0 0
DWIDTH 0 0
BBX 6 7 6 15
BITMAP
1C
1C
3C
7C
F8
F0
C0
ENDCHAR
STARTCHAR uni0326.case
ENCODING -1
SWIDTH 0 0
DWIDTH 0 0
BBX 6 7 6 -9
BITMAP
78
7C
7C
38
38
F0
40
ENDCHAR
STARTCHAR uni0327.case
ENCODING -1
SWIDTH 0 0
DWIDTH 0 0
BBX 8 10 5 -9
BITMAP
18
38
30
7C
7E
0F
0E
3E
FC
60
ENDCHAR
STARTCHAR uni0328.case
ENCODING -1
SWIDTH 0 0
DWIDTH 0 0
BBX 8 9 5 -7
BITMAP
04
1E
7C
70
F0
E0
FE
7F
3E
ENDCHAR
ENDFONT
