STARTFONT 2.1
FONT -FontForge-Noto Sans-Book-R-Normal-Sans--16-150-75-75-P-82-ISO10646-1
SIZE 15 75 75
FONTBOUNDINGBOX 54 25 -10 -8
COMMENT "Generated by fontforge, http://fontforge.sourceforge.net"
COMMENT "Copyright 2022 The Noto Project Authors (https://github.com/notofonts/latin-greek-cyrillic)"
STARTPROPERTIES 41
FOUNDRY "FontForge"
FAMILY_NAME "Noto Sans"
WEIGHT_NAME "Book"
SLANT "R"
SETWIDTH_NAME "Normal"
ADD_STYLE_NAME "Sans"
PIXEL_SIZE 16
POINT_SIZE 150
RESOLUTION_X 75
RESOLUTION_Y 75
SPACING "P"
AVERAGE_WIDTH 82
CHARSET_REGISTRY "ISO10646"
CHARSET_ENCODING "1"
FONTNAME_REGISTRY ""
CHARSET_COLLECTIONS "ISO8859-2 ISO8859-5 ISO8859-7 ISO8859-9 ISO8859-4 ISO10646-1"
FONT_NAME "NotoSans-Regular"
FACE_NAME "Noto Sans Regular"
COPYRIGHT "Copyright 2022 The Noto Project Authors (https://github.com/notofonts/latin-greek-cyrillic)"
FONT_VERSION "2.015"
FONT_ASCENT 13
FONT_DESCENT 3
UNDERLINE_POSITION -2
UNDERLINE_THICKNESS 1
X_HEIGHT 8
CAP_HEIGHT 10
DEFAULT_CHAR 1
RAW_ASCENT 800
RAW_DESCENT 200
NORM_SPACE 4
RELATIVE_WEIGHT 40
RELATIVE_SETWIDTH 50
SUPERSCRIPT_X 0
SUPERSCRIPT_Y 5
SUPERSCRIPT_SIZE 9
SUBSCRIPT_X 0
SUBSCRIPT_Y 1
SUBSCRIPT_SIZE 9
FIGURE_WIDTH 9
AVG_LOWERCASE_WIDTH 88
AVG_UPPERCASE_WIDTH 111
ENDPROPERTIES
CHARS 4503
STARTCHAR NULL
ENCODING 0
SWIDTH 0 0
DWIDTH 0 0
BBX 1 1 0 0
BITMAP
00
ENDCHAR
STARTCHAR CR
ENCODING 13
SWIDTH 260 0
DWIDTH 4 0
BBX 1 1 0 0
BITMAP
00
ENDCHAR
STARTCHAR space
ENCODING 32
SWIDTH 260 0
DWIDTH 4 0
BBX 1 1 0 0
BITMAP
00
ENDCHAR
STARTCHAR exclam
ENCODING 33
SWIDTH 269 0
DWIDTH 4 0
BBX 2 11 1 0
BITMAP
C0
C0
C0
C0
40
40
40
40
00
C0
C0
ENDCHAR
STARTCHAR quotedbl
ENCODING 34
SWIDTH 408 0
DWIDTH 7 0
BBX 4 4 1 7
BITMAP
D0
90
90
90
ENDCHAR
STARTCHAR numbersign
ENCODING 35
SWIDTH 646 0
DWIDTH 10 0
BBX 10 11 0 0
BITMAP
0980
0900
1900
7FC0
1300
1200
1200
FF80
2200
2600
2400
ENDCHAR
STARTCHAR dollar
ENCODING 36
SWIDTH 572 0
DWIDTH 9 0
BBX 7 13 1 -1
BITMAP
10
3C
FE
90
D0
70
3C
16
12
96
FC
10
10
ENDCHAR
STARTCHAR percent
ENCODING 37
SWIDTH 831 0
DWIDTH 13 0
BBX 12 12 1 0
BITMAP
6000
D080
9100
9900
9A00
96E0
D520
2D20
0930
1120
1120
20E0
ENDCHAR
STARTCHAR ampersand
ENCODING 38
SWIDTH 732 0
DWIDTH 12 0
BBX 11 12 1 0
BITMAP
1800
7C00
4600
4600
6C00
3800
78C0
CCC0
8680
8380
C780
7CE0
ENDCHAR
STARTCHAR quotesingle
ENCODING 39
SWIDTH 225 0
DWIDTH 4 0
BBX 2 4 1 7
BITMAP
C0
80
80
80
ENDCHAR
STARTCHAR parenleft
ENCODING 40
SWIDTH 300 0
DWIDTH 5 0
BBX 3 14 1 -3
BITMAP
60
40
C0
80
80
80
80
80
80
80
C0
40
60
20
ENDCHAR
STARTCHAR parenright
ENCODING 41
SWIDTH 300 0
DWIDTH 5 0
BBX 4 14 0 -3
BITMAP
E0
20
20
30
10
10
10
10
10
30
30
20
60
C0
ENDCHAR
STARTCHAR asterisk
ENCODING 42
SWIDTH 551 0
DWIDTH 9 0
BBX 7 7 1 5
BITMAP
10
10
96
FE
38
6C
4C
ENDCHAR
STARTCHAR plus
ENCODING 43
SWIDTH 572 0
DWIDTH 9 0
BBX 7 8 1 2
BITMAP
10
10
10
10
FE
10
10
10
ENDCHAR
STARTCHAR comma
ENCODING 44
SWIDTH 268 0
DWIDTH 4 0
BBX 2 4 1 -2
BITMAP
C0
C0
80
80
ENDCHAR
STARTCHAR hyphen
ENCODING 45
SWIDTH 322 0
DWIDTH 5 0
BBX 4 1 1 4
BITMAP
F0
ENDCHAR
STARTCHAR period
ENCODING 46
SWIDTH 268 0
DWIDTH 4 0
BBX 2 2 1 0
BITMAP
C0
C0
ENDCHAR
STARTCHAR slash
ENCODING 47
SWIDTH 372 0
DWIDTH 6 0
BBX 6 11 0 0
BITMAP
0C
08
18
10
10
30
20
60
40
40
C0
ENDCHAR
STARTCHAR zero
ENCODING 48
SWIDTH 572 0
DWIDTH 9 0
BBX 7 12 1 0
BITMAP
10
7C
C6
82
82
82
82
82
82
C2
46
7C
ENDCHAR
STARTCHAR one
ENCODING 49
SWIDTH 572 0
DWIDTH 9 0
BBX 5 11 1 0
BITMAP
38
F8
58
18
18
18
18
18
18
18
18
ENDCHAR
STARTCHAR two
ENCODING 50
SWIDTH 572 0
DWIDTH 9 0
BBX 7 12 1 0
BITMAP
30
FC
86
06
06
04
0C
18
30
60
C0
FE
ENDCHAR
STARTCHAR three
ENCODING 51
SWIDTH 572 0
DWIDTH 9 0
BBX 7 12 1 0
BITMAP
30
FC
86
06
06
7C
7C
06
02
02
86
FC
ENDCHAR
STARTCHAR four
ENCODING 52
SWIDTH 572 0
DWIDTH 9 0
BBX 9 11 0 0
BITMAP
0600
0E00
0A00
1200
3200
2200
4200
FF80
0200
0200
0200
ENDCHAR
STARTCHAR five
ENCODING 53
SWIDTH 572 0
DWIDTH 9 0
BBX 7 11 1 0
BITMAP
7C
40
C0
C0
FC
06
02
02
02
86
FC
ENDCHAR
STARTCHAR six
ENCODING 54
SWIDTH 572 0
DWIDTH 9 0
BBX 7 12 1 0
BITMAP
0C
3E
40
C0
C0
BC
C6
82
82
C2
46
3C
ENDCHAR
STARTCHAR seven
ENCODING 55
SWIDTH 572 0
DWIDTH 9 0
BBX 7 11 1 0
BITMAP
FE
02
06
04
0C
08
18
10
30
20
60
ENDCHAR
STARTCHAR eight
ENCODING 56
SWIDTH 572 0
DWIDTH 9 0
BBX 7 12 1 0
BITMAP
18
7C
C6
C2
C6
7C
7C
C6
82
82
C6
7C
ENDCHAR
STARTCHAR nine
ENCODING 57
SWIDTH 572 0
DWIDTH 9 0
BBX 7 12 1 0
BITMAP
10
7C
C6
82
82
82
EE
32
02
06
0C
78
ENDCHAR
STARTCHAR colon
ENCODING 58
SWIDTH 268 0
DWIDTH 4 0
BBX 2 9 1 0
BITMAP
C0
C0
00
00
00
00
00
C0
C0
ENDCHAR
STARTCHAR semicolon
ENCODING 59
SWIDTH 268 0
DWIDTH 4 0
BBX 3 11 0 -2
BITMAP
60
60
00
00
00
00
00
60
60
40
C0
ENDCHAR
STARTCHAR less
ENCODING 60
SWIDTH 572 0
DWIDTH 9 0
BBX 7 8 1 2
BITMAP
02
06
18
60
C0
70
0C
02
ENDCHAR
STARTCHAR equal
ENCODING 61
SWIDTH 572 0
DWIDTH 9 0
BBX 7 5 1 3
BITMAP
FE
00
00
FE
FE
ENDCHAR
STARTCHAR greater
ENCODING 62
SWIDTH 572 0
DWIDTH 9 0
BBX 7 8 1 2
BITMAP
80
C0
30
0C
02
1C
70
80
ENDCHAR
STARTCHAR question
ENCODING 63
SWIDTH 434 0
DWIDTH 7 0
BBX 7 12 0 0
BITMAP
30
FC
04
06
04
0C
10
30
20
00
30
30
ENDCHAR
STARTCHAR at
ENCODING 64
SWIDTH 899 0
DWIDTH 14 0
BBX 12 12 1 -1
BITMAP
1FC0
2020
4010
CF90
9890
9090
9090
9990
8EE0
4000
6000
3F80
ENDCHAR
STARTCHAR A
ENCODING 65
SWIDTH 639 0
DWIDTH 10 0
BBX 10 11 0 0
BITMAP
0C00
0E00
1A00
1200
1300
3100
3F00
6180
4080
40C0
C040
ENDCHAR
STARTCHAR B
ENCODING 66
SWIDTH 650 0
DWIDTH 10 0
BBX 8 11 2 0
BITMAP
FC
86
82
86
FC
FC
82
83
82
86
FC
ENDCHAR
STARTCHAR C
ENCODING 67
SWIDTH 632 0
DWIDTH 10 0
BBX 9 12 1 0
BITMAP
0E00
3F80
6000
C000
C000
C000
C000
C000
C000
4000
7080
3F00
ENDCHAR
STARTCHAR D
ENCODING 68
SWIDTH 730 0
DWIDTH 12 0
BBX 9 11 2 0
BITMAP
FE00
8300
8100
8180
8180
8180
8180
8100
8300
8600
FC00
ENDCHAR
STARTCHAR E
ENCODING 69
SWIDTH 556 0
DWIDTH 9 0
BBX 6 11 2 0
BITMAP
FC
80
80
80
FC
FC
80
80
80
80
FC
ENDCHAR
STARTCHAR F
ENCODING 70
SWIDTH 519 0
DWIDTH 8 0
BBX 6 11 2 0
BITMAP
FC
80
80
80
80
FC
80
80
80
80
80
ENDCHAR
STARTCHAR G
ENCODING 71
SWIDTH 728 0
DWIDTH 12 0
BBX 9 12 1 0
BITMAP
0600
3F80
6000
4000
C000
C000
8380
C080
C080
4080
7080
1F80
ENDCHAR
STARTCHAR H
ENCODING 72
SWIDTH 741 0
DWIDTH 12 0
BBX 8 11 2 0
BITMAP
81
81
81
81
FF
FF
81
81
81
81
81
ENDCHAR
STARTCHAR I
ENCODING 73
SWIDTH 339 0
DWIDTH 5 0
BBX 4 11 1 0
BITMAP
F0
40
40
40
40
40
40
40
40
40
F0
ENDCHAR
STARTCHAR J
ENCODING 74
SWIDTH 273 0
DWIDTH 4 0
BBX 4 14 -1 -3
BITMAP
30
30
30
30
30
30
30
30
30
30
30
30
30
E0
ENDCHAR
STARTCHAR K
ENCODING 75
SWIDTH 619 0
DWIDTH 10 0
BBX 8 11 2 0
BITMAP
87
8C
98
90
A0
F0
98
88
8C
86
83
ENDCHAR
STARTCHAR L
ENCODING 76
SWIDTH 524 0
DWIDTH 8 0
BBX 6 11 2 0
BITMAP
80
80
80
80
80
80
80
80
80
80
FC
ENDCHAR
STARTCHAR M
ENCODING 77
SWIDTH 907 0
DWIDTH 15 0
BBX 11 11 2 0
BITMAP
C0E0
C0A0
E0A0
A1A0
B120
9120
9220
9A20
8E20
8C20
8C20
ENDCHAR
STARTCHAR N
ENCODING 78
SWIDTH 760 0
DWIDTH 12 0
BBX 9 11 2 0
BITMAP
C180
C180
E180
B180
9180
9980
8D80
8580
8780
8380
8180
ENDCHAR
STARTCHAR O
ENCODING 79
SWIDTH 781 0
DWIDTH 13 0
BBX 11 12 1 0
BITMAP
0C00
3F80
60C0
C0C0
C040
C040
C060
C040
C040
40C0
6180
3F00
ENDCHAR
STARTCHAR P
ENCODING 80
SWIDTH 605 0
DWIDTH 10 0
BBX 7 11 2 0
BITMAP
FC
86
86
86
86
FC
E0
80
80
80
80
ENDCHAR
STARTCHAR Q
ENCODING 81
SWIDTH 781 0
DWIDTH 13 0
BBX 11 15 1 -3
BITMAP
0C00
3F80
60C0
C0C0
C040
C040
C060
C040
C040
40C0
6180
3F00
0300
0180
00C0
ENDCHAR
STARTCHAR R
ENCODING 82
SWIDTH 622 0
DWIDTH 10 0
BBX 8 11 2 0
BITMAP
FC
86
86
86
84
F8
98
8C
84
86
83
ENDCHAR
STARTCHAR S
ENCODING 83
SWIDTH 549 0
DWIDTH 9 0
BBX 7 12 1 0
BITMAP
18
7E
C0
80
C0
70
3C
06
02
02
86
FC
ENDCHAR
STARTCHAR T
ENCODING 84
SWIDTH 556 0
DWIDTH 9 0
BBX 9 11 0 0
BITMAP
FF80
0800
0800
0800
0800
0800
0800
0800
0800
0800
0800
ENDCHAR
STARTCHAR U
ENCODING 85
SWIDTH 731 0
DWIDTH 12 0
BBX 9 11 1 0
BITMAP
C080
C080
C080
C080
C080
C080
C080
C080
4080
6180
3E00
ENDCHAR
STARTCHAR V
ENCODING 86
SWIDTH 600 0
DWIDTH 10 0
BBX 10 11 0 0
BITMAP
C0C0
4180
6180
6100
2300
3200
3200
1600
1C00
0C00
0C00
ENDCHAR
STARTCHAR W
ENCODING 87
SWIDTH 930 0
DWIDTH 15 0
BBX 15 11 0 0
BITMAP
C306
4384
428C
668C
66C8
2448
2458
3C58
1870
1830
1830
ENDCHAR
STARTCHAR X
ENCODING 88
SWIDTH 586 0
DWIDTH 9 0
BBX 9 11 0 0
BITMAP
C180
2300
3200
1400
0C00
0C00
1400
3200
2300
6100
C180
ENDCHAR
STARTCHAR Y
ENCODING 89
SWIDTH 566 0
DWIDTH 9 0
BBX 9 11 0 0
BITMAP
C180
6300
2200
3600
1400
1C00
0800
0800
0800
0800
0800
ENDCHAR
STARTCHAR Z
ENCODING 90
SWIDTH 572 0
DWIDTH 9 0
BBX 8 11 1 0
BITMAP
FE
06
04
08
18
10
20
60
40
C0
FF
ENDCHAR
STARTCHAR bracketleft
ENCODING 91
SWIDTH 329 0
DWIDTH 5 0
BBX 4 14 1 -3
BITMAP
F0
C0
C0
C0
C0
C0
C0
C0
C0
C0
C0
C0
F0
F0
ENDCHAR
STARTCHAR backslash
ENCODING 92
SWIDTH 372 0
DWIDTH 6 0
BBX 6 11 0 0
BITMAP
C0
40
60
20
20
30
10
18
18
08
0C
ENDCHAR
STARTCHAR bracketright
ENCODING 93
SWIDTH 329 0
DWIDTH 5 0
BBX 4 14 0 -3
BITMAP
F0
10
10
10
10
10
10
10
10
10
10
10
F0
F0
ENDCHAR
STARTCHAR asciicircum
ENCODING 94
SWIDTH 572 0
DWIDTH 9 0
BBX 8 8 1 4
BITMAP
10
10
28
28
44
44
82
83
ENDCHAR
STARTCHAR underscore
ENCODING 95
SWIDTH 444 0
DWIDTH 7 0
BBX 7 1 0 -2
BITMAP
FE
ENDCHAR
STARTCHAR grave
ENCODING 96
SWIDTH 281 0
DWIDTH 5 0
BBX 3 2 1 10
BITMAP
C0
60
ENDCHAR
STARTCHAR a
ENCODING 97
SWIDTH 561 0
DWIDTH 9 0
BBX 7 9 1 0
BITMAP
38
6C
06
06
7E
C6
86
8E
FA
ENDCHAR
STARTCHAR b
ENCODING 98
SWIDTH 615 0
DWIDTH 10 0
BBX 8 12 1 0
BITMAP
C0
C0
C0
DC
F6
C3
C3
C3
C3
C3
E2
FE
ENDCHAR
STARTCHAR c
ENCODING 99
SWIDTH 480 0
DWIDTH 8 0
BBX 6 9 1 0
BITMAP
3C
7C
C0
80
80
80
C0
44
7C
ENDCHAR
STARTCHAR d
ENCODING 100
SWIDTH 615 0
DWIDTH 10 0
BBX 7 12 1 0
BITMAP
02
02
02
3A
6E
C2
82
82
82
C2
C6
7A
ENDCHAR
STARTCHAR e
ENCODING 101
SWIDTH 564 0
DWIDTH 9 0
BBX 7 9 1 0
BITMAP
38
6C
C6
82
FE
80
C0
42
3E
ENDCHAR
STARTCHAR f
ENCODING 102
SWIDTH 344 0
DWIDTH 6 0
BBX 6 12 0 0
BITMAP
3C
20
20
78
F8
20
20
20
20
20
20
20
ENDCHAR
STARTCHAR g
ENCODING 103
SWIDTH 615 0
DWIDTH 10 0
BBX 7 13 1 -4
BITMAP
3A
6E
C2
82
82
82
C2
C6
7A
02
02
46
7C
ENDCHAR
STARTCHAR h
ENCODING 104
SWIDTH 618 0
DWIDTH 10 0
BBX 8 12 1 0
BITMAP
C0
C0
C0
DC
F6
C3
C3
C3
C3
C3
C3
C3
ENDCHAR
STARTCHAR i
ENCODING 105
SWIDTH 258 0
DWIDTH 4 0
BBX 2 12 1 0
BITMAP
C0
C0
00
C0
C0
C0
C0
C0
C0
C0
C0
C0
ENDCHAR
STARTCHAR j
ENCODING 106
SWIDTH 258 0
DWIDTH 4 0
BBX 4 16 -1 -4
BITMAP
30
30
00
30
30
30
30
30
30
30
30
30
30
30
30
E0
ENDCHAR
STARTCHAR k
ENCODING 107
SWIDTH 534 0
DWIDTH 9 0
BBX 7 12 1 0
BITMAP
C0
C0
C0
C6
CC
C8
D0
F0
D8
CC
C4
C6
ENDCHAR
STARTCHAR l
ENCODING 108
SWIDTH 258 0
DWIDTH 4 0
BBX 2 12 1 0
BITMAP
C0
C0
C0
C0
C0
C0
C0
C0
C0
C0
C0
C0
ENDCHAR
STARTCHAR m
ENCODING 109
SWIDTH 935 0
DWIDTH 15 0
BBX 13 9 1 0
BITMAP
DCE0
E7B0
C318
C218
C218
C218
C218
C218
C218
ENDCHAR
STARTCHAR n
ENCODING 110
SWIDTH 618 0
DWIDTH 10 0
BBX 8 9 1 0
BITMAP
DC
F6
C3
C3
C3
C3
C3
C3
C3
ENDCHAR
STARTCHAR o
ENCODING 111
SWIDTH 605 0
DWIDTH 10 0
BBX 8 9 1 0
BITMAP
38
6E
C2
83
83
83
C3
46
3C
ENDCHAR
STARTCHAR p
ENCODING 112
SWIDTH 615 0
DWIDTH 10 0
BBX 8 13 1 -4
BITMAP
DC
F6
C3
C3
C3
C3
C3
E2
FE
C0
C0
C0
C0
ENDCHAR
STARTCHAR q
ENCODING 113
SWIDTH 615 0
DWIDTH 10 0
BBX 7 13 1 -4
BITMAP
3A
6E
C2
82
82
82
C2
C6
7A
02
02
02
02
ENDCHAR
STARTCHAR r
ENCODING 114
SWIDTH 413 0
DWIDTH 7 0
BBX 5 9 1 0
BITMAP
D8
F8
C0
C0
C0
C0
C0
C0
C0
ENDCHAR
STARTCHAR s
ENCODING 115
SWIDTH 479 0
DWIDTH 8 0
BBX 6 9 1 0
BITMAP
78
CC
80
C0
70
1C
04
8C
F8
ENDCHAR
STARTCHAR t
ENCODING 116
SWIDTH 361 0
DWIDTH 6 0
BBX 5 11 0 0
BITMAP
20
20
78
F8
60
60
60
60
60
20
38
ENDCHAR
STARTCHAR u
ENCODING 117
SWIDTH 618 0
DWIDTH 10 0
BBX 8 9 1 0
BITMAP
C3
C3
C3
C3
C3
C3
C3
C7
7F
ENDCHAR
STARTCHAR v
ENCODING 118
SWIDTH 508 0
DWIDTH 8 0
BBX 8 9 0 0
BITMAP
C1
C3
42
62
26
24
3C
18
18
ENDCHAR
STARTCHAR w
ENCODING 119
SWIDTH 786 0
DWIDTH 13 0
BBX 12 9 0 0
BITMAP
C210
C610
4730
4530
6D20
29A0
28E0
38C0
30C0
ENDCHAR
STARTCHAR x
ENCODING 120
SWIDTH 529 0
DWIDTH 8 0
BBX 8 9 0 0
BITMAP
C3
62
26
1C
18
1C
34
62
C3
ENDCHAR
STARTCHAR y
ENCODING 121
SWIDTH 510 0
DWIDTH 8 0
BBX 8 13 0 -4
BITMAP
C1
C3
42
62
26
24
3C
18
18
18
10
30
E0
ENDCHAR
STARTCHAR z
ENCODING 122
SWIDTH 470 0
DWIDTH 8 0
BBX 6 9 1 0
BITMAP
FC
FC
08
10
30
60
40
C0
FC
ENDCHAR
STARTCHAR braceleft
ENCODING 123
SWIDTH 380 0
DWIDTH 6 0
BBX 6 14 0 -3
BITMAP
1C
30
30
30
30
30
C0
30
30
30
30
30
1C
04
ENDCHAR
STARTCHAR bar
ENCODING 124
SWIDTH 551 0
DWIDTH 9 0
BBX 1 16 4 -4
BITMAP
80
80
80
80
80
80
80
80
80
80
80
80
80
80
80
80
ENDCHAR
STARTCHAR braceright
ENCODING 125
SWIDTH 380 0
DWIDTH 6 0
BBX 5 14 1 -3
BITMAP
C0
60
60
60
60
60
18
20
60
60
60
60
C0
80
ENDCHAR
STARTCHAR asciitilde
ENCODING 126
SWIDTH 572 0
DWIDTH 9 0
BBX 7 2 1 5
BITMAP
62
BE
ENDCHAR
STARTCHAR uni00A0
ENCODING 160
SWIDTH 260 0
DWIDTH 4 0
BBX 1 1 0 0
BITMAP
00
ENDCHAR
STARTCHAR exclamdown
ENCODING 161
SWIDTH 269 0
DWIDTH 4 0
BBX 2 12 1 -3
BITMAP
C0
C0
00
00
40
40
40
C0
C0
C0
C0
C0
ENDCHAR
STARTCHAR cent
ENCODING 162
SWIDTH 572 0
DWIDTH 9 0
BBX 7 12 1 0
BITMAP
08
08
3E
60
40
C0
C0
40
40
7E
1C
08
ENDCHAR
STARTCHAR sterling
ENCODING 163
SWIDTH 572 0
DWIDTH 9 0
BBX 8 12 1 0
BITMAP
08
3E
60
60
60
60
FC
60
60
40
C0
FF
ENDCHAR
STARTCHAR currency
ENCODING 164
SWIDTH 572 0
DWIDTH 9 0
BBX 7 7 1 2
BITMAP
BA
64
46
C2
46
7C
82
ENDCHAR
STARTCHAR yen
ENCODING 165
SWIDTH 572 0
DWIDTH 9 0
BBX 9 11 0 0
BITMAP
C180
6300
2200
3600
1400
1C00
7F00
0800
7F00
0800
0800
ENDCHAR
STARTCHAR brokenbar
ENCODING 166
SWIDTH 551 0
DWIDTH 9 0
BBX 1 16 4 -4
BITMAP
80
80
80
80
80
80
00
00
00
00
80
80
80
80
80
80
ENDCHAR
STARTCHAR section
ENCODING 167
SWIDTH 513 0
DWIDTH 8 0
BBX 6 12 1 0
BITMAP
7C
80
C0
70
DC
84
C4
7C
1C
04
84
F8
ENDCHAR
STARTCHAR dieresis
ENCODING 168
SWIDTH 580 0
DWIDTH 9 0
BBX 5 2 2 10
BITMAP
48
D8
ENDCHAR
STARTCHAR copyright
ENCODING 169
SWIDTH 832 0
DWIDTH 13 0
BBX 12 12 1 0
BITMAP
0E00
3180
4040
8F20
9020
9010
9010
9020
9920
4F20
60C0
1F80
ENDCHAR
STARTCHAR ordfeminine
ENCODING 170
SWIDTH 357 0
DWIDTH 6 0
BBX 4 6 1 6
BITMAP
60
90
30
D0
90
F0
ENDCHAR
STARTCHAR guillemotleft
ENCODING 171
SWIDTH 509 0
DWIDTH 8 0
BBX 7 7 1 1
BITMAP
24
66
48
98
D8
6C
26
ENDCHAR
STARTCHAR logicalnot
ENCODING 172
SWIDTH 572 0
DWIDTH 9 0
BBX 7 4 1 2
BITMAP
FE
02
02
02
ENDCHAR
STARTCHAR uni00AD
ENCODING 173
SWIDTH 322 0
DWIDTH 5 0
BBX 4 1 1 4
BITMAP
F0
ENDCHAR
STARTCHAR registered
ENCODING 174
SWIDTH 832 0
DWIDTH 13 0
BBX 12 12 1 0
BITMAP
0E00
3180
4040
9F20
9920
9910
9E10
9A20
9920
5920
60C0
1F80
ENDCHAR
STARTCHAR overscore
ENCODING 175
SWIDTH 500 0
DWIDTH 8 0
BBX 8 1 0 12
BITMAP
FF
ENDCHAR
STARTCHAR degree
ENCODING 176
SWIDTH 428 0
DWIDTH 7 0
BBX 5 5 1 7
BITMAP
20
D8
88
88
F0
ENDCHAR
STARTCHAR plusminus
ENCODING 177
SWIDTH 572 0
DWIDTH 9 0
BBX 7 10 1 0
BITMAP
10
10
10
10
FE
10
10
10
00
FE
ENDCHAR
STARTCHAR uni00B2
ENCODING 178
SWIDTH 350 0
DWIDTH 6 0
BBX 5 7 0 7
BITMAP
30
D8
08
18
30
60
F8
ENDCHAR
STARTCHAR uni00B3
ENCODING 179
SWIDTH 350 0
DWIDTH 6 0
BBX 5 7 0 7
BITMAP
30
D8
08
70
08
08
F8
ENDCHAR
STARTCHAR acute
ENCODING 180
SWIDTH 281 0
DWIDTH 5 0
BBX 3 2 1 10
BITMAP
60
80
ENDCHAR
STARTCHAR uni00B5
ENCODING 181
SWIDTH 623 0
DWIDTH 10 0
BBX 8 13 1 -4
BITMAP
C3
C3
C3
C3
C3
C3
C3
C7
FF
C0
C0
C0
C0
ENDCHAR
STARTCHAR paragraph
ENCODING 182
SWIDTH 655 0
DWIDTH 10 0
BBX 8 14 1 -2
BITMAP
7F
F9
F9
F9
F9
F9
F9
39
09
09
09
09
09
09
ENDCHAR
STARTCHAR periodcentered
ENCODING 183
SWIDTH 268 0
DWIDTH 4 0
BBX 2 2 1 5
BITMAP
C0
C0
ENDCHAR
STARTCHAR cedilla
ENCODING 184
SWIDTH 225 0
DWIDTH 4 0
BBX 3 4 0 -4
BITMAP
40
60
20
E0
ENDCHAR
STARTCHAR uni00B9
ENCODING 185
SWIDTH 350 0
DWIDTH 6 0
BBX 3 7 1 7
BITMAP
20
E0
A0
20
20
20
20
ENDCHAR
STARTCHAR ordmasculine
ENCODING 186
SWIDTH 376 0
DWIDTH 6 0
BBX 5 6 1 6
BITMAP
60
90
90
98
90
60
ENDCHAR
STARTCHAR guillemotright
ENCODING 187
SWIDTH 509 0
DWIDTH 8 0
BBX 7 7 1 1
BITMAP
90
98
48
26
6C
C8
90
ENDCHAR
STARTCHAR onequarter
ENCODING 188
SWIDTH 745 0
DWIDTH 12 0
BBX 11 11 1 0
BITMAP
E180
A100
2200
2200
24C0
2CC0
0940
1240
13E0
2440
6040
ENDCHAR
STARTCHAR onehalf
ENCODING 189
SWIDTH 771 0
DWIDTH 12 0
BBX 12 11 0 0
BITMAP
70C0
F180
3100
3200
32E0
3530
0830
0820
1040
3080
21F0
ENDCHAR
STARTCHAR threequarters
ENCODING 190
SWIDTH 781 0
DWIDTH 13 0
BBX 12 12 0 0
BITMAP
2020
D840
0840
7080
1900
0920
9A60
6660
04A0
09F0
0820
1020
ENDCHAR
STARTCHAR questiondown
ENCODING 191
SWIDTH 434 0
DWIDTH 7 0
BBX 7 12 0 -3
BITMAP
18
18
00
00
08
10
30
60
C0
C0
44
7E
ENDCHAR
STARTCHAR Agrave
ENCODING 192
SWIDTH 639 0
DWIDTH 10 0
BBX 10 15 0 0
BITMAP
1800
0C00
0000
0000
0C00
0E00
1A00
1200
1300
3100
3F00
6180
4080
40C0
C040
ENDCHAR
STARTCHAR Aacute
ENCODING 193
SWIDTH 639 0
DWIDTH 10 0
BBX 10 15 0 0
BITMAP
0300
0400
0000
0000
0C00
0E00
1A00
1200
1300
3100
3F00
6180
4080
40C0
C040
ENDCHAR
STARTCHAR Acircumflex
ENCODING 194
SWIDTH 639 0
DWIDTH 10 0
BBX 10 15 0 0
BITMAP
0E00
1B00
0000
0000
0C00
0E00
1A00
1200
1300
3100
3F00
6180
4080
40C0
C040
ENDCHAR
STARTCHAR Atilde
ENCODING 195
SWIDTH 639 0
DWIDTH 10 0
BBX 10 15 0 0
BITMAP
0880
1700
0000
0000
0C00
0E00
1A00
1200
1300
3100
3F00
6180
4080
40C0
C040
ENDCHAR
STARTCHAR Adieresis
ENCODING 196
SWIDTH 639 0
DWIDTH 10 0
BBX 10 15 0 0
BITMAP
1200
3600
0000
0000
0C00
0E00
1A00
1200
1300
3100
3F00
6180
4080
40C0
C040
ENDCHAR
STARTCHAR Aring
ENCODING 197
SWIDTH 639 0
DWIDTH 10 0
BBX 10 14 0 0
BITMAP
0E00
0A00
0E00
0C00
0E00
1A00
1200
1300
3100
3F00
6180
4080
40C0
C040
ENDCHAR
STARTCHAR AE
ENCODING 198
SWIDTH 881 0
DWIDTH 14 0
BBX 13 11 0 0
BITMAP
07F8
0D80
0980
0980
19F8
11F8
3F80
2180
6180
4180
C1F8
ENDCHAR
STARTCHAR Ccedilla
ENCODING 199
SWIDTH 632 0
DWIDTH 10 0
BBX 9 16 1 -4
BITMAP
0E00
3F80
6000
C000
C000
C000
C000
C000
C000
4000
7080
3F00
0800
0C00
0400
1C00
ENDCHAR
STARTCHAR Egrave
ENCODING 200
SWIDTH 556 0
DWIDTH 9 0
BBX 6 15 2 0
BITMAP
60
30
00
00
FC
80
80
80
FC
FC
80
80
80
80
FC
ENDCHAR
STARTCHAR Eacute
ENCODING 201
SWIDTH 556 0
DWIDTH 9 0
BBX 6 15 2 0
BITMAP
18
20
00
00
FC
80
80
80
FC
FC
80
80
80
80
FC
ENDCHAR
STARTCHAR Ecircumflex
ENCODING 202
SWIDTH 556 0
DWIDTH 9 0
BBX 6 15 2 0
BITMAP
38
6C
00
00
FC
80
80
80
FC
FC
80
80
80
80
FC
ENDCHAR
STARTCHAR Edieresis
ENCODING 203
SWIDTH 556 0
DWIDTH 9 0
BBX 6 15 2 0
BITMAP
48
D8
00
00
FC
80
80
80
FC
FC
80
80
80
80
FC
ENDCHAR
STARTCHAR Igrave
ENCODING 204
SWIDTH 339 0
DWIDTH 5 0
BBX 4 15 1 0
BITMAP
C0
60
00
00
F0
40
40
40
40
40
40
40
40
40
F0
ENDCHAR
STARTCHAR Iacute
ENCODING 205
SWIDTH 339 0
DWIDTH 5 0
BBX 4 15 1 0
BITMAP
30
40
00
00
F0
40
40
40
40
40
40
40
40
40
F0
ENDCHAR
STARTCHAR Icircumflex
ENCODING 206
SWIDTH 339 0
DWIDTH 5 0
BBX 5 15 0 0
BITMAP
70
D8
00
00
78
20
20
20
20
20
20
20
20
20
78
ENDCHAR
STARTCHAR Idieresis
ENCODING 207
SWIDTH 339 0
DWIDTH 5 0
BBX 5 15 0 0
BITMAP
48
D8
00
00
78
20
20
20
20
20
20
20
20
20
78
ENDCHAR
STARTCHAR Eth
ENCODING 208
SWIDTH 730 0
DWIDTH 12 0
BBX 11 11 0 0
BITMAP
3F80
20C0
2040
2060
2060
FC60
2060
2040
20C0
2180
3F00
ENDCHAR
STARTCHAR Ntilde
ENCODING 209
SWIDTH 760 0
DWIDTH 12 0
BBX 9 15 2 0
BITMAP
1100
2E00
0000
0000
C180
C180
E180
B180
9180
9980
8D80
8580
8780
8380
8180
ENDCHAR
STARTCHAR Ograve
ENCODING 210
SWIDTH 781 0
DWIDTH 13 0
BBX 11 15 1 0
BITMAP
0C00
0600
0000
0C00
3F80
60C0
C0C0
C040
C040
C060
C040
C040
40C0
6180
3F00
ENDCHAR
STARTCHAR Oacute
ENCODING 211
SWIDTH 781 0
DWIDTH 13 0
BBX 11 15 1 0
BITMAP
0300
0400
0000
0C00
3F80
60C0
C0C0
C040
C040
C060
C040
C040
40C0
6180
3F00
ENDCHAR
STARTCHAR Ocircumflex
ENCODING 212
SWIDTH 781 0
DWIDTH 13 0
BBX 11 15 1 0
BITMAP
0E00
1B00
0000
0C00
3F80
60C0
C0C0
C040
C040
C060
C040
C040
40C0
6180
3F00
ENDCHAR
STARTCHAR Otilde
ENCODING 213
SWIDTH 781 0
DWIDTH 13 0
BBX 11 15 1 0
BITMAP
0880
1700
0000
0C00
3F80
60C0
C0C0
C040
C040
C060
C040
C040
40C0
6180
3F00
ENDCHAR
STARTCHAR Odieresis
ENCODING 214
SWIDTH 781 0
DWIDTH 13 0
BBX 11 15 1 0
BITMAP
0900
1B00
0000
0C00
3F80
60C0
C0C0
C040
C040
C060
C040
C040
40C0
6180
3F00
ENDCHAR
STARTCHAR multiply
ENCODING 215
SWIDTH 572 0
DWIDTH 9 0
BBX 7 7 1 2
BITMAP
C2
64
38
18
2C
46
82
ENDCHAR
STARTCHAR Oslash
ENCODING 216
SWIDTH 781 0
DWIDTH 13 0
BBX 11 13 1 -1
BITMAP
0C40
3F80
61C0
C3C0
C240
C440
CC60
C840
D040
70C0
6180
7F00
4000
ENDCHAR
STARTCHAR Ugrave
ENCODING 217
SWIDTH 731 0
DWIDTH 12 0
BBX 9 15 1 0
BITMAP
1800
0C00
0000
0000
C080
C080
C080
C080
C080
C080
C080
C080
4080
6180
3E00
ENDCHAR
STARTCHAR Uacute
ENCODING 218
SWIDTH 731 0
DWIDTH 12 0
BBX 9 15 1 0
BITMAP
0600
0800
0000
0000
C080
C080
C080
C080
C080
C080
C080
C080
4080
6180
3E00
ENDCHAR
STARTCHAR Ucircumflex
ENCODING 219
SWIDTH 731 0
DWIDTH 12 0
BBX 9 15 1 0
BITMAP
0E00
1B00
0000
0000
C080
C080
C080
C080
C080
C080
C080
C080
4080
6180
3E00
ENDCHAR
STARTCHAR Udieresis
ENCODING 220
SWIDTH 731 0
DWIDTH 12 0
BBX 9 15 1 0
BITMAP
1200
3600
0000
0000
C080
C080
C080
C080
C080
C080
C080
C080
4080
6180
3E00
ENDCHAR
STARTCHAR Yacute
ENCODING 221
SWIDTH 566 0
DWIDTH 9 0
BBX 9 15 0 0
BITMAP
0600
0800
0000
0000
C180
6300
2200
3600
1400
1C00
0800
0800
0800
0800
0800
ENDCHAR
STARTCHAR Thorn
ENCODING 222
SWIDTH 605 0
DWIDTH 10 0
BBX 7 11 2 0
BITMAP
80
80
FC
86
86
86
86
FC
E0
80
80
ENDCHAR
STARTCHAR germandbls
ENCODING 223
SWIDTH 631 0
DWIDTH 10 0
BBX 8 12 1 0
BITMAP
7E
42
C2
C6
CC
C8
CC
C6
C1
C1
D1
DF
ENDCHAR
STARTCHAR agrave
ENCODING 224
SWIDTH 561 0
DWIDTH 9 0
BBX 7 12 1 0
BITMAP
30
18
00
38
6C
06
06
7E
C6
86
8E
FA
ENDCHAR
STARTCHAR aacute
ENCODING 225
SWIDTH 561 0
DWIDTH 9 0
BBX 7 12 1 0
BITMAP
0C
10
00
38
6C
06
06
7E
C6
86
8E
FA
ENDCHAR
STARTCHAR acircumflex
ENCODING 226
SWIDTH 561 0
DWIDTH 9 0
BBX 7 12 1 0
BITMAP
38
6C
00
38
6C
06
06
7E
C6
86
8E
FA
ENDCHAR
STARTCHAR atilde
ENCODING 227
SWIDTH 561 0
DWIDTH 9 0
BBX 7 12 1 0
BITMAP
22
5C
00
38
6C
06
06
7E
C6
86
8E
FA
ENDCHAR
STARTCHAR adieresis
ENCODING 228
SWIDTH 561 0
DWIDTH 9 0
BBX 7 12 1 0
BITMAP
24
6C
00
38
6C
06
06
7E
C6
86
8E
FA
ENDCHAR
STARTCHAR aring
ENCODING 229
SWIDTH 561 0
DWIDTH 9 0
BBX 7 13 1 0
BITMAP
38
28
38
00
38
6C
06
06
7E
C6
86
8E
FA
ENDCHAR
STARTCHAR ae
ENCODING 230
SWIDTH 864 0
DWIDTH 14 0
BBX 12 9 1 0
BITMAP
39C0
CF60
0630
0610
7FF0
C600
8600
8E10
F9F0
ENDCHAR
STARTCHAR ccedilla
ENCODING 231
SWIDTH 480 0
DWIDTH 8 0
BBX 6 13 1 -4
BITMAP
3C
7C
C0
80
80
80
C0
44
7C
10
18
08
38
ENDCHAR
STARTCHAR egrave
ENCODING 232
SWIDTH 564 0
DWIDTH 9 0
BBX 7 12 1 0
BITMAP
30
18
00
38
6C
C6
82
FE
80
C0
42
3E
ENDCHAR
STARTCHAR eacute
ENCODING 233
SWIDTH 564 0
DWIDTH 9 0
BBX 7 12 1 0
BITMAP
0C
10
00
38
6C
C6
82
FE
80
C0
42
3E
ENDCHAR
STARTCHAR ecircumflex
ENCODING 234
SWIDTH 564 0
DWIDTH 9 0
BBX 7 12 1 0
BITMAP
38
6C
00
38
6C
C6
82
FE
80
C0
42
3E
ENDCHAR
STARTCHAR edieresis
ENCODING 235
SWIDTH 564 0
DWIDTH 9 0
BBX 7 12 1 0
BITMAP
24
6C
00
38
6C
C6
82
FE
80
C0
42
3E
ENDCHAR
STARTCHAR igrave
ENCODING 236
SWIDTH 258 0
DWIDTH 4 0
BBX 3 12 0 0
BITMAP
C0
60
00
60
60
60
60
60
60
60
60
60
ENDCHAR
STARTCHAR iacute
ENCODING 237
SWIDTH 258 0
DWIDTH 4 0
BBX 4 12 1 0
BITMAP
30
40
00
C0
C0
C0
C0
C0
C0
C0
C0
C0
ENDCHAR
STARTCHAR icircumflex
ENCODING 238
SWIDTH 258 0
DWIDTH 4 0
BBX 5 12 0 0
BITMAP
70
D8
00
60
60
60
60
60
60
60
60
60
ENDCHAR
STARTCHAR idieresis
ENCODING 239
SWIDTH 258 0
DWIDTH 4 0
BBX 5 12 -1 0
BITMAP
48
D8
00
30
30
30
30
30
30
30
30
30
ENDCHAR
STARTCHAR eth
ENCODING 240
SWIDTH 605 0
DWIDTH 10 0
BBX 8 12 1 0
BITMAP
36
1C
3C
06
12
7F
C3
83
83
83
C2
7C
ENDCHAR
STARTCHAR ntilde
ENCODING 241
SWIDTH 618 0
DWIDTH 10 0
BBX 8 12 1 0
BITMAP
22
5C
00
DC
F6
C3
C3
C3
C3
C3
C3
C3
ENDCHAR
STARTCHAR ograve
ENCODING 242
SWIDTH 605 0
DWIDTH 10 0
BBX 8 12 1 0
BITMAP
30
18
00
38
6E
C2
83
83
83
C3
46
3C
ENDCHAR
STARTCHAR oacute
ENCODING 243
SWIDTH 605 0
DWIDTH 10 0
BBX 8 12 1 0
BITMAP
0C
10
00
38
6E
C2
83
83
83
C3
46
3C
ENDCHAR
STARTCHAR ocircumflex
ENCODING 244
SWIDTH 605 0
DWIDTH 10 0
BBX 8 12 1 0
BITMAP
1C
36
00
38
6E
C2
83
83
83
C3
46
3C
ENDCHAR
STARTCHAR otilde
ENCODING 245
SWIDTH 605 0
DWIDTH 10 0
BBX 8 12 1 0
BITMAP
22
5C
00
38
6E
C2
83
83
83
C3
46
3C
ENDCHAR
STARTCHAR odieresis
ENCODING 246
SWIDTH 605 0
DWIDTH 10 0
BBX 8 12 1 0
BITMAP
24
6C
00
38
6E
C2
83
83
83
C3
46
3C
ENDCHAR
STARTCHAR divide
ENCODING 247
SWIDTH 572 0
DWIDTH 9 0
BBX 7 7 1 2
BITMAP
10
10
00
FE
00
10
10
ENDCHAR
STARTCHAR oslash
ENCODING 248
SWIDTH 605 0
DWIDTH 10 0
BBX 8 10 1 -1
BITMAP
3B
6E
C6
8B
9B
93
E3
66
FC
40
ENDCHAR
STARTCHAR ugrave
ENCODING 249
SWIDTH 618 0
DWIDTH 10 0
BBX 8 12 1 0
BITMAP
30
18
00
C3
C3
C3
C3
C3
C3
C3
C7
7F
ENDCHAR
STARTCHAR uacute
ENCODING 250
SWIDTH 618 0
DWIDTH 10 0
BBX 8 12 1 0
BITMAP
0C
10
00
C3
C3
C3
C3
C3
C3
C3
C7
7F
ENDCHAR
STARTCHAR ucircumflex
ENCODING 251
SWIDTH 618 0
DWIDTH 10 0
BBX 8 12 1 0
BITMAP
1C
36
00
C3
C3
C3
C3
C3
C3
C3
C7
7F
ENDCHAR
STARTCHAR udieresis
ENCODING 252
SWIDTH 618 0
DWIDTH 10 0
BBX 8 12 1 0
BITMAP
24
6C
00
C3
C3
C3
C3
C3
C3
C3
C7
7F
ENDCHAR
STARTCHAR yacute
ENCODING 253
SWIDTH 510 0
DWIDTH 8 0
BBX 8 16 0 -4
BITMAP
06
08
00
C1
C3
42
62
26
24
3C
18
18
18
10
30
E0
ENDCHAR
STARTCHAR thorn
ENCODING 254
SWIDTH 615 0
DWIDTH 10 0
BBX 8 16 1 -4
BITMAP
C0
C0
C0
DC
F6
C3
C3
C3
C3
C3
E2
FE
C0
C0
C0
C0
ENDCHAR
STARTCHAR ydieresis
ENCODING 255
SWIDTH 510 0
DWIDTH 8 0
BBX 8 16 0 -4
BITMAP
24
6C
00
C1
C3
42
62
26
24
3C
18
18
18
10
30
E0
ENDCHAR
STARTCHAR Amacron
ENCODING 256
SWIDTH 639 0
DWIDTH 10 0
BBX 10 14 0 0
BITMAP
1E00
0000
0000
0C00
0E00
1A00
1200
1300
3100
3F00
6180
4080
40C0
C040
ENDCHAR
STARTCHAR amacron
ENCODING 257
SWIDTH 561 0
DWIDTH 9 0
BBX 7 11 1 0
BITMAP
78
00
38
6C
06
06
7E
C6
86
8E
FA
ENDCHAR
STARTCHAR Abreve
ENCODING 258
SWIDTH 639 0
DWIDTH 10 0
BBX 10 15 0 0
BITMAP
1100
1E00
0000
0000
0C00
0E00
1A00
1200
1300
3100
3F00
6180
4080
40C0
C040
ENDCHAR
STARTCHAR abreve
ENCODING 259
SWIDTH 561 0
DWIDTH 9 0
BBX 7 12 1 0
BITMAP
44
78
00
38
6C
06
06
7E
C6
86
8E
FA
ENDCHAR
STARTCHAR Aogonek
ENCODING 260
SWIDTH 639 0
DWIDTH 10 0
BBX 10 15 0 -4
BITMAP
0C00
0E00
1A00
1200
1300
3100
3F00
6180
4080
40C0
C040
0080
0080
00C0
0040
ENDCHAR
STARTCHAR aogonek
ENCODING 261
SWIDTH 561 0
DWIDTH 9 0
BBX 7 13 1 -4
BITMAP
38
6C
06
06
7E
C6
86
8E
FA
04
04
06
02
ENDCHAR
STARTCHAR Cacute
ENCODING 262
SWIDTH 632 0
DWIDTH 10 0
BBX 9 15 1 0
BITMAP
0300
0400
0000
0E00
3F80
6000
C000
C000
C000
C000
C000
C000
4000
7080
3F00
ENDCHAR
STARTCHAR cacute
ENCODING 263
SWIDTH 480 0
DWIDTH 8 0
BBX 6 12 1 0
BITMAP
0C
10
00
3C
7C
C0
80
80
80
C0
44
7C
ENDCHAR
STARTCHAR Ccircumflex
ENCODING 264
SWIDTH 632 0
DWIDTH 10 0
BBX 9 15 1 0
BITMAP
0E00
1B00
0000
0E00
3F80
6000
C000
C000
C000
C000
C000
C000
4000
7080
3F00
ENDCHAR
STARTCHAR ccircumflex
ENCODING 265
SWIDTH 480 0
DWIDTH 8 0
BBX 6 12 1 0
BITMAP
38
6C
00
3C
7C
C0
80
80
80
C0
44
7C
ENDCHAR
STARTCHAR Cdotaccent
ENCODING 266
SWIDTH 632 0
DWIDTH 10 0
BBX 9 15 1 0
BITMAP
0400
0400
0000
0E00
3F80
6000
C000
C000
C000
C000
C000
C000
4000
7080
3F00
ENDCHAR
STARTCHAR cdotaccent
ENCODING 267
SWIDTH 480 0
DWIDTH 8 0
BBX 6 12 1 0
BITMAP
10
10
00
3C
7C
C0
80
80
80
C0
44
7C
ENDCHAR
STARTCHAR Ccaron
ENCODING 268
SWIDTH 632 0
DWIDTH 10 0
BBX 9 15 1 0
BITMAP
1B00
0E00
0000
0E00
3F80
6000
C000
C000
C000
C000
C000
C000
4000
7080
3F00
ENDCHAR
STARTCHAR ccaron
ENCODING 269
SWIDTH 480 0
DWIDTH 8 0
BBX 6 12 1 0
BITMAP
6C
38
00
3C
7C
C0
80
80
80
C0
44
7C
ENDCHAR
STARTCHAR Dcaron
ENCODING 270
SWIDTH 730 0
DWIDTH 12 0
BBX 9 15 2 0
BITMAP
6C00
3800
0000
0000
FE00
8300
8100
8180
8180
8180
8180
8100
8300
8600
FC00
ENDCHAR
STARTCHAR dcaron
ENCODING 271
SWIDTH 615 0
DWIDTH 10 0
BBX 10 12 1 0
BITMAP
0240
0280
0200
3A00
6E00
C200
8200
8200
8200
C200
C600
7A00
ENDCHAR
STARTCHAR Dcroat
ENCODING 272
SWIDTH 730 0
DWIDTH 12 0
BBX 11 11 0 0
BITMAP
3F80
20C0
2040
2060
2060
FC60
2060
2040
20C0
2180
3F00
ENDCHAR
STARTCHAR dcroat
ENCODING 273
SWIDTH 617 0
DWIDTH 10 0
BBX 9 12 1 0
BITMAP
0200
1F80
0200
3A00
6E00
C200
8200
8200
8200
C200
C600
7A00
ENDCHAR
STARTCHAR Emacron
ENCODING 274
SWIDTH 556 0
DWIDTH 9 0
BBX 6 14 2 0
BITMAP
78
00
00
FC
80
80
80
FC
FC
80
80
80
80
FC
ENDCHAR
STARTCHAR emacron
ENCODING 275
SWIDTH 564 0
DWIDTH 9 0
BBX 7 11 1 0
BITMAP
3C
00
38
6C
C6
82
FE
80
C0
42
3E
ENDCHAR
STARTCHAR Ebreve
ENCODING 276
SWIDTH 556 0
DWIDTH 9 0
BBX 6 15 2 0
BITMAP
44
78
00
00
FC
80
80
80
FC
FC
80
80
80
80
FC
ENDCHAR
STARTCHAR ebreve
ENCODING 277
SWIDTH 564 0
DWIDTH 9 0
BBX 7 12 1 0
BITMAP
44
78
00
38
6C
C6
82
FE
80
C0
42
3E
ENDCHAR
STARTCHAR Edotaccent
ENCODING 278
SWIDTH 556 0
DWIDTH 9 0
BBX 6 15 2 0
BITMAP
20
20
00
00
FC
80
80
80
FC
FC
80
80
80
80
FC
ENDCHAR
STARTCHAR edotaccent
ENCODING 279
SWIDTH 564 0
DWIDTH 9 0
BBX 7 12 1 0
BITMAP
10
10
00
38
6C
C6
82
FE
80
C0
42
3E
ENDCHAR
STARTCHAR Eogonek
ENCODING 280
SWIDTH 556 0
DWIDTH 9 0
BBX 6 15 2 -4
BITMAP
FC
80
80
80
FC
FC
80
80
80
80
FC
08
08
0C
04
ENDCHAR
STARTCHAR eogonek
ENCODING 281
SWIDTH 564 0
DWIDTH 9 0
BBX 7 13 1 -4
BITMAP
38
6C
C6
82
FE
80
C0
42
3E
04
08
0E
04
ENDCHAR
STARTCHAR Ecaron
ENCODING 282
SWIDTH 556 0
DWIDTH 9 0
BBX 6 15 2 0
BITMAP
6C
38
00
00
FC
80
80
80
FC
FC
80
80
80
80
FC
ENDCHAR
STARTCHAR ecaron
ENCODING 283
SWIDTH 564 0
DWIDTH 9 0
BBX 7 12 1 0
BITMAP
6C
38
00
38
6C
C6
82
FE
80
C0
42
3E
ENDCHAR
STARTCHAR Gcircumflex
ENCODING 284
SWIDTH 728 0
DWIDTH 12 0
BBX 9 15 1 0
BITMAP
0E00
1B00
0000
0600
3F80
6000
4000
C000
C000
8380
C080
C080
4080
7080
1F80
ENDCHAR
STARTCHAR gcircumflex
ENCODING 285
SWIDTH 615 0
DWIDTH 10 0
BBX 7 16 1 -4
BITMAP
38
6C
00
3A
6E
C2
82
82
82
C2
C6
7A
02
02
46
7C
ENDCHAR
STARTCHAR Gbreve
ENCODING 286
SWIDTH 728 0
DWIDTH 12 0
BBX 9 15 1 0
BITMAP
1100
1E00
0000
0600
3F80
6000
4000
C000
C000
8380
C080
C080
4080
7080
1F80
ENDCHAR
STARTCHAR gbreve
ENCODING 287
SWIDTH 615 0
DWIDTH 10 0
BBX 7 16 1 -4
BITMAP
22
3C
00
3A
6E
C2
82
82
82
C2
C6
7A
02
02
46
7C
ENDCHAR
STARTCHAR Gdotaccent
ENCODING 288
SWIDTH 728 0
DWIDTH 12 0
BBX 9 15 1 0
BITMAP
0400
0400
0000
0600
3F80
6000
4000
C000
C000
8380
C080
C080
4080
7080
1F80
ENDCHAR
STARTCHAR gdotaccent
ENCODING 289
SWIDTH 615 0
DWIDTH 10 0
BBX 7 16 1 -4
BITMAP
10
10
00
3A
6E
C2
82
82
82
C2
C6
7A
02
02
46
7C
ENDCHAR
STARTCHAR uni0122
ENCODING 290
SWIDTH 728 0
DWIDTH 12 0
BBX 9 16 1 -4
BITMAP
0600
3F80
6000
4000
C000
C000
8380
C080
C080
4080
7080
1F80
0000
0400
0800
0800
ENDCHAR
STARTCHAR uni0123
ENCODING 291
SWIDTH 615 0
DWIDTH 10 0
BBX 7 16 1 -4
BITMAP
08
10
00
3A
6E
C2
82
82
82
C2
C6
7A
02
02
46
7C
ENDCHAR
STARTCHAR Hcircumflex
ENCODING 292
SWIDTH 741 0
DWIDTH 12 0
BBX 8 15 2 0
BITMAP
1C
36
00
00
81
81
81
81
FF
FF
81
81
81
81
81
ENDCHAR
STARTCHAR hcircumflex
ENCODING 293
SWIDTH 618 0
DWIDTH 10 0
BBX 9 16 0 0
BITMAP
7000
D800
0000
0000
6000
6000
6000
6E00
7B00
6180
6180
6180
6180
6180
6180
6180
ENDCHAR
STARTCHAR Hbar
ENCODING 294
SWIDTH 741 0
DWIDTH 12 0
BBX 12 11 0 0
BITMAP
2040
FFF0
FFF0
2040
3FC0
3FC0
2040
2040
2040
2040
2040
ENDCHAR
STARTCHAR hbar
ENCODING 295
SWIDTH 618 0
DWIDTH 10 0
BBX 9 12 0 0
BITMAP
6000
FC00
6000
6000
7F00
6100
6180
6180
6180
6180
6180
6180
ENDCHAR
STARTCHAR Itilde
ENCODING 296
SWIDTH 339 0
DWIDTH 5 0
BBX 6 15 0 0
BITMAP
44
B8
00
00
78
20
20
20
20
20
20
20
20
20
78
ENDCHAR
STARTCHAR itilde
ENCODING 297
SWIDTH 258 0
DWIDTH 4 0
BBX 6 12 0 0
BITMAP
44
B8
00
60
60
60
60
60
60
60
60
60
ENDCHAR
STARTCHAR Imacron
ENCODING 298
SWIDTH 339 0
DWIDTH 5 0
BBX 4 14 1 0
BITMAP
F0
00
00
F0
40
40
40
40
40
40
40
40
40
F0
ENDCHAR
STARTCHAR imacron
ENCODING 299
SWIDTH 258 0
DWIDTH 4 0
BBX 4 11 0 0
BITMAP
F0
00
60
60
60
60
60
60
60
60
60
ENDCHAR
STARTCHAR Ibreve
ENCODING 300
SWIDTH 339 0
DWIDTH 5 0
BBX 5 15 1 0
BITMAP
88
F0
00
00
F0
40
40
40
40
40
40
40
40
40
F0
ENDCHAR
STARTCHAR ibreve
ENCODING 301
SWIDTH 258 0
DWIDTH 4 0
BBX 5 12 0 0
BITMAP
88
F0
00
60
60
60
60
60
60
60
60
60
ENDCHAR
STARTCHAR Iogonek
ENCODING 302
SWIDTH 339 0
DWIDTH 5 0
BBX 4 15 1 -4
BITMAP
F0
40
40
40
40
40
40
40
40
40
F0
40
40
50
20
ENDCHAR
STARTCHAR iogonek
ENCODING 303
SWIDTH 258 0
DWIDTH 4 0
BBX 2 16 1 -4
BITMAP
C0
C0
00
C0
C0
C0
C0
C0
C0
C0
C0
C0
80
80
C0
40
ENDCHAR
STARTCHAR Idotaccent
ENCODING 304
SWIDTH 339 0
DWIDTH 5 0
BBX 4 15 1 0
BITMAP
40
40
00
00
F0
40
40
40
40
40
40
40
40
40
F0
ENDCHAR
STARTCHAR dotlessi
ENCODING 305
SWIDTH 258 0
DWIDTH 4 0
BBX 2 9 1 0
BITMAP
C0
C0
C0
C0
C0
C0
C0
C0
C0
ENDCHAR
STARTCHAR IJ
ENCODING 306
SWIDTH 612 0
DWIDTH 10 0
BBX 7 14 1 -3
BITMAP
F6
46
46
46
46
46
46
46
46
46
F6
06
06
1C
ENDCHAR
STARTCHAR ij
ENCODING 307
SWIDTH 516 0
DWIDTH 8 0
BBX 6 16 1 -4
BITMAP
CC
CC
00
CC
CC
CC
CC
CC
CC
CC
CC
CC
0C
0C
0C
38
ENDCHAR
STARTCHAR Jcircumflex
ENCODING 308
SWIDTH 273 0
DWIDTH 4 0
BBX 6 18 -1 -3
BITMAP
38
6C
00
00
30
30
30
30
30
30
30
30
30
30
30
30
30
E0
ENDCHAR
STARTCHAR jcircumflex
ENCODING 309
SWIDTH 258 0
DWIDTH 4 0
BBX 6 16 -1 -4
BITMAP
38
6C
00
30
30
30
30
30
30
30
30
30
30
30
30
E0
ENDCHAR
STARTCHAR uni0136
ENCODING 310
SWIDTH 619 0
DWIDTH 10 0
BBX 8 15 2 -4
BITMAP
87
8C
98
90
A0
F0
98
88
8C
86
83
00
10
20
20
ENDCHAR
STARTCHAR uni0137
ENCODING 311
SWIDTH 534 0
DWIDTH 9 0
BBX 7 16 1 -4
BITMAP
C0
C0
C0
C6
CC
C8
D0
F0
D8
CC
C4
C6
00
10
20
20
ENDCHAR
STARTCHAR kgreenlandic
ENCODING 312
SWIDTH 534 0
DWIDTH 9 0
BBX 7 9 1 0
BITMAP
C6
C4
C8
D8
F0
D8
CC
C4
C6
ENDCHAR
STARTCHAR Lacute
ENCODING 313
SWIDTH 524 0
DWIDTH 8 0
BBX 6 15 2 0
BITMAP
60
80
00
00
80
80
80
80
80
80
80
80
80
80
FC
ENDCHAR
STARTCHAR lacute
ENCODING 314
SWIDTH 258 0
DWIDTH 4 0
BBX 4 16 1 0
BITMAP
30
40
00
00
C0
C0
C0
C0
C0
C0
C0
C0
C0
C0
C0
C0
ENDCHAR
STARTCHAR uni013B
ENCODING 315
SWIDTH 524 0
DWIDTH 8 0
BBX 6 15 2 -4
BITMAP
80
80
80
80
80
80
80
80
80
80
FC
00
10
20
20
ENDCHAR
STARTCHAR uni013C
ENCODING 316
SWIDTH 258 0
DWIDTH 4 0
BBX 2 16 1 -4
BITMAP
C0
C0
C0
C0
C0
C0
C0
C0
C0
C0
C0
C0
00
40
80
80
ENDCHAR
STARTCHAR Lcaron
ENCODING 317
SWIDTH 524 0
DWIDTH 8 0
BBX 6 11 2 0
BITMAP
8C
88
80
80
80
80
80
80
80
80
FC
ENDCHAR
STARTCHAR lcaron
ENCODING 318
SWIDTH 258 0
DWIDTH 4 0
BBX 4 12 1 0
BITMAP
D0
D0
E0
C0
C0
C0
C0
C0
C0
C0
C0
C0
ENDCHAR
STARTCHAR Ldot
ENCODING 319
SWIDTH 524 0
DWIDTH 8 0
BBX 6 11 2 0
BITMAP
80
80
80
80
88
88
80
80
80
80
FC
ENDCHAR
STARTCHAR ldot
ENCODING 320
SWIDTH 268 0
DWIDTH 4 0
BBX 4 12 1 0
BITMAP
C0
C0
C0
C0
C0
D0
D0
C0
C0
C0
C0
C0
ENDCHAR
STARTCHAR Lslash
ENCODING 321
SWIDTH 524 0
DWIDTH 8 0
BBX 8 11 0 0
BITMAP
20
20
20
20
2C
30
E0
A0
20
20
3F
ENDCHAR
STARTCHAR lslash
ENCODING 322
SWIDTH 258 0
DWIDTH 4 0
BBX 4 12 0 0
BITMAP
60
60
60
60
70
70
60
E0
60
60
60
60
ENDCHAR
STARTCHAR Nacute
ENCODING 323
SWIDTH 760 0
DWIDTH 12 0
BBX 9 15 2 0
BITMAP
0600
0800
0000
0000
C180
C180
E180
B180
9180
9980
8D80
8580
8780
8380
8180
ENDCHAR
STARTCHAR nacute
ENCODING 324
SWIDTH 618 0
DWIDTH 10 0
BBX 8 12 1 0
BITMAP
0C
10
00
DC
F6
C3
C3
C3
C3
C3
C3
C3
ENDCHAR
STARTCHAR uni0145
ENCODING 325
SWIDTH 760 0
DWIDTH 12 0
BBX 9 15 2 -4
BITMAP
C180
C180
E180
B180
9180
9980
8D80
8580
8780
8380
8180
0000
0800
1000
1000
ENDCHAR
STARTCHAR uni0146
ENCODING 326
SWIDTH 618 0
DWIDTH 10 0
BBX 8 13 1 -4
BITMAP
DC
F6
C3
C3
C3
C3
C3
C3
C3
00
08
10
10
ENDCHAR
STARTCHAR Ncaron
ENCODING 327
SWIDTH 760 0
DWIDTH 12 0
BBX 9 15 2 0
BITMAP
3600
1C00
0000
0000
C180
C180
E180
B180
9180
9980
8D80
8580
8780
8380
8180
ENDCHAR
STARTCHAR ncaron
ENCODING 328
SWIDTH 618 0
DWIDTH 10 0
BBX 8 12 1 0
BITMAP
36
1C
00
DC
F6
C3
C3
C3
C3
C3
C3
C3
ENDCHAR
STARTCHAR napostrophe
ENCODING 329
SWIDTH 688 0
DWIDTH 11 0
BBX 10 11 0 0
BITMAP
6000
4000
F700
BD80
30C0
30C0
30C0
30C0
30C0
30C0
30C0
ENDCHAR
STARTCHAR Eng
ENCODING 330
SWIDTH 760 0
DWIDTH 12 0
BBX 9 14 2 -3
BITMAP
C180
C180
E180
B180
9180
8980
8D80
8580
8380
8380
8180
0180
0100
0F00
ENDCHAR
STARTCHAR eng
ENCODING 331
SWIDTH 618 0
DWIDTH 10 0
BBX 8 13 1 -4
BITMAP
DC
F6
C3
C3
C3
C3
C3
C3
C3
03
03
02
0E
ENDCHAR
STARTCHAR Omacron
ENCODING 332
SWIDTH 781 0
DWIDTH 13 0
BBX 11 14 1 0
BITMAP
1E00
0000
0C00
3F80
60C0
C0C0
C040
C040
C060
C040
C040
40C0
6180
3F00
ENDCHAR
STARTCHAR omacron
ENCODING 333
SWIDTH 605 0
DWIDTH 10 0
BBX 8 11 1 0
BITMAP
3C
00
38
6E
C2
83
83
83
C3
46
3C
ENDCHAR
STARTCHAR Obreve
ENCODING 334
SWIDTH 781 0
DWIDTH 13 0
BBX 11 15 1 0
BITMAP
1100
1E00
0000
0C00
3F80
60C0
C0C0
C040
C040
C060
C040
C040
40C0
6180
3F00
ENDCHAR
STARTCHAR obreve
ENCODING 335
SWIDTH 605 0
DWIDTH 10 0
BBX 8 12 1 0
BITMAP
22
3C
00
38
6E
C2
83
83
83
C3
46
3C
ENDCHAR
STARTCHAR Ohungarumlaut
ENCODING 336
SWIDTH 781 0
DWIDTH 13 0
BBX 11 15 1 0
BITMAP
0F00
1200
0400
0C00
3F80
60C0
C0C0
C040
C040
C060
C040
C040
40C0
6180
3F00
ENDCHAR
STARTCHAR ohungarumlaut
ENCODING 337
SWIDTH 605 0
DWIDTH 10 0
BBX 8 12 1 0
BITMAP
3C
48
10
38
6E
C2
83
83
83
C3
46
3C
ENDCHAR
STARTCHAR OE
ENCODING 338
SWIDTH 928 0
DWIDTH 15 0
BBX 13 12 1 0
BITMAP
0C00
3FF8
6100
C100
C100
C1F8
81F8
C100
C100
4100
6100
3FF8
ENDCHAR
STARTCHAR oe
ENCODING 339
SWIDTH 946 0
DWIDTH 15 0
BBX 13 9 1 0
BITMAP
3860
6FB8
C308
8308
83F8
8300
C300
4788
3CF8
ENDCHAR
STARTCHAR Racute
ENCODING 340
SWIDTH 622 0
DWIDTH 10 0
BBX 8 15 2 0
BITMAP
18
20
00
00
FC
86
86
86
84
F8
98
8C
84
86
83
ENDCHAR
STARTCHAR racute
ENCODING 341
SWIDTH 413 0
DWIDTH 7 0
BBX 5 12 1 0
BITMAP
18
20
00
D8
F8
C0
C0
C0
C0
C0
C0
C0
ENDCHAR
STARTCHAR uni0156
ENCODING 342
SWIDTH 622 0
DWIDTH 10 0
BBX 8 15 2 -4
BITMAP
FC
86
86
86
84
F8
98
8C
84
86
83
00
10
20
20
ENDCHAR
STARTCHAR uni0157
ENCODING 343
SWIDTH 413 0
DWIDTH 7 0
BBX 5 13 1 -4
BITMAP
D8
F8
C0
C0
C0
C0
C0
C0
C0
00
40
80
80
ENDCHAR
STARTCHAR Rcaron
ENCODING 344
SWIDTH 622 0
DWIDTH 10 0
BBX 8 15 2 0
BITMAP
6C
38
00
00
FC
86
86
86
84
F8
98
8C
84
86
83
ENDCHAR
STARTCHAR rcaron
ENCODING 345
SWIDTH 413 0
DWIDTH 7 0
BBX 6 12 1 0
BITMAP
6C
38
00
D8
F8
C0
C0
C0
C0
C0
C0
C0
ENDCHAR
STARTCHAR Sacute
ENCODING 346
SWIDTH 549 0
DWIDTH 9 0
BBX 7 15 1 0
BITMAP
0C
10
00
18
7E
C0
80
C0
70
3C
06
02
02
86
FC
ENDCHAR
STARTCHAR sacute
ENCODING 347
SWIDTH 479 0
DWIDTH 8 0
BBX 6 12 1 0
BITMAP
18
20
00
78
CC
80
C0
70
1C
04
8C
F8
ENDCHAR
STARTCHAR Scircumflex
ENCODING 348
SWIDTH 549 0
DWIDTH 9 0
BBX 7 15 1 0
BITMAP
38
6C
00
18
7E
C0
80
C0
70
3C
06
02
02
86
FC
ENDCHAR
STARTCHAR scircumflex
ENCODING 349
SWIDTH 479 0
DWIDTH 8 0
BBX 6 12 1 0
BITMAP
38
6C
00
78
CC
80
C0
70
1C
04
8C
F8
ENDCHAR
STARTCHAR Scedilla
ENCODING 350
SWIDTH 549 0
DWIDTH 9 0
BBX 7 16 1 -4
BITMAP
18
7E
C0
80
C0
70
3C
06
02
02
86
FC
20
30
10
70
ENDCHAR
STARTCHAR scedilla
ENCODING 351
SWIDTH 479 0
DWIDTH 8 0
BBX 6 13 1 -4
BITMAP
78
CC
80
C0
70
1C
04
8C
F8
20
30
10
70
ENDCHAR
STARTCHAR Scaron
ENCODING 352
SWIDTH 549 0
DWIDTH 9 0
BBX 7 15 1 0
BITMAP
6C
38
00
18
7E
C0
80
C0
70
3C
06
02
02
86
FC
ENDCHAR
STARTCHAR scaron
ENCODING 353
SWIDTH 479 0
DWIDTH 8 0
BBX 6 12 1 0
BITMAP
6C
38
00
78
CC
80
C0
70
1C
04
8C
F8
ENDCHAR
STARTCHAR uni0162
ENCODING 354
SWIDTH 556 0
DWIDTH 9 0
BBX 9 15 0 -4
BITMAP
FF80
0800
0800
0800
0800
0800
0800
0800
0800
0800
0800
0800
0C00
0400
1C00
ENDCHAR
STARTCHAR uni0163
ENCODING 355
SWIDTH 361 0
DWIDTH 6 0
BBX 5 15 0 -4
BITMAP
20
20
78
F8
60
60
60
60
60
20
38
10
18
08
38
ENDCHAR
STARTCHAR Tcaron
ENCODING 356
SWIDTH 556 0
DWIDTH 9 0
BBX 9 15 0 0
BITMAP
3600
1C00
0000
0000
FF80
0800
0800
0800
0800
0800
0800
0800
0800
0800
0800
ENDCHAR
STARTCHAR tcaron
ENCODING 357
SWIDTH 361 0
DWIDTH 6 0
BBX 8 12 0 0
BITMAP
03
22
20
78
F8
60
60
60
60
60
20
38
ENDCHAR
STARTCHAR Tbar
ENCODING 358
SWIDTH 556 0
DWIDTH 9 0
BBX 9 11 0 0
BITMAP
FF80
0800
0800
0800
0800
7F00
0800
0800
0800
0800
0800
ENDCHAR
STARTCHAR tbar
ENCODING 359
SWIDTH 361 0
DWIDTH 6 0
BBX 5 11 0 0
BITMAP
20
20
78
F8
60
F8
F8
60
60
20
38
ENDCHAR
STARTCHAR Utilde
ENCODING 360
SWIDTH 731 0
DWIDTH 12 0
BBX 9 15 1 0
BITMAP
1100
2E00
0000
0000
C080
C080
C080
C080
C080
C080
C080
C080
4080
6180
3E00
ENDCHAR
STARTCHAR utilde
ENCODING 361
SWIDTH 618 0
DWIDTH 10 0
BBX 8 12 1 0
BITMAP
22
5C
00
C3
C3
C3
C3
C3
C3
C3
C7
7F
ENDCHAR
STARTCHAR Umacron
ENCODING 362
SWIDTH 731 0
DWIDTH 12 0
BBX 9 14 1 0
BITMAP
1E00
0000
0000
C080
C080
C080
C080
C080
C080
C080
C080
4080
6180
3E00
ENDCHAR
STARTCHAR umacron
ENCODING 363
SWIDTH 618 0
DWIDTH 10 0
BBX 8 11 1 0
BITMAP
3C
00
C3
C3
C3
C3
C3
C3
C3
C7
7F
ENDCHAR
STARTCHAR Ubreve
ENCODING 364
SWIDTH 731 0
DWIDTH 12 0
BBX 9 15 1 0
BITMAP
1100
1E00
0000
0000
C080
C080
C080
C080
C080
C080
C080
C080
4080
6180
3E00
ENDCHAR
STARTCHAR ubreve
ENCODING 365
SWIDTH 618 0
DWIDTH 10 0
BBX 8 12 1 0
BITMAP
22
3C
00
C3
C3
C3
C3
C3
C3
C3
C7
7F
ENDCHAR
STARTCHAR Uring
ENCODING 366
SWIDTH 731 0
DWIDTH 12 0
BBX 9 16 1 0
BITMAP
1C00
1400
1C00
0000
0000
C080
C080
C080
C080
C080
C080
C080
C080
4080
6180
3E00
ENDCHAR
STARTCHAR uring
ENCODING 367
SWIDTH 618 0
DWIDTH 10 0
BBX 8 13 1 0
BITMAP
1C
14
1C
00
C3
C3
C3
C3
C3
C3
C3
C7
7F
ENDCHAR
STARTCHAR Uhungarumlaut
ENCODING 368
SWIDTH 731 0
DWIDTH 12 0
BBX 9 15 1 0
BITMAP
1E00
2400
0800
0000
C080
C080
C080
C080
C080
C080
C080
C080
4080
6180
3E00
ENDCHAR
STARTCHAR uhungarumlaut
ENCODING 369
SWIDTH 618 0
DWIDTH 10 0
BBX 8 12 1 0
BITMAP
3C
48
10
C3
C3
C3
C3
C3
C3
C3
C7
7F
ENDCHAR
STARTCHAR Uogonek
ENCODING 370
SWIDTH 731 0
DWIDTH 12 0
BBX 9 15 1 -4
BITMAP
C080
C080
C080
C080
C080
C080
C080
C080
4080
6180
3F00
0200
0400
0700
0200
ENDCHAR
STARTCHAR uogonek
ENCODING 371
SWIDTH 618 0
DWIDTH 10 0
BBX 8 13 1 -4
BITMAP
C3
C3
C3
C3
C3
C3
C3
C7
7F
04
04
05
02
ENDCHAR
STARTCHAR Wcircumflex
ENCODING 372
SWIDTH 930 0
DWIDTH 15 0
BBX 15 15 0 0
BITMAP
0380
06C0
0000
0002
C304
4384
428C
668C
66C8
2448
2458
3C58
1870
1830
1830
ENDCHAR
STARTCHAR wcircumflex
ENCODING 373
SWIDTH 786 0
DWIDTH 13 0
BBX 12 12 0 0
BITMAP
0700
0D80
0000
C210
C610
4730
4530
6D20
29A0
28E0
38C0
30C0
ENDCHAR
STARTCHAR Ycircumflex
ENCODING 374
SWIDTH 566 0
DWIDTH 9 0
BBX 9 15 0 0
BITMAP
1C00
3600
0000
0000
C180
6300
2200
3600
1400
1C00
0800
0800
0800
0800
0800
ENDCHAR
STARTCHAR ycircumflex
ENCODING 375
SWIDTH 510 0
DWIDTH 8 0
BBX 8 16 0 -4
BITMAP
1C
36
00
C1
C3
42
62
26
24
3C
18
18
18
10
30
E0
ENDCHAR
STARTCHAR Ydieresis
ENCODING 376
SWIDTH 566 0
DWIDTH 9 0
BBX 9 15 0 0
BITMAP
1200
3600
0000
0000
C180
6300
2200
3600
1400
1C00
0800
0800
0800
0800
0800
ENDCHAR
STARTCHAR Zacute
ENCODING 377
SWIDTH 572 0
DWIDTH 9 0
BBX 8 15 1 0
BITMAP
0C
10
00
00
FE
06
04
08
18
10
20
60
40
C0
FF
ENDCHAR
STARTCHAR zacute
ENCODING 378
SWIDTH 470 0
DWIDTH 8 0
BBX 6 12 1 0
BITMAP
18
20
00
FC
FC
08
10
30
60
40
C0
FC
ENDCHAR
STARTCHAR Zdotaccent
ENCODING 379
SWIDTH 572 0
DWIDTH 9 0
BBX 8 15 1 0
BITMAP
10
10
00
00
FE
06
04
08
18
10
20
60
40
C0
FF
ENDCHAR
STARTCHAR zdotaccent
ENCODING 380
SWIDTH 470 0
DWIDTH 8 0
BBX 6 12 1 0
BITMAP
20
20
00
FC
FC
08
10
30
60
40
C0
FC
ENDCHAR
STARTCHAR Zcaron
ENCODING 381
SWIDTH 572 0
DWIDTH 9 0
BBX 8 15 1 0
BITMAP
6C
38
00
00
FE
06
04
08
18
10
20
60
40
C0
FF
ENDCHAR
STARTCHAR zcaron
ENCODING 382
SWIDTH 470 0
DWIDTH 8 0
BBX 6 12 1 0
BITMAP
D8
70
00
FC
FC
08
10
30
60
40
C0
FC
ENDCHAR
STARTCHAR longs
ENCODING 383
SWIDTH 326 0
DWIDTH 5 0
BBX 5 12 1 0
BITMAP
78
40
C0
C0
C0
C0
C0
C0
C0
C0
C0
C0
ENDCHAR
STARTCHAR uni0180
ENCODING 384
SWIDTH 615 0
DWIDTH 10 0
BBX 9 12 0 0
BITMAP
6000
FC00
6000
6E00
7B00
6180
6180
6180
6180
6180
7100
7F00
ENDCHAR
STARTCHAR uni0181
ENCODING 385
SWIDTH 730 0
DWIDTH 12 0
BBX 11 11 0 0
BITMAP
FFC0
9040
5040
1040
1F80
1FC0
1060
1060
1060
10C0
1F80
ENDCHAR
STARTCHAR uni0182
ENCODING 386
SWIDTH 615 0
DWIDTH 10 0
BBX 7 11 2 0
BITMAP
FC
80
80
80
F0
FC
86
82
86
8E
FC
ENDCHAR
STARTCHAR uni0183
ENCODING 387
SWIDTH 615 0
DWIDTH 10 0
BBX 8 12 1 0
BITMAP
FE
C0
C0
DC
F6
C3
C3
C3
C3
C3
E2
FE
ENDCHAR
STARTCHAR uni0184
ENCODING 388
SWIDTH 635 0
DWIDTH 10 0
BBX 8 11 1 0
BITMAP
C0
C0
C0
C0
F8
FF
C3
C1
41
63
3E
ENDCHAR
STARTCHAR uni0185
ENCODING 389
SWIDTH 612 0
DWIDTH 10 0
BBX 8 12 1 0
BITMAP
C0
C0
C0
DC
F6
C3
C3
C3
C3
43
62
3C
ENDCHAR
STARTCHAR uni0186
ENCODING 390
SWIDTH 632 0
DWIDTH 10 0
BBX 9 12 0 0
BITMAP
1800
FE00
0300
0180
0180
0080
0080
0080
0180
0100
4700
7E00
ENDCHAR
STARTCHAR uni0187
ENCODING 391
SWIDTH 632 0
DWIDTH 10 0
BBX 10 14 1 0
BITMAP
00C0
01C0
0F80
3F00
6000
C000
C000
C000
C000
C000
C000
4000
7080
3F00
ENDCHAR
STARTCHAR uni0188
ENCODING 392
SWIDTH 503 0
DWIDTH 8 0
BBX 8 12 1 0
BITMAP
07
04
04
3C
7C
C0
80
80
80
C0
44
7C
ENDCHAR
STARTCHAR uni0189
ENCODING 393
SWIDTH 730 0
DWIDTH 12 0
BBX 11 11 0 0
BITMAP
3F80
20C0
2040
2060
2060
FC60
2060
2040
20C0
2180
3F00
ENDCHAR
STARTCHAR uni018A
ENCODING 394
SWIDTH 810 0
DWIDTH 13 0
BBX 12 11 0 0
BITMAP
FFC0
9060
5020
1030
1030
1030
1030
1030
1060
10C0
1F80
ENDCHAR
STARTCHAR uni018B
ENCODING 395
SWIDTH 615 0
DWIDTH 10 0
BBX 7 11 1 0
BITMAP
FE
02
02
02
1E
7E
C2
82
82
C2
7E
ENDCHAR
STARTCHAR uni018C
ENCODING 396
SWIDTH 615 0
DWIDTH 10 0
BBX 7 12 1 0
BITMAP
7E
02
02
3A
6E
C2
82
82
82
C2
C6
7A
ENDCHAR
STARTCHAR uni018D
ENCODING 397
SWIDTH 604 0
DWIDTH 10 0
BBX 8 13 1 -4
BITMAP
1C
66
C3
C3
C3
C3
42
3C
1C
04
06
EC
38
ENDCHAR
STARTCHAR uni018E
ENCODING 398
SWIDTH 556 0
DWIDTH 9 0
BBX 6 11 1 0
BITMAP
FC
04
04
04
FC
FC
04
04
04
04
FC
ENDCHAR
STARTCHAR uni018F
ENCODING 399
SWIDTH 739 0
DWIDTH 12 0
BBX 10 12 1 0
BITMAP
1C00
7F00
0180
0080
00C0
00C0
FFC0
80C0
C0C0
C080
6380
3E00
ENDCHAR
STARTCHAR uni0190
ENCODING 400
SWIDTH 588 0
DWIDTH 9 0
BBX 8 12 1 0
BITMAP
18
7F
C1
C0
40
3E
7E
C0
80
80
C1
7F
ENDCHAR
STARTCHAR uni0191
ENCODING 401
SWIDTH 589 0
DWIDTH 9 0
BBX 9 15 0 -4
BITMAP
1F80
1000
1000
1000
1F80
1F80
1000
1000
1000
1000
1000
1000
9000
F000
6000
ENDCHAR
STARTCHAR fhook
ENCODING 402
SWIDTH 414 0
DWIDTH 7 0
BBX 7 16 0 -4
BITMAP
0E
18
10
3C
7C
10
10
10
10
10
10
10
10
90
90
60
ENDCHAR
STARTCHAR uni0193
ENCODING 403
SWIDTH 728 0
DWIDTH 12 0
BBX 11 14 1 0
BITMAP
0060
00E0
0680
3F80
6000
4000
C000
C000
8380
C080
C080
4080
7080
1F80
ENDCHAR
STARTCHAR uni0194
ENCODING 404
SWIDTH 570 0
DWIDTH 9 0
BBX 9 15 0 -4
BITMAP
C180
4100
6300
2300
2200
3600
1400
1400
1C00
0800
1C00
1400
1400
1400
1C00
ENDCHAR
STARTCHAR uni0195
ENCODING 405
SWIDTH 934 0
DWIDTH 15 0
BBX 13 12 1 0
BITMAP
C000
C000
C000
DC18
E618
C218
C218
C218
C218
C218
C310
C1F0
ENDCHAR
STARTCHAR uni0196
ENCODING 406
SWIDTH 348 0
DWIDTH 6 0
BBX 4 11 1 0
BITMAP
C0
C0
C0
C0
C0
C0
C0
C0
C0
40
70
ENDCHAR
STARTCHAR uni0197
ENCODING 407
SWIDTH 339 0
DWIDTH 5 0
BBX 4 11 1 0
BITMAP
F0
40
40
40
40
F0
40
40
40
40
F0
ENDCHAR
STARTCHAR uni0198
ENCODING 408
SWIDTH 619 0
DWIDTH 10 0
BBX 8 12 2 0
BITMAP
02
87
8C
98
90
A0
F0
98
88
8C
86
83
ENDCHAR
STARTCHAR uni0199
ENCODING 409
SWIDTH 534 0
DWIDTH 9 0
BBX 7 12 1 0
BITMAP
60
C0
C0
C6
CC
C8
D0
F0
D8
CC
C4
C6
ENDCHAR
STARTCHAR uni019A
ENCODING 410
SWIDTH 258 0
DWIDTH 4 0
BBX 4 12 0 0
BITMAP
60
60
60
60
60
F0
60
60
60
60
60
60
ENDCHAR
STARTCHAR uni019B
ENCODING 411
SWIDTH 542 0
DWIDTH 9 0
BBX 9 12 0 0
BITMAP
7000
1C00
7800
0800
1800
1C00
3400
2400
6600
4200
4300
C180
ENDCHAR
STARTCHAR uni019C
ENCODING 412
SWIDTH 1030 0
DWIDTH 16 0
BBX 14 11 1 0
BITMAP
C30C
C30C
C30C
C30C
C30C
C30C
C30C
C30C
C30C
479C
7DF4
ENDCHAR
STARTCHAR uni019D
ENCODING 413
SWIDTH 760 0
DWIDTH 12 0
BBX 11 15 0 -4
BITMAP
3060
3060
3860
2C60
2460
2660
2360
2160
21E0
20E0
2060
2000
2000
E000
C000
ENDCHAR
STARTCHAR uni019E
ENCODING 414
SWIDTH 618 0
DWIDTH 10 0
BBX 7 13 1 -4
BITMAP
DC
F6
C2
C2
C2
C2
C2
C2
C2
02
02
02
02
ENDCHAR
STARTCHAR uni019F
ENCODING 415
SWIDTH 782 0
DWIDTH 13 0
BBX 11 12 1 0
BITMAP
0C00
3F80
60C0
C0C0
C040
C040
FFE0
C040
C040
40C0
6180
3F00
ENDCHAR
STARTCHAR Ohorn
ENCODING 416
SWIDTH 784 0
DWIDTH 13 0
BBX 12 12 1 0
BITMAP
0C30
3FA0
60E0
C0C0
C040
C040
C060
C040
C040
40C0
6180
3F00
ENDCHAR
STARTCHAR ohorn
ENCODING 417
SWIDTH 616 0
DWIDTH 10 0
BBX 9 10 1 0
BITMAP
0080
3880
6F00
C200
8300
8300
8300
C300
4600
3C00
ENDCHAR
STARTCHAR uni01A2
ENCODING 418
SWIDTH 1075 0
DWIDTH 17 0
BBX 15 12 1 0
BITMAP
0C18
3F7C
6186
C0C6
C0C6
C0C6
C0C6
C0C6
C0C6
4086
6186
3F06
ENDCHAR
STARTCHAR uni01A3
ENCODING 419
SWIDTH 845 0
DWIDTH 14 0
BBX 11 13 1 -4
BITMAP
39C0
6F60
C220
8220
8220
8220
C220
4620
3C20
0020
0020
0020
0020
ENDCHAR
STARTCHAR uni01A4
ENCODING 420
SWIDTH 685 0
DWIDTH 11 0
BBX 10 11 0 0
BITMAP
FF80
90C0
5040
1040
10C0
1F80
1E00
1000
1000
1000
1000
ENDCHAR
STARTCHAR uni01A5
ENCODING 421
SWIDTH 615 0
DWIDTH 10 0
BBX 8 16 1 -4
BITMAP
60
C0
C0
DC
F6
C3
C3
C3
C3
C3
E2
FE
C0
C0
C0
C0
ENDCHAR
STARTCHAR uni01A6
ENCODING 422
SWIDTH 622 0
DWIDTH 10 0
BBX 8 13 2 -2
BITMAP
80
F8
8C
86
86
86
8C
F8
88
8C
84
06
03
ENDCHAR
STARTCHAR uni01A7
ENCODING 423
SWIDTH 549 0
DWIDTH 9 0
BBX 7 12 1 0
BITMAP
30
FC
06
02
06
1C
78
C0
80
80
C2
7E
ENDCHAR
STARTCHAR uni01A8
ENCODING 424
SWIDTH 479 0
DWIDTH 8 0
BBX 6 9 1 0
BITMAP
70
CC
0C
0C
78
C0
80
84
7C
ENDCHAR
STARTCHAR uni01A9
ENCODING 425
SWIDTH 572 0
DWIDTH 9 0
BBX 8 11 1 0
BITMAP
FE
C0
60
30
18
18
30
60
40
80
FF
ENDCHAR
STARTCHAR uni01AA
ENCODING 426
SWIDTH 357 0
DWIDTH 6 0
BBX 7 16 0 -4
BITMAP
F0
90
F0
10
10
10
10
10
10
10
10
10
10
10
10
0E
ENDCHAR
STARTCHAR uni01AB
ENCODING 427
SWIDTH 361 0
DWIDTH 6 0
BBX 5 15 0 -4
BITMAP
20
20
78
F8
60
60
60
60
60
20
38
08
08
28
18
ENDCHAR
STARTCHAR uni01AC
ENCODING 428
SWIDTH 576 0
DWIDTH 9 0
BBX 9 11 0 0
BITMAP
FF80
8800
4800
0800
0800
0800
0800
0800
0800
0800
0800
ENDCHAR
STARTCHAR uni01AD
ENCODING 429
SWIDTH 361 0
DWIDTH 6 0
BBX 5 12 0 0
BITMAP
38
20
60
78
F8
60
60
60
60
60
20
38
ENDCHAR
STARTCHAR uni01AE
ENCODING 430
SWIDTH 556 0
DWIDTH 9 0
BBX 9 15 0 -4
BITMAP
FF80
0800
0800
0800
0800
0800
0800
0800
0800
0800
0800
0800
0800
0E00
0600
ENDCHAR
STARTCHAR Uhorn
ENCODING 431
SWIDTH 780 0
DWIDTH 12 0
BBX 12 12 1 0
BITMAP
0030
C0B0
C0E0
C080
C080
C080
C080
C080
C080
4080
6180
3F00
ENDCHAR
STARTCHAR uhorn
ENCODING 432
SWIDTH 674 0
DWIDTH 11 0
BBX 10 10 1 0
BITMAP
0040
C340
C380
C300
C300
C300
C300
C300
C700
7F00
ENDCHAR
STARTCHAR uni01B1
ENCODING 433
SWIDTH 782 0
DWIDTH 13 0
BBX 11 11 1 0
BITMAP
F3E0
2180
40C0
C040
C040
C040
C040
C040
C0C0
6180
3F00
ENDCHAR
STARTCHAR uni01B2
ENCODING 434
SWIDTH 731 0
DWIDTH 12 0
BBX 9 12 1 0
BITMAP
0300
C380
C080
C080
C080
C080
C180
C100
C100
C200
4600
7C00
ENDCHAR
STARTCHAR uni01B3
ENCODING 435
SWIDTH 576 0
DWIDTH 9 0
BBX 9 12 0 0
BITMAP
0080
C180
6300
2200
3600
1400
1C00
0800
0800
0800
0800
0800
ENDCHAR
STARTCHAR uni01B4
ENCODING 436
SWIDTH 542 0
DWIDTH 9 0
BBX 9 13 0 -4
BITMAP
C180
C380
4200
6200
2600
2400
3400
1800
1800
1800
1000
3000
E000
ENDCHAR
STARTCHAR uni01B5
ENCODING 437
SWIDTH 572 0
DWIDTH 9 0
BBX 8 11 1 0
BITMAP
FE
06
04
08
FE
FE
20
60
40
C0
FF
ENDCHAR
STARTCHAR uni01B6
ENCODING 438
SWIDTH 470 0
DWIDTH 8 0
BBX 6 9 1 0
BITMAP
FC
FC
08
10
FC
60
40
C0
FC
ENDCHAR
STARTCHAR uni01B7
ENCODING 439
SWIDTH 584 0
DWIDTH 9 0
BBX 7 11 1 0
BITMAP
FE
0C
18
30
60
7C
02
02
02
86
FC
ENDCHAR
STARTCHAR uni01B8
ENCODING 440
SWIDTH 584 0
DWIDTH 9 0
BBX 8 11 1 0
BITMAP
FE
60
30
18
38
E0
C0
80
C0
C1
7F
ENDCHAR
STARTCHAR uni01B9
ENCODING 441
SWIDTH 498 0
DWIDTH 8 0
BBX 7 13 1 -4
BITMAP
FE
FE
40
20
10
38
70
80
80
80
80
E6
3C
ENDCHAR
STARTCHAR uni01BA
ENCODING 442
SWIDTH 498 0
DWIDTH 8 0
BBX 7 13 0 -4
BITMAP
FE
FE
0C
10
3C
06
02
02
06
7C
C0
44
3C
ENDCHAR
STARTCHAR uni01BB
ENCODING 443
SWIDTH 570 0
DWIDTH 9 0
BBX 7 12 1 0
BITMAP
78
84
04
04
04
FE
18
30
20
40
C0
FE
ENDCHAR
STARTCHAR uni01BC
ENCODING 444
SWIDTH 584 0
DWIDTH 9 0
BBX 7 11 1 0
BITMAP
FE
60
60
60
7C
06
02
02
02
86
FC
ENDCHAR
STARTCHAR uni01BD
ENCODING 445
SWIDTH 490 0
DWIDTH 8 0
BBX 6 9 1 0
BITMAP
FC
FC
40
60
7C
04
04
8C
F8
ENDCHAR
STARTCHAR uni01BE
ENCODING 446
SWIDTH 463 0
DWIDTH 7 0
BBX 6 11 1 0
BITMAP
20
60
78
F8
60
60
30
18
0C
8C
F8
ENDCHAR
STARTCHAR uni01BF
ENCODING 447
SWIDTH 587 0
DWIDTH 9 0
BBX 8 13 1 -4
BITMAP
DC
E6
C2
C3
C3
C2
C6
CC
F8
C0
C0
C0
C0
ENDCHAR
STARTCHAR uni01C0
ENCODING 448
SWIDTH 336 0
DWIDTH 5 0
BBX 1 12 2 0
BITMAP
80
80
80
80
80
80
80
80
80
80
80
80
ENDCHAR
STARTCHAR uni01C1
ENCODING 449
SWIDTH 555 0
DWIDTH 9 0
BBX 5 12 2 0
BITMAP
88
88
88
88
88
88
88
88
88
88
88
88
ENDCHAR
STARTCHAR uni01C2
ENCODING 450
SWIDTH 516 0
DWIDTH 8 0
BBX 6 12 1 0
BITMAP
30
30
30
30
FC
30
30
FC
30
30
30
30
ENDCHAR
STARTCHAR uni01C3
ENCODING 451
SWIDTH 269 0
DWIDTH 4 0
BBX 2 11 1 0
BITMAP
C0
C0
C0
C0
40
40
40
40
00
C0
C0
ENDCHAR
STARTCHAR uni01C4
ENCODING 452
SWIDTH 1292 0
DWIDTH 21 0
BBX 19 15 2 0
BITMAP
000D80
000700
000000
000000
FE1FC0
8300C0
810080
818100
818300
818200
818400
810C00
830800
861800
FC1FE0
ENDCHAR
STARTCHAR uni01C5
ENCODING 453
SWIDTH 1200 0
DWIDTH 19 0
BBX 17 12 2 0
BITMAP
001B00
FE0E00
830000
811F80
819F80
818100
818200
818600
810C00
830800
861800
FC1F80
ENDCHAR
STARTCHAR uni01C6
ENCODING 454
SWIDTH 1085 0
DWIDTH 17 0
BBX 16 12 1 0
BITMAP
0236
021C
0200
3A3F
6E3F
C202
8204
820C
8218
C210
C630
7A3F
ENDCHAR
STARTCHAR uni01C7
ENCODING 455
SWIDTH 797 0
DWIDTH 13 0
BBX 9 14 2 -3
BITMAP
8180
8180
8180
8180
8180
8180
8180
8180
8180
8180
FD80
0180
0180
0700
ENDCHAR
STARTCHAR uni01C8
ENCODING 456
SWIDTH 782 0
DWIDTH 13 0
BBX 9 16 2 -4
BITMAP
0180
8180
8000
8180
8180
8180
8180
8180
8180
8180
8180
FD80
0180
0180
0180
0700
ENDCHAR
STARTCHAR uni01C9
ENCODING 457
SWIDTH 516 0
DWIDTH 8 0
BBX 6 16 1 -4
BITMAP
CC
CC
C0
CC
CC
CC
CC
CC
CC
CC
CC
CC
0C
0C
0C
38
ENDCHAR
STARTCHAR uni01CA
ENCODING 458
SWIDTH 1033 0
DWIDTH 17 0
BBX 13 14 2 -3
BITMAP
C198
C198
E198
B198
9198
9998
8D98
8598
8798
8398
8198
0018
0018
0070
ENDCHAR
STARTCHAR uni01CB
ENCODING 459
SWIDTH 1018 0
DWIDTH 16 0
BBX 13 16 2 -4
BITMAP
0018
C198
C180
E198
B198
9198
9998
8D98
8598
8798
8398
8198
0018
0018
0018
0070
ENDCHAR
STARTCHAR uni01CC
ENCODING 460
SWIDTH 876 0
DWIDTH 14 0
BBX 12 16 1 -4
BITMAP
0030
0030
0000
DC30
F630
C330
C330
C330
C330
C330
C330
C330
0030
0030
0030
00E0
ENDCHAR
STARTCHAR uni01CD
ENCODING 461
SWIDTH 639 0
DWIDTH 10 0
BBX 10 15 0 0
BITMAP
1B00
0E00
0000
0000
0C00
0E00
1A00
1200
1300
3100
3F00
6180
4080
40C0
C040
ENDCHAR
STARTCHAR uni01CE
ENCODING 462
SWIDTH 561 0
DWIDTH 9 0
BBX 7 12 1 0
BITMAP
6C
38
00
38
6C
06
06
7E
C6
86
8E
FA
ENDCHAR
STARTCHAR uni01CF
ENCODING 463
SWIDTH 339 0
DWIDTH 5 0
BBX 5 15 0 0
BITMAP
D8
70
00
00
78
20
20
20
20
20
20
20
20
20
78
ENDCHAR
STARTCHAR uni01D0
ENCODING 464
SWIDTH 258 0
DWIDTH 4 0
BBX 5 12 0 0
BITMAP
D8
70
00
60
60
60
60
60
60
60
60
60
ENDCHAR
STARTCHAR uni01D1
ENCODING 465
SWIDTH 781 0
DWIDTH 13 0
BBX 11 15 1 0
BITMAP
1B00
0E00
0000
0C00
3F80
60C0
C0C0
C040
C040
C060
C040
C040
40C0
6180
3F00
ENDCHAR
STARTCHAR uni01D2
ENCODING 466
SWIDTH 605 0
DWIDTH 10 0
BBX 8 12 1 0
BITMAP
36
1C
00
38
6E
C2
83
83
83
C3
46
3C
ENDCHAR
STARTCHAR uni01D3
ENCODING 467
SWIDTH 731 0
DWIDTH 12 0
BBX 9 15 1 0
BITMAP
1B00
0E00
0000
0000
C080
C080
C080
C080
C080
C080
C080
C080
4080
6180
3E00
ENDCHAR
STARTCHAR uni01D4
ENCODING 468
SWIDTH 618 0
DWIDTH 10 0
BBX 8 12 1 0
BITMAP
36
1C
00
C3
C3
C3
C3
C3
C3
C3
C7
7F
ENDCHAR
STARTCHAR uni01D5
ENCODING 469
SWIDTH 731 0
DWIDTH 12 0
BBX 9 16 1 0
BITMAP
3E00
0000
1200
1200
0000
C080
C080
C080
C080
C080
C080
C080
C080
4080
6180
3E00
ENDCHAR
STARTCHAR uni01D6
ENCODING 470
SWIDTH 618 0
DWIDTH 10 0
BBX 8 13 1 0
BITMAP
3C
00
24
00
C3
C3
C3
C3
C3
C3
C3
C7
7F
ENDCHAR
STARTCHAR uni01D7
ENCODING 471
SWIDTH 731 0
DWIDTH 12 0
BBX 9 17 1 0
BITMAP
0600
0400
0800
1200
1200
0000
C080
C080
C080
C080
C080
C080
C080
C080
4080
6180
3E00
ENDCHAR
STARTCHAR uni01D8
ENCODING 472
SWIDTH 618 0
DWIDTH 10 0
BBX 8 14 1 0
BITMAP
0C
08
10
24
00
C3
C3
C3
C3
C3
C3
C3
C7
7F
ENDCHAR
STARTCHAR uni01D9
ENCODING 473
SWIDTH 731 0
DWIDTH 12 0
BBX 9 17 1 0
BITMAP
3300
1C00
0000
1200
1200
0000
C080
C080
C080
C080
C080
C080
C080
C080
4080
6180
3E00
ENDCHAR
STARTCHAR uni01DA
ENCODING 474
SWIDTH 618 0
DWIDTH 10 0
BBX 8 14 1 0
BITMAP
66
18
00
24
00
C3
C3
C3
C3
C3
C3
C3
C7
7F
ENDCHAR
STARTCHAR uni01DB
ENCODING 475
SWIDTH 731 0
DWIDTH 12 0
BBX 9 17 1 0
BITMAP
3000
0800
0400
1200
1200
0000
C080
C080
C080
C080
C080
C080
C080
C080
4080
6180
3E00
ENDCHAR
STARTCHAR uni01DC
ENCODING 476
SWIDTH 618 0
DWIDTH 10 0
BBX 8 14 1 0
BITMAP
30
10
08
24
00
C3
C3
C3
C3
C3
C3
C3
C7
7F
ENDCHAR
STARTCHAR uni01DD
ENCODING 477
SWIDTH 564 0
DWIDTH 9 0
BBX 7 9 1 0
BITMAP
78
DC
06
02
FE
FE
86
C4
7C
ENDCHAR
STARTCHAR uni01DE
ENCODING 478
SWIDTH 639 0
DWIDTH 10 0
BBX 10 16 0 0
BITMAP
1E00
0000
1200
1200
0000
0C00
0E00
1A00
1200
1300
3100
3F00
6180
4080
40C0
C040
ENDCHAR
STARTCHAR uni01DF
ENCODING 479
SWIDTH 561 0
DWIDTH 9 0
BBX 7 13 1 0
BITMAP
7C
00
6C
00
38
6C
06
06
7E
C6
86
8E
FA
ENDCHAR
STARTCHAR uni01E0
ENCODING 480
SWIDTH 639 0
DWIDTH 10 0
BBX 10 16 0 0
BITMAP
1E00
0000
0C00
0400
0000
0C00
0E00
1A00
1200
1300
3100
3F00
6180
4080
40C0
C040
ENDCHAR
STARTCHAR uni01E1
ENCODING 481
SWIDTH 561 0
DWIDTH 9 0
BBX 7 13 1 0
BITMAP
7C
00
10
00
38
6C
06
06
7E
C6
86
8E
FA
ENDCHAR
STARTCHAR uni01E2
ENCODING 482
SWIDTH 881 0
DWIDTH 14 0
BBX 13 14 0 0
BITMAP
03C0
0000
0000
07F8
0D80
0980
0980
19F8
11F8
3F80
2180
6180
4180
C1F8
ENDCHAR
STARTCHAR uni01E3
ENCODING 483
SWIDTH 864 0
DWIDTH 14 0
BBX 12 11 1 0
BITMAP
0F00
0000
39C0
CF60
0630
0610
7FF0
C600
8600
8E10
F9F0
ENDCHAR
STARTCHAR uni01E4
ENCODING 484
SWIDTH 728 0
DWIDTH 12 0
BBX 10 12 1 0
BITMAP
0600
3F80
6000
4000
C000
C000
8380
C080
C3C0
4080
7080
1F80
ENDCHAR
STARTCHAR uni01E5
ENCODING 485
SWIDTH 615 0
DWIDTH 10 0
BBX 8 13 1 -4
BITMAP
3A
6E
C2
82
82
82
C2
6E
3A
02
1F
46
7C
ENDCHAR
STARTCHAR Gcaron
ENCODING 486
SWIDTH 728 0
DWIDTH 12 0
BBX 9 15 1 0
BITMAP
1B00
0E00
0000
0600
3F80
6000
4000
C000
C000
8380
C080
C080
4080
7080
1F80
ENDCHAR
STARTCHAR gcaron
ENCODING 487
SWIDTH 615 0
DWIDTH 10 0
BBX 7 16 1 -4
BITMAP
6C
38
00
3A
6E
C2
82
82
82
C2
C6
7A
02
02
46
7C
ENDCHAR
STARTCHAR uni01E8
ENCODING 488
SWIDTH 619 0
DWIDTH 10 0
BBX 8 15 2 0
BITMAP
6C
38
00
01
86
8C
98
90
A0
F0
98
88
8C
86
83
ENDCHAR
STARTCHAR uni01E9
ENCODING 489
SWIDTH 534 0
DWIDTH 9 0
BBX 8 16 0 0
BITMAP
D8
70
00
00
60
60
60
63
66
64
68
78
6C
66
62
63
ENDCHAR
STARTCHAR uni01EA
ENCODING 490
SWIDTH 781 0
DWIDTH 13 0
BBX 11 16 1 -4
BITMAP
0C00
3F80
60C0
C0C0
C040
C040
C060
C040
C040
40C0
6180
3F00
0800
0800
0A00
0400
ENDCHAR
STARTCHAR uni01EB
ENCODING 491
SWIDTH 605 0
DWIDTH 10 0
BBX 8 13 1 -4
BITMAP
38
6E
C2
83
83
83
C3
46
3C
10
10
14
08
ENDCHAR
STARTCHAR uni01EC
ENCODING 492
SWIDTH 781 0
DWIDTH 13 0
BBX 11 18 1 -4
BITMAP
1E00
0000
0C00
3F80
60C0
C0C0
C040
C040
C060
C040
C040
40C0
6180
3F00
0400
0400
0500
0200
ENDCHAR
STARTCHAR uni01ED
ENCODING 493
SWIDTH 605 0
DWIDTH 10 0
BBX 8 15 1 -4
BITMAP
3C
00
38
6E
C2
83
83
83
C3
46
3C
10
10
14
08
ENDCHAR
STARTCHAR uni01EE
ENCODING 494
SWIDTH 584 0
DWIDTH 9 0
BBX 7 15 1 0
BITMAP
6C
38
00
00
FE
0C
18
30
60
7C
02
02
02
86
FC
ENDCHAR
STARTCHAR uni01EF
ENCODING 495
SWIDTH 498 0
DWIDTH 8 0
BBX 7 16 0 -4
BITMAP
6C
38
00
FE
FE
04
08
10
30
1C
02
02
02
02
CE
78
ENDCHAR
STARTCHAR uni01F0
ENCODING 496
SWIDTH 258 0
DWIDTH 4 0
BBX 6 16 -1 -4
BITMAP
6C
38
00
30
30
30
30
30
30
30
30
30
30
30
30
E0
ENDCHAR
STARTCHAR uni01F1
ENCODING 497
SWIDTH 1292 0
DWIDTH 21 0
BBX 19 11 2 0
BITMAP
FE1FC0
8300C0
810080
818100
818300
818200
818400
810C00
830800
861800
FC1FE0
ENDCHAR
STARTCHAR uni01F2
ENCODING 498
SWIDTH 1200 0
DWIDTH 19 0
BBX 17 11 2 0
BITMAP
FE0000
830000
811F80
819F80
818100
818200
818600
810C00
830800
861800
FC1F80
ENDCHAR
STARTCHAR uni01F3
ENCODING 499
SWIDTH 1085 0
DWIDTH 17 0
BBX 16 12 1 0
BITMAP
0200
0200
0200
3A3F
6E3F
C202
8204
820C
8218
C210
C630
7A3F
ENDCHAR
STARTCHAR uni01F4
ENCODING 500
SWIDTH 728 0
DWIDTH 12 0
BBX 9 15 1 0
BITMAP
0300
0400
0000
0600
3F80
6000
4000
C000
C000
8380
C080
C080
4080
7080
1F80
ENDCHAR
STARTCHAR uni01F5
ENCODING 501
SWIDTH 615 0
DWIDTH 10 0
BBX 7 16 1 -4
BITMAP
0C
10
00
3A
6E
C2
82
82
82
C2
C6
7A
02
02
46
7C
ENDCHAR
STARTCHAR uni01F6
ENCODING 502
SWIDTH 938 0
DWIDTH 15 0
BBX 12 11 2 0
BITMAP
8200
8200
8230
8230
FE30
FE30
8230
8230
8230
8320
81E0
ENDCHAR
STARTCHAR uni01F7
ENCODING 503
SWIDTH 661 0
DWIDTH 11 0
BBX 8 16 2 -4
BITMAP
18
FE
C2
83
83
83
82
86
84
98
B0
C0
80
80
80
80
ENDCHAR
STARTCHAR uni01F8
ENCODING 504
SWIDTH 760 0
DWIDTH 12 0
BBX 9 15 2 0
BITMAP
3000
1800
0000
0000
C180
C180
E180
B180
9180
9980
8D80
8580
8780
8380
8180
ENDCHAR
STARTCHAR uni01F9
ENCODING 505
SWIDTH 618 0
DWIDTH 10 0
BBX 8 12 1 0
BITMAP
30
18
00
DC
F6
C3
C3
C3
C3
C3
C3
C3
ENDCHAR
STARTCHAR Aringacute
ENCODING 506
SWIDTH 640 0
DWIDTH 10 0
BBX 10 15 0 0
BITMAP
0600
0C00
0C00
1200
1200
0C00
0E00
1200
1200
3100
2100
7F80
4080
40C0
C040
ENDCHAR
STARTCHAR aringacute
ENCODING 507
SWIDTH 561 0
DWIDTH 9 0
BBX 7 15 1 0
BITMAP
1C
00
38
28
38
00
38
6C
06
06
7E
C6
86
8E
FA
ENDCHAR
STARTCHAR AEacute
ENCODING 508
SWIDTH 881 0
DWIDTH 14 0
BBX 13 15 0 0
BITMAP
00C0
0100
0000
0000
07F8
0D80
0980
0980
19F8
11F8
3F80
2180
6180
4180
C1F8
ENDCHAR
STARTCHAR aeacute
ENCODING 509
SWIDTH 864 0
DWIDTH 14 0
BBX 12 12 1 0
BITMAP
0180
0200
0000
39C0
CF60
0630
0610
7FF0
C600
8600
8E10
F9F0
ENDCHAR
STARTCHAR Oslashacute
ENCODING 510
SWIDTH 781 0
DWIDTH 13 0
BBX 11 16 1 -1
BITMAP
0300
0400
0000
0C40
3F80
61C0
C3C0
C240
C440
CC60
C840
D040
70C0
6180
7F00
4000
ENDCHAR
STARTCHAR oslashacute
ENCODING 511
SWIDTH 605 0
DWIDTH 10 0
BBX 8 13 1 -1
BITMAP
0C
10
00
3B
6E
C6
8B
9B
93
E3
66
FC
40
ENDCHAR
STARTCHAR uni0200
ENCODING 512
SWIDTH 639 0
DWIDTH 10 0
BBX 10 15 0 0
BITMAP
3400
1200
0800
0000
0C00
0E00
1A00
1200
1300
3100
3F00
6180
4080
40C0
C040
ENDCHAR
STARTCHAR uni0201
ENCODING 513
SWIDTH 561 0
DWIDTH 9 0
BBX 7 12 1 0
BITMAP
D0
48
20
38
6C
06
06
7E
C6
86
8E
FA
ENDCHAR
STARTCHAR uni0202
ENCODING 514
SWIDTH 639 0
DWIDTH 10 0
BBX 10 15 0 0
BITMAP
0E00
1200
2000
0000
0C00
0E00
1A00
1200
1300
3100
3F00
6180
4080
40C0
C040
ENDCHAR
STARTCHAR uni0203
ENCODING 515
SWIDTH 561 0
DWIDTH 9 0
BBX 7 12 1 0
BITMAP
1C
24
40
38
6C
06
06
7E
C6
86
8E
FA
ENDCHAR
STARTCHAR uni0204
ENCODING 516
SWIDTH 556 0
DWIDTH 9 0
BBX 6 15 2 0
BITMAP
D0
48
20
00
FC
80
80
80
FC
FC
80
80
80
80
FC
ENDCHAR
STARTCHAR uni0205
ENCODING 517
SWIDTH 564 0
DWIDTH 9 0
BBX 7 12 1 0
BITMAP
D0
48
20
38
6C
C6
82
FE
80
C0
42
3E
ENDCHAR
STARTCHAR uni0206
ENCODING 518
SWIDTH 556 0
DWIDTH 9 0
BBX 6 15 2 0
BITMAP
38
48
80
00
FC
80
80
80
FC
FC
80
80
80
80
FC
ENDCHAR
STARTCHAR uni0207
ENCODING 519
SWIDTH 564 0
DWIDTH 9 0
BBX 7 12 1 0
BITMAP
1C
24
40
38
6C
C6
82
FE
80
C0
42
3E
ENDCHAR
STARTCHAR uni0208
ENCODING 520
SWIDTH 339 0
DWIDTH 5 0
BBX 6 15 -1 0
BITMAP
D0
48
20
00
3C
10
10
10
10
10
10
10
10
10
3C
ENDCHAR
STARTCHAR uni0209
ENCODING 521
SWIDTH 258 0
DWIDTH 4 0
BBX 5 12 -1 0
BITMAP
D0
48
20
30
30
30
30
30
30
30
30
30
ENDCHAR
STARTCHAR uni020A
ENCODING 522
SWIDTH 339 0
DWIDTH 5 0
BBX 5 15 0 0
BITMAP
38
48
80
00
78
20
20
20
20
20
20
20
20
20
78
ENDCHAR
STARTCHAR uni020B
ENCODING 523
SWIDTH 258 0
DWIDTH 4 0
BBX 5 12 -1 0
BITMAP
38
48
80
30
30
30
30
30
30
30
30
30
ENDCHAR
STARTCHAR uni020C
ENCODING 524
SWIDTH 781 0
DWIDTH 13 0
BBX 11 15 1 0
BITMAP
3400
1200
0800
0C00
3F80
60C0
C0C0
C040
C040
C060
C040
C040
40C0
6180
3F00
ENDCHAR
STARTCHAR uni020D
ENCODING 525
SWIDTH 605 0
DWIDTH 10 0
BBX 8 12 1 0
BITMAP
68
24
10
38
6E
C2
83
83
83
C3
46
3C
ENDCHAR
STARTCHAR uni020E
ENCODING 526
SWIDTH 781 0
DWIDTH 13 0
BBX 11 15 1 0
BITMAP
0E00
1200
2000
0C00
3F80
60C0
C0C0
C040
C040
C060
C040
C040
40C0
6180
3F00
ENDCHAR
STARTCHAR uni020F
ENCODING 527
SWIDTH 605 0
DWIDTH 10 0
BBX 8 12 1 0
BITMAP
1C
24
40
38
6E
C2
83
83
83
C3
46
3C
ENDCHAR
STARTCHAR uni0210
ENCODING 528
SWIDTH 622 0
DWIDTH 10 0
BBX 8 15 2 0
BITMAP
D0
48
20
00
FC
86
86
86
84
F8
98
8C
84
86
83
ENDCHAR
STARTCHAR uni0211
ENCODING 529
SWIDTH 413 0
DWIDTH 7 0
BBX 5 12 1 0
BITMAP
D0
48
20
D8
F8
C0
C0
C0
C0
C0
C0
C0
ENDCHAR
STARTCHAR uni0212
ENCODING 530
SWIDTH 622 0
DWIDTH 10 0
BBX 8 15 2 0
BITMAP
38
48
80
00
FC
86
86
86
84
F8
98
8C
84
86
83
ENDCHAR
STARTCHAR uni0213
ENCODING 531
SWIDTH 413 0
DWIDTH 7 0
BBX 5 12 1 0
BITMAP
38
48
80
D8
F8
C0
C0
C0
C0
C0
C0
C0
ENDCHAR
STARTCHAR uni0214
ENCODING 532
SWIDTH 731 0
DWIDTH 12 0
BBX 9 15 1 0
BITMAP
3400
1200
0800
0000
C080
C080
C080
C080
C080
C080
C080
C080
4080
6180
3E00
ENDCHAR
STARTCHAR uni0215
ENCODING 533
SWIDTH 618 0
DWIDTH 10 0
BBX 8 12 1 0
BITMAP
68
24
10
C3
C3
C3
C3
C3
C3
C3
C7
7F
ENDCHAR
STARTCHAR uni0216
ENCODING 534
SWIDTH 731 0
DWIDTH 12 0
BBX 9 15 1 0
BITMAP
0E00
1200
2000
0000
C080
C080
C080
C080
C080
C080
C080
C080
4080
6180
3E00
ENDCHAR
STARTCHAR uni0217
ENCODING 535
SWIDTH 618 0
DWIDTH 10 0
BBX 8 12 1 0
BITMAP
1C
24
40
C3
C3
C3
C3
C3
C3
C3
C7
7F
ENDCHAR
STARTCHAR uni0218
ENCODING 536
SWIDTH 549 0
DWIDTH 9 0
BBX 7 16 1 -4
BITMAP
18
7E
C0
80
C0
70
3C
06
02
02
86
FC
00
10
20
20
ENDCHAR
STARTCHAR uni0219
ENCODING 537
SWIDTH 479 0
DWIDTH 8 0
BBX 6 13 1 -4
BITMAP
78
CC
80
C0
70
1C
04
8C
F8
00
10
20
20
ENDCHAR
STARTCHAR uni021A
ENCODING 538
SWIDTH 556 0
DWIDTH 9 0
BBX 9 15 0 -4
BITMAP
FF80
0800
0800
0800
0800
0800
0800
0800
0800
0800
0800
0000
0800
1000
1000
ENDCHAR
STARTCHAR uni021B
ENCODING 539
SWIDTH 361 0
DWIDTH 6 0
BBX 5 15 0 -4
BITMAP
20
20
78
F8
60
60
60
60
60
20
38
00
10
20
20
ENDCHAR
STARTCHAR uni021C
ENCODING 540
SWIDTH 575 0
DWIDTH 9 0
BBX 7 15 1 -3
BITMAP
30
FC
86
02
06
0C
7C
06
02
02
06
06
1C
F0
80
ENDCHAR
STARTCHAR uni021D
ENCODING 541
SWIDTH 496 0
DWIDTH 8 0
BBX 7 13 0 -4
BITMAP
38
6E
06
06
0C
3C
26
02
02
06
0C
78
C0
ENDCHAR
STARTCHAR uni021E
ENCODING 542
SWIDTH 741 0
DWIDTH 12 0
BBX 8 15 2 0
BITMAP
36
1C
00
00
81
81
81
81
FF
FF
81
81
81
81
81
ENDCHAR
STARTCHAR uni021F
ENCODING 543
SWIDTH 618 0
DWIDTH 10 0
BBX 9 16 0 0
BITMAP
D800
7000
0000
0000
6000
6000
6000
6E00
7B00
6180
6180
6180
6180
6180
6180
6180
ENDCHAR
STARTCHAR uni0220
ENCODING 544
SWIDTH 741 0
DWIDTH 12 0
BBX 8 16 2 -4
BITMAP
0C
FE
C3
81
81
81
81
81
81
81
81
81
01
01
01
01
ENDCHAR
STARTCHAR uni0221
ENCODING 545
SWIDTH 863 0
DWIDTH 14 0
BBX 13 14 1 -2
BITMAP
0200
0200
0200
3A00
6E00
C200
8200
8200
8270
C3D8
C798
7DF0
0100
0100
ENDCHAR
STARTCHAR uni0222
ENCODING 546
SWIDTH 671 0
DWIDTH 11 0
BBX 9 11 1 0
BITMAP
C100
4100
4300
7E00
7E00
C100
C180
8180
C180
6300
3E00
ENDCHAR
STARTCHAR uni0223
ENCODING 547
SWIDTH 596 0
DWIDTH 10 0
BBX 8 12 1 0
BITMAP
C2
C2
C2
46
7C
66
C2
83
83
83
C6
7C
ENDCHAR
STARTCHAR uni0224
ENCODING 548
SWIDTH 572 0
DWIDTH 9 0
BBX 8 14 1 -3
BITMAP
FE
06
04
08
18
10
20
60
40
C0
FF
03
03
06
ENDCHAR
STARTCHAR uni0225
ENCODING 549
SWIDTH 470 0
DWIDTH 8 0
BBX 6 12 1 -3
BITMAP
FC
FC
08
10
30
60
40
C0
FC
04
04
1C
ENDCHAR
STARTCHAR uni0226
ENCODING 550
SWIDTH 639 0
DWIDTH 10 0
BBX 10 15 0 0
BITMAP
0400
0400
0000
0000
0C00
0E00
1A00
1200
1300
3100
3F00
6180
4080
40C0
C040
ENDCHAR
STARTCHAR uni0227
ENCODING 551
SWIDTH 561 0
DWIDTH 9 0
BBX 7 12 1 0
BITMAP
10
10
00
38
6C
06
06
7E
C6
86
8E
FA
ENDCHAR
STARTCHAR uni0228
ENCODING 552
SWIDTH 556 0
DWIDTH 9 0
BBX 6 15 2 -4
BITMAP
FC
80
80
80
FC
FC
80
80
80
80
FC
20
30
10
70
ENDCHAR
STARTCHAR uni0229
ENCODING 553
SWIDTH 564 0
DWIDTH 9 0
BBX 7 13 1 -4
BITMAP
38
6C
C6
82
FE
80
C0
42
3E
10
18
08
38
ENDCHAR
STARTCHAR uni022A
ENCODING 554
SWIDTH 781 0
DWIDTH 13 0
BBX 11 16 1 0
BITMAP
1F00
0000
1300
1200
0C00
3F80
60C0
C0C0
C040
C040
C060
C040
C040
40C0
6180
3F00
ENDCHAR
STARTCHAR uni022B
ENCODING 555
SWIDTH 605 0
DWIDTH 10 0
BBX 8 13 1 0
BITMAP
7C
00
24
00
38
6E
C2
83
83
83
C3
46
3C
ENDCHAR
STARTCHAR uni022C
ENCODING 556
SWIDTH 781 0
DWIDTH 13 0
BBX 11 16 1 0
BITMAP
1F00
0000
1F00
0000
0C00
3F80
60C0
C0C0
C040
C040
C060
C040
C040
40C0
6180
3F00
ENDCHAR
STARTCHAR uni022D
ENCODING 557
SWIDTH 605 0
DWIDTH 10 0
BBX 8 13 1 0
BITMAP
7C
22
7C
00
38
6E
C2
83
83
83
C3
46
3C
ENDCHAR
STARTCHAR uni022E
ENCODING 558
SWIDTH 781 0
DWIDTH 13 0
BBX 11 15 1 0
BITMAP
0400
0400
0000
0C00
3F80
60C0
C0C0
C040
C040
C060
C040
C040
40C0
6180
3F00
ENDCHAR
STARTCHAR uni022F
ENCODING 559
SWIDTH 605 0
DWIDTH 10 0
BBX 8 12 1 0
BITMAP
10
10
00
38
6E
C2
83
83
83
C3
46
3C
ENDCHAR
STARTCHAR uni0230
ENCODING 560
SWIDTH 781 0
DWIDTH 13 0
BBX 11 16 1 0
BITMAP
1F00
0000
0C00
0400
0C00
3F80
60C0
C0C0
C040
C040
C060
C040
C040
40C0
6180
3F00
ENDCHAR
STARTCHAR uni0231
ENCODING 561
SWIDTH 605 0
DWIDTH 10 0
BBX 8 13 1 0
BITMAP
7C
00
18
00
38
6E
C2
83
83
83
C3
46
3C
ENDCHAR
STARTCHAR uni0232
ENCODING 562
SWIDTH 566 0
DWIDTH 9 0
BBX 9 14 0 0
BITMAP
1E00
0000
0000
C180
6300
2200
3600
1400
1C00
0800
0800
0800
0800
0800
ENDCHAR
STARTCHAR uni0233
ENCODING 563
SWIDTH 510 0
DWIDTH 8 0
BBX 8 15 0 -4
BITMAP
3C
00
C1
C3
42
62
26
24
3C
18
18
18
10
30
E0
ENDCHAR
STARTCHAR uni0234
ENCODING 564
SWIDTH 381 0
DWIDTH 6 0
BBX 6 12 0 0
BITMAP
60
60
60
60
60
60
60
60
78
6C
64
F8
ENDCHAR
STARTCHAR uni0235
ENCODING 565
SWIDTH 745 0
DWIDTH 12 0
BBX 11 9 1 0
BITMAP
DC00
F600
C300
C300
C300
C3C0
C360
C360
C5C0
ENDCHAR
STARTCHAR uni0236
ENCODING 566
SWIDTH 388 0
DWIDTH 6 0
BBX 6 11 0 0
BITMAP
20
20
78
F8
60
60
60
78
6C
64
FC
ENDCHAR
STARTCHAR uni0237
ENCODING 567
SWIDTH 258 0
DWIDTH 4 0
BBX 4 13 -1 -4
BITMAP
30
30
30
30
30
30
30
30
30
30
30
30
E0
ENDCHAR
STARTCHAR uni0238
ENCODING 568
SWIDTH 972 0
DWIDTH 16 0
BBX 14 12 1 0
BITMAP
0200
0200
0200
3A60
6EB8
C308
830C
820C
830C
C308
C718
7CF0
ENDCHAR
STARTCHAR uni0239
ENCODING 569
SWIDTH 972 0
DWIDTH 16 0
BBX 14 13 1 -4
BITMAP
3860
6DB8
C308
830C
820C
830C
C308
C718
7AF0
0200
0200
0200
0200
ENDCHAR
STARTCHAR uni023A
ENCODING 570
SWIDTH 639 0
DWIDTH 10 0
BBX 10 13 0 -1
BITMAP
0100
0E00
0E00
1A00
1600
1700
3500
3F00
6980
4880
50C0
D040
3000
ENDCHAR
STARTCHAR uni023B
ENCODING 571
SWIDTH 632 0
DWIDTH 10 0
BBX 9 13 1 -1
BITMAP
0F00
3F80
6200
C200
C400
C400
C400
C800
C800
4800
7080
3F00
3000
ENDCHAR
STARTCHAR uni023C
ENCODING 572
SWIDTH 480 0
DWIDTH 8 0
BBX 7 15 1 -3
BITMAP
06
04
04
3C
7C
C8
90
90
90
E0
64
7C
40
40
80
ENDCHAR
STARTCHAR uni023D
ENCODING 573
SWIDTH 524 0
DWIDTH 8 0
BBX 8 11 0 0
BITMAP
20
20
20
20
20
FC
20
20
20
20
3F
ENDCHAR
STARTCHAR uni023E
ENCODING 574
SWIDTH 556 0
DWIDTH 9 0
BBX 9 13 0 -1
BITMAP
0100
FF80
0A00
0A00
0C00
0C00
0800
0800
1800
1800
2800
2800
4000
ENDCHAR
STARTCHAR uni023F
ENCODING 575
SWIDTH 479 0
DWIDTH 8 0
BBX 6 13 1 -4
BITMAP
78
CC
80
C0
70
1C
04
8C
F8
60
20
34
1C
ENDCHAR
STARTCHAR uni0240
ENCODING 576
SWIDTH 470 0
DWIDTH 8 0
BBX 6 13 1 -4
BITMAP
FC
FC
08
10
30
60
40
C0
E0
20
20
14
1C
ENDCHAR
STARTCHAR Glottalstopcased
ENCODING 577
SWIDTH 448 0
DWIDTH 7 0
BBX 7 12 0 0
BITMAP
30
FC
04
06
04
0C
18
30
20
20
20
20
ENDCHAR
STARTCHAR glottalstopcased
ENCODING 578
SWIDTH 436 0
DWIDTH 7 0
BBX 6 9 0 0
BITMAP
38
CC
04
04
04
0C
18
20
20
ENDCHAR
STARTCHAR uni0243
ENCODING 579
SWIDTH 650 0
DWIDTH 10 0
BBX 10 11 0 0
BITMAP
3F00
2180
2080
2180
3F00
3F00
2080
F8C0
2080
2180
3F00
ENDCHAR
STARTCHAR uni0244
ENCODING 580
SWIDTH 731 0
DWIDTH 12 0
BBX 12 11 0 0
BITMAP
6040
6040
6040
6040
FFF0
6040
6040
6040
2040
30C0
1F00
ENDCHAR
STARTCHAR uni0245
ENCODING 581
SWIDTH 609 0
DWIDTH 10 0
BBX 10 11 0 0
BITMAP
0C00
1C00
1600
1200
3200
2300
2100
6100
4180
4080
C0C0
ENDCHAR
STARTCHAR uni0246
ENCODING 582
SWIDTH 556 0
DWIDTH 9 0
BBX 6 13 2 -1
BITMAP
08
FC
88
90
90
FC
FC
A0
A0
A0
A0
FC
40
ENDCHAR
STARTCHAR uni0247
ENCODING 583
SWIDTH 564 0
DWIDTH 9 0
BBX 7 10 1 -1
BITMAP
3A
6E
C6
8A
FE
B0
E0
42
FE
80
ENDCHAR
STARTCHAR uni0248
ENCODING 584
SWIDTH 273 0
DWIDTH 4 0
BBX 5 14 -1 -3
BITMAP
30
30
30
30
30
78
30
30
30
30
30
30
30
E0
ENDCHAR
STARTCHAR uni0249
ENCODING 585
SWIDTH 258 0
DWIDTH 4 0
BBX 5 16 -1 -4
BITMAP
30
30
00
30
30
30
30
78
30
30
30
30
30
30
30
E0
ENDCHAR
STARTCHAR uni024A
ENCODING 586
SWIDTH 767 0
DWIDTH 12 0
BBX 11 16 1 -4
BITMAP
0C00
3FC0
61C0
C0C0
C0C0
C0C0
80C0
C0C0
C0C0
40C0
61C0
3EC0
00C0
00C0
00E0
0060
ENDCHAR
STARTCHAR uni024B
ENCODING 587
SWIDTH 615 0
DWIDTH 10 0
BBX 9 13 1 -4
BITMAP
3A00
6E00
C200
8200
8200
8200
C200
C600
7A00
0200
0200
0300
0180
ENDCHAR
STARTCHAR uni024C
ENCODING 588
SWIDTH 622 0
DWIDTH 10 0
BBX 10 11 0 0
BITMAP
3F00
2180
2180
2180
2100
FE00
2600
2300
2100
2180
20C0
ENDCHAR
STARTCHAR uni024D
ENCODING 589
SWIDTH 413 0
DWIDTH 7 0
BBX 6 9 0 0
BITMAP
6C
7C
60
60
F8
60
60
60
60
ENDCHAR
STARTCHAR uni024E
ENCODING 590
SWIDTH 566 0
DWIDTH 9 0
BBX 9 11 0 0
BITMAP
C180
6300
FF80
3600
1400
1C00
0800
0800
0800
0800
0800
ENDCHAR
STARTCHAR uni024F
ENCODING 591
SWIDTH 510 0
DWIDTH 8 0
BBX 8 13 0 -4
BITMAP
C1
C3
42
FF
26
24
3C
18
18
18
10
30
E0
ENDCHAR
STARTCHAR uni0250
ENCODING 592
SWIDTH 561 0
DWIDTH 9 0
BBX 7 9 1 0
BITMAP
9C
E6
C2
C2
CE
F0
C0
C4
7C
ENDCHAR
STARTCHAR uni0251
ENCODING 593
SWIDTH 615 0
DWIDTH 10 0
BBX 9 9 1 0
BITMAP
3A00
6E00
C200
8200
8200
8200
C200
C700
7B80
ENDCHAR
STARTCHAR uni0252
ENCODING 594
SWIDTH 615 0
DWIDTH 10 0
BBX 9 9 0 0
BITMAP
CE00
FB00
6180
6180
6180
6180
6180
7100
7F00
ENDCHAR
STARTCHAR uni0253
ENCODING 595
SWIDTH 615 0
DWIDTH 10 0
BBX 8 12 1 0
BITMAP
60
C0
C0
DC
F6
C3
C3
C3
C3
C3
E2
FE
ENDCHAR
STARTCHAR uni0254
ENCODING 596
SWIDTH 480 0
DWIDTH 8 0
BBX 6 9 1 0
BITMAP
F0
F8
08
0C
0C
0C
0C
98
F0
ENDCHAR
STARTCHAR uni0255
ENCODING 597
SWIDTH 531 0
DWIDTH 9 0
BBX 7 10 1 -1
BITMAP
3C
7C
C0
C0
80
BC
E6
46
BC
80
ENDCHAR
STARTCHAR uni0256
ENCODING 598
SWIDTH 615 0
DWIDTH 10 0
BBX 9 16 1 -4
BITMAP
0200
0200
0200
3A00
6E00
C200
8200
8200
8200
C200
C600
7A00
0200
0200
0300
0180
ENDCHAR
STARTCHAR uni0257
ENCODING 599
SWIDTH 615 0
DWIDTH 10 0
BBX 9 12 1 0
BITMAP
0380
0300
0200
3A00
6E00
C200
8200
8200
8200
C200
C600
7A00
ENDCHAR
STARTCHAR uni0258
ENCODING 600
SWIDTH 564 0
DWIDTH 9 0
BBX 7 9 1 0
BITMAP
38
6C
C6
82
FE
02
06
84
F8
ENDCHAR
STARTCHAR uni0259
ENCODING 601
SWIDTH 564 0
DWIDTH 9 0
BBX 7 9 1 0
BITMAP
78
DC
06
02
FE
FE
86
C4
7C
ENDCHAR
STARTCHAR uni025A
ENCODING 602
SWIDTH 784 0
DWIDTH 13 0
BBX 12 9 1 0
BITMAP
7800
DC00
0600
0380
3E80
E2F0
8600
C400
7C00
ENDCHAR
STARTCHAR uni025B
ENCODING 603
SWIDTH 483 0
DWIDTH 8 0
BBX 6 9 1 0
BITMAP
38
EC
80
C0
38
C0
80
84
7C
ENDCHAR
STARTCHAR uni025C
ENCODING 604
SWIDTH 490 0
DWIDTH 8 0
BBX 6 9 1 0
BITMAP
70
DC
0C
0C
70
0C
04
8C
F8
ENDCHAR
STARTCHAR uni025D
ENCODING 605
SWIDTH 703 0
DWIDTH 11 0
BBX 10 9 1 0
BITMAP
7000
DD00
0F00
0D40
71C0
0C00
0400
8C00
F800
ENDCHAR
STARTCHAR uni025E
ENCODING 606
SWIDTH 600 0
DWIDTH 10 0
BBX 8 9 1 0
BITMAP
1C
76
C3
82
9C
83
C3
43
3E
ENDCHAR
STARTCHAR uni025F
ENCODING 607
SWIDTH 258 0
DWIDTH 4 0
BBX 5 13 -1 -4
BITMAP
30
30
30
30
78
30
30
30
30
30
30
30
E0
ENDCHAR
STARTCHAR uni0260
ENCODING 608
SWIDTH 615 0
DWIDTH 10 0
BBX 9 16 1 -4
BITMAP
0380
0300
0200
3A00
6E00
C200
8200
8200
8200
C200
C600
7A00
0200
0200
4600
7C00
ENDCHAR
STARTCHAR uni0261
ENCODING 609
SWIDTH 615 0
DWIDTH 10 0
BBX 7 13 1 -4
BITMAP
3A
6E
C2
82
82
82
C2
C6
7A
02
02
46
7C
ENDCHAR
STARTCHAR uni0262
ENCODING 610
SWIDTH 574 0
DWIDTH 9 0
BBX 7 9 1 0
BITMAP
1C
7E
C0
80
8E
82
C2
42
7E
ENDCHAR
STARTCHAR uni0263
ENCODING 611
SWIDTH 508 0
DWIDTH 8 0
BBX 8 13 0 -4
BITMAP
C1
C3
42
66
24
3C
18
18
18
3C
24
3C
18
ENDCHAR
STARTCHAR uni0264
ENCODING 612
SWIDTH 508 0
DWIDTH 8 0
BBX 8 9 0 0
BITMAP
81
C3
24
3C
18
18
3C
24
1C
ENDCHAR
STARTCHAR uni0265
ENCODING 613
SWIDTH 618 0
DWIDTH 10 0
BBX 8 13 1 -4
BITMAP
C3
C3
C3
C3
C3
C3
C3
47
7B
03
03
03
03
ENDCHAR
STARTCHAR uni0266
ENCODING 614
SWIDTH 618 0
DWIDTH 10 0
BBX 8 12 1 0
BITMAP
60
C0
C0
DC
F6
C3
C3
C3
C3
C3
C3
C3
ENDCHAR
STARTCHAR uni0267
ENCODING 615
SWIDTH 618 0
DWIDTH 10 0
BBX 8 16 1 -4
BITMAP
60
C0
C0
DC
F6
C3
C3
C3
C3
C3
C3
C3
03
03
0A
06
ENDCHAR
STARTCHAR uni0268
ENCODING 616
SWIDTH 258 0
DWIDTH 4 0
BBX 4 12 0 0
BITMAP
60
60
00
60
60
60
60
F0
60
60
60
60
ENDCHAR
STARTCHAR uni0269
ENCODING 617
SWIDTH 332 0
DWIDTH 5 0
BBX 4 9 1 0
BITMAP
C0
C0
C0
C0
C0
C0
C0
C0
70
ENDCHAR
STARTCHAR iotaserifed
ENCODING 618
SWIDTH 320 0
DWIDTH 5 0
BBX 4 9 1 0
BITMAP
F0
40
40
40
40
40
40
40
F0
ENDCHAR
STARTCHAR uni026B
ENCODING 619
SWIDTH 378 0
DWIDTH 6 0
BBX 6 12 0 0
BITMAP
30
30
30
30
30
74
B8
30
30
30
30
30
ENDCHAR
STARTCHAR uni026C
ENCODING 620
SWIDTH 350 0
DWIDTH 6 0
BBX 5 12 0 0
BITMAP
30
30
30
30
F0
B0
F8
30
30
30
30
30
ENDCHAR
STARTCHAR uni026D
ENCODING 621
SWIDTH 257 0
DWIDTH 4 0
BBX 4 16 1 -4
BITMAP
C0
C0
C0
C0
C0
C0
C0
C0
C0
C0
C0
C0
C0
C0
40
70
ENDCHAR
STARTCHAR uni026E
ENCODING 622
SWIDTH 657 0
DWIDTH 11 0
BBX 9 16 1 -4
BITMAP
C000
C000
C000
FF80
FF00
C300
C600
CC00
DC00
C700
C180
C080
0080
0180
2300
3E00
ENDCHAR
STARTCHAR uni026F
ENCODING 623
SWIDTH 935 0
DWIDTH 15 0
BBX 13 9 1 0
BITMAP
C218
C218
C218
C218
C218
C218
C218
C738
79F8
ENDCHAR
STARTCHAR uni0270
ENCODING 624
SWIDTH 935 0
DWIDTH 15 0
BBX 13 13 1 -4
BITMAP
C218
C218
C218
C218
C218
C218
C218
C738
79F8
0018
0018
0018
0018
ENDCHAR
STARTCHAR uni0271
ENCODING 625
SWIDTH 935 0
DWIDTH 15 0
BBX 13 13 1 -4
BITMAP
DCE0
E7B0
C318
C218
C218
C218
C218
C218
C218
0018
0018
0058
0030
ENDCHAR
STARTCHAR uni0272
ENCODING 626
SWIDTH 618 0
DWIDTH 10 0
BBX 9 13 0 -4
BITMAP
6E00
7B00
6180
6180
6180
6180
6180
6180
6180
6000
6000
6000
C000
ENDCHAR
STARTCHAR uni0273
ENCODING 627
SWIDTH 618 0
DWIDTH 10 0
BBX 9 13 1 -4
BITMAP
DC00
F600
C300
C300
C300
C300
C300
C300
C300
0300
0300
0300
0180
ENDCHAR
STARTCHAR uni0274
ENCODING 628
SWIDTH 632 0
DWIDTH 10 0
BBX 8 9 1 0
BITMAP
C3
E3
E3
D3
DB
CB
CF
C7
C3
ENDCHAR
STARTCHAR uni0275
ENCODING 629
SWIDTH 605 0
DWIDTH 10 0
BBX 8 9 1 0
BITMAP
38
6E
C2
83
FF
83
C3
46
3C
ENDCHAR
STARTCHAR uni0276
ENCODING 630
SWIDTH 864 0
DWIDTH 14 0
BBX 12 9 1 0
BITMAP
3BF0
6FF0
C300
8300
83F0
8300
C300
4700
3FF0
ENDCHAR
STARTCHAR uni0277
ENCODING 631
SWIDTH 782 0
DWIDTH 13 0
BBX 11 9 1 0
BITMAP
1E00
7380
40C0
C040
8460
8460
8460
CC40
7B80
ENDCHAR
STARTCHAR uni0278
ENCODING 632
SWIDTH 725 0
DWIDTH 12 0
BBX 10 16 1 -4
BITMAP
0800
0800
0800
1E00
7B00
C880
88C0
88C0
88C0
C880
6980
3F00
0800
0800
0800
0800
ENDCHAR
STARTCHAR uni0279
ENCODING 633
SWIDTH 413 0
DWIDTH 7 0
BBX 5 9 0 0
BITMAP
08
08
08
08
08
08
18
18
E8
ENDCHAR
STARTCHAR uni027A
ENCODING 634
SWIDTH 413 0
DWIDTH 7 0
BBX 5 12 0 0
BITMAP
08
08
08
08
08
08
08
08
08
08
18
E8
ENDCHAR
STARTCHAR uni027B
ENCODING 635
SWIDTH 413 0
DWIDTH 7 0
BBX 7 13 0 -4
BITMAP
08
08
08
08
08
08
18
18
E8
08
08
0C
06
ENDCHAR
STARTCHAR uni027C
ENCODING 636
SWIDTH 413 0
DWIDTH 7 0
BBX 5 13 1 -4
BITMAP
D8
F8
C0
C0
C0
C0
C0
C0
C0
C0
C0
C0
C0
ENDCHAR
STARTCHAR uni027D
ENCODING 637
SWIDTH 413 0
DWIDTH 7 0
BBX 5 13 1 -4
BITMAP
D8
F8
C0
C0
C0
C0
C0
C0
C0
C0
C0
40
70
ENDCHAR
STARTCHAR uni027E
ENCODING 638
SWIDTH 346 0
DWIDTH 6 0
BBX 4 9 1 0
BITMAP
30
70
C0
C0
C0
C0
C0
C0
C0
ENDCHAR
STARTCHAR uni027F
ENCODING 639
SWIDTH 346 0
DWIDTH 6 0
BBX 4 13 0 -4
BITMAP
E0
B0
10
10
10
10
10
10
10
10
10
10
10
ENDCHAR
STARTCHAR uni0280
ENCODING 640
SWIDTH 559 0
DWIDTH 9 0
BBX 8 9 1 0
BITMAP
F8
FE
C2
C2
FE
F8
CC
C6
C3
ENDCHAR
STARTCHAR uni0281
ENCODING 641
SWIDTH 559 0
DWIDTH 9 0
BBX 8 9 1 0
BITMAP
C3
C6
C4
CC
FC
C2
C2
C6
FC
ENDCHAR
STARTCHAR uni0282
ENCODING 642
SWIDTH 479 0
DWIDTH 8 0
BBX 6 12 1 -3
BITMAP
78
CC
80
C0
70
1C
04
8C
F8
80
80
E0
ENDCHAR
STARTCHAR uni0283
ENCODING 643
SWIDTH 258 0
DWIDTH 4 0
BBX 5 16 0 -4
BITMAP
38
60
60
60
60
60
60
60
60
60
60
60
60
60
60
C0
ENDCHAR
STARTCHAR uni0284
ENCODING 644
SWIDTH 258 0
DWIDTH 4 0
BBX 5 16 0 -4
BITMAP
38
60
60
60
60
60
60
F0
60
60
60
60
60
60
60
C0
ENDCHAR
STARTCHAR uni0285
ENCODING 645
SWIDTH 258 0
DWIDTH 4 0
BBX 5 13 0 -4
BITMAP
C0
E0
60
60
60
60
60
60
60
60
60
20
38
ENDCHAR
STARTCHAR uni0286
ENCODING 646
SWIDTH 258 0
DWIDTH 4 0
BBX 7 16 -2 -4
BITMAP
0E
18
18
18
18
18
18
18
18
18
18
18
7C
D8
D8
70
ENDCHAR
STARTCHAR uni0287
ENCODING 647
SWIDTH 361 0
DWIDTH 6 0
BBX 6 11 0 -2
BITMAP
E0
B0
10
10
10
10
10
10
FC
10
10
ENDCHAR
STARTCHAR uni0288
ENCODING 648
SWIDTH 361 0
DWIDTH 6 0
BBX 5 15 0 -4
BITMAP
20
20
78
F8
60
60
60
60
60
60
60
60
60
20
18
ENDCHAR
STARTCHAR uni0289
ENCODING 649
SWIDTH 618 0
DWIDTH 10 0
BBX 10 9 0 0
BITMAP
6180
6180
6180
6180
FFC0
6180
6180
6380
3F80
ENDCHAR
STARTCHAR uni028A
ENCODING 650
SWIDTH 605 0
DWIDTH 10 0
BBX 9 9 0 0
BITMAP
F780
F780
2100
6180
4180
4180
6180
2300
1E00
ENDCHAR
STARTCHAR uni028B
ENCODING 651
SWIDTH 605 0
DWIDTH 10 0
BBX 8 9 1 0
BITMAP
CC
CE
C3
C3
C3
C2
C6
44
78
ENDCHAR
STARTCHAR uni028C
ENCODING 652
SWIDTH 508 0
DWIDTH 8 0
BBX 8 9 0 0
BITMAP
18
18
3C
24
24
66
42
43
C3
ENDCHAR
STARTCHAR uni028D
ENCODING 653
SWIDTH 786 0
DWIDTH 13 0
BBX 12 9 0 0
BITMAP
10C0
38C0
28E0
29A0
6920
6D20
4530
4710
C610
ENDCHAR
STARTCHAR uni028E
ENCODING 654
SWIDTH 510 0
DWIDTH 8 0
BBX 8 12 0 0
BITMAP
07
0C
08
18
18
3C
24
24
66
42
43
C3
ENDCHAR
STARTCHAR uni028F
ENCODING 655
SWIDTH 474 0
DWIDTH 8 0
BBX 8 9 0 0
BITMAP
C3
46
64
2C
18
18
18
18
18
ENDCHAR
STARTCHAR uni0290
ENCODING 656
SWIDTH 470 0
DWIDTH 8 0
BBX 8 13 1 -4
BITMAP
FC
FC
08
10
30
60
40
C0
FC
04
04
04
07
ENDCHAR
STARTCHAR uni0291
ENCODING 657
SWIDTH 542 0
DWIDTH 9 0
BBX 8 10 1 -1
BITMAP
FC
FC
08
10
30
64
5A
D3
FE
20
ENDCHAR
STARTCHAR uni0292
ENCODING 658
SWIDTH 498 0
DWIDTH 8 0
BBX 7 13 0 -4
BITMAP
FE
FE
04
08
10
30
1C
02
02
02
02
CE
78
ENDCHAR
STARTCHAR uni0293
ENCODING 659
SWIDTH 498 0
DWIDTH 8 0
BBX 8 13 0 -4
BITMAP
FE
FE
04
08
10
30
1C
02
02
FA
86
CF
79
ENDCHAR
STARTCHAR uni0294
ENCODING 660
SWIDTH 426 0
DWIDTH 7 0
BBX 6 12 0 0
BITMAP
F8
84
04
04
0C
18
30
20
20
20
20
20
ENDCHAR
STARTCHAR uni0295
ENCODING 661
SWIDTH 426 0
DWIDTH 7 0
BBX 7 12 0 0
BITMAP
7E
44
C0
C0
40
60
18
18
18
18
18
18
ENDCHAR
STARTCHAR uni0296
ENCODING 662
SWIDTH 426 0
DWIDTH 7 0
BBX 6 12 0 0
BITMAP
20
20
20
20
20
30
08
04
04
04
8C
78
ENDCHAR
STARTCHAR uni0297
ENCODING 663
SWIDTH 469 0
DWIDTH 8 0
BBX 6 13 1 -4
BITMAP
1C
7C
40
C0
80
80
80
80
80
C0
C0
64
3C
ENDCHAR
STARTCHAR uni0298
ENCODING 664
SWIDTH 781 0
DWIDTH 13 0
BBX 11 12 1 0
BITMAP
0C00
3F80
60C0
C0C0
C040
C440
CC60
C040
C040
40C0
6180
3F00
ENDCHAR
STARTCHAR uni0299
ENCODING 665
SWIDTH 576 0
DWIDTH 9 0
BBX 8 9 1 0
BITMAP
F8
FE
C2
C2
FC
C2
C3
C2
FC
ENDCHAR
STARTCHAR uni029A
ENCODING 666
SWIDTH 600 0
DWIDTH 10 0
BBX 8 9 1 0
BITMAP
38
EE
82
C3
33
C3
82
C6
7C
ENDCHAR
STARTCHAR uni029B
ENCODING 667
SWIDTH 574 0
DWIDTH 9 0
BBX 8 12 1 0
BITMAP
03
02
02
1E
7E
C0
80
8E
82
C2
42
7E
ENDCHAR
STARTCHAR uni029C
ENCODING 668
SWIDTH 637 0
DWIDTH 10 0
BBX 8 9 1 0
BITMAP
C3
C3
C3
C3
FF
C3
C3
C3
C3
ENDCHAR
STARTCHAR uni029D
ENCODING 669
SWIDTH 258 0
DWIDTH 4 0
BBX 6 16 -2 -4
BITMAP
18
18
00
18
18
18
18
18
18
18
18
18
7C
D8
58
70
ENDCHAR
STARTCHAR uni029E
ENCODING 670
SWIDTH 534 0
DWIDTH 9 0
BBX 7 13 0 -4
BITMAP
C2
62
22
32
1E
0A
12
22
E2
02
02
02
02
ENDCHAR
STARTCHAR uni029F
ENCODING 671
SWIDTH 435 0
DWIDTH 7 0
BBX 6 9 1 0
BITMAP
C0
C0
C0
C0
C0
C0
C0
C0
FC
ENDCHAR
STARTCHAR uni02A0
ENCODING 672
SWIDTH 615 0
DWIDTH 10 0
BBX 9 16 1 -4
BITMAP
0180
0300
0200
3A00
6E00
C200
8200
8200
8200
C200
C600
7A00
0200
0200
0200
0200
ENDCHAR
STARTCHAR uni02A1
ENCODING 673
SWIDTH 426 0
DWIDTH 7 0
BBX 6 12 0 0
BITMAP
F8
84
04
04
0C
08
30
30
78
30
30
30
ENDCHAR
STARTCHAR uni02A2
ENCODING 674
SWIDTH 426 0
DWIDTH 7 0
BBX 7 12 0 0
BITMAP
7E
44
C0
C0
40
60
18
18
3C
18
18
18
ENDCHAR
STARTCHAR uni02A3
ENCODING 675
SWIDTH 960 0
DWIDTH 15 0
BBX 14 12 1 0
BITMAP
0200
0200
0200
3BFC
6FFC
C218
8210
8220
8260
C240
C680
7BFC
ENDCHAR
STARTCHAR uni02A4
ENCODING 676
SWIDTH 981 0
DWIDTH 16 0
BBX 14 16 1 -4
BITMAP
0200
0200
0200
3BFC
6FFC
C218
8230
8260
8260
C238
C60C
7A04
0004
000C
0118
00F0
ENDCHAR
STARTCHAR uni02A5
ENCODING 677
SWIDTH 1032 0
DWIDTH 17 0
BBX 15 13 1 -1
BITMAP
0200
0200
0200
3BFC
6FFC
C218
8210
8220
8264
C25A
C692
7BFE
0020
ENDCHAR
STARTCHAR uni02A6
ENCODING 678
SWIDTH 759 0
DWIDTH 12 0
BBX 11 11 0 0
BITMAP
2000
2000
7FC0
FF60
6600
6200
61C0
6060
6020
2020
3FC0
ENDCHAR
STARTCHAR uni02A7
ENCODING 679
SWIDTH 509 0
DWIDTH 8 0
BBX 9 16 0 -4
BITMAP
0380
2600
2600
7E00
FE00
6600
6600
6600
6600
6600
2600
3E00
0600
0600
0600
0C00
ENDCHAR
STARTCHAR uni02A8
ENCODING 680
SWIDTH 862 0
DWIDTH 14 0
BBX 13 11 0 0
BITMAP
2000
2000
7878
F9F0
6100
6300
6300
6370
6188
2388
3CF0
ENDCHAR
STARTCHAR uni02A9
ENCODING 681
SWIDTH 862 0
DWIDTH 14 0
BBX 13 16 0 -4
BITMAP
3C00
2000
2000
7CE0
FFB0
2610
2618
2618
2618
2618
2618
2618
0018
0010
0010
0070
ENDCHAR
STARTCHAR uni02AA
ENCODING 682
SWIDTH 662 0
DWIDTH 11 0
BBX 9 12 1 0
BITMAP
C000
C000
C000
CF00
D980
D000
D800
CE00
C380
C180
C180
FF00
ENDCHAR
STARTCHAR uni02AB
ENCODING 683
SWIDTH 603 0
DWIDTH 10 0
BBX 8 12 1 0
BITMAP
C0
C0
C0
FF
FF
C2
C4
CC
C8
D0
F0
FF
ENDCHAR
STARTCHAR uni02AC
ENCODING 684
SWIDTH 509 0
DWIDTH 8 0
BBX 8 11 0 0
BITMAP
99
59
56
66
66
00
99
59
56
66
66
ENDCHAR
STARTCHAR uni02AD
ENCODING 685
SWIDTH 590 0
DWIDTH 9 0
BBX 7 11 1 0
BITMAP
FE
C2
C2
00
00
00
00
FE
FE
C2
C2
ENDCHAR
STARTCHAR uni02AE
ENCODING 686
SWIDTH 627 0
DWIDTH 10 0
BBX 9 13 0 -4
BITMAP
C180
E180
6180
6180
6180
6180
6180
2380
3F80
0180
0180
0180
0180
ENDCHAR
STARTCHAR uni02AF
ENCODING 687
SWIDTH 627 0
DWIDTH 10 0
BBX 10 13 0 -4
BITMAP
C180
E180
6180
6180
6180
6180
6180
2380
3F80
0180
0180
0180
00C0
ENDCHAR
STARTCHAR uni02B0
ENCODING 688
SWIDTH 402 0
DWIDTH 6 0
BBX 5 7 1 5
BITMAP
80
80
F0
88
88
88
88
ENDCHAR
STARTCHAR uni02B1
ENCODING 689
SWIDTH 402 0
DWIDTH 6 0
BBX 5 7 1 5
BITMAP
C0
80
F0
88
88
88
88
ENDCHAR
STARTCHAR uni02B2
ENCODING 690
SWIDTH 168 0
DWIDTH 3 0
BBX 3 10 -1 2
BITMAP
20
00
20
20
20
20
20
20
20
C0
ENDCHAR
STARTCHAR uni02B3
ENCODING 691
SWIDTH 268 0
DWIDTH 4 0
BBX 3 5 1 5
BITMAP
E0
80
80
80
80
ENDCHAR
STARTCHAR uni02B4
ENCODING 692
SWIDTH 268 0
DWIDTH 4 0
BBX 3 6 0 4
BITMAP
20
20
20
20
60
80
ENDCHAR
STARTCHAR uni02B5
ENCODING 693
SWIDTH 268 0
DWIDTH 4 0
BBX 5 8 0 2
BITMAP
20
20
20
20
60
A0
20
18
ENDCHAR
STARTCHAR uni02B6
ENCODING 694
SWIDTH 363 0
DWIDTH 6 0
BBX 5 5 1 5
BITMAP
98
90
E0
90
F0
ENDCHAR
STARTCHAR uni02B7
ENCODING 695
SWIDTH 511 0
DWIDTH 8 0
BBX 8 5 0 5
BITMAP
89
99
5A
66
66
ENDCHAR
STARTCHAR uni02B8
ENCODING 696
SWIDTH 332 0
DWIDTH 5 0
BBX 5 8 0 2
BITMAP
88
48
50
50
30
20
20
C0
ENDCHAR
STARTCHAR uni02B9
ENCODING 697
SWIDTH 175 0
DWIDTH 3 0
BBX 3 4 0 7
BITMAP
60
40
C0
80
ENDCHAR
STARTCHAR uni02BA
ENCODING 698
SWIDTH 359 0
DWIDTH 6 0
BBX 6 4 0 7
BITMAP
6C
48
D8
90
ENDCHAR
STARTCHAR uni02BB
ENCODING 699
SWIDTH 175 0
DWIDTH 3 0
BBX 3 4 0 7
BITMAP
60
40
C0
C0
ENDCHAR
STARTCHAR uni02BC
ENCODING 700
SWIDTH 175 0
DWIDTH 3 0
BBX 3 4 0 7
BITMAP
60
40
C0
80
ENDCHAR
STARTCHAR uni02BD
ENCODING 701
SWIDTH 175 0
DWIDTH 3 0
BBX 3 4 0 7
BITMAP
C0
40
40
20
ENDCHAR
STARTCHAR uni02BE
ENCODING 702
SWIDTH 169 0
DWIDTH 3 0
BBX 2 4 0 9
BITMAP
80
40
40
C0
ENDCHAR
STARTCHAR uni02BF
ENCODING 703
SWIDTH 169 0
DWIDTH 3 0
BBX 2 4 0 9
BITMAP
40
40
80
40
ENDCHAR
STARTCHAR uni02C0
ENCODING 704
SWIDTH 289 0
DWIDTH 5 0
BBX 4 5 0 7
BITMAP
F0
10
10
60
40
ENDCHAR
STARTCHAR uni02C1
ENCODING 705
SWIDTH 289 0
DWIDTH 5 0
BBX 5 5 0 7
BITMAP
78
80
40
20
20
ENDCHAR
STARTCHAR uni02C2
ENCODING 706
SWIDTH 285 0
DWIDTH 5 0
BBX 4 4 0 9
BITMAP
10
20
C0
30
ENDCHAR
STARTCHAR uni02C3
ENCODING 707
SWIDTH 285 0
DWIDTH 5 0
BBX 4 4 0 9
BITMAP
80
60
10
E0
ENDCHAR
STARTCHAR uni02C4
ENCODING 708
SWIDTH 285 0
DWIDTH 5 0
BBX 4 4 0 9
BITMAP
20
20
50
90
ENDCHAR
STARTCHAR uni02C5
ENCODING 709
SWIDTH 285 0
DWIDTH 5 0
BBX 4 4 0 9
BITMAP
90
90
60
20
ENDCHAR
STARTCHAR circumflex
ENCODING 710
SWIDTH 418 0
DWIDTH 7 0
BBX 5 2 1 10
BITMAP
70
D8
ENDCHAR
STARTCHAR caron
ENCODING 711
SWIDTH 418 0
DWIDTH 7 0
BBX 5 2 1 10
BITMAP
D8
70
ENDCHAR
STARTCHAR uni02C8
ENCODING 712
SWIDTH 160 0
DWIDTH 3 0
BBX 1 4 1 8
BITMAP
80
80
80
80
ENDCHAR
STARTCHAR macronmod
ENCODING 713
SWIDTH 377 0
DWIDTH 6 0
BBX 4 1 1 10
BITMAP
F0
ENDCHAR
STARTCHAR acutemod
ENCODING 714
SWIDTH 281 0
DWIDTH 5 0
BBX 3 2 1 10
BITMAP
60
80
ENDCHAR
STARTCHAR gravemod
ENCODING 715
SWIDTH 281 0
DWIDTH 5 0
BBX 3 2 1 10
BITMAP
C0
60
ENDCHAR
STARTCHAR uni02CC
ENCODING 716
SWIDTH 160 0
DWIDTH 3 0
BBX 1 4 1 -3
BITMAP
80
80
80
80
ENDCHAR
STARTCHAR uni02CD
ENCODING 717
SWIDTH 377 0
DWIDTH 6 0
BBX 4 1 1 -2
BITMAP
F0
ENDCHAR
STARTCHAR uni02CE
ENCODING 718
SWIDTH 281 0
DWIDTH 5 0
BBX 3 2 1 -3
BITMAP
C0
60
ENDCHAR
STARTCHAR uni02CF
ENCODING 719
SWIDTH 281 0
DWIDTH 5 0
BBX 3 2 1 -3
BITMAP
60
80
ENDCHAR
STARTCHAR uni02D0
ENCODING 720
SWIDTH 322 0
DWIDTH 5 0
BBX 3 9 1 0
BITMAP
E0
40
40
00
00
00
00
40
E0
ENDCHAR
STARTCHAR uni02D1
ENCODING 721
SWIDTH 322 0
DWIDTH 5 0
BBX 3 3 1 6
BITMAP
E0
40
40
ENDCHAR
STARTCHAR uni02D2
ENCODING 722
SWIDTH 189 0
DWIDTH 3 0
BBX 2 4 0 3
BITMAP
80
40
40
C0
ENDCHAR
STARTCHAR uni02D3
ENCODING 723
SWIDTH 189 0
DWIDTH 3 0
BBX 2 4 0 3
BITMAP
40
40
80
40
ENDCHAR
STARTCHAR uni02D4
ENCODING 724
SWIDTH 270 0
DWIDTH 4 0
BBX 4 2 0 4
BITMAP
60
F0
ENDCHAR
STARTCHAR uni02D5
ENCODING 725
SWIDTH 270 0
DWIDTH 4 0
BBX 4 2 0 4
BITMAP
F0
60
ENDCHAR
STARTCHAR uni02D6
ENCODING 726
SWIDTH 270 0
DWIDTH 4 0
BBX 4 4 0 3
BITMAP
60
60
F0
60
ENDCHAR
STARTCHAR uni02D7
ENCODING 727
SWIDTH 288 0
DWIDTH 5 0
BBX 4 1 0 4
BITMAP
F0
ENDCHAR
STARTCHAR breve
ENCODING 728
SWIDTH 391 0
DWIDTH 6 0
BBX 5 2 1 10
BITMAP
88
F0
ENDCHAR
STARTCHAR dotaccent
ENCODING 729
SWIDTH 183 0
DWIDTH 3 0
BBX 1 2 1 10
BITMAP
80
80
ENDCHAR
STARTCHAR ring
ENCODING 730
SWIDTH 300 0
DWIDTH 5 0
BBX 3 3 1 10
BITMAP
E0
A0
E0
ENDCHAR
STARTCHAR ogonek
ENCODING 731
SWIDTH 245 0
DWIDTH 4 0
BBX 2 4 1 -4
BITMAP
C0
80
C0
40
ENDCHAR
STARTCHAR tilde
ENCODING 732
SWIDTH 447 0
DWIDTH 7 0
BBX 6 2 1 10
BITMAP
44
B8
ENDCHAR
STARTCHAR hungarumlaut
ENCODING 733
SWIDTH 439 0
DWIDTH 7 0
BBX 5 2 1 10
BITMAP
78
B0
ENDCHAR
STARTCHAR uni02DE
ENCODING 734
SWIDTH 246 0
DWIDTH 4 0
BBX 6 3 -2 3
BITMAP
60
B0
1C
ENDCHAR
STARTCHAR uni02DF
ENCODING 735
SWIDTH 284 0
DWIDTH 5 0
BBX 4 3 0 9
BITMAP
F0
60
F0
ENDCHAR
STARTCHAR uni02E0
ENCODING 736
SWIDTH 330 0
DWIDTH 5 0
BBX 5 8 0 2
BITMAP
88
48
50
50
20
30
50
20
ENDCHAR
STARTCHAR uni02E1
ENCODING 737
SWIDTH 168 0
DWIDTH 3 0
BBX 1 7 1 5
BITMAP
80
80
80
80
80
80
80
ENDCHAR
STARTCHAR uni02E2
ENCODING 738
SWIDTH 311 0
DWIDTH 5 0
BBX 4 6 1 4
BITMAP
E0
80
C0
30
A0
40
ENDCHAR
STARTCHAR uni02E3
ENCODING 739
SWIDTH 344 0
DWIDTH 6 0
BBX 5 5 0 5
BITMAP
C8
50
20
30
C8
ENDCHAR
STARTCHAR uni02E4
ENCODING 740
SWIDTH 277 0
DWIDTH 4 0
BBX 4 7 0 5
BITMAP
70
80
80
40
20
20
20
ENDCHAR
STARTCHAR uni02E5
ENCODING 741
SWIDTH 418 0
DWIDTH 7 0
BBX 4 11 1 0
BITMAP
F0
10
10
10
10
10
10
10
10
10
10
ENDCHAR
STARTCHAR uni02E6
ENCODING 742
SWIDTH 418 0
DWIDTH 7 0
BBX 4 11 1 0
BITMAP
10
10
10
F0
10
10
10
10
10
10
10
ENDCHAR
STARTCHAR uni02E7
ENCODING 743
SWIDTH 418 0
DWIDTH 7 0
BBX 4 11 1 0
BITMAP
10
10
10
10
10
F0
10
10
10
10
10
ENDCHAR
STARTCHAR uni02E8
ENCODING 744
SWIDTH 418 0
DWIDTH 7 0
BBX 4 11 1 0
BITMAP
10
10
10
10
10
10
10
F0
10
10
10
ENDCHAR
STARTCHAR uni02E9
ENCODING 745
SWIDTH 418 0
DWIDTH 7 0
BBX 4 11 1 0
BITMAP
10
10
10
10
10
10
10
10
10
10
F0
ENDCHAR
STARTCHAR uni02EA
ENCODING 746
SWIDTH 418 0
DWIDTH 7 0
BBX 4 5 1 3
BITMAP
80
80
80
80
F0
ENDCHAR
STARTCHAR uni02EB
ENCODING 747
SWIDTH 418 0
DWIDTH 7 0
BBX 4 5 1 3
BITMAP
80
80
F0
80
80
ENDCHAR
STARTCHAR uni02EC
ENCODING 748
SWIDTH 418 0
DWIDTH 7 0
BBX 5 2 1 -3
BITMAP
D8
70
ENDCHAR
STARTCHAR uni02ED
ENCODING 749
SWIDTH 495 0
DWIDTH 8 0
BBX 7 4 1 9
BITMAP
FE
00
00
FE
ENDCHAR
STARTCHAR uni02EE
ENCODING 750
SWIDTH 359 0
DWIDTH 6 0
BBX 6 4 0 7
BITMAP
6C
48
D8
90
ENDCHAR
STARTCHAR uni02EF
ENCODING 751
SWIDTH 414 0
DWIDTH 7 0
BBX 5 4 1 -4
BITMAP
88
D0
70
20
ENDCHAR
STARTCHAR uni02F0
ENCODING 752
SWIDTH 414 0
DWIDTH 7 0
BBX 5 4 1 -4
BITMAP
20
60
50
98
ENDCHAR
STARTCHAR uni02F1
ENCODING 753
SWIDTH 331 0
DWIDTH 5 0
BBX 4 4 1 -4
BITMAP
30
C0
60
10
ENDCHAR
STARTCHAR uni02F2
ENCODING 754
SWIDTH 331 0
DWIDTH 5 0
BBX 4 4 1 -4
BITMAP
C0
30
E0
80
ENDCHAR
STARTCHAR uni02F3
ENCODING 755
SWIDTH 333 0
DWIDTH 5 0
BBX 3 3 1 -4
BITMAP
E0
A0
E0
ENDCHAR
STARTCHAR uni02F4
ENCODING 756
SWIDTH 281 0
DWIDTH 5 0
BBX 3 2 1 5
BITMAP
C0
60
ENDCHAR
STARTCHAR uni02F5
ENCODING 757
SWIDTH 439 0
DWIDTH 7 0
BBX 5 3 1 4
BITMAP
B0
48
28
ENDCHAR
STARTCHAR uni02F6
ENCODING 758
SWIDTH 439 0
DWIDTH 7 0
BBX 5 2 1 5
BITMAP
78
B0
ENDCHAR
STARTCHAR uni02F7
ENCODING 759
SWIDTH 447 0
DWIDTH 7 0
BBX 6 2 1 -3
BITMAP
44
B8
ENDCHAR
STARTCHAR uni02F8
ENCODING 760
SWIDTH 268 0
DWIDTH 4 0
BBX 2 9 1 3
BITMAP
C0
C0
00
00
00
00
00
C0
C0
ENDCHAR
STARTCHAR uni02F9
ENCODING 761
SWIDTH 286 0
DWIDTH 5 0
BBX 3 4 1 7
BITMAP
E0
80
80
80
ENDCHAR
STARTCHAR uni02FA
ENCODING 762
SWIDTH 286 0
DWIDTH 5 0
BBX 3 4 1 7
BITMAP
E0
20
20
20
ENDCHAR
STARTCHAR uni02FB
ENCODING 763
SWIDTH 286 0
DWIDTH 5 0
BBX 3 4 1 0
BITMAP
80
80
80
E0
ENDCHAR
STARTCHAR uni02FC
ENCODING 764
SWIDTH 286 0
DWIDTH 5 0
BBX 3 4 1 0
BITMAP
20
20
20
E0
ENDCHAR
STARTCHAR uni02FD
ENCODING 765
SWIDTH 526 0
DWIDTH 8 0
BBX 7 2 1 -3
BITMAP
82
FE
ENDCHAR
STARTCHAR uni02FE
ENCODING 766
SWIDTH 526 0
DWIDTH 8 0
BBX 7 2 1 -3
BITMAP
80
FE
ENDCHAR
STARTCHAR uni02FF
ENCODING 767
SWIDTH 534 0
DWIDTH 9 0
BBX 7 5 1 -4
BITMAP
30
C0
FE
60
10
ENDCHAR
STARTCHAR gravecomb
ENCODING 768
SWIDTH 0 0
DWIDTH 0 0
BBX 3 2 -8 10
BITMAP
C0
60
ENDCHAR
STARTCHAR acutecomb
ENCODING 769
SWIDTH 0 0
DWIDTH 0 0
BBX 3 2 -5 10
BITMAP
60
80
ENDCHAR
STARTCHAR uni0302
ENCODING 770
SWIDTH 0 0
DWIDTH 0 0
BBX 5 2 -2 10
BITMAP
70
D8
ENDCHAR
STARTCHAR tildecomb
ENCODING 771
SWIDTH 0 0
DWIDTH 0 0
BBX 6 2 -7 10
BITMAP
44
B8
ENDCHAR
STARTCHAR uni0304
ENCODING 772
SWIDTH 0 0
DWIDTH 0 0
BBX 4 1 -2 10
BITMAP
F0
ENDCHAR
STARTCHAR uni0305
ENCODING 773
SWIDTH 0 0
DWIDTH 0 0
BBX 6 1 -3 12
BITMAP
FC
ENDCHAR
STARTCHAR uni0306
ENCODING 774
SWIDTH 0 0
DWIDTH 0 0
BBX 5 2 -2 10
BITMAP
88
F0
ENDCHAR
STARTCHAR uni0307
ENCODING 775
SWIDTH 0 0
DWIDTH 0 0
BBX 1 2 0 10
BITMAP
80
80
ENDCHAR
STARTCHAR uni0308
ENCODING 776
SWIDTH 0 0
DWIDTH 0 0
BBX 5 2 -3 10
BITMAP
48
D8
ENDCHAR
STARTCHAR hookabovecomb
ENCODING 777
SWIDTH 0 0
DWIDTH 0 0
BBX 3 4 -6 9
BITMAP
E0
20
40
40
ENDCHAR
STARTCHAR uni030A
ENCODING 778
SWIDTH 0 0
DWIDTH 0 0
BBX 3 3 -1 10
BITMAP
E0
A0
E0
ENDCHAR
STARTCHAR uni030B
ENCODING 779
SWIDTH 0 0
DWIDTH 0 0
BBX 5 2 -2 10
BITMAP
78
B0
ENDCHAR
STARTCHAR uni030C
ENCODING 780
SWIDTH 0 0
DWIDTH 0 0
BBX 5 2 -2 10
BITMAP
D8
70
ENDCHAR
STARTCHAR uni030D
ENCODING 781
SWIDTH 0 0
DWIDTH 0 0
BBX 2 2 -1 10
BITMAP
C0
C0
ENDCHAR
STARTCHAR uni030E
ENCODING 782
SWIDTH 0 0
DWIDTH 0 0
BBX 4 2 -2 10
BITMAP
90
90
ENDCHAR
STARTCHAR uni030F
ENCODING 783
SWIDTH 0 0
DWIDTH 0 0
BBX 5 2 -8 10
BITMAP
D0
68
ENDCHAR
STARTCHAR uni0310
ENCODING 784
SWIDTH 0 0
DWIDTH 0 0
BBX 5 4 -3 10
BITMAP
10
30
88
78
ENDCHAR
STARTCHAR uni0311
ENCODING 785
SWIDTH 0 0
DWIDTH 0 0
BBX 5 2 -3 10
BITMAP
38
C8
ENDCHAR
STARTCHAR uni0312
ENCODING 786
SWIDTH 0 0
DWIDTH 0 0
BBX 3 4 -1 7
BITMAP
60
40
C0
C0
ENDCHAR
STARTCHAR uni0313
ENCODING 787
SWIDTH 0 0
DWIDTH 0 0
BBX 3 4 -1 7
BITMAP
60
40
C0
80
ENDCHAR
STARTCHAR uni0314
ENCODING 788
SWIDTH 0 0
DWIDTH 0 0
BBX 3 4 -1 7
BITMAP
C0
40
40
20
ENDCHAR
STARTCHAR uni0315
ENCODING 789
SWIDTH 0 0
DWIDTH 0 0
BBX 3 4 -1 7
BITMAP
60
40
C0
80
ENDCHAR
STARTCHAR uni0316
ENCODING 790
SWIDTH 0 0
DWIDTH 0 0
BBX 3 2 -1 -3
BITMAP
C0
60
ENDCHAR
STARTCHAR uni0317
ENCODING 791
SWIDTH 0 0
DWIDTH 0 0
BBX 3 2 -1 -3
BITMAP
60
80
ENDCHAR
STARTCHAR uni0318
ENCODING 792
SWIDTH 0 0
DWIDTH 0 0
BBX 2 3 -1 -3
BITMAP
40
C0
40
ENDCHAR
STARTCHAR uni0319
ENCODING 793
SWIDTH 0 0
DWIDTH 0 0
BBX 2 3 -1 -3
BITMAP
80
C0
80
ENDCHAR
STARTCHAR uni031A
ENCODING 794
SWIDTH 313 0
DWIDTH 5 0
BBX 4 4 0 8
BITMAP
F0
10
10
10
ENDCHAR
STARTCHAR uni031B
ENCODING 795
SWIDTH 0 0
DWIDTH 0 0
BBX 4 3 -2 9
BITMAP
30
20
C0
ENDCHAR
STARTCHAR uni031C
ENCODING 796
SWIDTH 0 0
DWIDTH 0 0
BBX 2 4 -1 -4
BITMAP
40
80
80
40
ENDCHAR
STARTCHAR uni031D
ENCODING 797
SWIDTH 0 0
DWIDTH 0 0
BBX 4 2 -2 -3
BITMAP
60
F0
ENDCHAR
STARTCHAR uni031E
ENCODING 798
SWIDTH 0 0
DWIDTH 0 0
BBX 4 2 -2 -3
BITMAP
F0
60
ENDCHAR
STARTCHAR uni031F
ENCODING 799
SWIDTH 0 0
DWIDTH 0 0
BBX 4 4 -2 -4
BITMAP
60
60
F0
60
ENDCHAR
STARTCHAR uni0320
ENCODING 800
SWIDTH 0 0
DWIDTH 0 0
BBX 4 1 -2 -3
BITMAP
F0
ENDCHAR
STARTCHAR uni0321
ENCODING 801
SWIDTH 0 0
DWIDTH 0 0
BBX 3 5 -3 -4
BITMAP
20
20
20
E0
C0
ENDCHAR
STARTCHAR uni0322
ENCODING 802
SWIDTH 0 0
DWIDTH 0 0
BBX 3 5 0 -4
BITMAP
80
80
80
E0
60
ENDCHAR
STARTCHAR dotbelowcomb
ENCODING 803
SWIDTH 0 0
DWIDTH 0 0
BBX 2 2 -6 -3
BITMAP
C0
40
ENDCHAR
STARTCHAR uni0324
ENCODING 804
SWIDTH 0 0
DWIDTH 0 0
BBX 5 2 -3 -3
BITMAP
48
D8
ENDCHAR
STARTCHAR uni0325
ENCODING 805
SWIDTH 0 0
DWIDTH 0 0
BBX 3 3 -1 -3
BITMAP
E0
A0
E0
ENDCHAR
STARTCHAR uni0326
ENCODING 806
SWIDTH 0 0
DWIDTH 0 0
BBX 2 3 -1 -4
BITMAP
40
80
80
ENDCHAR
STARTCHAR uni0327
ENCODING 807
SWIDTH 0 0
DWIDTH 0 0
BBX 3 4 -2 -4
BITMAP
40
60
20
E0
ENDCHAR
STARTCHAR uni0328
ENCODING 808
SWIDTH 0 0
DWIDTH 0 0
BBX 2 4 -1 -4
BITMAP
C0
80
C0
40
ENDCHAR
STARTCHAR uni0329
ENCODING 809
SWIDTH 0 0
DWIDTH 0 0
BBX 2 2 -1 -3
BITMAP
C0
C0
ENDCHAR
STARTCHAR uni032A
ENCODING 810
SWIDTH 0 0
DWIDTH 0 0
BBX 6 2 -3 -3
BITMAP
FC
84
ENDCHAR
STARTCHAR uni032B
ENCODING 811
SWIDTH 0 0
DWIDTH 0 0
BBX 6 2 -3 -3
BITMAP
A4
78
ENDCHAR
STARTCHAR uni032C
ENCODING 812
SWIDTH 0 0
DWIDTH 0 0
BBX 5 2 -2 -3
BITMAP
D8
70
ENDCHAR
STARTCHAR uni032D
ENCODING 813
SWIDTH 0 0
DWIDTH 0 0
BBX 5 2 -2 -3
BITMAP
70
D8
ENDCHAR
STARTCHAR uni032E
ENCODING 814
SWIDTH 0 0
DWIDTH 0 0
BBX 5 2 -2 -3
BITMAP
88
F0
ENDCHAR
STARTCHAR uni032F
ENCODING 815
SWIDTH 0 0
DWIDTH 0 0
BBX 5 2 -3 -3
BITMAP
38
C8
ENDCHAR
STARTCHAR uni0330
ENCODING 816
SWIDTH 0 0
DWIDTH 0 0
BBX 6 2 -3 -3
BITMAP
44
B8
ENDCHAR
STARTCHAR uni0331
ENCODING 817
SWIDTH 0 0
DWIDTH 0 0
BBX 4 1 -2 -2
BITMAP
F0
ENDCHAR
STARTCHAR uni0332
ENCODING 818
SWIDTH 0 0
DWIDTH 0 0
BBX 8 1 -4 -2
BITMAP
FF
ENDCHAR
STARTCHAR uni0333
ENCODING 819
SWIDTH 0 0
DWIDTH 0 0
BBX 7 4 -3 -4
BITMAP
FE
00
00
FE
ENDCHAR
STARTCHAR uni0334
ENCODING 820
SWIDTH 0 0
DWIDTH 0 0
BBX 6 2 -2 4
BITMAP
44
B8
ENDCHAR
STARTCHAR uni0335
ENCODING 821
SWIDTH 0 0
DWIDTH 0 0
BBX 6 1 -3 4
BITMAP
FC
ENDCHAR
STARTCHAR uni0336
ENCODING 822
SWIDTH 0 0
DWIDTH 0 0
BBX 12 1 -6 4
BITMAP
FFF0
ENDCHAR
STARTCHAR uni0337
ENCODING 823
SWIDTH 0 0
DWIDTH 0 0
BBX 4 3 -2 3
BITMAP
30
60
80
ENDCHAR
STARTCHAR uni0338
ENCODING 824
SWIDTH 0 0
DWIDTH 0 0
BBX 6 13 -3 -1
BITMAP
04
0C
08
08
10
10
30
20
20
40
40
C0
80
ENDCHAR
STARTCHAR uni0339
ENCODING 825
SWIDTH 0 0
DWIDTH 0 0
BBX 2 4 -1 -4
BITMAP
80
40
40
80
ENDCHAR
STARTCHAR uni033A
ENCODING 826
SWIDTH 0 0
DWIDTH 0 0
BBX 6 2 -3 -3
BITMAP
84
FC
ENDCHAR
STARTCHAR uni033B
ENCODING 827
SWIDTH 0 0
DWIDTH 0 0
BBX 6 4 -3 -4
BITMAP
FC
84
84
FC
ENDCHAR
STARTCHAR uni033C
ENCODING 828
SWIDTH 0 0
DWIDTH 0 0
BBX 6 2 -3 -3
BITMAP
FC
94
ENDCHAR
STARTCHAR uni033D
ENCODING 829
SWIDTH 0 0
DWIDTH 0 0
BBX 4 3 -2 9
BITMAP
F0
60
F0
ENDCHAR
STARTCHAR uni033E
ENCODING 830
SWIDTH 0 0
DWIDTH 0 0
BBX 2 5 -1 9
BITMAP
40
80
C0
40
80
ENDCHAR
STARTCHAR uni033F
ENCODING 831
SWIDTH 0 0
DWIDTH 0 0
BBX 7 4 -3 12
BITMAP
FE
00
00
FE
ENDCHAR
STARTCHAR uni0340
ENCODING 832
SWIDTH 0 0
DWIDTH 0 0
BBX 3 2 -2 10
BITMAP
C0
60
ENDCHAR
STARTCHAR uni0341
ENCODING 833
SWIDTH 0 0
DWIDTH 0 0
BBX 3 2 0 10
BITMAP
60
80
ENDCHAR
STARTCHAR uni0342
ENCODING 834
SWIDTH 0 0
DWIDTH 0 0
BBX 6 2 -3 10
BITMAP
44
B8
ENDCHAR
STARTCHAR uni0343
ENCODING 835
SWIDTH 0 0
DWIDTH 0 0
BBX 2 2 -1 10
BITMAP
C0
C0
ENDCHAR
STARTCHAR uni0344
ENCODING 836
SWIDTH 0 0
DWIDTH 0 0
BBX 6 2 -3 10
BITMAP
5C
FC
ENDCHAR
STARTCHAR uni0345
ENCODING 837
SWIDTH 0 0
DWIDTH 0 0
BBX 3 3 -1 -4
BITMAP
C0
C0
60
ENDCHAR
STARTCHAR uni0346
ENCODING 838
SWIDTH 0 0
DWIDTH 0 0
BBX 6 3 -3 9
BITMAP
FC
84
84
ENDCHAR
STARTCHAR uni0347
ENCODING 839
SWIDTH 0 0
DWIDTH 0 0
BBX 7 4 -3 -4
BITMAP
FE
00
00
FE
ENDCHAR
STARTCHAR uni0348
ENCODING 840
SWIDTH 0 0
DWIDTH 0 0
BBX 4 2 -2 -3
BITMAP
90
90
ENDCHAR
STARTCHAR uni0349
ENCODING 841
SWIDTH 0 0
DWIDTH 0 0
BBX 2 3 -1 -4
BITMAP
C0
40
40
ENDCHAR
STARTCHAR uni034A
ENCODING 842
SWIDTH 0 0
DWIDTH 0 0
BBX 6 3 -3 9
BITMAP
74
BC
20
ENDCHAR
STARTCHAR uni034B
ENCODING 843
SWIDTH 0 0
DWIDTH 0 0
BBX 6 6 -3 9
BITMAP
30
30
64
98
30
30
ENDCHAR
STARTCHAR uni034C
ENCODING 844
SWIDTH 0 0
DWIDTH 0 0
BBX 6 4 -3 10
BITMAP
64
98
44
F8
ENDCHAR
STARTCHAR uni034D
ENCODING 845
SWIDTH 0 0
DWIDTH 0 0
BBX 6 3 -3 -4
BITMAP
48
FC
30
ENDCHAR
STARTCHAR uni034E
ENCODING 846
SWIDTH 0 0
DWIDTH 0 0
BBX 2 4 -1 -4
BITMAP
40
C0
C0
C0
ENDCHAR
STARTCHAR uni034F
ENCODING 847
SWIDTH 0 0
DWIDTH 0 0
BBX 12 11 -6 0
BITMAP
E670
8410
1980
2040
8010
A050
A050
1080
8D10
8010
E670
ENDCHAR
STARTCHAR uni0350
ENCODING 848
SWIDTH 0 0
DWIDTH 0 0
BBX 2 4 -1 9
BITMAP
80
C0
C0
80
ENDCHAR
STARTCHAR uni0351
ENCODING 849
SWIDTH 0 0
DWIDTH 0 0
BBX 2 4 -1 9
BITMAP
40
40
80
40
ENDCHAR
STARTCHAR uni0352
ENCODING 850
SWIDTH 0 0
DWIDTH 0 0
BBX 5 3 -3 10
BITMAP
78
88
30
ENDCHAR
STARTCHAR uni0353
ENCODING 851
SWIDTH 0 0
DWIDTH 0 0
BBX 4 3 -2 -4
BITMAP
F0
F0
60
ENDCHAR
STARTCHAR uni0354
ENCODING 852
SWIDTH 0 0
DWIDTH 0 0
BBX 2 3 -1 -4
BITMAP
C0
80
40
ENDCHAR
STARTCHAR uni0355
ENCODING 853
SWIDTH 0 0
DWIDTH 0 0
BBX 2 3 -1 -4
BITMAP
C0
40
80
ENDCHAR
STARTCHAR uni0356
ENCODING 854
SWIDTH 0 0
DWIDTH 0 0
BBX 6 3 -3 -4
BITMAP
C8
74
94
ENDCHAR
STARTCHAR uni0357
ENCODING 855
SWIDTH 0 0
DWIDTH 0 0
BBX 2 4 -1 9
BITMAP
80
40
40
C0
ENDCHAR
STARTCHAR uni0358
ENCODING 856
SWIDTH 0 0
DWIDTH 0 0
BBX 1 2 2 10
BITMAP
80
80
ENDCHAR
STARTCHAR uni0359
ENCODING 857
SWIDTH 0 0
DWIDTH 0 0
BBX 4 3 -2 -4
BITMAP
F0
60
60
ENDCHAR
STARTCHAR uni035A
ENCODING 858
SWIDTH 0 0
DWIDTH 0 0
BBX 6 4 -3 -4
BITMAP
48
B4
A4
78
ENDCHAR
STARTCHAR uni035B
ENCODING 859
SWIDTH 0 0
DWIDTH 0 0
BBX 4 3 -2 10
BITMAP
40
50
A0
ENDCHAR
STARTCHAR uni035C
ENCODING 860
SWIDTH 0 0
DWIDTH 0 0
BBX 12 3 -6 -4
BITMAP
C030
79E0
0F00
ENDCHAR
STARTCHAR uni035D
ENCODING 861
SWIDTH 0 0
DWIDTH 0 0
BBX 12 3 -6 9
BITMAP
C030
79E0
0F00
ENDCHAR
STARTCHAR uni035E
ENCODING 862
SWIDTH 0 0
DWIDTH 0 0
BBX 10 1 -5 10
BITMAP
FFC0
ENDCHAR
STARTCHAR uni035F
ENCODING 863
SWIDTH 0 0
DWIDTH 0 0
BBX 10 1 -5 -2
BITMAP
FFC0
ENDCHAR
STARTCHAR uni0360
ENCODING 864
SWIDTH 0 0
DWIDTH 0 0
BBX 12 2 -6 10
BITMAP
7810
87F0
ENDCHAR
STARTCHAR uni0361
ENCODING 865
SWIDTH 0 0
DWIDTH 0 0
BBX 12 3 -6 11
BITMAP
0600
3FC0
C030
ENDCHAR
STARTCHAR uni0362
ENCODING 866
SWIDTH 0 0
DWIDTH 0 0
BBX 13 3 -6 -4
BITMAP
0030
FFF8
0020
ENDCHAR
STARTCHAR uni0363
ENCODING 867
SWIDTH 0 0
DWIDTH 0 0
BBX 4 3 -2 10
BITMAP
70
70
F0
ENDCHAR
STARTCHAR uni0364
ENCODING 868
SWIDTH 0 0
DWIDTH 0 0
BBX 3 3 -1 10
BITMAP
E0
C0
E0
ENDCHAR
STARTCHAR uni0365
ENCODING 869
SWIDTH 0 0
DWIDTH 0 0
BBX 1 5 0 10
BITMAP
80
00
80
80
80
ENDCHAR
STARTCHAR uni0366
ENCODING 870
SWIDTH 0 0
DWIDTH 0 0
BBX 4 3 -2 10
BITMAP
F0
90
70
ENDCHAR
STARTCHAR uni0367
ENCODING 871
SWIDTH 0 0
DWIDTH 0 0
BBX 3 3 -1 10
BITMAP
A0
A0
E0
ENDCHAR
STARTCHAR uni0368
ENCODING 872
SWIDTH 0 0
DWIDTH 0 0
BBX 3 3 -1 10
BITMAP
E0
80
E0
ENDCHAR
STARTCHAR uni0369
ENCODING 873
SWIDTH 0 0
DWIDTH 0 0
BBX 4 5 -2 10
BITMAP
10
70
90
90
70
ENDCHAR
STARTCHAR uni036A
ENCODING 874
SWIDTH 0 0
DWIDTH 0 0
BBX 3 5 -1 10
BITMAP
80
C0
A0
A0
A0
ENDCHAR
STARTCHAR uni036B
ENCODING 875
SWIDTH 0 0
DWIDTH 0 0
BBX 6 3 -3 10
BITMAP
FC
94
94
ENDCHAR
STARTCHAR uni036C
ENCODING 876
SWIDTH 0 0
DWIDTH 0 0
BBX 3 3 -1 10
BITMAP
E0
80
80
ENDCHAR
STARTCHAR uni036D
ENCODING 877
SWIDTH 0 0
DWIDTH 0 0
BBX 2 4 -1 10
BITMAP
C0
80
80
C0
ENDCHAR
STARTCHAR uni036E
ENCODING 878
SWIDTH 0 0
DWIDTH 0 0
BBX 4 3 -2 10
BITMAP
D0
60
20
ENDCHAR
STARTCHAR uni036F
ENCODING 879
SWIDTH 0 0
DWIDTH 0 0
BBX 4 3 -2 10
BITMAP
F0
20
D0
ENDCHAR
STARTCHAR uni0370
ENCODING 880
SWIDTH 443 0
DWIDTH 7 0
BBX 4 11 2 0
BITMAP
80
80
80
80
F0
F0
80
80
80
80
80
ENDCHAR
STARTCHAR uni0371
ENCODING 881
SWIDTH 374 0
DWIDTH 6 0
BBX 5 9 1 0
BITMAP
C0
C0
C0
C0
F8
C0
C0
C0
C0
ENDCHAR
STARTCHAR uni0372
ENCODING 882
SWIDTH 656 0
DWIDTH 11 0
BBX 9 11 1 0
BITMAP
FF80
8980
8980
8980
0800
0800
0800
0800
0800
0800
0800
ENDCHAR
STARTCHAR uni0373
ENCODING 883
SWIDTH 654 0
DWIDTH 10 0
BBX 8 12 1 0
BITMAP
FF
C9
C9
C9
08
08
08
08
08
08
08
08
ENDCHAR
STARTCHAR uni0374
ENCODING 884
SWIDTH 167 0
DWIDTH 3 0
BBX 2 3 1 9
BITMAP
C0
80
80
ENDCHAR
STARTCHAR uni0375
ENCODING 885
SWIDTH 167 0
DWIDTH 3 0
BBX 2 3 0 -3
BITMAP
40
C0
80
ENDCHAR
STARTCHAR uni0376
ENCODING 886
SWIDTH 768 0
DWIDTH 12 0
BBX 9 11 2 0
BITMAP
8180
8380
8780
8580
8980
9980
9180
A180
E180
C180
C180
ENDCHAR
STARTCHAR uni0377
ENCODING 887
SWIDTH 643 0
DWIDTH 10 0
BBX 8 9 1 0
BITMAP
C3
C7
C5
CD
C9
D1
F1
E1
C1
ENDCHAR
STARTCHAR uni037A
ENCODING 890
SWIDTH 244 0
DWIDTH 4 0
BBX 3 3 1 -4
BITMAP
C0
C0
60
ENDCHAR
STARTCHAR uni037B
ENCODING 891
SWIDTH 480 0
DWIDTH 8 0
BBX 6 9 1 0
BITMAP
F0
F8
08
0C
0C
0C
0C
98
F0
ENDCHAR
STARTCHAR uni037C
ENCODING 892
SWIDTH 480 0
DWIDTH 8 0
BBX 6 9 1 0
BITMAP
3C
7C
C0
90
90
80
C0
44
7C
ENDCHAR
STARTCHAR uni037D
ENCODING 893
SWIDTH 480 0
DWIDTH 8 0
BBX 6 9 1 0
BITMAP
F0
F8
08
4C
4C
0C
0C
98
F0
ENDCHAR
STARTCHAR uni037E
ENCODING 894
SWIDTH 268 0
DWIDTH 4 0
BBX 3 11 0 -2
BITMAP
60
60
00
00
00
00
00
60
60
40
C0
ENDCHAR
STARTCHAR uni037F
ENCODING 895
SWIDTH 273 0
DWIDTH 4 0
BBX 4 14 -1 -3
BITMAP
30
30
30
30
30
30
30
30
30
30
30
30
30
E0
ENDCHAR
STARTCHAR tonos
ENCODING 900
SWIDTH 234 0
DWIDTH 4 0
BBX 2 2 1 10
BITMAP
C0
80
ENDCHAR
STARTCHAR dieresistonos
ENCODING 901
SWIDTH 648 0
DWIDTH 10 0
BBX 6 2 2 10
BITMAP
5C
FC
ENDCHAR
STARTCHAR Alphatonos
ENCODING 902
SWIDTH 708 0
DWIDTH 11 0
BBX 10 11 1 0
BITMAP
CC00
8E00
1A00
1200
1300
3100
3F00
6180
4080
40C0
C040
ENDCHAR
STARTCHAR anoteleia
ENCODING 903
SWIDTH 268 0
DWIDTH 4 0
BBX 2 2 1 7
BITMAP
C0
C0
ENDCHAR
STARTCHAR Epsilontonos
ENCODING 904
SWIDTH 720 0
DWIDTH 12 0
BBX 10 11 1 0
BITMAP
CFC0
8800
0800
0800
0FC0
0FC0
0800
0800
0800
0800
0FC0
ENDCHAR
STARTCHAR Etatonos
ENCODING 905
SWIDTH 905 0
DWIDTH 14 0
BBX 12 11 1 0
BITMAP
C810
8810
0810
0810
0FF0
0FF0
0810
0810
0810
0810
0810
ENDCHAR
STARTCHAR Iotatonos
ENCODING 906
SWIDTH 523 0
DWIDTH 8 0
BBX 7 11 1 0
BITMAP
DE
88
08
08
08
08
08
08
08
08
1E
ENDCHAR
STARTCHAR Omicrontonos
ENCODING 908
SWIDTH 895 0
DWIDTH 14 0
BBX 13 12 1 0
BITMAP
0300
CFE0
9830
3030
3010
3010
3018
3010
3010
1030
1860
0FC0
ENDCHAR
STARTCHAR Upsilontonos
ENCODING 910
SWIDTH 780 0
DWIDTH 12 0
BBX 11 11 1 0
BITMAP
F060
98C0
0880
0D80
0500
0700
0200
0200
0200
0200
0200
ENDCHAR
STARTCHAR Omegatonos
ENCODING 911
SWIDTH 841 0
DWIDTH 13 0
BBX 12 12 1 0
BITMAP
0300
DFC0
B060
3030
2030
6030
2030
2030
3020
1060
08C0
7CF0
ENDCHAR
STARTCHAR iotadieresistonos
ENCODING 912
SWIDTH 332 0
DWIDTH 5 0
BBX 6 12 0 0
BITMAP
5C
FC
00
60
60
60
60
60
60
60
60
38
ENDCHAR
STARTCHAR Alpha
ENCODING 913
SWIDTH 639 0
DWIDTH 10 0
BBX 10 11 0 0
BITMAP
0C00
0E00
1A00
1200
1300
3100
3F00
6180
4080
40C0
C040
ENDCHAR
STARTCHAR Beta
ENCODING 914
SWIDTH 650 0
DWIDTH 10 0
BBX 8 11 2 0
BITMAP
FC
86
82
86
FC
FC
82
83
82
86
FC
ENDCHAR
STARTCHAR Gamma
ENCODING 915
SWIDTH 499 0
DWIDTH 8 0
BBX 6 11 2 0
BITMAP
FC
80
80
80
80
80
80
80
80
80
80
ENDCHAR
STARTCHAR uni0394
ENCODING 916
SWIDTH 639 0
DWIDTH 10 0
BBX 10 11 0 0
BITMAP
0C00
0E00
1A00
1200
3300
2100
2180
6080
4080
C0C0
FFC0
ENDCHAR
STARTCHAR Epsilon
ENCODING 917
SWIDTH 556 0
DWIDTH 9 0
BBX 6 11 2 0
BITMAP
FC
80
80
80
FC
FC
80
80
80
80
FC
ENDCHAR
STARTCHAR Zeta
ENCODING 918
SWIDTH 572 0
DWIDTH 9 0
BBX 8 11 1 0
BITMAP
FE
06
04
08
18
10
20
60
40
C0
FF
ENDCHAR
STARTCHAR Eta
ENCODING 919
SWIDTH 741 0
DWIDTH 12 0
BBX 8 11 2 0
BITMAP
81
81
81
81
FF
FF
81
81
81
81
81
ENDCHAR
STARTCHAR Theta
ENCODING 920
SWIDTH 781 0
DWIDTH 13 0
BBX 11 12 1 0
BITMAP
0C00
3F80
60C0
C0C0
C040
C040
DF60
C040
C040
40C0
6180
3F00
ENDCHAR
STARTCHAR Iota
ENCODING 921
SWIDTH 339 0
DWIDTH 5 0
BBX 4 11 1 0
BITMAP
F0
40
40
40
40
40
40
40
40
40
F0
ENDCHAR
STARTCHAR Kappa
ENCODING 922
SWIDTH 619 0
DWIDTH 10 0
BBX 8 11 2 0
BITMAP
87
8C
98
90
A0
F0
98
88
8C
86
83
ENDCHAR
STARTCHAR Lambda
ENCODING 923
SWIDTH 609 0
DWIDTH 10 0
BBX 10 11 0 0
BITMAP
0C00
1C00
1600
1200
3200
2300
2100
6100
4180
4080
C0C0
ENDCHAR
STARTCHAR Mu
ENCODING 924
SWIDTH 907 0
DWIDTH 15 0
BBX 11 11 2 0
BITMAP
C0E0
C0A0
E0A0
A1A0
B120
9120
9220
9A20
8E20
8C20
8C20
ENDCHAR
STARTCHAR Nu
ENCODING 925
SWIDTH 760 0
DWIDTH 12 0
BBX 9 11 2 0
BITMAP
C180
C180
E180
B180
9180
9980
8D80
8580
8780
8380
8180
ENDCHAR
STARTCHAR Xi
ENCODING 926
SWIDTH 624 0
DWIDTH 10 0
BBX 8 11 1 0
BITMAP
FF
00
00
00
7E
7E
00
00
00
00
FF
ENDCHAR
STARTCHAR Omicron
ENCODING 927
SWIDTH 781 0
DWIDTH 13 0
BBX 11 12 1 0
BITMAP
0C00
3F80
60C0
C0C0
C040
C040
C060
C040
C040
40C0
6180
3F00
ENDCHAR
STARTCHAR Pi
ENCODING 928
SWIDTH 731 0
DWIDTH 12 0
BBX 8 11 2 0
BITMAP
FF
81
81
81
81
81
81
81
81
81
81
ENDCHAR
STARTCHAR Rho
ENCODING 929
SWIDTH 605 0
DWIDTH 10 0
BBX 7 11 2 0
BITMAP
FC
86
86
86
86
FC
E0
80
80
80
80
ENDCHAR
STARTCHAR Sigma
ENCODING 931
SWIDTH 572 0
DWIDTH 9 0
BBX 8 11 1 0
BITMAP
FE
C0
60
30
18
18
30
60
40
80
FF
ENDCHAR
STARTCHAR Tau
ENCODING 932
SWIDTH 556 0
DWIDTH 9 0
BBX 9 11 0 0
BITMAP
FF80
0800
0800
0800
0800
0800
0800
0800
0800
0800
0800
ENDCHAR
STARTCHAR Upsilon
ENCODING 933
SWIDTH 566 0
DWIDTH 9 0
BBX 9 11 0 0
BITMAP
C180
6300
2200
3600
1400
1C00
0800
0800
0800
0800
0800
ENDCHAR
STARTCHAR Phi
ENCODING 934
SWIDTH 843 0
DWIDTH 13 0
BBX 12 11 1 0
BITMAP
0400
3FC0
4460
C420
8430
8430
C420
C460
7FC0
0E00
0400
ENDCHAR
STARTCHAR Chi
ENCODING 935
SWIDTH 586 0
DWIDTH 9 0
BBX 9 11 0 0
BITMAP
C180
2300
3200
1400
0C00
0C00
1400
3200
2300
6100
C180
ENDCHAR
STARTCHAR Psi
ENCODING 936
SWIDTH 821 0
DWIDTH 13 0
BBX 11 11 1 0
BITMAP
C460
C460
C460
C460
4460
4440
64C0
1F00
0400
0400
0400
ENDCHAR
STARTCHAR uni03A9
ENCODING 937
SWIDTH 717 0
DWIDTH 11 0
BBX 11 12 0 0
BITMAP
0600
3F80
60C0
6060
4060
C060
4060
4060
6040
20C0
1180
F9E0
ENDCHAR
STARTCHAR Iotadieresis
ENCODING 938
SWIDTH 339 0
DWIDTH 5 0
BBX 5 15 0 0
BITMAP
48
D8
00
00
78
20
20
20
20
20
20
20
20
20
78
ENDCHAR
STARTCHAR Upsilondieresis
ENCODING 939
SWIDTH 566 0
DWIDTH 9 0
BBX 9 15 0 0
BITMAP
1200
3600
0000
0000
C180
6300
2200
3600
1400
1C00
0800
0800
0800
0800
0800
ENDCHAR
STARTCHAR alphatonos
ENCODING 940
SWIDTH 623 0
DWIDTH 10 0
BBX 9 12 1 0
BITMAP
0C00
0800
0000
3A00
6E00
C200
8200
8200
8200
C200
C700
7B80
ENDCHAR
STARTCHAR epsilontonos
ENCODING 941
SWIDTH 470 0
DWIDTH 8 0
BBX 6 12 1 0
BITMAP
18
10
00
38
CC
80
C0
30
C0
80
C4
7C
ENDCHAR
STARTCHAR etatonos
ENCODING 942
SWIDTH 608 0
DWIDTH 10 0
BBX 7 16 1 -4
BITMAP
18
10
00
DC
F6
C2
C2
C2
C2
C2
C2
C2
02
02
02
02
ENDCHAR
STARTCHAR iotatonos
ENCODING 943
SWIDTH 332 0
DWIDTH 5 0
BBX 4 12 1 0
BITMAP
60
40
00
C0
C0
C0
C0
C0
C0
C0
C0
70
ENDCHAR
STARTCHAR upsilondieresistonos
ENCODING 944
SWIDTH 598 0
DWIDTH 10 0
BBX 7 12 1 0
BITMAP
2E
7E
00
C2
C2
C2
C2
C2
C2
C2
46
7C
ENDCHAR
STARTCHAR alpha
ENCODING 945
SWIDTH 623 0
DWIDTH 10 0
BBX 9 9 1 0
BITMAP
3A00
6E00
C200
8200
8200
8200
C200
C700
7B80
ENDCHAR
STARTCHAR beta
ENCODING 946
SWIDTH 613 0
DWIDTH 10 0
BBX 8 16 1 -4
BITMAP
3C
46
C2
C2
C6
D8
C6
C3
C1
C3
C3
FE
C0
C0
C0
C0
ENDCHAR
STARTCHAR gamma
ENCODING 947
SWIDTH 516 0
DWIDTH 8 0
BBX 8 12 0 -3
BITMAP
83
C3
43
42
62
22
34
1C
18
18
18
18
ENDCHAR
STARTCHAR delta
ENCODING 948
SWIDTH 588 0
DWIDTH 9 0
BBX 8 12 1 0
BITMAP
3E
62
60
20
38
64
C2
82
83
82
C6
7C
ENDCHAR
STARTCHAR epsilon
ENCODING 949
SWIDTH 470 0
DWIDTH 8 0
BBX 6 9 1 0
BITMAP
38
CC
80
C0
30
C0
80
C4
7C
ENDCHAR
STARTCHAR zeta
ENCODING 950
SWIDTH 460 0
DWIDTH 7 0
BBX 6 15 1 -3
BITMAP
FC
0C
18
10
20
60
40
C0
80
80
C0
7C
0C
04
0C
ENDCHAR
STARTCHAR eta
ENCODING 951
SWIDTH 608 0
DWIDTH 10 0
BBX 7 13 1 -4
BITMAP
DC
F6
C2
C2
C2
C2
C2
C2
C2
02
02
02
02
ENDCHAR
STARTCHAR theta
ENCODING 952
SWIDTH 594 0
DWIDTH 10 0
BBX 8 12 1 0
BITMAP
7C
46
C2
82
83
FF
83
83
82
C2
46
3C
ENDCHAR
STARTCHAR iota
ENCODING 953
SWIDTH 332 0
DWIDTH 5 0
BBX 4 9 1 0
BITMAP
C0
C0
C0
C0
C0
C0
C0
C0
70
ENDCHAR
STARTCHAR kappa
ENCODING 954
SWIDTH 534 0
DWIDTH 9 0
BBX 7 9 1 0
BITMAP
C6
C4
C8
D8
F0
D8
CC
C4
C6
ENDCHAR
STARTCHAR lambda
ENCODING 955
SWIDTH 519 0
DWIDTH 8 0
BBX 8 12 0 0
BITMAP
E0
30
10
18
18
18
2C
24
66
42
42
C3
ENDCHAR
STARTCHAR uni03BC
ENCODING 956
SWIDTH 626 0
DWIDTH 10 0
BBX 9 13 1 -4
BITMAP
C300
C300
C300
C300
C300
C300
C300
C700
FF80
C000
C000
C000
C000
ENDCHAR
STARTCHAR nu
ENCODING 957
SWIDTH 516 0
DWIDTH 8 0
BBX 8 9 0 0
BITMAP
83
C3
43
43
62
22
34
1C
18
ENDCHAR
STARTCHAR xi
ENCODING 958
SWIDTH 490 0
DWIDTH 8 0
BBX 6 15 1 -3
BITMAP
FC
60
40
C0
40
3C
60
C0
80
80
E0
7C
0C
04
0C
ENDCHAR
STARTCHAR omicron
ENCODING 959
SWIDTH 605 0
DWIDTH 10 0
BBX 8 9 1 0
BITMAP
38
6E
C2
83
83
83
C3
46
3C
ENDCHAR
STARTCHAR pi
ENCODING 960
SWIDTH 653 0
DWIDTH 10 0
BBX 10 9 0 0
BITMAP
FFC0
FFC0
2100
2100
2100
2100
2100
2100
21C0
ENDCHAR
STARTCHAR rho
ENCODING 961
SWIDTH 600 0
DWIDTH 10 0
BBX 8 13 1 -4
BITMAP
38
6E
C2
C3
C3
C3
C2
C6
BC
C0
C0
C0
C0
ENDCHAR
STARTCHAR uni03C2
ENCODING 962
SWIDTH 487 0
DWIDTH 8 0
BBX 6 12 1 -3
BITMAP
3C
7C
C0
80
80
80
C0
60
3C
0C
04
0C
ENDCHAR
STARTCHAR sigma
ENCODING 963
SWIDTH 614 0
DWIDTH 10 0
BBX 8 9 1 0
BITMAP
1F
7F
C2
82
83
83
C2
46
7C
ENDCHAR
STARTCHAR tau
ENCODING 964
SWIDTH 490 0
DWIDTH 8 0
BBX 7 9 0 0
BITMAP
FE
FE
10
10
10
10
10
10
1E
ENDCHAR
STARTCHAR upsilon
ENCODING 965
SWIDTH 598 0
DWIDTH 10 0
BBX 7 9 1 0
BITMAP
C2
C2
C2
C2
C2
C2
C2
46
7C
ENDCHAR
STARTCHAR phi
ENCODING 966
SWIDTH 725 0
DWIDTH 12 0
BBX 10 16 1 -4
BITMAP
0C00
0C00
0C00
1E00
7F00
CC80
8CC0
8CC0
8CC0
CC80
6D80
3F00
0C00
0C00
0C00
0C00
ENDCHAR
STARTCHAR chi
ENCODING 967
SWIDTH 594 0
DWIDTH 10 0
BBX 9 13 0 -4
BITMAP
C080
E180
2100
3300
1200
1C00
0C00
0C00
1400
3600
2200
6300
C180
ENDCHAR
STARTCHAR psi
ENCODING 968
SWIDTH 749 0
DWIDTH 12 0
BBX 10 16 1 -4
BITMAP
0C00
0C00
0C00
CC80
CCC0
CCC0
CCC0
CCC0
CCC0
CCC0
6D80
3F00
0C00
0C00
0C00
0C00
ENDCHAR
STARTCHAR omega
ENCODING 969
SWIDTH 799 0
DWIDTH 13 0
BBX 11 9 1 0
BITMAP
6080
4040
C040
C460
8460
8460
C460
4E40
7BC0
ENDCHAR
STARTCHAR iotadieresis
ENCODING 970
SWIDTH 332 0
DWIDTH 5 0
BBX 5 12 0 0
BITMAP
48
D8
00
60
60
60
60
60
60
60
60
38
ENDCHAR
STARTCHAR upsilondieresis
ENCODING 971
SWIDTH 598 0
DWIDTH 10 0
BBX 7 12 1 0
BITMAP
24
6C
00
C2
C2
C2
C2
C2
C2
C2
46
7C
ENDCHAR
STARTCHAR omicrontonos
ENCODING 972
SWIDTH 605 0
DWIDTH 10 0
BBX 8 12 1 0
BITMAP
0C
08
00
38
6E
C2
83
83
83
C3
46
3C
ENDCHAR
STARTCHAR upsilontonos
ENCODING 973
SWIDTH 598 0
DWIDTH 10 0
BBX 7 12 1 0
BITMAP
0C
08
00
C2
C2
C2
C2
C2
C2
C2
46
7C
ENDCHAR
STARTCHAR omegatonos
ENCODING 974
SWIDTH 799 0
DWIDTH 13 0
BBX 11 12 1 0
BITMAP
0600
0400
0000
6080
4040
C040
C460
8460
8460
C460
4E40
7BC0
ENDCHAR
STARTCHAR uni03CF
ENCODING 975
SWIDTH 619 0
DWIDTH 10 0
BBX 8 15 2 -4
BITMAP
87
8C
98
90
A0
F0
98
88
8C
86
83
03
02
CE
78
ENDCHAR
STARTCHAR uni03D0
ENCODING 976
SWIDTH 641 0
DWIDTH 10 0
BBX 8 12 1 0
BITMAP
1E
23
63
5E
C0
FE
C3
C1
41
41
63
3E
ENDCHAR
STARTCHAR uni03D1
ENCODING 977
SWIDTH 623 0
DWIDTH 10 0
BBX 10 12 0 0
BITMAP
3E00
2300
2100
3100
1FC0
C1C0
E180
2180
6180
6100
2300
3E00
ENDCHAR
STARTCHAR uni03D2
ENCODING 978
SWIDTH 592 0
DWIDTH 9 0
BBX 9 12 0 0
BITMAP
0080
C180
6300
2200
3600
1400
1C00
0800
0800
0800
0800
0800
ENDCHAR
STARTCHAR uni03D3
ENCODING 979
SWIDTH 802 0
DWIDTH 13 0
BBX 11 12 1 0
BITMAP
0020
F060
98C0
0880
0D80
0500
0700
0200
0200
0200
0200
0200
ENDCHAR
STARTCHAR uni03D4
ENCODING 980
SWIDTH 592 0
DWIDTH 9 0
BBX 9 15 0 0
BITMAP
1200
3600
0000
0080
C180
6300
2200
3600
1400
1C00
0800
0800
0800
0800
0800
ENDCHAR
STARTCHAR uni03D5
ENCODING 981
SWIDTH 725 0
DWIDTH 12 0
BBX 10 16 1 -4
BITMAP
0C00
0C00
0C00
1E00
7F00
CC80
8CC0
8CC0
8CC0
CC80
6D80
3F00
0C00
0C00
0C00
0C00
ENDCHAR
STARTCHAR uni03D6
ENCODING 982
SWIDTH 858 0
DWIDTH 14 0
BBX 13 9 0 0
BITMAP
FFF8
FFF8
2010
2310
6310
2310
2310
3330
1DE0
ENDCHAR
STARTCHAR uni03D7
ENCODING 983
SWIDTH 534 0
DWIDTH 9 0
BBX 7 12 1 -3
BITMAP
C6
C4
C8
D8
F0
D8
CC
C4
C6
02
06
FC
ENDCHAR
STARTCHAR uni03D8
ENCODING 984
SWIDTH 763 0
DWIDTH 12 0
BBX 10 12 1 0
BITMAP
0C00
3F80
60C0
C0C0
C040
C040
C040
C0C0
7180
1F00
0C00
0C00
ENDCHAR
STARTCHAR uni03D9
ENCODING 985
SWIDTH 605 0
DWIDTH 10 0
BBX 8 13 1 -4
BITMAP
38
6E
C2
83
83
83
C3
46
3C
18
18
18
18
ENDCHAR
STARTCHAR uni03DA
ENCODING 986
SWIDTH 632 0
DWIDTH 10 0
BBX 9 12 1 0
BITMAP
0E00
3F80
6000
C000
C000
C000
C000
4000
7C00
0C00
0C00
0C00
ENDCHAR
STARTCHAR uni03DB
ENCODING 987
SWIDTH 480 0
DWIDTH 8 0
BBX 6 12 1 -3
BITMAP
3C
7C
C0
80
80
80
C0
60
38
0C
04
7C
ENDCHAR
STARTCHAR uni03DC
ENCODING 988
SWIDTH 509 0
DWIDTH 8 0
BBX 6 11 2 0
BITMAP
FC
80
80
80
80
F8
88
88
80
80
80
ENDCHAR
STARTCHAR uni03DD
ENCODING 989
SWIDTH 517 0
DWIDTH 8 0
BBX 6 13 2 -4
BITMAP
FC
FC
80
80
80
F8
88
88
88
80
80
80
80
ENDCHAR
STARTCHAR uni03DE
ENCODING 990
SWIDTH 495 0
DWIDTH 8 0
BBX 8 12 0 0
BITMAP
C0
E0
20
60
60
7E
7E
06
04
04
04
07
ENDCHAR
STARTCHAR uni03DF
ENCODING 991
SWIDTH 556 0
DWIDTH 9 0
BBX 7 16 1 -4
BITMAP
E0
20
20
60
40
40
DE
FE
84
04
0C
08
08
18
18
0E
ENDCHAR
STARTCHAR uni03E0
ENCODING 992
SWIDTH 593 0
DWIDTH 9 0
BBX 8 12 0 0
BITMAP
30
FC
86
1B
31
03
0D
19
01
01
03
03
ENDCHAR
STARTCHAR uni03E1
ENCODING 993
SWIDTH 521 0
DWIDTH 8 0
BBX 8 16 -1 -4
BITMAP
C0
70
18
0C
0E
32
03
03
1D
11
01
01
01
01
03
02
ENDCHAR
STARTCHAR uni03F0
ENCODING 1008
SWIDTH 681 0
DWIDTH 11 0
BBX 11 9 0 0
BITMAP
E0C0
B180
1180
1380
1780
1D00
3980
3180
20E0
ENDCHAR
STARTCHAR uni03F1
ENCODING 1009
SWIDTH 600 0
DWIDTH 10 0
BBX 8 13 1 -4
BITMAP
38
6E
C2
C3
C3
C3
C2
E6
BC
C0
70
3E
04
ENDCHAR
STARTCHAR uni03F2
ENCODING 1010
SWIDTH 480 0
DWIDTH 8 0
BBX 6 9 1 0
BITMAP
3C
7C
C0
80
80
80
C0
44
7C
ENDCHAR
STARTCHAR uni03F3
ENCODING 1011
SWIDTH 258 0
DWIDTH 4 0
BBX 4 16 -1 -4
BITMAP
30
30
00
30
30
30
30
30
30
30
30
30
30
30
30
E0
ENDCHAR
STARTCHAR uni03F4
ENCODING 1012
SWIDTH 782 0
DWIDTH 13 0
BBX 11 12 1 0
BITMAP
0C00
3F80
60C0
C0C0
C040
C040
FFE0
C040
C040
40C0
6180
3F00
ENDCHAR
STARTCHAR uni03F5
ENCODING 1013
SWIDTH 495 0
DWIDTH 8 0
BBX 6 9 1 0
BITMAP
3C
7C
C0
80
FC
80
C0
44
3C
ENDCHAR
STARTCHAR uni03F6
ENCODING 1014
SWIDTH 494 0
DWIDTH 8 0
BBX 7 9 0 0
BITMAP
78
7C
06
06
7E
02
06
8C
F8
ENDCHAR
STARTCHAR uni03F7
ENCODING 1015
SWIDTH 605 0
DWIDTH 10 0
BBX 7 11 2 0
BITMAP
80
80
FC
86
86
86
86
FC
E0
80
80
ENDCHAR
STARTCHAR uni03F8
ENCODING 1016
SWIDTH 615 0
DWIDTH 10 0
BBX 8 16 1 -4
BITMAP
C0
C0
C0
DC
F6
C3
C3
C3
C3
C3
E2
FE
C0
C0
C0
C0
ENDCHAR
STARTCHAR uni03F9
ENCODING 1017
SWIDTH 632 0
DWIDTH 10 0
BBX 9 12 1 0
BITMAP
0E00
3F80
6000
C000
C000
C000
C000
C000
C000
4000
7080
3F00
ENDCHAR
STARTCHAR uni03FA
ENCODING 1018
SWIDTH 907 0
DWIDTH 15 0
BBX 11 11 2 0
BITMAP
C0E0
E0A0
A1A0
B120
9220
8E20
8C20
8020
8020
8020
8020
ENDCHAR
STARTCHAR uni03FB
ENCODING 1019
SWIDTH 726 0
DWIDTH 12 0
BBX 9 13 1 -4
BITMAP
C080
E180
E380
D280
DC80
CC80
C080
C080
C080
C000
C000
C000
C000
ENDCHAR
STARTCHAR uni03FC
ENCODING 1020
SWIDTH 605 0
DWIDTH 10 0
BBX 9 13 0 -4
BITMAP
1C00
3700
6100
6180
6180
6180
6100
6300
5E00
6000
FC00
FC00
6000
ENDCHAR
STARTCHAR uni03FD
ENCODING 1021
SWIDTH 632 0
DWIDTH 10 0
BBX 9 12 0 0
BITMAP
1800
FE00
0300
0180
0180
0080
0080
0080
0180
0100
4700
7E00
ENDCHAR
STARTCHAR uni03FE
ENCODING 1022
SWIDTH 632 0
DWIDTH 10 0
BBX 9 12 1 0
BITMAP
0E00
3F80
6000
C000
C000
CC00
CC00
C000
C000
4000
7080
3F00
ENDCHAR
STARTCHAR uni03FF
ENCODING 1023
SWIDTH 632 0
DWIDTH 10 0
BBX 9 12 0 0
BITMAP
1800
FE00
0300
0180
0180
1880
1880
0080
0180
0100
4700
7E00
ENDCHAR
STARTCHAR uni0400
ENCODING 1024
SWIDTH 556 0
DWIDTH 9 0
BBX 6 15 2 0
BITMAP
60
30
00
00
FC
80
80
80
FC
FC
80
80
80
80
FC
ENDCHAR
STARTCHAR uni0401
ENCODING 1025
SWIDTH 556 0
DWIDTH 9 0
BBX 6 15 2 0
BITMAP
48
48
00
00
FC
80
80
80
FC
FC
80
80
80
80
FC
ENDCHAR
STARTCHAR uni0402
ENCODING 1026
SWIDTH 716 0
DWIDTH 11 0
BBX 11 11 0 0
BITMAP
FF00
1000
1000
1000
1F80
18C0
1060
1060
1060
10C0
1380
ENDCHAR
STARTCHAR uni0403
ENCODING 1027
SWIDTH 509 0
DWIDTH 8 0
BBX 6 15 2 0
BITMAP
18
10
20
00
FC
80
80
80
80
80
80
80
80
80
80
ENDCHAR
STARTCHAR uni0404
ENCODING 1028
SWIDTH 639 0
DWIDTH 10 0
BBX 9 12 1 0
BITMAP
0E00
3F80
6000
C000
C000
FE00
FE00
C000
C000
4000
7080
3F00
ENDCHAR
STARTCHAR uni0405
ENCODING 1029
SWIDTH 549 0
DWIDTH 9 0
BBX 7 12 1 0
BITMAP
18
7E
C0
80
C0
70
3C
06
02
02
86
FC
ENDCHAR
STARTCHAR uni0406
ENCODING 1030
SWIDTH 284 0
DWIDTH 5 0
BBX 1 11 2 0
BITMAP
80
80
80
80
80
80
80
80
80
80
80
ENDCHAR
STARTCHAR uni0407
ENCODING 1031
SWIDTH 284 0
DWIDTH 5 0
BBX 4 14 0 0
BITMAP
D0
00
00
20
20
20
20
20
20
20
20
20
20
20
ENDCHAR
STARTCHAR uni0408
ENCODING 1032
SWIDTH 273 0
DWIDTH 4 0
BBX 4 14 -1 -3
BITMAP
30
30
30
30
30
30
30
30
30
30
30
30
30
E0
ENDCHAR
STARTCHAR uni0409
ENCODING 1033
SWIDTH 1010 0
DWIDTH 16 0
BBX 15 11 0 0
BITMAP
1F80
1080
1080
1080
10FC
3086
3082
3082
3082
2086
E0FC
ENDCHAR
STARTCHAR uni040A
ENCODING 1034
SWIDTH 1027 0
DWIDTH 16 0
BBX 14 11 2 0
BITMAP
8300
8300
8300
8300
FFF0
8338
8308
830C
830C
8318
83F0
ENDCHAR
STARTCHAR uni040B
ENCODING 1035
SWIDTH 715 0
DWIDTH 11 0
BBX 11 11 0 0
BITMAP
FF00
1000
1000
1000
1F80
18C0
1040
1060
1060
1060
1060
ENDCHAR
STARTCHAR uni040C
ENCODING 1036
SWIDTH 625 0
DWIDTH 10 0
BBX 8 15 2 0
BITMAP
18
10
20
01
86
84
8C
98
F0
F0
98
8C
84
86
83
ENDCHAR
STARTCHAR uni040D
ENCODING 1037
SWIDTH 756 0
DWIDTH 12 0
BBX 9 15 2 0
BITMAP
3000
1800
0000
0000
8380
8380
8780
8D80
8980
9980
9180
A180
E180
C180
8180
ENDCHAR
STARTCHAR uni040E
ENCODING 1038
SWIDTH 616 0
DWIDTH 10 0
BBX 10 14 0 0
BITMAP
1B00
0400
0040
C080
6180
2180
3100
1300
1A00
0E00
0C00
0C00
1800
7000
ENDCHAR
STARTCHAR uni040F
ENCODING 1039
SWIDTH 731 0
DWIDTH 12 0
BBX 8 14 2 -3
BITMAP
81
81
81
81
81
81
81
81
81
81
FF
18
18
18
ENDCHAR
STARTCHAR uni0410
ENCODING 1040
SWIDTH 638 0
DWIDTH 10 0
BBX 10 11 0 0
BITMAP
0C00
0E00
1A00
1200
1300
3100
3F00
6180
4080
40C0
C040
ENDCHAR
STARTCHAR uni0411
ENCODING 1041
SWIDTH 614 0
DWIDTH 10 0
BBX 7 11 2 0
BITMAP
FC
80
80
80
F8
8C
86
82
86
8C
F8
ENDCHAR
STARTCHAR uni0412
ENCODING 1042
SWIDTH 650 0
DWIDTH 10 0
BBX 8 11 2 0
BITMAP
FC
86
82
86
FC
FC
82
83
82
86
FC
ENDCHAR
STARTCHAR uni0413
ENCODING 1043
SWIDTH 509 0
DWIDTH 8 0
BBX 6 11 2 0
BITMAP
FC
80
80
80
80
80
80
80
80
80
80
ENDCHAR
STARTCHAR uni0414
ENCODING 1044
SWIDTH 729 0
DWIDTH 12 0
BBX 12 14 0 -3
BITMAP
1FC0
1040
1040
1040
1040
1040
1040
3040
3040
6040
FFF0
C030
C030
C030
ENDCHAR
STARTCHAR uni0415
ENCODING 1045
SWIDTH 556 0
DWIDTH 9 0
BBX 6 11 2 0
BITMAP
FC
80
80
80
FC
FC
80
80
80
80
FC
ENDCHAR
STARTCHAR uni0416
ENCODING 1046
SWIDTH 905 0
DWIDTH 14 0
BBX 14 11 0 0
BITMAP
C10C
2118
3110
1130
0FE0
0FE0
1930
3110
2118
6108
C10C
ENDCHAR
STARTCHAR uni0417
ENCODING 1047
SWIDTH 577 0
DWIDTH 9 0
BBX 7 12 1 0
BITMAP
30
FC
06
06
06
7C
7C
06
02
02
86
FC
ENDCHAR
STARTCHAR uni0418
ENCODING 1048
SWIDTH 756 0
DWIDTH 12 0
BBX 9 11 2 0
BITMAP
8380
8380
8780
8D80
8980
9980
9180
A180
E180
C180
8180
ENDCHAR
STARTCHAR uni0419
ENCODING 1049
SWIDTH 756 0
DWIDTH 12 0
BBX 9 14 2 0
BITMAP
3600
0800
0000
8380
8380
8780
8D80
8980
9980
9180
A180
E180
C180
8180
ENDCHAR
STARTCHAR uni041A
ENCODING 1050
SWIDTH 625 0
DWIDTH 10 0
BBX 8 11 2 0
BITMAP
87
84
8C
98
F0
F0
98
8C
84
86
83
ENDCHAR
STARTCHAR uni041B
ENCODING 1051
SWIDTH 698 0
DWIDTH 11 0
BBX 10 11 0 0
BITMAP
1FC0
10C0
10C0
10C0
10C0
30C0
30C0
30C0
30C0
20C0
E0C0
ENDCHAR
STARTCHAR uni041C
ENCODING 1052
SWIDTH 907 0
DWIDTH 15 0
BBX 11 11 2 0
BITMAP
C0E0
C0A0
E0A0
A1A0
B120
9120
9220
9A20
8E20
8C20
8C20
ENDCHAR
STARTCHAR uni041D
ENCODING 1053
SWIDTH 743 0
DWIDTH 12 0
BBX 8 11 2 0
BITMAP
81
81
81
81
FF
FF
81
81
81
81
81
ENDCHAR
STARTCHAR uni041E
ENCODING 1054
SWIDTH 761 0
DWIDTH 12 0
BBX 10 12 1 0
BITMAP
0C00
3F00
6180
C0C0
C040
C040
8040
C040
C0C0
40C0
6180
3F00
ENDCHAR
STARTCHAR uni041F
ENCODING 1055
SWIDTH 733 0
DWIDTH 12 0
BBX 8 11 2 0
BITMAP
FF
81
81
81
81
81
81
81
81
81
81
ENDCHAR
STARTCHAR uni0420
ENCODING 1056
SWIDTH 605 0
DWIDTH 10 0
BBX 7 11 2 0
BITMAP
FC
86
86
86
86
FC
E0
80
80
80
80
ENDCHAR
STARTCHAR uni0421
ENCODING 1057
SWIDTH 640 0
DWIDTH 10 0
BBX 9 12 1 0
BITMAP
0E00
3F80
6000
C000
C000
C000
8000
C000
C000
4000
7080
3F00
ENDCHAR
STARTCHAR uni0422
ENCODING 1058
SWIDTH 556 0
DWIDTH 9 0
BBX 9 11 0 0
BITMAP
FF80
0800
0800
0800
0800
0800
0800
0800
0800
0800
0800
ENDCHAR
STARTCHAR uni0423
ENCODING 1059
SWIDTH 616 0
DWIDTH 10 0
BBX 10 11 0 0
BITMAP
C0C0
6180
2180
3100
1300
1A00
0E00
0C00
0C00
1800
7000
ENDCHAR
STARTCHAR uni0424
ENCODING 1060
SWIDTH 817 0
DWIDTH 13 0
BBX 11 12 1 0
BITMAP
0400
0400
3F80
64C0
C460
8420
8420
8420
C460
7FC0
1F00
0400
ENDCHAR
STARTCHAR uni0425
ENCODING 1061
SWIDTH 588 0
DWIDTH 9 0
BBX 9 11 0 0
BITMAP
C180
2300
3200
1600
0C00
0C00
1400
3200
2300
6100
C180
ENDCHAR
STARTCHAR uni0426
ENCODING 1062
SWIDTH 740 0
DWIDTH 12 0
BBX 10 14 2 -3
BITMAP
8100
8100
8100
8100
8100
8100
8100
8100
8100
8100
FFC0
00C0
00C0
00C0
ENDCHAR
STARTCHAR uni0427
ENCODING 1063
SWIDTH 673 0
DWIDTH 11 0
BBX 8 11 1 0
BITMAP
C1
C1
C1
C1
C1
7F
3D
01
01
01
01
ENDCHAR
STARTCHAR uni0428
ENCODING 1064
SWIDTH 1035 0
DWIDTH 17 0
BBX 13 11 2 0
BITMAP
8208
8208
8208
8208
8208
8208
8208
8208
8208
8208
FFF8
ENDCHAR
STARTCHAR uni0429
ENCODING 1065
SWIDTH 1026 0
DWIDTH 16 0
BBX 14 14 2 -3
BITMAP
8618
8618
8618
8618
8618
8618
8618
8618
8618
8618
FFFC
0004
0004
0004
ENDCHAR
STARTCHAR uni042A
ENCODING 1066
SWIDTH 685 0
DWIDTH 11 0
BBX 10 11 0 0
BITMAP
F000
1000
1000
1000
1F00
11C0
10C0
1040
10C0
11C0
1F00
ENDCHAR
STARTCHAR uni042B
ENCODING 1067
SWIDTH 849 0
DWIDTH 14 0
BBX 10 11 2 0
BITMAP
8040
8040
8040
8040
F840
8C40
8640
8640
8640
8C40
F840
ENDCHAR
STARTCHAR uni042C
ENCODING 1068
SWIDTH 607 0
DWIDTH 10 0
BBX 7 11 2 0
BITMAP
80
80
80
80
F8
8C
86
86
86
8C
F8
ENDCHAR
STARTCHAR uni042D
ENCODING 1069
SWIDTH 647 0
DWIDTH 10 0
BBX 8 12 1 0
BITMAP
30
FC
06
03
01
7F
7F
01
01
03
86
FC
ENDCHAR
STARTCHAR uni042E
ENCODING 1070
SWIDTH 999 0
DWIDTH 16 0
BBX 13 12 2 0
BITMAP
0180
87E0
8C30
9818
9818
F818
F818
9818
9818
8810
8C30
87E0
ENDCHAR
STARTCHAR uni042F
ENCODING 1071
SWIDTH 638 0
DWIDTH 10 0
BBX 9 11 0 0
BITMAP
3F80
6180
6180
6180
2180
3F80
1980
1180
3180
6180
C180
ENDCHAR
STARTCHAR uni0430
ENCODING 1072
SWIDTH 556 0
DWIDTH 9 0
BBX 7 9 1 0
BITMAP
38
EC
06
06
7E
C6
86
8E
FE
ENDCHAR
STARTCHAR uni0431
ENCODING 1073
SWIDTH 597 0
DWIDTH 10 0
BBX 8 12 1 0
BITMAP
1E
70
40
C0
BE
C2
C3
83
83
C3
46
3C
ENDCHAR
STARTCHAR uni0432
ENCODING 1074
SWIDTH 564 0
DWIDTH 9 0
BBX 7 9 1 0
BITMAP
F8
FE
C2
C6
F8
C6
C2
C6
FC
ENDCHAR
STARTCHAR uni0433
ENCODING 1075
SWIDTH 438 0
DWIDTH 7 0
BBX 6 9 1 0
BITMAP
FC
FC
C0
C0
C0
C0
C0
C0
C0
ENDCHAR
STARTCHAR uni0434
ENCODING 1076
SWIDTH 607 0
DWIDTH 10 0
BBX 10 11 0 -2
BITMAP
3F00
3F00
3100
3100
3100
2100
2100
6100
FFC0
C0C0
C0C0
ENDCHAR
STARTCHAR uni0435
ENCODING 1077
SWIDTH 551 0
DWIDTH 9 0
BBX 7 9 1 0
BITMAP
38
6C
C6
82
FE
80
C0
C2
7E
ENDCHAR
STARTCHAR uni0436
ENCODING 1078
SWIDTH 759 0
DWIDTH 12 0
BBX 12 9 0 0
BITMAP
C630
6620
2640
36C0
1F80
36C0
2640
6660
C630
ENDCHAR
STARTCHAR uni0437
ENCODING 1079
SWIDTH 488 0
DWIDTH 8 0
BBX 6 9 1 0
BITMAP
70
DC
0C
0C
70
0C
04
8C
F8
ENDCHAR
STARTCHAR uni0438
ENCODING 1080
SWIDTH 621 0
DWIDTH 10 0
BBX 8 9 1 0
BITMAP
C3
C7
C7
CB
DB
D3
F3
E3
C3
ENDCHAR
STARTCHAR uni0439
ENCODING 1081
SWIDTH 621 0
DWIDTH 10 0
BBX 8 12 1 0
BITMAP
22
1C
00
C3
C7
C7
CB
DB
D3
F3
E3
C3
ENDCHAR
STARTCHAR uni043A
ENCODING 1082
SWIDTH 531 0
DWIDTH 9 0
BBX 7 9 1 0
BITMAP
C2
C4
CC
C8
F0
D8
CC
C4
C6
ENDCHAR
STARTCHAR uni043B
ENCODING 1083
SWIDTH 587 0
DWIDTH 9 0
BBX 8 9 0 0
BITMAP
3F
3F
21
21
21
21
21
61
C1
ENDCHAR
STARTCHAR uni043C
ENCODING 1084
SWIDTH 768 0
DWIDTH 12 0
BBX 10 9 1 0
BITMAP
C0C0
E0C0
E140
F140
D340
D240
DE40
CC40
CC40
ENDCHAR
STARTCHAR uni043D
ENCODING 1085
SWIDTH 614 0
DWIDTH 10 0
BBX 7 9 1 0
BITMAP
C2
C2
C2
C2
FE
C2
C2
C2
C2
ENDCHAR
STARTCHAR uni043E
ENCODING 1086
SWIDTH 594 0
DWIDTH 10 0
BBX 8 9 1 0
BITMAP
38
6E
C2
83
83
83
C2
46
7C
ENDCHAR
STARTCHAR uni043F
ENCODING 1087
SWIDTH 606 0
DWIDTH 10 0
BBX 7 9 1 0
BITMAP
FE
FE
C2
C2
C2
C2
C2
C2
C2
ENDCHAR
STARTCHAR uni0440
ENCODING 1088
SWIDTH 608 0
DWIDTH 10 0
BBX 8 13 1 -4
BITMAP
DC
F6
C3
C3
C3
C3
C3
E2
FE
C0
C0
C0
C0
ENDCHAR
STARTCHAR uni0441
ENCODING 1089
SWIDTH 493 0
DWIDTH 8 0
BBX 6 9 1 0
BITMAP
3C
64
C0
80
80
80
C0
C0
7C
ENDCHAR
STARTCHAR uni0442
ENCODING 1090
SWIDTH 465 0
DWIDTH 7 0
BBX 7 9 0 0
BITMAP
FE
FE
10
10
10
10
10
10
10
ENDCHAR
STARTCHAR uni0443
ENCODING 1091
SWIDTH 509 0
DWIDTH 8 0
BBX 8 13 0 -4
BITMAP
C1
C3
42
62
26
24
3C
18
18
18
10
B0
E0
ENDCHAR
STARTCHAR uni0444
ENCODING 1092
SWIDTH 737 0
DWIDTH 12 0
BBX 10 16 1 -4
BITMAP
0C00
0C00
0C00
1E00
7F80
CCC0
8CC0
8C40
8CC0
CCC0
4D80
3F00
0C00
0C00
0C00
0C00
ENDCHAR
STARTCHAR uni0445
ENCODING 1093
SWIDTH 511 0
DWIDTH 8 0
BBX 8 9 0 0
BITMAP
C3
62
24
3C
18
1C
24
66
C3
ENDCHAR
STARTCHAR uni0446
ENCODING 1094
SWIDTH 612 0
DWIDTH 10 0
BBX 9 11 1 -2
BITMAP
C200
C200
C200
C200
C200
C200
C200
C200
FF80
0180
0180
ENDCHAR
STARTCHAR uni0447
ENCODING 1095
SWIDTH 589 0
DWIDTH 9 0
BBX 7 9 1 0
BITMAP
82
82
82
82
C2
7E
02
02
02
ENDCHAR
STARTCHAR uni0448
ENCODING 1096
SWIDTH 894 0
DWIDTH 14 0
BBX 12 9 1 0
BITMAP
C610
C610
C610
C610
C610
C610
C610
C610
FFF0
ENDCHAR
STARTCHAR uni0449
ENCODING 1097
SWIDTH 897 0
DWIDTH 14 0
BBX 13 11 1 -2
BITMAP
C630
C630
C630
C630
C630
C630
C630
C630
FFF8
0008
0008
ENDCHAR
STARTCHAR uni044A
ENCODING 1098
SWIDTH 623 0
DWIDTH 10 0
BBX 9 9 0 0
BITMAP
F000
F000
1000
1000
1F80
1080
1080
1180
1F00
ENDCHAR
STARTCHAR uni044B
ENCODING 1099
SWIDTH 759 0
DWIDTH 12 0
BBX 10 9 1 0
BITMAP
C0C0
C0C0
C0C0
C0C0
FCC0
C6C0
C6C0
C6C0
FCC0
ENDCHAR
STARTCHAR uni044C
ENCODING 1100
SWIDTH 545 0
DWIDTH 9 0
BBX 7 9 1 0
BITMAP
C0
C0
C0
C0
FC
C6
C2
C6
FC
ENDCHAR
STARTCHAR uni044D
ENCODING 1101
SWIDTH 494 0
DWIDTH 8 0
BBX 6 9 1 0
BITMAP
F0
98
0C
04
7C
04
0C
08
F0
ENDCHAR
STARTCHAR uni044E
ENCODING 1102
SWIDTH 799 0
DWIDTH 13 0
BBX 11 9 1 0
BITMAP
C380
CEC0
C860
D860
F820
D820
C860
CC40
C780
ENDCHAR
STARTCHAR uni044F
ENCODING 1103
SWIDTH 577 0
DWIDTH 9 0
BBX 7 9 1 0
BITMAP
3E
FE
C6
C6
E6
3E
66
46
C6
ENDCHAR
STARTCHAR uni0450
ENCODING 1104
SWIDTH 551 0
DWIDTH 9 0
BBX 7 12 1 0
BITMAP
30
18
00
38
6C
C6
82
FE
80
C0
C2
7E
ENDCHAR
STARTCHAR uni0451
ENCODING 1105
SWIDTH 551 0
DWIDTH 9 0
BBX 7 12 1 0
BITMAP
24
24
00
38
6C
C6
82
FE
80
C0
C2
7E
ENDCHAR
STARTCHAR uni0452
ENCODING 1106
SWIDTH 619 0
DWIDTH 10 0
BBX 9 16 0 -4
BITMAP
6000
FC00
6000
6000
7F00
6100
6180
6180
6180
6180
6180
6180
0180
0180
0900
0600
ENDCHAR
STARTCHAR uni0453
ENCODING 1107
SWIDTH 438 0
DWIDTH 7 0
BBX 6 12 1 0
BITMAP
18
10
20
FC
FC
C0
C0
C0
C0
C0
C0
C0
ENDCHAR
STARTCHAR uni0454
ENCODING 1108
SWIDTH 493 0
DWIDTH 8 0
BBX 6 9 1 0
BITMAP
3C
64
C0
80
F8
80
80
C0
7C
ENDCHAR
STARTCHAR uni0455
ENCODING 1109
SWIDTH 468 0
DWIDTH 7 0
BBX 6 9 1 0
BITMAP
7C
C8
80
C0
70
18
0C
8C
F8
ENDCHAR
STARTCHAR uni0456
ENCODING 1110
SWIDTH 258 0
DWIDTH 4 0
BBX 2 12 1 0
BITMAP
C0
C0
00
C0
C0
C0
C0
C0
C0
C0
C0
C0
ENDCHAR
STARTCHAR uni0457
ENCODING 1111
SWIDTH 258 0
DWIDTH 4 0
BBX 4 12 0 0
BITMAP
70
F0
00
60
60
60
60
60
60
60
60
60
ENDCHAR
STARTCHAR uni0458
ENCODING 1112
SWIDTH 258 0
DWIDTH 4 0
BBX 4 16 -1 -4
BITMAP
30
30
00
30
30
30
30
30
30
30
30
30
30
30
30
E0
ENDCHAR
STARTCHAR uni0459
ENCODING 1113
SWIDTH 859 0
DWIDTH 14 0
BBX 13 9 0 0
BITMAP
3F00
3F00
2300
2300
23F0
2318
2308
6318
C3F0
ENDCHAR
STARTCHAR uni045A
ENCODING 1114
SWIDTH 890 0
DWIDTH 14 0
BBX 13 9 1 0
BITMAP
C200
C200
C200
C200
FFF0
C210
C218
C210
C3E0
ENDCHAR
STARTCHAR uni045B
ENCODING 1115
SWIDTH 621 0
DWIDTH 10 0
BBX 9 12 0 0
BITMAP
6000
FC00
6000
6000
7F00
6100
6180
6180
6180
6180
6180
6180
ENDCHAR
STARTCHAR uni045C
ENCODING 1116
SWIDTH 531 0
DWIDTH 9 0
BBX 7 12 1 0
BITMAP
0C
08
10
C2
C4
CC
C8
F0
D8
CC
C4
C6
ENDCHAR
STARTCHAR uni045D
ENCODING 1117
SWIDTH 621 0
DWIDTH 10 0
BBX 8 12 1 0
BITMAP
30
18
00
C3
C7
C7
CB
DB
D3
F3
E3
C3
ENDCHAR
STARTCHAR uni045E
ENCODING 1118
SWIDTH 509 0
DWIDTH 8 0
BBX 8 16 0 -4
BITMAP
22
1C
00
C1
C3
42
62
26
24
3C
18
18
18
10
B0
E0
ENDCHAR
STARTCHAR uni045F
ENCODING 1119
SWIDTH 606 0
DWIDTH 10 0
BBX 7 11 1 -2
BITMAP
C2
C2
C2
C2
C2
C2
C2
C2
FE
18
18
ENDCHAR
STARTCHAR uni0460
ENCODING 1120
SWIDTH 919 0
DWIDTH 15 0
BBX 14 11 0 0
BITMAP
C304
4104
4104
410C
638C
638C
2688
34D8
1458
1C70
1830
ENDCHAR
STARTCHAR uni0461
ENCODING 1121
SWIDTH 789 0
DWIDTH 13 0
BBX 12 9 0 0
BITMAP
C610
C610
4210
4230
4630
6720
2D60
39C0
18C0
ENDCHAR
STARTCHAR uni0462
ENCODING 1122
SWIDTH 675 0
DWIDTH 11 0
BBX 10 11 0 0
BITMAP
1000
FE00
1000
1000
1E00
1F80
10C0
10C0
10C0
1180
1F00
ENDCHAR
STARTCHAR uni0463
ENCODING 1123
SWIDTH 634 0
DWIDTH 10 0
BBX 9 10 0 0
BITMAP
2000
FC00
FC00
2000
2000
3F00
2180
2080
2180
3F00
ENDCHAR
STARTCHAR uni0464
ENCODING 1124
SWIDTH 922 0
DWIDTH 15 0
BBX 12 12 2 0
BITMAP
00C0
83F0
8600
8C00
8800
FFE0
FFE0
8800
8800
8C00
8610
83F0
ENDCHAR
STARTCHAR uni0465
ENCODING 1125
SWIDTH 742 0
DWIDTH 12 0
BBX 10 9 1 0
BITMAP
C3C0
C7C0
CC00
C800
FFC0
C800
CC00
C440
C3C0
ENDCHAR
STARTCHAR uni0466
ENCODING 1126
SWIDTH 683 0
DWIDTH 11 0
BBX 11 11 0 0
BITMAP
0E00
0A00
0A00
1B00
1F00
3F80
2480
6480
64C0
4440
C460
ENDCHAR
STARTCHAR uni0467
ENCODING 1127
SWIDTH 572 0
DWIDTH 9 0
BBX 9 9 0 0
BITMAP
0800
1400
1400
3600
3E00
2B00
6900
4900
C980
ENDCHAR
STARTCHAR uni0468
ENCODING 1128
SWIDTH 929 0
DWIDTH 15 0
BBX 13 11 2 0
BITMAP
8300
8280
8680
86C0
FFC0
FFE0
8960
9920
9130
9110
B118
ENDCHAR
STARTCHAR uni0469
ENCODING 1129
SWIDTH 780 0
DWIDTH 12 0
BBX 11 9 1 0
BITMAP
C300
C300
C580
C480
FF80
CBC0
DB40
D360
F320
ENDCHAR
STARTCHAR uni046A
ENCODING 1130
SWIDTH 729 0
DWIDTH 12 0
BBX 11 11 0 0
BITMAP
7FC0
20C0
1180
0900
0F00
3FC0
2640
6640
4660
4620
C620
ENDCHAR
STARTCHAR uni046B
ENCODING 1131
SWIDTH 640 0
DWIDTH 10 0
BBX 10 9 0 0
BITMAP
7F80
7F80
3300
1A00
3F00
6D80
4C80
4CC0
CC40
ENDCHAR
STARTCHAR uni046C
ENCODING 1132
SWIDTH 984 0
DWIDTH 16 0
BBX 14 11 2 0
BITMAP
9FF8
8C30
8620
8240
FFC0
FFF0
8990
9998
9998
9188
B18C
ENDCHAR
STARTCHAR uni046D
ENCODING 1133
SWIDTH 849 0
DWIDTH 14 0
BBX 12 9 1 0
BITMAP
DFE0
CFE0
C440
C280
FFC0
C920
D930
D130
F110
ENDCHAR
STARTCHAR uni046E
ENCODING 1134
SWIDTH 587 0
DWIDTH 9 0
BBX 9 17 0 -3
BITMAP
2300
1400
1C00
7F00
4100
0100
0300
3E00
3E00
0100
0180
0100
0300
7E00
4000
C000
7F00
ENDCHAR
STARTCHAR uni046F
ENCODING 1135
SWIDTH 490 0
DWIDTH 8 0
BBX 7 14 0 -3
BITMAP
46
2C
38
6E
06
06
38
06
02
06
7C
C0
C0
7E
ENDCHAR
STARTCHAR uni0470
ENCODING 1136
SWIDTH 804 0
DWIDTH 13 0
BBX 11 11 1 0
BITMAP
C460
C460
C460
C460
4460
4440
64C0
1F00
0400
0400
0400
ENDCHAR
STARTCHAR uni0471
ENCODING 1137
SWIDTH 761 0
DWIDTH 12 0
BBX 10 16 1 -4
BITMAP
0C00
0C00
0C00
CC80
CCC0
CCC0
CCC0
CCC0
CCC0
CCC0
6D80
3F00
0C00
0C00
0C00
0C00
ENDCHAR
STARTCHAR uni0472
ENCODING 1138
SWIDTH 782 0
DWIDTH 13 0
BBX 11 12 1 0
BITMAP
0C00
3F80
60C0
C0C0
C040
C040
FFE0
C040
C040
40C0
6180
3F00
ENDCHAR
STARTCHAR uni0473
ENCODING 1139
SWIDTH 605 0
DWIDTH 10 0
BBX 8 9 1 0
BITMAP
38
6E
C2
83
FF
83
C3
46
3C
ENDCHAR
STARTCHAR uni0474
ENCODING 1140
SWIDTH 635 0
DWIDTH 10 0
BBX 11 12 0 0
BITMAP
0040
C0E0
4180
6100
6100
2300
3300
3200
1600
1E00
0C00
0C00
ENDCHAR
STARTCHAR uni0475
ENCODING 1141
SWIDTH 516 0
DWIDTH 8 0
BBX 9 9 0 0
BITMAP
8180
C380
4200
6600
2400
2400
3400
1C00
1800
ENDCHAR
STARTCHAR uni0476
ENCODING 1142
SWIDTH 635 0
DWIDTH 10 0
BBX 11 15 0 0
BITMAP
3400
1200
0800
0040
C0E0
4180
6100
6100
2300
3300
3200
1600
1E00
0C00
0C00
ENDCHAR
STARTCHAR uni0477
ENCODING 1143
SWIDTH 516 0
DWIDTH 8 0
BBX 9 12 0 0
BITMAP
6800
2400
1000
8180
C380
4200
6600
2400
2400
3400
1C00
1800
ENDCHAR
STARTCHAR uni0478
ENCODING 1144
SWIDTH 1220 0
DWIDTH 20 0
BBX 18 16 1 -4
BITMAP
0C0000
3F0000
618000
C0B040
C0D040
C0D8C0
80C880
C0C880
C08D80
408500
618500
3E0200
000200
000600
000C00
003800
ENDCHAR
STARTCHAR uni0479
ENCODING 1145
SWIDTH 1095 0
DWIDTH 18 0
BBX 16 13 1 -4
BITMAP
38C1
6EC3
C242
8362
8326
8324
C33C
4618
3C18
0018
0010
0030
00E0
ENDCHAR
STARTCHAR Omegaroundcy
ENCODING 1146
SWIDTH 821 0
DWIDTH 13 0
BBX 11 13 1 -1
BITMAP
0E00
3F80
60C0
C060
C060
C020
8020
C020
C060
4040
76C0
1F00
0600
ENDCHAR
STARTCHAR omegaroundcy
ENCODING 1147
SWIDTH 659 0
DWIDTH 11 0
BBX 9 10 1 -1
BITMAP
1C00
7F00
C100
8180
8180
8180
C100
4B00
3E00
1800
ENDCHAR
STARTCHAR Omegatitlocy
ENCODING 1148
SWIDTH 1026 0
DWIDTH 16 0
BBX 14 17 1 0
BITMAP
0200
0FC0
0300
0100
0200
1820
7CF8
400C
C004
C004
8004
8004
C304
C304
430C
6318
3EF0
ENDCHAR
STARTCHAR omegatitlocy
ENCODING 1149
SWIDTH 904 0
DWIDTH 14 0
BBX 13 14 1 0
BITMAP
0E00
1180
0600
0600
0000
39C0
68B0
C010
8010
8018
8210
C210
4630
7DE0
ENDCHAR
STARTCHAR Otcy
ENCODING 1150
SWIDTH 919 0
DWIDTH 15 0
BBX 14 14 0 0
BITMAP
0FE0
0000
0000
C304
4104
4104
410C
638C
638C
2688
34D8
1458
1C70
1830
ENDCHAR
STARTCHAR otcy
ENCODING 1151
SWIDTH 789 0
DWIDTH 13 0
BBX 12 11 0 0
BITMAP
1F80
0000
C610
C610
4210
4230
4630
6720
2D60
39C0
18C0
ENDCHAR
STARTCHAR uni0480
ENCODING 1152
SWIDTH 643 0
DWIDTH 10 0
BBX 9 16 1 -4
BITMAP
0E00
3F80
6000
4000
C000
C000
C000
C000
C000
4000
7000
3E00
0600
0600
0600
0600
ENDCHAR
STARTCHAR uni0481
ENCODING 1153
SWIDTH 492 0
DWIDTH 8 0
BBX 6 13 1 -4
BITMAP
3C
7C
C0
80
80
80
C0
C0
78
08
08
08
08
ENDCHAR
STARTCHAR uni0482
ENCODING 1154
SWIDTH 609 0
DWIDTH 10 0
BBX 8 10 1 0
BITMAP
02
26
1C
0E
0B
D0
70
38
44
40
ENDCHAR
STARTCHAR uni0483
ENCODING 1155
SWIDTH 0 0
DWIDTH 0 0
BBX 5 2 -7 9
BITMAP
F8
80
ENDCHAR
STARTCHAR uni0484
ENCODING 1156
SWIDTH 0 0
DWIDTH 0 0
BBX 6 2 -7 10
BITMAP
18
EC
ENDCHAR
STARTCHAR uni0485
ENCODING 1157
SWIDTH 0 0
DWIDTH 0 0
BBX 2 2 -6 10
BITMAP
C0
40
ENDCHAR
STARTCHAR uni0486
ENCODING 1158
SWIDTH 0 0
DWIDTH 0 0
BBX 1 2 -5 10
BITMAP
80
80
ENDCHAR
STARTCHAR uni0487
ENCODING 1159
SWIDTH 0 0
DWIDTH 0 0
BBX 6 2 -3 12
BITMAP
F0
8C
ENDCHAR
STARTCHAR uni0488
ENCODING 1160
SWIDTH 0 0
DWIDTH 0 0
BBX 18 17 -9 -4
BITMAP
008000
01E000
000000
380700
240900
000000
000000
000000
E003C0
900240
000000
000000
100200
280D00
040000
01C000
012000
ENDCHAR
STARTCHAR uni0489
ENCODING 1161
SWIDTH 0 0
DWIDTH 0 0
BBX 18 17 -9 -4
BITMAP
004000
00C000
108000
100300
080C00
080000
000000
000000
F00380
100040
000000
000000
000400
1C0400
304200
00C200
008000
ENDCHAR
STARTCHAR uni048A
ENCODING 1162
SWIDTH 785 0
DWIDTH 13 0
BBX 10 18 2 -3
BITMAP
6200
2600
1800
0000
8180
8380
8780
8580
8980
9980
9180
A180
E180
C180
81C0
0040
00C0
0180
ENDCHAR
STARTCHAR uni048B
ENCODING 1163
SWIDTH 659 0
DWIDTH 11 0
BBX 9 15 1 -3
BITMAP
6200
3E00
0000
C300
C700
C500
CD00
C900
D100
F100
E100
C180
0080
0180
0100
ENDCHAR
STARTCHAR uni048C
ENCODING 1164
SWIDTH 615 0
DWIDTH 10 0
BBX 9 11 0 0
BITMAP
2000
FC00
2000
2000
3C00
3F00
2180
2080
2180
2380
3E00
ENDCHAR
STARTCHAR uni048D
ENCODING 1165
SWIDTH 594 0
DWIDTH 10 0
BBX 9 12 0 0
BITMAP
6000
6000
F800
6000
6000
6000
6000
7F00
6180
6180
6100
7F00
ENDCHAR
STARTCHAR uni048E
ENCODING 1166
SWIDTH 613 0
DWIDTH 10 0
BBX 7 11 2 0
BITMAP
FC
86
86
86
96
FC
EC
84
80
80
80
ENDCHAR
STARTCHAR uni048F
ENCODING 1167
SWIDTH 615 0
DWIDTH 10 0
BBX 8 13 1 -4
BITMAP
DC
F6
C3
C3
C3
C3
CB
E6
FE
C2
C0
C0
C0
ENDCHAR
STARTCHAR uni0490
ENCODING 1168
SWIDTH 532 0
DWIDTH 9 0
BBX 6 14 2 0
BITMAP
04
04
04
FC
80
80
80
80
80
80
80
80
80
80
ENDCHAR
STARTCHAR uni0491
ENCODING 1169
SWIDTH 436 0
DWIDTH 7 0
BBX 6 11 1 0
BITMAP
0C
0C
FC
FC
C0
C0
C0
C0
C0
C0
C0
ENDCHAR
STARTCHAR uni0492
ENCODING 1170
SWIDTH 530 0
DWIDTH 8 0
BBX 8 11 0 0
BITMAP
3F
20
20
20
20
FC
20
20
20
20
20
ENDCHAR
STARTCHAR uni0493
ENCODING 1171
SWIDTH 434 0
DWIDTH 7 0
BBX 7 9 0 0
BITMAP
7E
7E
60
60
F8
60
60
60
60
ENDCHAR
STARTCHAR uni0494
ENCODING 1172
SWIDTH 651 0
DWIDTH 10 0
BBX 8 15 2 -4
BITMAP
FC
80
80
80
80
FC
86
82
83
83
83
03
02
46
7C
ENDCHAR
STARTCHAR uni0495
ENCODING 1173
SWIDTH 533 0
DWIDTH 9 0
BBX 7 13 1 -4
BITMAP
FC
FC
C0
C0
F8
CC
C6
C2
C2
02
06
2C
38
ENDCHAR
STARTCHAR uni0496
ENCODING 1174
SWIDTH 904 0
DWIDTH 14 0
BBX 14 14 0 -3
BITMAP
E318
2330
1320
1B40
0FC0
0F80
0B40
1360
3330
6310
C30C
0004
0004
0004
ENDCHAR
STARTCHAR uni0497
ENCODING 1175
SWIDTH 796 0
DWIDTH 13 0
BBX 12 12 0 -3
BITMAP
C630
6660
36C0
1680
0F00
1F80
36C0
6660
C630
0010
0010
0010
ENDCHAR
STARTCHAR uni0498
ENCODING 1176
SWIDTH 577 0
DWIDTH 9 0
BBX 7 16 1 -4
BITMAP
30
FC
06
06
06
7C
7C
06
02
02
86
FC
10
18
38
20
ENDCHAR
STARTCHAR uni0499
ENCODING 1177
SWIDTH 488 0
DWIDTH 8 0
BBX 6 13 1 -4
BITMAP
70
DC
0C
0C
70
0C
04
8C
F8
20
10
70
20
ENDCHAR
STARTCHAR uni049A
ENCODING 1178
SWIDTH 670 0
DWIDTH 11 0
BBX 8 14 2 -3
BITMAP
87
8C
98
B0
A0
E0
B0
98
8C
86
83
01
01
01
ENDCHAR
STARTCHAR uni049B
ENCODING 1179
SWIDTH 557 0
DWIDTH 9 0
BBX 8 12 1 -3
BITMAP
C6
CC
C8
D0
E0
D0
D8
CC
C7
03
03
03
ENDCHAR
STARTCHAR uni049C
ENCODING 1180
SWIDTH 625 0
DWIDTH 10 0
BBX 8 11 2 0
BITMAP
87
AC
B8
B0
A0
E0
B0
B8
AC
86
83
ENDCHAR
STARTCHAR uni049D
ENCODING 1181
SWIDTH 529 0
DWIDTH 8 0
BBX 7 9 1 0
BITMAP
C6
DC
D8
D0
F0
D0
D8
DC
C6
ENDCHAR
STARTCHAR uni049E
ENCODING 1182
SWIDTH 625 0
DWIDTH 10 0
BBX 10 11 0 0
BITMAP
21C0
F900
2300
2600
3C00
3C00
2600
2300
2100
2180
20C0
ENDCHAR
STARTCHAR uni049F
ENCODING 1183
SWIDTH 534 0
DWIDTH 9 0
BBX 8 12 0 0
BITMAP
60
FC
60
63
66
64
68
70
68
6C
66
63
ENDCHAR
STARTCHAR uni04A0
ENCODING 1184
SWIDTH 693 0
DWIDTH 11 0
BBX 11 11 0 0
BITMAP
F0E0
1180
1100
1200
1400
1C00
1600
1300
1180
10C0
1060
ENDCHAR
STARTCHAR uni04A1
ENCODING 1185
SWIDTH 623 0
DWIDTH 10 0
BBX 10 9 0 0
BITMAP
F0C0
F180
1300
1600
1C00
1600
1300
1180
10C0
ENDCHAR
STARTCHAR uni04A2
ENCODING 1186
SWIDTH 755 0
DWIDTH 12 0
BBX 10 14 2 -3
BITMAP
8100
8100
8100
8100
FF00
FF00
8100
8100
8100
8100
81C0
00C0
00C0
00C0
ENDCHAR
STARTCHAR uni04A3
ENCODING 1187
SWIDTH 657 0
DWIDTH 11 0
BBX 9 12 1 -3
BITMAP
C300
C300
C300
C300
FF00
C300
C300
C300
C380
0080
0080
0080
ENDCHAR
STARTCHAR uni04A4
ENCODING 1188
SWIDTH 815 0
DWIDTH 13 0
BBX 11 11 2 0
BITMAP
81E0
8100
8100
8100
FF00
FF00
8100
8100
8100
8100
8100
ENDCHAR
STARTCHAR uni04A5
ENCODING 1189
SWIDTH 738 0
DWIDTH 12 0
BBX 11 9 1 0
BITMAP
C3E0
C3E0
C300
C300
FF00
C300
C300
C300
C300
ENDCHAR
STARTCHAR uni04A6
ENCODING 1190
SWIDTH 1056 0
DWIDTH 17 0
BBX 14 15 2 -4
BITMAP
FF00
8300
8300
8300
8300
83F0
8318
830C
8304
8304
8304
0004
000C
0098
00F0
ENDCHAR
STARTCHAR uni04A7
ENCODING 1191
SWIDTH 863 0
DWIDTH 14 0
BBX 12 13 1 -4
BITMAP
FE00
FE00
C200
C200
C3C0
C230
C210
C210
C210
0010
0010
0130
01E0
ENDCHAR
STARTCHAR uni04A8
ENCODING 1192
SWIDTH 779 0
DWIDTH 12 0
BBX 11 13 1 -1
BITMAP
0C00
3E00
6000
C380
C640
C440
8440
C440
C440
46C0
6380
3FE0
00E0
ENDCHAR
STARTCHAR uni04A9
ENCODING 1193
SWIDTH 642 0
DWIDTH 10 0
BBX 9 9 1 0
BITMAP
3800
6800
C600
8900
8900
8900
C900
4F00
3F80
ENDCHAR
STARTCHAR uni04AA
ENCODING 1194
SWIDTH 632 0
DWIDTH 10 0
BBX 9 16 1 -4
BITMAP
0E00
3F80
6000
C000
C000
C000
C000
C000
C000
4000
7080
3F00
0C00
0400
1400
0800
ENDCHAR
STARTCHAR uni04AB
ENCODING 1195
SWIDTH 480 0
DWIDTH 8 0
BBX 6 13 1 -4
BITMAP
3C
7C
C0
80
80
80
C0
44
7C
10
08
38
10
ENDCHAR
STARTCHAR uni04AC
ENCODING 1196
SWIDTH 556 0
DWIDTH 9 0
BBX 9 14 0 -3
BITMAP
FF80
0800
0800
0800
0800
0800
0800
0800
0800
0800
0E00
0600
0600
0600
ENDCHAR
STARTCHAR uni04AD
ENCODING 1197
SWIDTH 475 0
DWIDTH 8 0
BBX 7 12 0 -3
BITMAP
FE
FE
10
10
10
10
10
10
1C
0C
0C
0C
ENDCHAR
STARTCHAR uni04AE
ENCODING 1198
SWIDTH 566 0
DWIDTH 9 0
BBX 9 11 0 0
BITMAP
C180
6300
2200
3600
1400
1C00
0800
0800
0800
0800
0800
ENDCHAR
STARTCHAR uni04AF
ENCODING 1199
SWIDTH 508 0
DWIDTH 8 0
BBX 8 13 0 -4
BITMAP
81
C3
42
66
26
24
3C
18
18
18
18
18
18
ENDCHAR
STARTCHAR uni04B0
ENCODING 1200
SWIDTH 566 0
DWIDTH 9 0
BBX 9 11 0 0
BITMAP
C180
6300
2200
3600
1400
1C00
0800
7F00
0800
0800
0800
ENDCHAR
STARTCHAR uni04B1
ENCODING 1201
SWIDTH 508 0
DWIDTH 8 0
BBX 8 13 0 -4
BITMAP
81
C3
42
62
26
24
3C
18
18
7E
18
18
18
ENDCHAR
STARTCHAR uni04B2
ENCODING 1202
SWIDTH 631 0
DWIDTH 10 0
BBX 10 14 0 -3
BITMAP
C180
2300
3200
1400
0C00
0C00
1400
3200
2300
6100
C1C0
00C0
00C0
00C0
ENDCHAR
STARTCHAR uni04B3
ENCODING 1203
SWIDTH 552 0
DWIDTH 9 0
BBX 9 12 0 -3
BITMAP
C300
6200
2600
1C00
1800
1C00
3400
6200
C380
0180
0180
0180
ENDCHAR
STARTCHAR uni04B4
ENCODING 1204
SWIDTH 862 0
DWIDTH 14 0
BBX 13 14 0 -3
BITMAP
FF90
1810
1810
1810
1810
1810
1810
1810
1810
1810
1FF8
0008
0008
0008
ENDCHAR
STARTCHAR uni04B5
ENCODING 1205
SWIDTH 724 0
DWIDTH 12 0
BBX 11 12 0 -3
BITMAP
FE40
FE40
1040
1040
1040
1040
1040
1040
1FE0
0020
0020
0020
ENDCHAR
STARTCHAR uni04B6
ENCODING 1206
SWIDTH 703 0
DWIDTH 11 0
BBX 10 14 1 -3
BITMAP
C180
C180
C180
C180
C180
4380
7F80
0180
0180
0180
01C0
0040
0040
0040
ENDCHAR
STARTCHAR uni04B7
ENCODING 1207
SWIDTH 621 0
DWIDTH 10 0
BBX 9 12 1 -3
BITMAP
C200
C200
C200
C200
C600
7A00
0200
0200
0380
0180
0180
0180
ENDCHAR
STARTCHAR uni04B8
ENCODING 1208
SWIDTH 698 0
DWIDTH 11 0
BBX 9 11 1 0
BITMAP
C180
C180
C180
C980
C980
6B80
3F80
0980
0980
0180
0180
ENDCHAR
STARTCHAR uni04B9
ENCODING 1209
SWIDTH 606 0
DWIDTH 10 0
BBX 7 9 1 0
BITMAP
C2
C2
C2
D2
D6
7A
12
12
02
ENDCHAR
STARTCHAR uni04BA
ENCODING 1210
SWIDTH 698 0
DWIDTH 11 0
BBX 8 11 2 0
BITMAP
80
80
80
80
FE
83
83
83
83
83
83
ENDCHAR
STARTCHAR uni04BB
ENCODING 1211
SWIDTH 618 0
DWIDTH 10 0
BBX 8 12 1 0
BITMAP
C0
C0
C0
DC
F6
C3
C3
C3
C3
C3
C3
C3
ENDCHAR
STARTCHAR uni04BC
ENCODING 1212
SWIDTH 849 0
DWIDTH 14 0
BBX 13 12 0 0
BITMAP
0180
07E0
0C30
1810
D018
5018
7FF8
1000
1800
1800
0C10
07F0
ENDCHAR
STARTCHAR uni04BD
ENCODING 1213
SWIDTH 665 0
DWIDTH 11 0
BBX 10 9 0 0
BITMAP
0700
1D80
D0C0
D0C0
7FC0
1000
1000
1840
0F80
ENDCHAR
STARTCHAR uni04BE
ENCODING 1214
SWIDTH 849 0
DWIDTH 14 0
BBX 13 15 0 -3
BITMAP
0180
07E0
0C30
1810
D018
5018
7FF8
1000
1800
1800
0C10
07F0
0180
0180
0180
ENDCHAR
STARTCHAR uni04BF
ENCODING 1215
SWIDTH 665 0
DWIDTH 11 0
BBX 10 12 0 -3
BITMAP
0700
1D80
D0C0
D0C0
7FC0
1000
1000
1840
0F80
0200
0200
0200
ENDCHAR
STARTCHAR uni04C0
ENCODING 1216
SWIDTH 339 0
DWIDTH 5 0
BBX 4 11 1 0
BITMAP
F0
40
40
40
40
40
40
40
40
40
F0
ENDCHAR
STARTCHAR uni04C1
ENCODING 1217
SWIDTH 905 0
DWIDTH 14 0
BBX 14 14 0 0
BITMAP
06C0
0100
8000
410C
2118
3110
1130
0FE0
0FE0
1930
3110
2118
6108
C10C
ENDCHAR
STARTCHAR uni04C2
ENCODING 1218
SWIDTH 759 0
DWIDTH 12 0
BBX 12 12 0 0
BITMAP
0880
0700
0000
C630
6620
2640
36C0
1F80
36C0
2640
6660
C630
ENDCHAR
STARTCHAR uni04C3
ENCODING 1219
SWIDTH 696 0
DWIDTH 11 0
BBX 8 15 2 -4
BITMAP
87
8C
98
B0
A0
FC
86
83
81
81
81
01
03
46
3C
ENDCHAR
STARTCHAR uni04C4
ENCODING 1220
SWIDTH 560 0
DWIDTH 9 0
BBX 7 13 1 -4
BITMAP
C6
CC
C8
D0
F8
CE
C2
C2
C2
02
02
26
3C
ENDCHAR
STARTCHAR uni04C5
ENCODING 1221
SWIDTH 719 0
DWIDTH 12 0
BBX 11 14 0 -3
BITMAP
1FC0
18C0
18C0
10C0
10C0
10C0
10C0
30C0
30C0
20C0
E0E0
0020
0060
0040
ENDCHAR
STARTCHAR uni04C6
ENCODING 1222
SWIDTH 587 0
DWIDTH 9 0
BBX 9 12 0 -3
BITMAP
1F00
1F00
1300
3300
3300
2300
2300
6300
C380
0080
0180
0100
ENDCHAR
STARTCHAR uni04C7
ENCODING 1223
SWIDTH 731 0
DWIDTH 12 0
BBX 8 15 2 -4
BITMAP
81
81
81
81
FF
FF
81
81
81
81
81
01
03
26
3C
ENDCHAR
STARTCHAR uni04C8
ENCODING 1224
SWIDTH 621 0
DWIDTH 10 0
BBX 8 13 1 -4
BITMAP
C3
C3
C3
C3
FF
C3
C3
C3
C3
03
03
16
1C
ENDCHAR
STARTCHAR uni04C9
ENCODING 1225
SWIDTH 756 0
DWIDTH 12 0
BBX 10 14 2 -3
BITMAP
8100
8100
8100
8100
FF00
FF00
8100
8100
8100
8100
81C0
0080
0080
0180
ENDCHAR
STARTCHAR uni04CA
ENCODING 1226
SWIDTH 662 0
DWIDTH 11 0
BBX 9 12 1 -3
BITMAP
C300
C300
C300
C300
FF00
C300
C300
C300
C380
0080
0180
0100
ENDCHAR
STARTCHAR uni04CB
ENCODING 1227
SWIDTH 698 0
DWIDTH 11 0
BBX 9 14 1 -3
BITMAP
C180
C180
C180
C180
C180
4380
7F80
0180
0180
0180
0380
0200
0200
0200
ENDCHAR
STARTCHAR uni04CC
ENCODING 1228
SWIDTH 613 0
DWIDTH 10 0
BBX 7 12 1 -3
BITMAP
C2
C2
C2
C2
C6
7A
02
02
06
04
04
04
ENDCHAR
STARTCHAR uni04CD
ENCODING 1229
SWIDTH 917 0
DWIDTH 15 0
BBX 13 14 2 -3
BITMAP
C0E0
C0A0
E0A0
A1A0
B120
9120
9220
9A20
8E20
8C28
8C30
0010
0030
0020
ENDCHAR
STARTCHAR uni04CE
ENCODING 1230
SWIDTH 755 0
DWIDTH 12 0
BBX 11 12 1 -3
BITMAP
C0C0
E1C0
E1C0
E3C0
D2C0
D2C0
DEC0
CCC0
CCE0
0060
0040
0040
ENDCHAR
STARTCHAR uni04CF
ENCODING 1231
SWIDTH 339 0
DWIDTH 5 0
BBX 4 11 1 0
BITMAP
F0
40
40
40
40
40
40
40
40
40
F0
ENDCHAR
STARTCHAR uni04D0
ENCODING 1232
SWIDTH 639 0
DWIDTH 10 0
BBX 10 14 0 0
BITMAP
1B00
0400
0000
0C00
0E00
1A00
1200
1300
3100
3F00
6180
4080
40C0
C040
ENDCHAR
STARTCHAR uni04D1
ENCODING 1233
SWIDTH 561 0
DWIDTH 9 0
BBX 7 12 1 0
BITMAP
44
38
00
38
6C
06
06
7E
C6
86
8E
FA
ENDCHAR
STARTCHAR uni04D2
ENCODING 1234
SWIDTH 639 0
DWIDTH 10 0
BBX 10 15 0 0
BITMAP
1200
3600
0000
0000
0C00
0E00
1A00
1200
1300
3100
3F00
6180
4080
40C0
C040
ENDCHAR
STARTCHAR uni04D3
ENCODING 1235
SWIDTH 561 0
DWIDTH 9 0
BBX 7 12 1 0
BITMAP
24
6C
00
38
6C
06
06
7E
C6
86
8E
FA
ENDCHAR
STARTCHAR uni04D4
ENCODING 1236
SWIDTH 881 0
DWIDTH 14 0
BBX 13 11 0 0
BITMAP
07F8
0D80
0980
0980
19F8
11F8
3F80
2180
6180
4180
C1F8
ENDCHAR
STARTCHAR uni04D5
ENCODING 1237
SWIDTH 864 0
DWIDTH 14 0
BBX 12 9 1 0
BITMAP
39C0
CF60
0630
0610
7FF0
C600
8600
8E10
F9F0
ENDCHAR
STARTCHAR uni04D6
ENCODING 1238
SWIDTH 556 0
DWIDTH 9 0
BBX 6 14 2 0
BITMAP
D8
20
00
FC
80
80
80
FC
FC
80
80
80
80
FC
ENDCHAR
STARTCHAR uni04D7
ENCODING 1239
SWIDTH 564 0
DWIDTH 9 0
BBX 7 12 1 0
BITMAP
44
38
00
38
6C
C6
82
FE
80
C0
42
3E
ENDCHAR
STARTCHAR uni04D8
ENCODING 1240
SWIDTH 739 0
DWIDTH 12 0
BBX 10 12 1 0
BITMAP
1C00
7F00
0180
0080
00C0
00C0
FFC0
80C0
C0C0
C080
6380
3E00
ENDCHAR
STARTCHAR uni04D9
ENCODING 1241
SWIDTH 564 0
DWIDTH 9 0
BBX 7 9 1 0
BITMAP
78
DC
06
02
FE
FE
86
C4
7C
ENDCHAR
STARTCHAR uni04DA
ENCODING 1242
SWIDTH 739 0
DWIDTH 12 0
BBX 10 15 1 0
BITMAP
1200
3600
0000
1C00
7F00
0180
0080
00C0
00C0
FFC0
80C0
C0C0
C080
6380
3E00
ENDCHAR
STARTCHAR uni04DB
ENCODING 1243
SWIDTH 564 0
DWIDTH 9 0
BBX 7 12 1 0
BITMAP
24
6C
00
78
DC
06
02
FE
FE
86
C4
7C
ENDCHAR
STARTCHAR uni04DC
ENCODING 1244
SWIDTH 905 0
DWIDTH 14 0
BBX 14 15 0 0
BITMAP
0240
06C0
0000
8000
410C
2118
3110
1130
0FE0
0FE0
1930
3110
2118
6108
C10C
ENDCHAR
STARTCHAR uni04DD
ENCODING 1245
SWIDTH 759 0
DWIDTH 12 0
BBX 12 12 0 0
BITMAP
0900
1B00
0000
C630
6620
2640
36C0
1F80
36C0
2640
6660
C630
ENDCHAR
STARTCHAR uni04DE
ENCODING 1246
SWIDTH 577 0
DWIDTH 9 0
BBX 7 15 1 0
BITMAP
48
D8
00
30
FC
06
06
06
7C
7C
06
02
02
86
FC
ENDCHAR
STARTCHAR uni04DF
ENCODING 1247
SWIDTH 488 0
DWIDTH 8 0
BBX 6 12 1 0
BITMAP
48
D8
00
70
DC
0C
0C
70
0C
04
8C
F8
ENDCHAR
STARTCHAR uni04E0
ENCODING 1248
SWIDTH 584 0
DWIDTH 9 0
BBX 7 11 1 0
BITMAP
FE
0C
18
30
60
7C
02
02
02
86
FC
ENDCHAR
STARTCHAR uni04E1
ENCODING 1249
SWIDTH 498 0
DWIDTH 8 0
BBX 7 13 0 -4
BITMAP
FE
FE
04
08
10
30
1C
02
02
02
02
CE
78
ENDCHAR
STARTCHAR uni04E2
ENCODING 1250
SWIDTH 756 0
DWIDTH 12 0
BBX 9 14 2 0
BITMAP
3C00
0000
0000
8380
8380
8780
8D80
8980
9980
9180
A180
E180
C180
8180
ENDCHAR
STARTCHAR uni04E3
ENCODING 1251
SWIDTH 621 0
DWIDTH 10 0
BBX 8 11 1 0
BITMAP
3C
00
C3
C7
C7
CB
DB
D3
F3
E3
C3
ENDCHAR
STARTCHAR uni04E4
ENCODING 1252
SWIDTH 756 0
DWIDTH 12 0
BBX 9 15 2 0
BITMAP
2400
6C00
0000
0000
8380
8380
8780
8D80
8980
9980
9180
A180
E180
C180
8180
ENDCHAR
STARTCHAR uni04E5
ENCODING 1253
SWIDTH 621 0
DWIDTH 10 0
BBX 8 12 1 0
BITMAP
24
6C
00
C3
C7
C7
CB
DB
D3
F3
E3
C3
ENDCHAR
STARTCHAR uni04E6
ENCODING 1254
SWIDTH 781 0
DWIDTH 13 0
BBX 11 15 1 0
BITMAP
0900
1B00
0000
0C00
3F80
60C0
C0C0
C040
C040
C060
C040
C040
40C0
6180
3F00
ENDCHAR
STARTCHAR uni04E7
ENCODING 1255
SWIDTH 605 0
DWIDTH 10 0
BBX 8 12 1 0
BITMAP
24
6C
00
38
6E
C2
83
83
83
C3
46
3C
ENDCHAR
STARTCHAR uni04E8
ENCODING 1256
SWIDTH 782 0
DWIDTH 13 0
BBX 11 12 1 0
BITMAP
0C00
3F80
60C0
C0C0
C040
C040
FFE0
C040
C040
40C0
6180
3F00
ENDCHAR
STARTCHAR uni04E9
ENCODING 1257
SWIDTH 605 0
DWIDTH 10 0
BBX 8 9 1 0
BITMAP
38
6E
C2
83
FF
83
C3
46
3C
ENDCHAR
STARTCHAR uni04EA
ENCODING 1258
SWIDTH 782 0
DWIDTH 13 0
BBX 11 15 1 0
BITMAP
0900
1B00
0000
0C00
3F80
60C0
C0C0
C040
C040
FFE0
C040
C040
40C0
6180
3F00
ENDCHAR
STARTCHAR uni04EB
ENCODING 1259
SWIDTH 605 0
DWIDTH 10 0
BBX 8 12 1 0
BITMAP
24
6C
00
38
6E
C2
83
FF
83
C3
46
3C
ENDCHAR
STARTCHAR uni04EC
ENCODING 1260
SWIDTH 647 0
DWIDTH 10 0
BBX 8 15 1 0
BITMAP
48
D8
00
30
FC
06
03
01
7F
7F
01
01
03
86
FC
ENDCHAR
STARTCHAR uni04ED
ENCODING 1261
SWIDTH 494 0
DWIDTH 8 0
BBX 6 12 1 0
BITMAP
48
D8
00
F0
98
0C
04
7C
04
0C
08
F0
ENDCHAR
STARTCHAR uni04EE
ENCODING 1262
SWIDTH 616 0
DWIDTH 10 0
BBX 10 14 0 0
BITMAP
1E00
0000
0040
C080
6180
2180
3100
1300
1A00
0E00
0C00
0C00
1800
7000
ENDCHAR
STARTCHAR uni04EF
ENCODING 1263
SWIDTH 509 0
DWIDTH 8 0
BBX 8 15 0 -4
BITMAP
3C
00
C1
C3
42
62
26
24
3C
18
18
18
10
B0
E0
ENDCHAR
STARTCHAR uni04F0
ENCODING 1264
SWIDTH 616 0
DWIDTH 10 0
BBX 10 15 0 0
BITMAP
1200
3600
0000
0040
C080
6180
2180
3100
1300
1A00
0E00
0C00
0C00
1800
7000
ENDCHAR
STARTCHAR uni04F1
ENCODING 1265
SWIDTH 509 0
DWIDTH 8 0
BBX 8 16 0 -4
BITMAP
24
6C
00
C1
C3
42
62
26
24
3C
18
18
18
10
B0
E0
ENDCHAR
STARTCHAR uni04F2
ENCODING 1266
SWIDTH 616 0
DWIDTH 10 0
BBX 10 15 0 0
BITMAP
0780
0900
0200
0040
C080
6180
2180
3100
1300
1A00
0E00
0C00
0C00
1800
7000
ENDCHAR
STARTCHAR uni04F3
ENCODING 1267
SWIDTH 510 0
DWIDTH 8 0
BBX 8 16 0 -4
BITMAP
1E
24
08
C1
C3
42
62
26
24
3C
18
18
18
10
30
E0
ENDCHAR
STARTCHAR uni04F4
ENCODING 1268
SWIDTH 673 0
DWIDTH 11 0
BBX 8 15 1 0
BITMAP
12
36
00
00
C1
C1
C1
C1
C1
7F
3D
01
01
01
01
ENDCHAR
STARTCHAR uni04F5
ENCODING 1269
SWIDTH 589 0
DWIDTH 9 0
BBX 7 12 1 0
BITMAP
24
6C
00
82
82
82
82
C2
7E
02
02
02
ENDCHAR
STARTCHAR uni04F6
ENCODING 1270
SWIDTH 530 0
DWIDTH 8 0
BBX 6 14 2 -3
BITMAP
FC
80
80
80
80
80
80
80
80
80
C0
40
40
40
ENDCHAR
STARTCHAR uni04F7
ENCODING 1271
SWIDTH 433 0
DWIDTH 7 0
BBX 6 12 1 -3
BITMAP
FC
FC
C0
C0
C0
C0
C0
C0
E0
20
20
20
ENDCHAR
STARTCHAR uni04F8
ENCODING 1272
SWIDTH 849 0
DWIDTH 14 0
BBX 10 15 2 0
BITMAP
1200
3600
0000
0000
8040
8040
8040
8040
F840
8C40
8640
8640
8640
8C40
F840
ENDCHAR
STARTCHAR uni04F9
ENCODING 1273
SWIDTH 759 0
DWIDTH 12 0
BBX 10 12 1 0
BITMAP
1200
3600
0000
C0C0
C0C0
C0C0
C0C0
FCC0
C6C0
C6C0
C6C0
FCC0
ENDCHAR
STARTCHAR uni04FA
ENCODING 1274
SWIDTH 530 0
DWIDTH 8 0
BBX 8 14 0 -3
BITMAP
3F
20
20
20
20
FC
20
20
20
20
30
10
10
70
ENDCHAR
STARTCHAR uni04FB
ENCODING 1275
SWIDTH 434 0
DWIDTH 7 0
BBX 7 12 0 -3
BITMAP
7E
7E
60
60
F8
60
60
60
70
10
10
70
ENDCHAR
STARTCHAR uni04FC
ENCODING 1276
SWIDTH 632 0
DWIDTH 10 0
BBX 10 14 0 -3
BITMAP
C180
2300
3200
1400
0C00
0C00
1400
3200
2300
6100
C1C0
00C0
00C0
0180
ENDCHAR
STARTCHAR uni04FD
ENCODING 1277
SWIDTH 550 0
DWIDTH 9 0
BBX 9 12 0 -3
BITMAP
C300
6200
2600
1C00
1800
1C00
3400
6200
C380
0180
0180
0300
ENDCHAR
STARTCHAR uni04FE
ENCODING 1278
SWIDTH 586 0
DWIDTH 9 0
BBX 9 11 0 0
BITMAP
C180
2300
3200
1400
7F00
7F00
1400
3200
2300
6100
C180
ENDCHAR
STARTCHAR uni04FF
ENCODING 1279
SWIDTH 529 0
DWIDTH 8 0
BBX 8 9 0 0
BITMAP
C3
62
26
1C
7F
1C
34
62
C3
ENDCHAR
STARTCHAR uni0500
ENCODING 1280
SWIDTH 615 0
DWIDTH 10 0
BBX 7 11 1 0
BITMAP
02
02
02
02
1E
7E
C2
82
C2
E2
7E
ENDCHAR
STARTCHAR uni0501
ENCODING 1281
SWIDTH 615 0
DWIDTH 10 0
BBX 7 12 1 0
BITMAP
02
02
02
3A
6E
C2
82
82
82
C2
C6
7A
ENDCHAR
STARTCHAR uni0502
ENCODING 1282
SWIDTH 902 0
DWIDTH 14 0
BBX 12 11 1 0
BITMAP
0200
0200
0200
0200
1E10
7E10
C210
C210
C210
C730
7DE0
ENDCHAR
STARTCHAR uni0503
ENCODING 1283
SWIDTH 899 0
DWIDTH 14 0
BBX 12 12 1 0
BITMAP
0200
0200
0200
3A00
6E00
C600
8200
8210
8210
C210
C730
7DE0
ENDCHAR
STARTCHAR uni0504
ENCODING 1284
SWIDTH 905 0
DWIDTH 14 0
BBX 12 12 1 0
BITMAP
3000
FC00
8600
0600
0600
1C10
7C10
0610
0210
0210
0330
01E0
ENDCHAR
STARTCHAR uni0505
ENCODING 1285
SWIDTH 809 0
DWIDTH 13 0
BBX 11 9 1 0
BITMAP
7000
D800
0C00
0800
7060
0C60
0C60
0440
07C0
ENDCHAR
STARTCHAR uni0506
ENCODING 1286
SWIDTH 633 0
DWIDTH 10 0
BBX 9 15 1 -3
BITMAP
3000
FC00
8600
0200
0600
1C00
7C00
0600
0200
0200
0200
0380
0180
0180
0180
ENDCHAR
STARTCHAR uni0507
ENCODING 1287
SWIDTH 537 0
DWIDTH 9 0
BBX 7 12 1 -3
BITMAP
70
D8
0C
0C
70
0C
04
04
06
02
02
02
ENDCHAR
STARTCHAR uni0508
ENCODING 1288
SWIDTH 986 0
DWIDTH 16 0
BBX 14 11 0 0
BITMAP
1F80
1880
1880
1080
1084
1084
1084
3084
30C4
20CC
E078
ENDCHAR
STARTCHAR uni0509
ENCODING 1289
SWIDTH 859 0
DWIDTH 14 0
BBX 12 9 0 0
BITMAP
1F00
1F00
1300
3300
3310
2310
2310
6110
C1F0
ENDCHAR
STARTCHAR uni050A
ENCODING 1290
SWIDTH 1015 0
DWIDTH 16 0
BBX 13 11 2 0
BITMAP
8100
8100
8100
8100
FF18
FF18
8118
8118
8118
8118
81F0
ENDCHAR
STARTCHAR uni050B
ENCODING 1291
SWIDTH 917 0
DWIDTH 15 0
BBX 12 9 1 0
BITMAP
C300
C300
C300
C300
FF10
C310
C310
C310
C1F0
ENDCHAR
STARTCHAR uni050C
ENCODING 1292
SWIDTH 760 0
DWIDTH 12 0
BBX 10 12 1 0
BITMAP
0600
3F80
6000
C000
C000
C000
83C0
C040
C040
40C0
7180
1F00
ENDCHAR
STARTCHAR uni050D
ENCODING 1293
SWIDTH 642 0
DWIDTH 10 0
BBX 8 9 1 0
BITMAP
1E
73
C0
C0
8F
8F
C1
43
3E
ENDCHAR
STARTCHAR uni050E
ENCODING 1294
SWIDTH 715 0
DWIDTH 11 0
BBX 10 11 0 0
BITMAP
FF80
0800
0800
0800
0840
0840
0840
0840
0840
0CC0
0780
ENDCHAR
STARTCHAR uni050F
ENCODING 1295
SWIDTH 656 0
DWIDTH 11 0
BBX 9 9 0 0
BITMAP
FE00
FE00
1000
1000
1080
1080
1080
1980
0F00
ENDCHAR
STARTCHAR uni0510
ENCODING 1296
SWIDTH 589 0
DWIDTH 9 0
BBX 8 12 1 0
BITMAP
18
7F
C2
C0
C0
7E
7E
C0
80
80
C1
7F
ENDCHAR
STARTCHAR uni0511
ENCODING 1297
SWIDTH 483 0
DWIDTH 8 0
BBX 6 9 1 0
BITMAP
38
EC
80
C0
38
C0
80
84
7C
ENDCHAR
STARTCHAR uni0512
ENCODING 1298
SWIDTH 712 0
DWIDTH 11 0
BBX 11 14 0 -3
BITMAP
1FC0
18C0
18C0
10C0
10C0
10C0
10C0
30C0
30C0
20C0
E0E0
0020
0020
00E0
ENDCHAR
STARTCHAR uni0513
ENCODING 1299
SWIDTH 586 0
DWIDTH 9 0
BBX 9 12 0 -3
BITMAP
1F00
1F00
1300
3300
3300
2300
2300
6300
C380
0080
0080
0380
ENDCHAR
STARTCHAR uni0514
ENCODING 1300
SWIDTH 946 0
DWIDTH 15 0
BBX 15 11 0 0
BITMAP
1F06
198C
1898
1050
1070
1070
1050
30D8
3188
2104
E306
ENDCHAR
STARTCHAR uni0515
ENCODING 1301
SWIDTH 809 0
DWIDTH 13 0
BBX 13 9 0 0
BITMAP
1E18
1E30
1320
31C0
30C0
21C0
2160
6230
C618
ENDCHAR
STARTCHAR uni0516
ENCODING 1302
SWIDTH 806 0
DWIDTH 13 0
BBX 11 11 2 0
BITMAP
FC60
8680
8780
8700
8600
FE00
E300
8180
8080
80C0
8060
ENDCHAR
STARTCHAR uni0517
ENCODING 1303
SWIDTH 818 0
DWIDTH 13 0
BBX 12 13 1 -4
BITMAP
DC30
F660
C340
C380
C380
C380
C3C0
E260
FE30
C000
C000
C000
C000
ENDCHAR
STARTCHAR uni0518
ENCODING 1304
SWIDTH 908 0
DWIDTH 15 0
BBX 14 11 0 0
BITMAP
3FFC
6180
6180
6180
21F8
1FF8
1980
1180
3180
6180
C1FC
ENDCHAR
STARTCHAR uni0519
ENCODING 1305
SWIDTH 880 0
DWIDTH 14 0
BBX 13 9 0 0
BITMAP
1EE0
7FB0
4308
4208
7FF8
1E00
3300
6108
C0F8
ENDCHAR
STARTCHAR uni051A
ENCODING 1306
SWIDTH 781 0
DWIDTH 13 0
BBX 11 15 1 -3
BITMAP
0C00
3F80
60C0
C0C0
C040
C040
C060
C040
C040
40C0
6180
3F00
0300
0180
00C0
ENDCHAR
STARTCHAR uni051B
ENCODING 1307
SWIDTH 615 0
DWIDTH 10 0
BBX 7 13 1 -4
BITMAP
3A
6E
C2
82
82
82
C2
C6
7A
02
02
02
02
ENDCHAR
STARTCHAR uni051C
ENCODING 1308
SWIDTH 930 0
DWIDTH 15 0
BBX 15 11 0 0
BITMAP
C306
4384
428C
668C
66C8
2448
2458
3C58
1870
1830
1830
ENDCHAR
STARTCHAR uni051D
ENCODING 1309
SWIDTH 786 0
DWIDTH 13 0
BBX 12 9 0 0
BITMAP
C210
C610
4730
4530
6D20
29A0
28E0
38C0
30C0
ENDCHAR
STARTCHAR uni051E
ENCODING 1310
SWIDTH 625 0
DWIDTH 10 0
BBX 8 11 2 0
BITMAP
97
8C
8C
9A
F0
F0
98
8C
84
86
83
ENDCHAR
STARTCHAR uni051F
ENCODING 1311
SWIDTH 531 0
DWIDTH 9 0
BBX 7 9 1 0
BITMAP
D2
CC
CC
CA
F0
D8
CC
C4
C6
ENDCHAR
STARTCHAR uni0520
ENCODING 1312
SWIDTH 1009 0
DWIDTH 16 0
BBX 16 15 0 -4
BITMAP
1F80
1880
1880
1080
1080
10FC
1086
3082
3082
2083
E083
0002
0006
004E
0078
ENDCHAR
STARTCHAR uni0521
ENCODING 1313
SWIDTH 818 0
DWIDTH 13 0
BBX 13 13 0 -4
BITMAP
1E00
1E00
1200
3200
33E0
2230
2210
6218
C218
0018
0010
0130
01E0
ENDCHAR
STARTCHAR uni0522
ENCODING 1314
SWIDTH 1091 0
DWIDTH 17 0
BBX 15 15 2 -4
BITMAP
8100
8100
8100
8100
FF00
FFF8
810C
8104
8106
8106
8106
0006
0004
008C
00F8
ENDCHAR
STARTCHAR uni0523
ENCODING 1315
SWIDTH 875 0
DWIDTH 14 0
BBX 12 13 1 -4
BITMAP
C200
C200
C200
C200
FFE0
C230
C210
C210
C210
0010
0010
0130
01E0
ENDCHAR
STARTCHAR uni0524
ENCODING 1316
SWIDTH 745 0
DWIDTH 12 0
BBX 10 14 2 -3
BITMAP
FF00
8100
8100
8100
8100
8100
8100
8100
8100
8100
81C0
00C0
00C0
00C0
ENDCHAR
STARTCHAR uni0525
ENCODING 1317
SWIDTH 643 0
DWIDTH 10 0
BBX 9 12 1 -3
BITMAP
FF00
FF00
C300
C300
C300
C300
C300
C300
C380
0180
0180
0180
ENDCHAR
STARTCHAR uni0526
ENCODING 1318
SWIDTH 729 0
DWIDTH 12 0
BBX 9 14 2 -3
BITMAP
8000
8000
8000
8000
FE00
8300
8300
8300
8300
8300
8380
0080
0080
0080
ENDCHAR
STARTCHAR uni0527
ENCODING 1319
SWIDTH 642 0
DWIDTH 10 0
BBX 9 15 1 -3
BITMAP
C000
C000
C000
DC00
F600
C300
C300
C300
C300
C300
C300
C380
0180
0180
0180
ENDCHAR
STARTCHAR Enlefthookcy
ENCODING 1320
SWIDTH 732 0
DWIDTH 12 0
BBX 10 14 0 -3
BITMAP
6040
6040
6040
6040
7FC0
7FC0
6040
6040
6040
6040
6040
6000
6000
E000
ENDCHAR
STARTCHAR uni0529
ENCODING 1321
SWIDTH 626 0
DWIDTH 10 0
BBX 10 13 -1 -4
BITMAP
30C0
30C0
30C0
30C0
3FC0
30C0
30C0
30C0
30C0
3000
3000
B000
E000
ENDCHAR
STARTCHAR uni052A
ENCODING 1322
SWIDTH 1410 0
DWIDTH 23 0
BBX 22 14 0 -3
BITMAP
1FC30C
104318
104310
104320
1043E0
107FE0
104320
304330
304318
604308
FFF30C
C03000
C03000
C03000
ENDCHAR
STARTCHAR uni052B
ENCODING 1323
SWIDTH 1199 0
DWIDTH 19 0
BBX 19 11 0 -2
BITMAP
3F0860
3F0840
310880
310980
31FF00
210980
210880
6108C0
FFC860
C0C000
C0C000
ENDCHAR
STARTCHAR uni052C
ENCODING 1324
SWIDTH 693 0
DWIDTH 11 0
BBX 11 14 0 -3
BITMAP
4780
4480
4C80
4880
4880
6980
3E80
1080
3080
2080
FFE0
8060
8060
8060
ENDCHAR
STARTCHAR uni052D
ENCODING 1325
SWIDTH 595 0
DWIDTH 10 0
BBX 9 12 0 -3
BITMAP
CF00
CF00
D900
5100
5300
7D00
3100
2100
FF80
C080
C080
C080
ENDCHAR
STARTCHAR uni052E
ENCODING 1326
SWIDTH 703 0
DWIDTH 11 0
BBX 11 14 0 -3
BITMAP
1FC0
10C0
10C0
10C0
10C0
30C0
30C0
30C0
30C0
20C0
E0E0
0020
0020
0020
ENDCHAR
STARTCHAR uni052F
ENCODING 1327
SWIDTH 596 0
DWIDTH 10 0
BBX 9 12 0 -3
BITMAP
3F00
3F00
2100
2100
2100
2100
2100
6100
C180
0080
0080
0080
ENDCHAR
STARTCHAR invertedCandrabindudeva
ENCODING 2304
SWIDTH 0 0
DWIDTH 0 0
BBX 6 3 -5 11
BITMAP
78
88
BC
ENDCHAR
STARTCHAR uni0901
ENCODING 2305
SWIDTH 0 0
DWIDTH 0 0
BBX 6 3 -5 11
BITMAP
B4
88
78
ENDCHAR
STARTCHAR uni0902
ENCODING 2306
SWIDTH 0 0
DWIDTH 0 0
BBX 2 2 -3 11
BITMAP
C0
80
ENDCHAR
STARTCHAR uni0903
ENCODING 2307
SWIDTH 202 0
DWIDTH 3 0
BBX 3 9 0 1
BITMAP
E0
00
00
60
40
00
00
60
40
ENDCHAR
STARTCHAR uni0904
ENCODING 2308
SWIDTH 764 0
DWIDTH 12 0
BBX 12 14 0 0
BITMAP
0C00
0780
0040
0040
3EF0
2260
0260
0660
CFE0
42E0
6360
3260
1E60
0060
ENDCHAR
STARTCHAR uni0905
ENCODING 2309
SWIDTH 764 0
DWIDTH 12 0
BBX 12 10 0 0
BITMAP
3EF0
2260
0260
0660
CFE0
42E0
6360
3260
1E60
0060
ENDCHAR
STARTCHAR uni0906
ENCODING 2310
SWIDTH 1022 0
DWIDTH 16 0
BBX 16 10 0 0
BITMAP
3EFF
2266
0266
0666
CFE6
42E6
6366
3266
1E66
0066
ENDCHAR
STARTCHAR uni0907
ENCODING 2311
SWIDTH 491 0
DWIDTH 8 0
BBX 8 13 0 -3
BITMAP
FF
04
04
7C
40
7C
36
02
66
7C
10
0C
08
ENDCHAR
STARTCHAR uni0908
ENCODING 2312
SWIDTH 491 0
DWIDTH 8 0
BBX 8 17 0 -3
BITMAP
07
08
08
04
FF
04
04
7C
40
7C
36
02
66
7C
10
0C
08
ENDCHAR
STARTCHAR uni0909
ENCODING 2313
SWIDTH 548 0
DWIDTH 9 0
BBX 9 10 0 0
BITMAP
FF80
0200
0300
0200
0E00
C200
4100
6100
3300
1E00
ENDCHAR
STARTCHAR uni090A
ENCODING 2314
SWIDTH 785 0
DWIDTH 13 0
BBX 13 10 0 0
BITMAP
FFF8
0200
0300
0200
0E00
C3F0
4110
6110
3330
1E60
ENDCHAR
STARTCHAR uni090B
ENCODING 2315
SWIDTH 853 0
DWIDTH 14 0
BBX 14 11 0 -1
BITMAP
FFFC
0200
0200
FA70
8E70
07E0
1E30
7260
4240
0278
0010
ENDCHAR
STARTCHAR uni090C
ENCODING 2316
SWIDTH 699 0
DWIDTH 11 0
BBX 11 12 0 -2
BITMAP
FFE0
0080
0080
3B80
6640
4460
4440
60C0
3180
1900
01A0
00E0
ENDCHAR
STARTCHAR uni090D
ENCODING 2317
SWIDTH 553 0
DWIDTH 9 0
BBX 9 16 0 -2
BITMAP
2300
2200
1E00
0000
FF80
6300
6300
6300
6300
6600
2400
1800
0600
0300
0300
0100
ENDCHAR
STARTCHAR uni090E
ENCODING 2318
SWIDTH 553 0
DWIDTH 9 0
BBX 9 16 0 -2
BITMAP
6000
3C00
0200
0200
FF80
6300
6300
6300
6300
6600
2400
1800
0600
0300
0300
0100
ENDCHAR
STARTCHAR uni090F
ENCODING 2319
SWIDTH 553 0
DWIDTH 9 0
BBX 9 12 0 -2
BITMAP
FF80
6300
6300
6300
6300
6600
2400
1800
0600
0300
0300
0100
ENDCHAR
STARTCHAR uni0910
ENCODING 2320
SWIDTH 553 0
DWIDTH 9 0
BBX 9 16 0 -2
BITMAP
3C00
0600
0200
0200
FF80
6300
6300
6300
6300
6600
2400
1800
0600
0300
0300
0100
ENDCHAR
STARTCHAR uni0911
ENCODING 2321
SWIDTH 1023 0
DWIDTH 16 0
BBX 16 14 0 0
BITMAP
0023
0022
001E
0000
3EFF
2266
0266
0666
CFE6
42E6
6366
3266
1E66
0066
ENDCHAR
STARTCHAR uni0912
ENCODING 2322
SWIDTH 1023 0
DWIDTH 16 0
BBX 16 14 0 0
BITMAP
00C0
0078
0004
0004
3EFF
2266
0266
0666
CFE6
42E6
6366
3266
1E66
0066
ENDCHAR
STARTCHAR uni0913
ENCODING 2323
SWIDTH 1023 0
DWIDTH 16 0
BBX 16 14 0 0
BITMAP
0078
000C
0004
0004
3EFF
2266
0266
0666
CFE6
42E6
6366
3266
1E66
0066
ENDCHAR
STARTCHAR uni0914
ENCODING 2324
SWIDTH 1023 0
DWIDTH 16 0
BBX 16 14 0 0
BITMAP
0078
0008
007C
0004
3EFF
2266
0266
0666
CFE6
42E6
6366
3266
1E66
0066
ENDCHAR
STARTCHAR uni0915
ENCODING 2325
SWIDTH 768 0
DWIDTH 12 0
BBX 13 10 0 0
BITMAP
FFF8
0200
0200
7A00
43E0
4330
4630
3E20
0260
0200
ENDCHAR
STARTCHAR uni0916
ENCODING 2326
SWIDTH 818 0
DWIDTH 13 0
BBX 13 10 0 0
BITMAP
FFF8
1830
18B0
1BF0
7230
6230
63F0
3030
1C70
07F0
ENDCHAR
STARTCHAR uni0917
ENCODING 2327
SWIDTH 563 0
DWIDTH 9 0
BBX 9 10 0 0
BITMAP
FF80
2300
2300
2300
6300
6300
6300
0300
0300
0300
ENDCHAR
STARTCHAR uni0918
ENCODING 2328
SWIDTH 591 0
DWIDTH 9 0
BBX 10 10 0 0
BITMAP
FFC0
4100
4100
7900
7100
4100
6300
3F00
0100
0100
ENDCHAR
STARTCHAR uni0919
ENCODING 2329
SWIDTH 637 0
DWIDTH 10 0
BBX 11 10 0 0
BITMAP
FFE0
0200
0200
3E00
60C0
2CC0
1300
4100
E300
3E00
ENDCHAR
STARTCHAR uni091A
ENCODING 2330
SWIDTH 635 0
DWIDTH 10 0
BBX 10 10 0 0
BITMAP
FFC0
0180
0180
7D80
1180
2180
3180
1F80
0180
0180
ENDCHAR
STARTCHAR uni091B
ENCODING 2331
SWIDTH 701 0
DWIDTH 11 0
BBX 11 10 0 0
BITMAP
FFE0
0180
3980
6240
4240
7B40
3940
60C0
2180
1F00
ENDCHAR
STARTCHAR uni091C
ENCODING 2332
SWIDTH 742 0
DWIDTH 12 0
BBX 12 10 0 0
BITMAP
FFF0
0040
0040
CFC0
4640
6240
2240
1E40
0C40
0040
ENDCHAR
STARTCHAR uni091D
ENCODING 2333
SWIDTH 756 0
DWIDTH 12 0
BBX 12 13 0 -3
BITMAP
FFF0
0460
0460
7C60
4060
7C60
37E0
0260
6660
7C60
1000
0C00
0800
ENDCHAR
STARTCHAR uni091E
ENCODING 2334
SWIDTH 742 0
DWIDTH 12 0
BBX 12 10 0 0
BITMAP
FFF0
0040
0040
1E40
C340
41C0
2340
1E40
0040
0040
ENDCHAR
STARTCHAR uni091F
ENCODING 2335
SWIDTH 504 0
DWIDTH 8 0
BBX 8 10 0 0
BITMAP
FF
04
04
1C
60
40
40
40
63
3E
ENDCHAR
STARTCHAR uni0920
ENCODING 2336
SWIDTH 581 0
DWIDTH 9 0
BBX 10 10 0 0
BITMAP
FFC0
0400
0400
1C00
7300
4100
4180
4180
6300
3E00
ENDCHAR
STARTCHAR uni0921
ENCODING 2337
SWIDTH 535 0
DWIDTH 9 0
BBX 9 10 0 0
BITMAP
FF80
0200
0200
3E00
6000
2C00
1300
4100
E300
3E00
ENDCHAR
STARTCHAR uni0922
ENCODING 2338
SWIDTH 563 0
DWIDTH 9 0
BBX 9 10 0 0
BITMAP
FF80
0200
0200
3E00
6000
4600
4F00
4900
6900
1E00
ENDCHAR
STARTCHAR uni0923
ENCODING 2339
SWIDTH 723 0
DWIDTH 12 0
BBX 12 10 0 0
BITMAP
FFF0
6640
6640
6640
6640
6640
3C40
1840
0040
0040
ENDCHAR
STARTCHAR uni0924
ENCODING 2340
SWIDTH 570 0
DWIDTH 9 0
BBX 9 10 0 0
BITMAP
FF80
0300
0300
0300
7F00
4300
4300
4300
2300
3300
ENDCHAR
STARTCHAR uni0925
ENCODING 2341
SWIDTH 639 0
DWIDTH 10 0
BBX 9 10 1 0
BITMAP
F780
9B00
DB00
5300
7300
C300
4300
3F00
0300
0300
ENDCHAR
STARTCHAR uni0926
ENCODING 2342
SWIDTH 531 0
DWIDTH 9 0
BBX 9 11 0 -1
BITMAP
FF80
0200
0200
3E00
6000
4000
4600
7700
1E00
0200
0300
ENDCHAR
STARTCHAR uni0927
ENCODING 2343
SWIDTH 615 0
DWIDTH 10 0
BBX 9 10 1 0
BITMAP
F780
9200
9200
C200
7200
4200
4200
7E00
0200
0200
ENDCHAR
STARTCHAR uni0928
ENCODING 2344
SWIDTH 555 0
DWIDTH 9 0
BBX 9 10 0 0
BITMAP
FF80
0200
0200
0200
7E00
6200
6200
0200
0200
0200
ENDCHAR
STARTCHAR uni0929
ENCODING 2345
SWIDTH 555 0
DWIDTH 9 0
BBX 9 10 0 0
BITMAP
FF80
0200
0200
0200
7E00
6200
6200
0200
2200
2200
ENDCHAR
STARTCHAR uni092A
ENCODING 2346
SWIDTH 568 0
DWIDTH 9 0
BBX 9 10 0 0
BITMAP
FF80
6300
6300
6300
6300
6300
3F00
0300
0300
0300
ENDCHAR
STARTCHAR uni092B
ENCODING 2347
SWIDTH 771 0
DWIDTH 12 0
BBX 13 10 0 0
BITMAP
FFF8
6200
6200
6200
63E0
6330
3E30
0220
0260
0200
ENDCHAR
STARTCHAR uni092C
ENCODING 2348
SWIDTH 571 0
DWIDTH 9 0
BBX 9 10 0 0
BITMAP
FF80
0300
0300
7F00
5300
4B00
4700
3F00
0300
0300
ENDCHAR
STARTCHAR uni092D
ENCODING 2349
SWIDTH 703 0
DWIDTH 11 0
BBX 10 10 1 0
BITMAP
F7C0
9080
9080
5080
1080
3F80
3080
1080
0080
0080
ENDCHAR
STARTCHAR uni092E
ENCODING 2350
SWIDTH 598 0
DWIDTH 10 0
BBX 10 10 0 0
BITMAP
FFC0
2100
2100
2100
2100
7F00
6100
2100
0100
0100
ENDCHAR
STARTCHAR uni092F
ENCODING 2351
SWIDTH 580 0
DWIDTH 9 0
BBX 10 10 0 0
BITMAP
FFC0
3100
1100
1100
6100
4100
6700
1D00
0100
0100
ENDCHAR
STARTCHAR uni0930
ENCODING 2352
SWIDTH 409 0
DWIDTH 7 0
BBX 7 10 0 0
BITMAP
FE
08
08
08
78
70
20
30
18
0C
ENDCHAR
STARTCHAR uni0931
ENCODING 2353
SWIDTH 409 0
DWIDTH 7 0
BBX 7 10 0 0
BITMAP
FE
08
08
08
78
70
20
30
58
4C
ENDCHAR
STARTCHAR uni0932
ENCODING 2354
SWIDTH 678 0
DWIDTH 11 0
BBX 11 10 0 0
BITMAP
FFE0
0080
0080
3B80
6680
4480
4C80
6080
3080
1880
ENDCHAR
STARTCHAR uni0933
ENCODING 2355
SWIDTH 760 0
DWIDTH 12 0
BBX 12 9 0 1
BITMAP
FFF0
00C0
00C0
39C0
6760
4220
4620
4620
7FE0
ENDCHAR
STARTCHAR uni0934
ENCODING 2356
SWIDTH 760 0
DWIDTH 12 0
BBX 12 12 0 -2
BITMAP
FFF0
00C0
00C0
39C0
6760
4220
4620
4620
7FE0
0000
0400
0400
ENDCHAR
STARTCHAR uni0935
ENCODING 2357
SWIDTH 556 0
DWIDTH 9 0
BBX 9 10 0 0
BITMAP
FF80
0200
0200
7E00
4200
4200
4200
3E00
0200
0200
ENDCHAR
STARTCHAR uni0936
ENCODING 2358
SWIDTH 680 0
DWIDTH 11 0
BBX 11 10 0 0
BITMAP
39E0
4480
6480
3480
0480
6880
F080
1080
0880
0C80
ENDCHAR
STARTCHAR uni0937
ENCODING 2359
SWIDTH 578 0
DWIDTH 9 0
BBX 9 10 0 0
BITMAP
FF80
7100
7100
6900
6500
6700
3F00
0900
0100
0100
ENDCHAR
STARTCHAR uni0938
ENCODING 2360
SWIDTH 676 0
DWIDTH 11 0
BBX 11 10 0 0
BITMAP
FFE0
1880
0880
1880
7080
7F80
6080
3080
1880
0C80
ENDCHAR
STARTCHAR uni0939
ENCODING 2361
SWIDTH 531 0
DWIDTH 9 0
BBX 9 12 0 -2
BITMAP
FF80
0200
0200
7E00
4000
3C00
3600
6300
4300
6600
3800
0C00
ENDCHAR
STARTCHAR uni093A
ENCODING 2362
SWIDTH 0 0
DWIDTH 0 0
BBX 2 3 -3 10
BITMAP
C0
C0
C0
ENDCHAR
STARTCHAR uni093B
ENCODING 2363
SWIDTH 259 0
DWIDTH 4 0
BBX 4 13 0 0
BITMAP
60
60
60
F0
60
60
60
60
60
60
60
60
60
ENDCHAR
STARTCHAR uni093C
ENCODING 2364
SWIDTH 0 0
DWIDTH 0 0
BBX 1 2 -5 -3
BITMAP
80
80
ENDCHAR
STARTCHAR uni093D
ENCODING 2365
SWIDTH 467 0
DWIDTH 7 0
BBX 6 9 1 1
BITMAP
78
40
40
60
18
08
8C
CC
78
ENDCHAR
STARTCHAR uni093E
ENCODING 2366
SWIDTH 259 0
DWIDTH 4 0
BBX 4 10 0 0
BITMAP
F0
60
60
60
60
60
60
60
60
60
ENDCHAR
STARTCHAR uni093F
ENCODING 2367
SWIDTH 259 0
DWIDTH 4 0
BBX 12 14 0 0
BITMAP
3F00
60C0
4060
4030
F000
6000
6000
6000
6000
6000
6000
6000
6000
6000
ENDCHAR
STARTCHAR uni0940
ENCODING 2368
SWIDTH 259 0
DWIDTH 4 0
BBX 8 14 -4 0
BITMAP
78
4C
C4
44
0F
06
06
06
06
06
06
06
06
06
ENDCHAR
STARTCHAR uni0941
ENCODING 2369
SWIDTH 0 0
DWIDTH 0 0
BBX 7 4 -7 -4
BITMAP
1E
92
C2
3E
ENDCHAR
STARTCHAR uni0942
ENCODING 2370
SWIDTH 0 0
DWIDTH 0 0
BBX 7 4 -5 -4
BITMAP
F8
8C
84
F2
ENDCHAR
STARTCHAR uni0943
ENCODING 2371
SWIDTH 0 0
DWIDTH 0 0
BBX 4 4 -4 -4
BITMAP
E0
80
80
F0
ENDCHAR
STARTCHAR uni0944
ENCODING 2372
SWIDTH 0 0
DWIDTH 0 0
BBX 5 6 -4 -6
BITMAP
E0
80
90
F0
80
F8
ENDCHAR
STARTCHAR uni0945
ENCODING 2373
SWIDTH 0 0
DWIDTH 0 0
BBX 6 3 -5 11
BITMAP
8C
88
78
ENDCHAR
STARTCHAR uni0946
ENCODING 2374
SWIDTH 0 0
DWIDTH 0 0
BBX 7 4 -8 10
BITMAP
C0
78
04
06
ENDCHAR
STARTCHAR uni0947
ENCODING 2375
SWIDTH 0 0
DWIDTH 0 0
BBX 5 4 -7 10
BITMAP
F0
18
08
08
ENDCHAR
STARTCHAR uni0948
ENCODING 2376
SWIDTH 0 0
DWIDTH 0 0
BBX 5 4 -7 10
BITMAP
F0
10
F8
08
ENDCHAR
STARTCHAR uni0949
ENCODING 2377
SWIDTH 259 0
DWIDTH 4 0
BBX 6 14 -1 0
BITMAP
8C
88
78
00
78
30
30
30
30
30
30
30
30
30
ENDCHAR
STARTCHAR uni094A
ENCODING 2378
SWIDTH 259 0
DWIDTH 4 0
BBX 8 14 -4 0
BITMAP
C0
78
04
04
0F
06
06
06
06
06
06
06
06
06
ENDCHAR
STARTCHAR uni094B
ENCODING 2379
SWIDTH 259 0
DWIDTH 4 0
BBX 7 14 -3 0
BITMAP
F0
18
08
08
1E
0C
0C
0C
0C
0C
0C
0C
0C
0C
ENDCHAR
STARTCHAR uni094C
ENCODING 2380
SWIDTH 259 0
DWIDTH 4 0
BBX 7 14 -3 0
BITMAP
F0
10
F8
08
1E
0C
0C
0C
0C
0C
0C
0C
0C
0C
ENDCHAR
STARTCHAR uni094D
ENCODING 2381
SWIDTH 0 0
DWIDTH 0 0
BBX 5 3 -3 -4
BITMAP
F0
10
08
ENDCHAR
STARTCHAR uni094E
ENCODING 2382
SWIDTH 273 0
DWIDTH 4 0
BBX 3 10 2 0
BITMAP
E0
80
80
80
80
80
80
80
80
80
ENDCHAR
STARTCHAR uni094F
ENCODING 2383
SWIDTH 259 0
DWIDTH 4 0
BBX 7 14 -3 0
BITMAP
20
9C
F4
0C
1E
0C
0C
0C
0C
0C
0C
0C
0C
0C
ENDCHAR
STARTCHAR uni0950
ENCODING 2384
SWIDTH 912 0
DWIDTH 15 0
BBX 14 12 0 1
BITMAP
0358
0110
00E0
3E00
2238
026C
06C4
CF84
434C
6378
3200
1E00
ENDCHAR
STARTCHAR uni0951
ENCODING 2385
SWIDTH 0 0
DWIDTH 0 0
BBX 2 3 -3 11
BITMAP
C0
C0
C0
ENDCHAR
STARTCHAR uni0952
ENCODING 2386
SWIDTH 0 0
DWIDTH 0 0
BBX 6 1 -7 -2
BITMAP
FC
ENDCHAR
STARTCHAR uni0953
ENCODING 2387
SWIDTH 0 0
DWIDTH 0 0
BBX 3 3 -4 11
BITMAP
C0
40
60
ENDCHAR
STARTCHAR uni0954
ENCODING 2388
SWIDTH 0 0
DWIDTH 0 0
BBX 3 3 -3 11
BITMAP
60
40
C0
ENDCHAR
STARTCHAR uni0955
ENCODING 2389
SWIDTH 0 0
DWIDTH 0 0
BBX 6 4 -5 10
BITMAP
8C
78
00
F8
ENDCHAR
STARTCHAR uni0956
ENCODING 2390
SWIDTH 0 0
DWIDTH 0 0
BBX 7 2 -8 -3
BITMAP
C6
3C
ENDCHAR
STARTCHAR uni0957
ENCODING 2391
SWIDTH 0 0
DWIDTH 0 0
BBX 7 4 -8 -4
BITMAP
82
7E
82
7E
ENDCHAR
STARTCHAR uni0958
ENCODING 2392
SWIDTH 768 0
DWIDTH 12 0
BBX 13 11 0 -1
BITMAP
FFF8
0200
0200
7A00
43E0
4330
4630
3E20
0260
2200
2000
ENDCHAR
STARTCHAR uni0959
ENCODING 2393
SWIDTH 818 0
DWIDTH 13 0
BBX 13 10 0 0
BITMAP
FFF8
1830
18B0
1BF0
7230
6230
63F0
3030
5C70
47F0
ENDCHAR
STARTCHAR uni095A
ENCODING 2394
SWIDTH 563 0
DWIDTH 9 0
BBX 9 10 0 0
BITMAP
FF80
2300
2300
2300
6300
6300
6300
0300
2300
2300
ENDCHAR
STARTCHAR uni095B
ENCODING 2395
SWIDTH 742 0
DWIDTH 12 0
BBX 12 11 0 -1
BITMAP
FFF0
0040
0040
CFC0
4640
6240
2240
1E40
0C40
0840
0800
ENDCHAR
STARTCHAR uni095C
ENCODING 2396
SWIDTH 535 0
DWIDTH 9 0
BBX 9 13 0 -3
BITMAP
FF80
0200
0200
3E00
6000
2C00
1300
4100
E300
3E00
0000
0800
0800
ENDCHAR
STARTCHAR uni095D
ENCODING 2397
SWIDTH 563 0
DWIDTH 9 0
BBX 9 13 0 -3
BITMAP
FF80
0200
0200
3E00
6000
4600
4F00
4900
6900
1E00
0000
0800
0800
ENDCHAR
STARTCHAR uni095E
ENCODING 2398
SWIDTH 771 0
DWIDTH 12 0
BBX 13 10 0 0
BITMAP
FFF8
6200
6200
6200
63E0
6330
3E30
0220
2260
2200
ENDCHAR
STARTCHAR uni095F
ENCODING 2399
SWIDTH 580 0
DWIDTH 9 0
BBX 10 10 0 0
BITMAP
FFC0
3100
1100
1100
6100
4100
6700
1D00
2100
2100
ENDCHAR
STARTCHAR uni0960
ENCODING 2400
SWIDTH 853 0
DWIDTH 14 0
BBX 14 12 0 -2
BITMAP
FFFC
0200
0200
FA70
8E70
07E0
1E30
7240
4248
0278
0040
007C
ENDCHAR
STARTCHAR uni0961
ENCODING 2401
SWIDTH 699 0
DWIDTH 11 0
BBX 12 13 0 -3
BITMAP
FFE0
0080
0080
3B80
6640
4460
4440
61C0
3100
19A0
01E0
0100
00F0
ENDCHAR
STARTCHAR uni0962
ENCODING 2402
SWIDTH 0 0
DWIDTH 0 0
BBX 9 6 -7 -6
BITMAP
7F00
C900
4900
7200
2400
0380
ENDCHAR
STARTCHAR uni0963
ENCODING 2403
SWIDTH 0 0
DWIDTH 0 0
BBX 9 6 -7 -6
BITMAP
7F00
C900
4B00
7680
2300
0380
ENDCHAR
STARTCHAR uni0964
ENCODING 2404
SWIDTH 379 0
DWIDTH 6 0
BBX 1 10 3 0
BITMAP
80
80
80
80
80
80
80
80
80
80
ENDCHAR
STARTCHAR uni0965
ENCODING 2405
SWIDTH 599 0
DWIDTH 10 0
BBX 5 10 3 0
BITMAP
88
88
88
88
88
88
88
88
88
88
ENDCHAR
STARTCHAR uni0966
ENCODING 2406
SWIDTH 520 0
DWIDTH 8 0
BBX 6 6 1 2
BITMAP
7C
C4
84
84
CC
78
ENDCHAR
STARTCHAR uni0967
ENCODING 2407
SWIDTH 520 0
DWIDTH 8 0
BBX 5 10 2 0
BITMAP
F0
98
98
D0
70
C0
C0
30
10
30
ENDCHAR
STARTCHAR uni0968
ENCODING 2408
SWIDTH 520 0
DWIDTH 8 0
BBX 6 10 1 0
BITMAP
78
8C
04
04
CC
F8
60
10
18
08
ENDCHAR
STARTCHAR uni0969
ENCODING 2409
SWIDTH 520 0
DWIDTH 8 0
BBX 6 12 1 -2
BITMAP
F8
8C
0C
18
78
04
04
CC
F8
30
18
10
ENDCHAR
STARTCHAR uni096A
ENCODING 2410
SWIDTH 520 0
DWIDTH 8 0
BBX 7 10 1 0
BITMAP
84
86
84
4C
30
68
4C
C4
6C
30
ENDCHAR
STARTCHAR uni096B
ENCODING 2411
SWIDTH 520 0
DWIDTH 8 0
BBX 7 10 1 0
BITMAP
60
C0
80
84
8C
6C
3C
04
04
06
ENDCHAR
STARTCHAR uni096C
ENCODING 2412
SWIDTH 520 0
DWIDTH 8 0
BBX 7 11 1 -1
BITMAP
78
C0
C0
40
78
C0
C4
CC
7C
04
06
ENDCHAR
STARTCHAR uni096D
ENCODING 2413
SWIDTH 520 0
DWIDTH 8 0
BBX 7 9 1 1
BITMAP
C0
80
9C
B4
B6
96
8E
C4
7C
ENDCHAR
STARTCHAR uni096E
ENCODING 2414
SWIDTH 520 0
DWIDTH 8 0
BBX 6 10 1 0
BITMAP
08
18
30
60
40
C0
C0
C4
7C
10
ENDCHAR
STARTCHAR uni096F
ENCODING 2415
SWIDTH 520 0
DWIDTH 8 0
BBX 6 10 1 0
BITMAP
78
4C
CC
48
70
30
18
0C
04
0C
ENDCHAR
STARTCHAR uni0970
ENCODING 2416
SWIDTH 426 0
DWIDTH 7 0
BBX 5 5 1 4
BITMAP
70
98
88
F0
20
ENDCHAR
STARTCHAR uni0971
ENCODING 2417
SWIDTH 317 0
DWIDTH 5 0
BBX 2 2 2 8
BITMAP
C0
80
ENDCHAR
STARTCHAR uni0972
ENCODING 2418
SWIDTH 764 0
DWIDTH 12 0
BBX 13 14 0 0
BITMAP
0118
0110
00F0
0000
3EF0
2260
0260
0660
CFE0
42E0
6360
3260
1E60
0060
ENDCHAR
STARTCHAR uni0973
ENCODING 2419
SWIDTH 764 0
DWIDTH 12 0
BBX 12 13 0 0
BITMAP
0060
0060
0060
3EF0
2260
0260
0660
CFE0
42E0
6360
3260
1E60
0060
ENDCHAR
STARTCHAR uni0974
ENCODING 2420
SWIDTH 1023 0
DWIDTH 16 0
BBX 16 13 0 0
BITMAP
0006
0006
0006
3EFF
2266
0266
0666
CFE6
42E6
6366
3266
1E66
0066
ENDCHAR
STARTCHAR uni0975
ENCODING 2421
SWIDTH 1023 0
DWIDTH 16 0
BBX 16 14 0 0
BITMAP
0010
004E
007A
0006
3EFF
2266
0266
0666
CFE6
42E6
6366
3266
1E66
0066
ENDCHAR
STARTCHAR uni0976
ENCODING 2422
SWIDTH 764 0
DWIDTH 12 0
BBX 12 13 0 -3
BITMAP
3EF0
2260
0260
0660
CFE0
42E0
6360
3260
1E60
0060
0000
0C60
03C0
ENDCHAR
STARTCHAR uni0977
ENCODING 2423
SWIDTH 764 0
DWIDTH 12 0
BBX 12 14 0 -4
BITMAP
3EF0
2260
0260
0660
CFE0
42E0
6360
3260
1E60
0060
0820
07E0
0820
07E0
ENDCHAR
STARTCHAR marwariddadeva
ENCODING 2424
SWIDTH 555 0
DWIDTH 9 0
BBX 9 10 0 0
BITMAP
FF80
2000
2000
2000
7E00
6300
6100
0100
0300
0200
ENDCHAR
STARTCHAR uni0979
ENCODING 2425
SWIDTH 743 0
DWIDTH 12 0
BBX 12 11 0 -1
BITMAP
FFF0
0040
0040
CFC0
4240
2240
3240
1E40
1240
1240
0C00
ENDCHAR
STARTCHAR yaheavydeva
ENCODING 2426
SWIDTH 581 0
DWIDTH 9 0
BBX 10 10 0 0
BITMAP
FFC0
3100
1900
1900
6500
4300
6700
1D00
0100
0100
ENDCHAR
STARTCHAR uni097B
ENCODING 2427
SWIDTH 564 0
DWIDTH 9 0
BBX 9 10 0 0
BITMAP
FF80
2300
2300
2300
6300
6300
2300
0300
0300
7F00
ENDCHAR
STARTCHAR uni097C
ENCODING 2428
SWIDTH 743 0
DWIDTH 12 0
BBX 12 10 0 0
BITMAP
FFF0
0040
0040
CFC0
4240
2240
3E40
0C40
0040
7FC0
ENDCHAR
STARTCHAR uni097D
ENCODING 2429
SWIDTH 469 0
DWIDTH 8 0
BBX 6 10 1 0
BITMAP
F8
8C
0C
0C
18
30
20
20
20
20
ENDCHAR
STARTCHAR uni097E
ENCODING 2430
SWIDTH 541 0
DWIDTH 9 0
BBX 9 10 0 0
BITMAP
FF80
0200
1E00
2000
2000
3F00
C100
7F00
1C00
7F00
ENDCHAR
STARTCHAR uni097F
ENCODING 2431
SWIDTH 571 0
DWIDTH 9 0
BBX 9 10 0 0
BITMAP
FF80
0300
1F00
7300
5B00
4B00
6700
3F00
0300
7F00
ENDCHAR
STARTCHAR uni10FB
ENCODING 4347
SWIDTH 517 0
DWIDTH 8 0
BBX 6 12 1 0
BITMAP
80
C0
00
00
00
04
04
00
00
00
80
C0
ENDCHAR
STARTCHAR uni1AB0
ENCODING 6832
SWIDTH 0 0
DWIDTH 0 0
BBX 10 2 -5 10
BITMAP
7380
DEC0
ENDCHAR
STARTCHAR uni1AB1
ENCODING 6833
SWIDTH 0 0
DWIDTH 0 0
BBX 8 3 -4 10
BITMAP
18
A5
BD
ENDCHAR
STARTCHAR uni1AB2
ENCODING 6834
SWIDTH 0 0
DWIDTH 0 0
BBX 8 3 -4 10
BITMAP
7E
91
7E
ENDCHAR
STARTCHAR uni1AB3
ENCODING 6835
SWIDTH 0 0
DWIDTH 0 0
BBX 4 3 -2 10
BITMAP
40
D0
60
ENDCHAR
STARTCHAR uni1AB4
ENCODING 6836
SWIDTH 0 0
DWIDTH 0 0
BBX 4 4 -2 10
BITMAP
60
00
90
90
ENDCHAR
STARTCHAR uni1AB5
ENCODING 6837
SWIDTH 0 0
DWIDTH 0 0
BBX 6 3 -3 -4
BITMAP
FC
4C
F4
ENDCHAR
STARTCHAR uni1AB6
ENCODING 6838
SWIDTH 0 0
DWIDTH 0 0
BBX 16 3 -8 -4
BITMAP
6186
9249
8E71
ENDCHAR
STARTCHAR uni1AB7
ENCODING 6839
SWIDTH 0 0
DWIDTH 0 0
BBX 2 4 -1 -4
BITMAP
80
80
80
40
ENDCHAR
STARTCHAR uni1AB8
ENCODING 6840
SWIDTH 0 0
DWIDTH 0 0
BBX 4 4 -2 -4
BITMAP
90
90
90
50
ENDCHAR
STARTCHAR uni1AB9
ENCODING 6841
SWIDTH 0 0
DWIDTH 0 0
BBX 3 5 -10 -4
BITMAP
20
20
40
40
80
ENDCHAR
STARTCHAR uni1ABA
ENCODING 6842
SWIDTH 0 0
DWIDTH 0 0
BBX 2 5 -8 -4
BITMAP
40
40
80
80
80
ENDCHAR
STARTCHAR uni1ABB
ENCODING 6843
SWIDTH 0 0
DWIDTH 0 0
BBX 6 3 -3 10
BITMAP
84
84
84
ENDCHAR
STARTCHAR uni1ABC
ENCODING 6844
SWIDTH 0 0
DWIDTH 0 0
BBX 10 3 -5 10
BITMAP
A140
A140
A140
ENDCHAR
STARTCHAR uni1ABD
ENCODING 6845
SWIDTH 0 0
DWIDTH 0 0
BBX 6 3 -3 -4
BITMAP
84
84
84
ENDCHAR
STARTCHAR uni1ABE
ENCODING 6846
SWIDTH 0 0
DWIDTH 0 0
BBX 12 3 -6 2
BITMAP
8010
8010
8010
ENDCHAR
STARTCHAR wbelowcomb
ENCODING 6847
SWIDTH 0 0
DWIDTH 0 0
BBX 6 3 -3 -4
BITMAP
B4
78
48
ENDCHAR
STARTCHAR wturnedbelowcomb
ENCODING 6848
SWIDTH 0 0
DWIDTH 0 0
BBX 6 3 -3 -4
BITMAP
48
78
B4
ENDCHAR
STARTCHAR uni1AC5
ENCODING 6853
SWIDTH 0 0
DWIDTH 0 0
BBX 6 3 -3 10
BITMAP
84
84
84
ENDCHAR
STARTCHAR uni1AC7
ENCODING 6855
SWIDTH 0 0
DWIDTH 0 0
BBX 6 2 -3 10
BITMAP
A4
78
ENDCHAR
STARTCHAR uni1AC8
ENCODING 6856
SWIDTH 0 0
DWIDTH 0 0
BBX 4 4 -2 9
BITMAP
60
60
F0
60
ENDCHAR
STARTCHAR uni1AC9
ENCODING 6857
SWIDTH 0 0
DWIDTH 0 0
BBX 8 4 -4 9
BITMAP
66
66
FF
66
ENDCHAR
STARTCHAR uni1ACA
ENCODING 6858
SWIDTH 0 0
DWIDTH 0 0
BBX 8 4 -4 -4
BITMAP
66
66
FF
66
ENDCHAR
STARTCHAR uni1ACB
ENCODING 6859
SWIDTH 0 0
DWIDTH 0 0
BBX 9 2 -4 10
BITMAP
6D80
9200
ENDCHAR
STARTCHAR uni1ACC
ENCODING 6860
SWIDTH 0 0
DWIDTH 0 0
BBX 4 5 -2 10
BITMAP
F0
40
B0
90
60
ENDCHAR
STARTCHAR uni1ACD
ENCODING 6861
SWIDTH 0 0
DWIDTH 0 0
BBX 4 5 -1 10
BITMAP
E0
A0
A0
90
80
ENDCHAR
STARTCHAR uni1ACE
ENCODING 6862
SWIDTH 0 0
DWIDTH 0 0
BBX 3 3 -2 10
BITMAP
E0
80
60
ENDCHAR
STARTCHAR uni1C80
ENCODING 7296
SWIDTH 558 0
DWIDTH 9 0
BBX 7 12 1 0
BITMAP
3E
62
42
FC
80
80
80
BC
C6
C2
62
3C
ENDCHAR
STARTCHAR uni1C81
ENCODING 7297
SWIDTH 581 0
DWIDTH 9 0
BBX 9 13 0 -4
BITMAP
1F00
1F00
1300
1300
3300
2300
6300
FF80
C080
C080
C080
C080
C080
ENDCHAR
STARTCHAR uni1C82
ENCODING 7298
SWIDTH 456 0
DWIDTH 7 0
BBX 5 9 1 0
BITMAP
30
D8
C8
88
88
88
88
D8
70
ENDCHAR
STARTCHAR uni1C83
ENCODING 7299
SWIDTH 610 0
DWIDTH 10 0
BBX 8 9 1 0
BITMAP
1E
7F
C0
C0
80
80
C0
61
3F
ENDCHAR
STARTCHAR uni1C84
ENCODING 7300
SWIDTH 390 0
DWIDTH 6 0
BBX 6 11 -1 0
BITMAP
FC
04
04
0C
0C
08
08
08
18
18
10
ENDCHAR
STARTCHAR uni1C85
ENCODING 7301
SWIDTH 898 0
DWIDTH 14 0
BBX 12 9 1 0
BITMAP
FFF0
FFF0
C610
C610
C610
C610
C610
C610
C610
ENDCHAR
STARTCHAR uni1C86
ENCODING 7302
SWIDTH 633 0
DWIDTH 10 0
BBX 10 12 -1 0
BITMAP
F000
1000
1000
1000
1000
1000
1000
1F80
10C0
1040
10C0
1F80
ENDCHAR
STARTCHAR uni1C87
ENCODING 7303
SWIDTH 634 0
DWIDTH 10 0
BBX 9 12 0 0
BITMAP
2000
2000
2000
FC00
FC00
2000
2000
3F00
2180
2080
2180
3F00
ENDCHAR
STARTCHAR uni1C88
ENCODING 7304
SWIDTH 600 0
DWIDTH 10 0
BBX 8 12 1 0
BITMAP
C3
46
24
28
38
66
C2
83
83
C3
C6
7C
ENDCHAR
STARTCHAR uni1D00
ENCODING 7424
SWIDTH 527 0
DWIDTH 8 0
BBX 8 9 0 0
BITMAP
08
18
1C
34
24
3E
62
43
C1
ENDCHAR
STARTCHAR uni1D01
ENCODING 7425
SWIDTH 709 0
DWIDTH 11 0
BBX 10 9 0 0
BITMAP
0FC0
0FC0
1A00
1200
33C0
3E00
6200
4200
C3C0
ENDCHAR
STARTCHAR aeturned
ENCODING 7426
SWIDTH 864 0
DWIDTH 14 0
BBX 12 9 1 0
BITMAP
70E0
DD30
0610
0630
FE60
FF80
8600
C620
7BE0
ENDCHAR
STARTCHAR Bbarredsmall
ENCODING 7427
SWIDTH 576 0
DWIDTH 9 0
BBX 9 9 0 0
BITMAP
7C00
7F00
6100
6100
FF80
6100
6180
6100
7E00
ENDCHAR
STARTCHAR uni1D04
ENCODING 7428
SWIDTH 522 0
DWIDTH 8 0
BBX 7 9 1 0
BITMAP
1C
76
C0
C0
80
80
C0
60
3C
ENDCHAR
STARTCHAR uni1D05
ENCODING 7429
SWIDTH 596 0
DWIDTH 10 0
BBX 8 9 1 0
BITMAP
F0
FC
C6
C2
C3
C3
C2
C6
F8
ENDCHAR
STARTCHAR Ethsmall
ENCODING 7430
SWIDTH 596 0
DWIDTH 10 0
BBX 8 9 1 0
BITMAP
F0
FC
C6
C2
F3
C3
C2
C6
F8
ENDCHAR
STARTCHAR uni1D07
ENCODING 7431
SWIDTH 465 0
DWIDTH 7 0
BBX 6 9 1 0
BITMAP
FC
FC
C0
C0
F8
C0
C0
C0
FC
ENDCHAR
STARTCHAR eturnedopen
ENCODING 7432
SWIDTH 490 0
DWIDTH 8 0
BBX 6 9 1 0
BITMAP
F0
9C
04
04
78
18
0C
8C
F8
ENDCHAR
STARTCHAR iturned
ENCODING 7433
SWIDTH 275 0
DWIDTH 4 0
BBX 2 12 1 -3
BITMAP
C0
C0
C0
C0
C0
C0
C0
C0
C0
00
40
C0
ENDCHAR
STARTCHAR uni1D0A
ENCODING 7434
SWIDTH 347 0
DWIDTH 6 0
BBX 3 9 1 0
BITMAP
20
20
20
20
20
20
20
20
E0
ENDCHAR
STARTCHAR uni1D0B
ENCODING 7435
SWIDTH 512 0
DWIDTH 8 0
BBX 7 9 1 0
BITMAP
C6
CC
D8
D0
F0
D0
C8
CC
C6
ENDCHAR
STARTCHAR Lstrokesmall
ENCODING 7436
SWIDTH 441 0
DWIDTH 7 0
BBX 7 9 0 0
BITMAP
60
60
60
68
70
E0
60
60
7E
ENDCHAR
STARTCHAR uni1D0D
ENCODING 7437
SWIDTH 728 0
DWIDTH 12 0
BBX 9 9 1 0
BITMAP
C180
E180
E180
E280
F280
D680
DC80
CC80
CC80
ENDCHAR
STARTCHAR Nreversedsmall
ENCODING 7438
SWIDTH 618 0
DWIDTH 10 0
BBX 8 9 1 0
BITMAP
C3
C7
C7
CF
DB
D3
F3
E3
C3
ENDCHAR
STARTCHAR uni1D0F
ENCODING 7439
SWIDTH 634 0
DWIDTH 10 0
BBX 8 9 1 0
BITMAP
1C
76
C3
C1
81
81
C3
42
3C
ENDCHAR
STARTCHAR Oopensmall
ENCODING 7440
SWIDTH 522 0
DWIDTH 8 0
BBX 6 9 1 0
BITMAP
70
D8
0C
04
04
04
04
0C
F8
ENDCHAR
STARTCHAR osideways
ENCODING 7441
SWIDTH 606 0
DWIDTH 10 0
BBX 9 8 0 0
BITMAP
3F00
6180
C080
8080
C080
4180
7F00
1C00
ENDCHAR
STARTCHAR osidewaysopen
ENCODING 7442
SWIDTH 606 0
DWIDTH 10 0
BBX 9 6 0 1
BITMAP
3F00
6180
4080
C080
C080
4080
ENDCHAR
STARTCHAR oslashsideways
ENCODING 7443
SWIDTH 606 0
DWIDTH 10 0
BBX 10 8 0 0
BITMAP
BF00
6180
7080
C880
C680
4380
7FC0
1C00
ENDCHAR
STARTCHAR oeturned
ENCODING 7444
SWIDTH 946 0
DWIDTH 15 0
BBX 13 9 1 0
BITMAP
70E0
DDB0
0618
0608
FE08
FE08
8608
C718
79F0
ENDCHAR
STARTCHAR uni1D15
ENCODING 7445
SWIDTH 551 0
DWIDTH 9 0
BBX 7 9 1 0
BITMAP
C4
C4
C4
7C
EC
86
86
C6
7C
ENDCHAR
STARTCHAR otophalf
ENCODING 7446
SWIDTH 634 0
DWIDTH 10 0
BBX 8 5 1 4
BITMAP
1C
76
C3
C1
81
ENDCHAR
STARTCHAR obottomhalf
ENCODING 7447
SWIDTH 634 0
DWIDTH 10 0
BBX 8 4 1 0
BITMAP
81
C3
42
3C
ENDCHAR
STARTCHAR uni1D18
ENCODING 7448
SWIDTH 502 0
DWIDTH 8 0
BBX 6 9 1 0
BITMAP
F0
FC
C4
C4
CC
F0
C0
C0
C0
ENDCHAR
STARTCHAR Rreversedsmall
ENCODING 7449
SWIDTH 527 0
DWIDTH 8 0
BBX 7 9 0 0
BITMAP
1E
3E
62
62
3E
1E
32
62
C2
ENDCHAR
STARTCHAR Rturnedsmall
ENCODING 7450
SWIDTH 527 0
DWIDTH 8 0
BBX 7 9 0 0
BITMAP
C2
62
22
32
3E
62
62
62
3E
ENDCHAR
STARTCHAR uni1D1B
ENCODING 7451
SWIDTH 465 0
DWIDTH 7 0
BBX 7 9 0 0
BITMAP
FE
FE
10
10
10
10
10
10
10
ENDCHAR
STARTCHAR uni1D1C
ENCODING 7452
SWIDTH 596 0
DWIDTH 10 0
BBX 7 9 1 0
BITMAP
C2
C2
C2
C2
C2
C2
C2
46
7C
ENDCHAR
STARTCHAR usideways
ENCODING 7453
SWIDTH 618 0
DWIDTH 10 0
BBX 8 7 1 1
BITMAP
FF
06
01
01
01
01
FF
ENDCHAR
STARTCHAR udieresissideways
ENCODING 7454
SWIDTH 787 0
DWIDTH 13 0
BBX 12 7 0 1
BITMAP
1FF0
4060
C010
0010
4010
C030
1FE0
ENDCHAR
STARTCHAR msidewaysturned
ENCODING 7455
SWIDTH 618 0
DWIDTH 10 0
BBX 8 12 1 -2
BITMAP
FF
03
01
01
01
FF
06
01
01
01
FF
FE
ENDCHAR
STARTCHAR uni1D20
ENCODING 7456
SWIDTH 479 0
DWIDTH 8 0
BBX 8 9 0 0
BITMAP
83
C2
42
46
64
24
28
18
18
ENDCHAR
STARTCHAR uni1D21
ENCODING 7457
SWIDTH 712 0
DWIDTH 11 0
BBX 11 9 0 0
BITMAP
8420
C620
4E60
4A40
4B40
6940
3140
3180
3180
ENDCHAR
STARTCHAR uni1D22
ENCODING 7458
SWIDTH 470 0
DWIDTH 8 0
BBX 6 9 1 0
BITMAP
FC
FC
08
10
30
60
40
C0
FC
ENDCHAR
STARTCHAR Ezhsmall
ENCODING 7459
SWIDTH 490 0
DWIDTH 8 0
BBX 6 9 1 0
BITMAP
FC
FC
18
20
78
0C
04
8C
F8
ENDCHAR
STARTCHAR spirantvoicedlaryngeal
ENCODING 7460
SWIDTH 426 0
DWIDTH 7 0
BBX 7 12 0 0
BITMAP
7C
84
04
04
0C
18
30
60
C0
C0
C4
7E
ENDCHAR
STARTCHAR uni1D25
ENCODING 7461
SWIDTH 505 0
DWIDTH 8 0
BBX 8 9 0 0
BITMAP
18
3C
7E
7E
3C
3C
18
3C
E7
ENDCHAR
STARTCHAR uni1D26
ENCODING 7462
SWIDTH 441 0
DWIDTH 7 0
BBX 6 9 1 0
BITMAP
FC
FC
C0
C0
C0
C0
C0
C0
C0
ENDCHAR
STARTCHAR uni1D27
ENCODING 7463
SWIDTH 498 0
DWIDTH 8 0
BBX 8 9 0 0
BITMAP
18
18
18
3C
24
66
66
42
C3
ENDCHAR
STARTCHAR uni1D28
ENCODING 7464
SWIDTH 596 0
DWIDTH 10 0
BBX 7 9 1 0
BITMAP
FE
FE
C2
C2
C2
C2
C2
C2
C2
ENDCHAR
STARTCHAR uni1D29
ENCODING 7465
SWIDTH 502 0
DWIDTH 8 0
BBX 6 9 1 0
BITMAP
F0
FC
C4
C4
CC
F0
C0
C0
C0
ENDCHAR
STARTCHAR uni1D2A
ENCODING 7466
SWIDTH 651 0
DWIDTH 10 0
BBX 9 9 1 0
BITMAP
9980
9980
9980
9980
D900
7F00
1800
1800
1800
ENDCHAR
STARTCHAR uni1D2B
ENCODING 7467
SWIDTH 579 0
DWIDTH 9 0
BBX 8 9 0 0
BITMAP
1F
1F
13
33
33
33
23
23
E3
ENDCHAR
STARTCHAR uni1D2C
ENCODING 7468
SWIDTH 415 0
DWIDTH 7 0
BBX 7 6 0 5
BITMAP
30
28
28
78
44
86
ENDCHAR
STARTCHAR AEmod
ENCODING 7469
SWIDTH 573 0
DWIDTH 9 0
BBX 9 6 0 5
BITMAP
1F80
2400
2700
7C00
4400
8780
ENDCHAR
STARTCHAR uni1D2E
ENCODING 7470
SWIDTH 423 0
DWIDTH 7 0
BBX 5 6 1 5
BITMAP
F8
88
F0
88
88
F8
ENDCHAR
STARTCHAR Bbarredmod
ENCODING 7471
SWIDTH 423 0
DWIDTH 7 0
BBX 7 6 0 5
BITMAP
7C
44
FE
44
44
7C
ENDCHAR
STARTCHAR uni1D30
ENCODING 7472
SWIDTH 475 0
DWIDTH 8 0
BBX 6 6 1 5
BITMAP
F8
84
84
84
84
F8
ENDCHAR
STARTCHAR uni1D31
ENCODING 7473
SWIDTH 361 0
DWIDTH 6 0
BBX 4 6 1 5
BITMAP
F0
80
F0
80
80
F0
ENDCHAR
STARTCHAR Ereversedmod
ENCODING 7474
SWIDTH 361 0
DWIDTH 6 0
BBX 4 6 1 5
BITMAP
F0
10
F0
10
10
F0
ENDCHAR
STARTCHAR uni1D33
ENCODING 7475
SWIDTH 473 0
DWIDTH 8 0
BBX 6 8 1 4
BITMAP
38
44
80
80
9C
84
C4
38
ENDCHAR
STARTCHAR uni1D34
ENCODING 7476
SWIDTH 482 0
DWIDTH 8 0
BBX 6 6 1 5
BITMAP
84
84
FC
84
84
84
ENDCHAR
STARTCHAR uni1D35
ENCODING 7477
SWIDTH 220 0
DWIDTH 4 0
BBX 3 6 0 5
BITMAP
E0
40
40
40
40
E0
ENDCHAR
STARTCHAR uni1D36
ENCODING 7478
SWIDTH 177 0
DWIDTH 3 0
BBX 3 8 -1 3
BITMAP
20
20
20
20
20
20
20
E0
ENDCHAR
STARTCHAR uni1D37
ENCODING 7479
SWIDTH 402 0
DWIDTH 6 0
BBX 5 6 1 5
BITMAP
98
A0
C0
A0
90
88
ENDCHAR
STARTCHAR uni1D38
ENCODING 7480
SWIDTH 341 0
DWIDTH 5 0
BBX 4 6 1 5
BITMAP
80
80
80
80
80
F0
ENDCHAR
STARTCHAR uni1D39
ENCODING 7481
SWIDTH 590 0
DWIDTH 9 0
BBX 7 6 1 5
BITMAP
C2
C6
A6
AA
AA
92
ENDCHAR
STARTCHAR uni1D3A
ENCODING 7482
SWIDTH 494 0
DWIDTH 8 0
BBX 6 6 1 5
BITMAP
C4
C4
A4
94
9C
8C
ENDCHAR
STARTCHAR Nreversedmod
ENCODING 7483
SWIDTH 494 0
DWIDTH 8 0
BBX 6 6 1 5
BITMAP
8C
9C
94
A4
C4
C4
ENDCHAR
STARTCHAR uni1D3C
ENCODING 7484
SWIDTH 508 0
DWIDTH 8 0
BBX 6 8 1 4
BITMAP
30
CC
84
84
84
84
CC
30
ENDCHAR
STARTCHAR uni1D3D
ENCODING 7485
SWIDTH 436 0
DWIDTH 7 0
BBX 5 7 1 4
BITMAP
88
88
70
88
88
98
60
ENDCHAR
STARTCHAR uni1D3E
ENCODING 7486
SWIDTH 393 0
DWIDTH 6 0
BBX 5 6 1 5
BITMAP
F0
88
98
E0
80
80
ENDCHAR
STARTCHAR uni1D3F
ENCODING 7487
SWIDTH 404 0
DWIDTH 6 0
BBX 5 6 1 5
BITMAP
F8
88
98
E0
90
88
ENDCHAR
STARTCHAR uni1D40
ENCODING 7488
SWIDTH 361 0
DWIDTH 6 0
BBX 6 6 0 5
BITMAP
FC
20
20
20
20
20
ENDCHAR
STARTCHAR uni1D41
ENCODING 7489
SWIDTH 475 0
DWIDTH 8 0
BBX 6 7 1 4
BITMAP
84
84
84
84
84
C8
30
ENDCHAR
STARTCHAR uni1D42
ENCODING 7490
SWIDTH 605 0
DWIDTH 10 0
BBX 10 6 0 5
BITMAP
8CC0
4C80
5480
5300
5300
2300
ENDCHAR
STARTCHAR uni1D43
ENCODING 7491
SWIDTH 365 0
DWIDTH 6 0
BBX 5 6 0 4
BITMAP
70
08
38
48
D8
20
ENDCHAR
STARTCHAR aturnedmod
ENCODING 7492
SWIDTH 365 0
DWIDTH 6 0
BBX 4 5 1 5
BITMAP
F0
90
B0
C0
F0
ENDCHAR
STARTCHAR uni1D45
ENCODING 7493
SWIDTH 400 0
DWIDTH 6 0
BBX 5 6 1 4
BITMAP
68
98
88
88
98
68
ENDCHAR
STARTCHAR aeturnedmod
ENCODING 7494
SWIDTH 562 0
DWIDTH 9 0
BBX 8 6 1 4
BITMAP
EE
11
12
FC
B2
4C
ENDCHAR
STARTCHAR uni1D47
ENCODING 7495
SWIDTH 400 0
DWIDTH 6 0
BBX 5 8 1 4
BITMAP
80
80
F0
88
88
88
D0
20
ENDCHAR
STARTCHAR uni1D48
ENCODING 7496
SWIDTH 400 0
DWIDTH 6 0
BBX 5 8 1 4
BITMAP
08
08
68
98
88
88
98
60
ENDCHAR
STARTCHAR uni1D49
ENCODING 7497
SWIDTH 367 0
DWIDTH 6 0
BBX 4 6 1 4
BITMAP
60
90
F0
80
90
60
ENDCHAR
STARTCHAR uni1D4A
ENCODING 7498
SWIDTH 367 0
DWIDTH 6 0
BBX 4 6 1 4
BITMAP
E0
10
10
F0
90
60
ENDCHAR
STARTCHAR eopenmod
ENCODING 7499
SWIDTH 314 0
DWIDTH 5 0
BBX 5 6 0 4
BITMAP
78
40
70
C0
48
30
ENDCHAR
STARTCHAR eturnedopenmod
ENCODING 7500
SWIDTH 318 0
DWIDTH 5 0
BBX 5 6 0 4
BITMAP
F0
08
70
10
90
60
ENDCHAR
STARTCHAR uni1D4D
ENCODING 7501
SWIDTH 400 0
DWIDTH 6 0
BBX 5 8 1 2
BITMAP
68
98
88
88
98
68
10
E0
ENDCHAR
STARTCHAR iturnedmod
ENCODING 7502
SWIDTH 179 0
DWIDTH 3 0
BBX 1 7 1 3
BITMAP
80
80
80
80
80
00
80
ENDCHAR
STARTCHAR uni1D4F
ENCODING 7503
SWIDTH 347 0
DWIDTH 6 0
BBX 4 7 1 5
BITMAP
80
80
90
A0
C0
A0
90
ENDCHAR
STARTCHAR uni1D50
ENCODING 7504
SWIDTH 608 0
DWIDTH 10 0
BBX 8 5 1 5
BITMAP
F6
99
91
91
91
ENDCHAR
STARTCHAR uni1D51
ENCODING 7505
SWIDTH 402 0
DWIDTH 6 0
BBX 5 8 1 2
BITMAP
F0
88
88
88
88
08
08
30
ENDCHAR
STARTCHAR uni1D52
ENCODING 7506
SWIDTH 393 0
DWIDTH 6 0
BBX 5 6 1 4
BITMAP
70
90
88
88
90
60
ENDCHAR
STARTCHAR oopenmod
ENCODING 7507
SWIDTH 312 0
DWIDTH 5 0
BBX 4 6 0 4
BITMAP
E0
10
10
10
90
60
ENDCHAR
STARTCHAR otophalfmod
ENCODING 7508
SWIDTH 412 0
DWIDTH 7 0
BBX 5 3 1 7
BITMAP
70
88
88
ENDCHAR
STARTCHAR obottomhalfmod
ENCODING 7509
SWIDTH 412 0
DWIDTH 7 0
BBX 5 2 1 5
BITMAP
88
F0
ENDCHAR
STARTCHAR uni1D56
ENCODING 7510
SWIDTH 400 0
DWIDTH 6 0
BBX 5 8 1 2
BITMAP
F0
88
88
88
D0
A0
80
80
ENDCHAR
STARTCHAR uni1D57
ENCODING 7511
SWIDTH 235 0
DWIDTH 4 0
BBX 4 7 0 4
BITMAP
40
E0
40
40
40
40
30
ENDCHAR
STARTCHAR uni1D58
ENCODING 7512
SWIDTH 402 0
DWIDTH 6 0
BBX 5 6 1 4
BITMAP
88
88
88
88
98
60
ENDCHAR
STARTCHAR usidewaysmod
ENCODING 7513
SWIDTH 402 0
DWIDTH 6 0
BBX 6 4 0 5
BITMAP
FC
04
04
FC
ENDCHAR
STARTCHAR mturnedmod
ENCODING 7514
SWIDTH 608 0
DWIDTH 10 0
BBX 8 6 1 4
BITMAP
91
91
91
91
9B
64
ENDCHAR
STARTCHAR uni1D5B
ENCODING 7515
SWIDTH 330 0
DWIDTH 5 0
BBX 5 5 0 5
BITMAP
88
88
50
50
30
ENDCHAR
STARTCHAR uni1D5C
ENCODING 7516
SWIDTH 328 0
DWIDTH 5 0
BBX 5 6 0 4
BITMAP
70
70
70
30
70
88
ENDCHAR
STARTCHAR uni1D5D
ENCODING 7517
SWIDTH 410 0
DWIDTH 7 0
BBX 5 10 1 2
BITMAP
70
90
90
B0
88
88
98
E0
80
80
ENDCHAR
STARTCHAR uni1D5E
ENCODING 7518
SWIDTH 337 0
DWIDTH 5 0
BBX 5 7 0 3
BITMAP
88
88
48
50
30
20
20
ENDCHAR
STARTCHAR uni1D5F
ENCODING 7519
SWIDTH 393 0
DWIDTH 6 0
BBX 6 8 0 4
BITMAP
38
40
20
58
48
84
48
30
ENDCHAR
STARTCHAR uni1D60
ENCODING 7520
SWIDTH 471 0
DWIDTH 8 0
BBX 6 10 1 2
BITMAP
20
20
78
A4
A4
A4
E8
30
20
20
ENDCHAR
STARTCHAR uni1D61
ENCODING 7521
SWIDTH 358 0
DWIDTH 6 0
BBX 6 8 0 2
BITMAP
C4
48
28
30
30
30
48
84
ENDCHAR
STARTCHAR uni1D62
ENCODING 7522
SWIDTH 168 0
DWIDTH 3 0
BBX 1 8 1 -2
BITMAP
80
80
80
80
80
80
80
80
ENDCHAR
STARTCHAR uni1D63
ENCODING 7523
SWIDTH 268 0
DWIDTH 4 0
BBX 3 6 1 -2
BITMAP
E0
80
80
80
80
80
ENDCHAR
STARTCHAR uni1D64
ENCODING 7524
SWIDTH 402 0
DWIDTH 6 0
BBX 5 6 1 -2
BITMAP
88
88
88
88
98
68
ENDCHAR
STARTCHAR uni1D65
ENCODING 7525
SWIDTH 330 0
DWIDTH 5 0
BBX 5 6 0 -2
BITMAP
88
88
50
50
30
20
ENDCHAR
STARTCHAR uni1D66
ENCODING 7526
SWIDTH 410 0
DWIDTH 7 0
BBX 5 10 1 -4
BITMAP
70
90
90
A0
98
88
98
E0
80
80
ENDCHAR
STARTCHAR uni1D67
ENCODING 7527
SWIDTH 337 0
DWIDTH 5 0
BBX 5 8 0 -4
BITMAP
88
88
48
50
30
20
20
20
ENDCHAR
STARTCHAR uni1D68
ENCODING 7528
SWIDTH 393 0
DWIDTH 6 0
BBX 5 8 1 -4
BITMAP
60
90
88
88
90
E0
80
80
ENDCHAR
STARTCHAR uni1D69
ENCODING 7529
SWIDTH 471 0
DWIDTH 8 0
BBX 6 10 1 -4
BITMAP
20
20
70
AC
A4
A4
AC
70
20
20
ENDCHAR
STARTCHAR uni1D6A
ENCODING 7530
SWIDTH 358 0
DWIDTH 6 0
BBX 6 8 0 -4
BITMAP
84
48
28
30
30
30
48
8C
ENDCHAR
STARTCHAR uni1D6B
ENCODING 7531
SWIDTH 930 0
DWIDTH 15 0
BBX 13 9 1 0
BITMAP
C2E0
C3B0
C318
C208
C3F8
C200
C200
4708
7CF8
ENDCHAR
STARTCHAR uni1D6C
ENCODING 7532
SWIDTH 615 0
DWIDTH 10 0
BBX 10 12 -1 0
BITMAP
3000
7400
B800
3700
3D80
30C0
30C0
30C0
30C0
30C0
3880
3F80
ENDCHAR
STARTCHAR uni1D6D
ENCODING 7533
SWIDTH 615 0
DWIDTH 10 0
BBX 9 12 1 0
BITMAP
0200
0E80
0B80
3A00
6E00
C200
8200
8200
8200
C200
C600
7A00
ENDCHAR
STARTCHAR uni1D6E
ENCODING 7534
SWIDTH 344 0
DWIDTH 6 0
BBX 6 12 0 0
BITMAP
3C
20
20
78
F8
20
20
E8
B0
20
20
20
ENDCHAR
STARTCHAR uni1D6F
ENCODING 7535
SWIDTH 935 0
DWIDTH 15 0
BBX 15 9 0 0
BITMAP
6E70
73D8
618C
610C
FF8E
E1FC
610C
610C
610C
ENDCHAR
STARTCHAR uni1D70
ENCODING 7536
SWIDTH 618 0
DWIDTH 10 0
BBX 10 9 0 0
BITMAP
6E00
7B00
6180
6180
FDC0
E780
6180
6180
6180
ENDCHAR
STARTCHAR uni1D71
ENCODING 7537
SWIDTH 615 0
DWIDTH 10 0
BBX 10 13 -1 -4
BITMAP
3700
3D80
30C0
30C0
30C0
30C0
30C0
3880
3F80
3000
7C00
B800
3000
ENDCHAR
STARTCHAR uni1D72
ENCODING 7538
SWIDTH 413 0
DWIDTH 7 0
BBX 7 9 -1 0
BITMAP
36
3E
30
30
74
F8
30
30
30
ENDCHAR
STARTCHAR uni1D73
ENCODING 7539
SWIDTH 346 0
DWIDTH 6 0
BBX 6 9 -1 0
BITMAP
0C
1C
30
30
74
F8
30
30
30
ENDCHAR
STARTCHAR uni1D74
ENCODING 7540
SWIDTH 479 0
DWIDTH 8 0
BBX 8 9 0 0
BITMAP
3C
66
40
60
FF
8E
02
86
7C
ENDCHAR
STARTCHAR uni1D75
ENCODING 7541
SWIDTH 361 0
DWIDTH 6 0
BBX 5 11 0 0
BITMAP
20
20
78
F8
60
60
E8
F0
60
20
38
ENDCHAR
STARTCHAR uni1D76
ENCODING 7542
SWIDTH 470 0
DWIDTH 8 0
BBX 6 9 1 0
BITMAP
FC
FC
08
10
F4
F8
40
C0
FC
ENDCHAR
STARTCHAR uni1D77
ENCODING 7543
SWIDTH 615 0
DWIDTH 10 0
BBX 8 12 1 0
BITMAP
7E
40
C0
DC
E6
C3
C3
C3
C3
C3
E2
FC
ENDCHAR
STARTCHAR uni1D78
ENCODING 7544
SWIDTH 414 0
DWIDTH 7 0
BBX 5 5 1 5
BITMAP
88
88
F8
88
88
ENDCHAR
STARTCHAR uni1D79
ENCODING 7545
SWIDTH 586 0
DWIDTH 9 0
BBX 8 13 1 -4
BITMAP
FE
FE
18
30
30
3C
C6
82
83
83
82
66
38
ENDCHAR
STARTCHAR uni1D7A
ENCODING 7546
SWIDTH 979 0
DWIDTH 16 0
BBX 14 13 0 -1
BITMAP
0190
21A0
21C0
79B8
F9CC
6184
6384
6584
6D84
6984
3184
3984
4000
ENDCHAR
STARTCHAR iotaserifedstroke
ENCODING 7547
SWIDTH 320 0
DWIDTH 5 0
BBX 4 9 1 0
BITMAP
F0
40
40
40
E0
40
40
40
F0
ENDCHAR
STARTCHAR uni1D7C
ENCODING 7548
SWIDTH 346 0
DWIDTH 6 0
BBX 5 9 0 0
BITMAP
60
60
60
60
F8
60
60
60
38
ENDCHAR
STARTCHAR uni1D7D
ENCODING 7549
SWIDTH 615 0
DWIDTH 10 0
BBX 10 13 0 -4
BITMAP
6E00
7B00
6180
6180
FFC0
6180
6180
7100
7F00
6000
6000
6000
6000
ENDCHAR
STARTCHAR uni1D7E
ENCODING 7550
SWIDTH 596 0
DWIDTH 10 0
BBX 9 9 0 0
BITMAP
6100
6100
6100
6100
FF80
6100
6100
2300
3E00
ENDCHAR
STARTCHAR uni1D7F
ENCODING 7551
SWIDTH 605 0
DWIDTH 10 0
BBX 10 9 0 0
BITMAP
F780
F780
2100
6180
FFC0
4180
6180
2300
1E00
ENDCHAR
STARTCHAR uni1D80
ENCODING 7552
SWIDTH 615 0
DWIDTH 10 0
BBX 8 15 1 -3
BITMAP
C0
C0
C0
DC
F6
C3
C3
C3
C3
C3
E2
FE
02
02
0C
ENDCHAR
STARTCHAR uni1D81
ENCODING 7553
SWIDTH 615 0
DWIDTH 10 0
BBX 8 15 1 -3
BITMAP
02
02
02
3A
6E
C2
82
82
82
C2
C6
7B
01
01
07
ENDCHAR
STARTCHAR uni1D82
ENCODING 7554
SWIDTH 344 0
DWIDTH 6 0
BBX 6 15 0 -3
BITMAP
3C
20
20
78
F8
20
20
20
20
20
20
30
10
10
60
ENDCHAR
STARTCHAR uni1D83
ENCODING 7555
SWIDTH 780 0
DWIDTH 12 0
BBX 11 13 1 -4
BITMAP
3A00
6E00
C200
8200
8200
8200
C200
C7E0
7A20
0220
0220
46E0
7C00
ENDCHAR
STARTCHAR uni1D84
ENCODING 7556
SWIDTH 534 0
DWIDTH 9 0
BBX 7 15 1 -3
BITMAP
C0
C0
C0
C6
CC
C8
D0
F0
D8
CC
C4
C6
02
02
06
ENDCHAR
STARTCHAR uni1D85
ENCODING 7557
SWIDTH 258 0
DWIDTH 4 0
BBX 2 15 1 -3
BITMAP
C0
C0
C0
C0
C0
C0
C0
C0
C0
C0
C0
C0
40
40
C0
ENDCHAR
STARTCHAR uni1D86
ENCODING 7558
SWIDTH 935 0
DWIDTH 15 0
BBX 13 12 1 -3
BITMAP
DCE0
E7B0
C318
C218
C218
C218
C218
C218
C218
0008
0008
0018
ENDCHAR
STARTCHAR uni1D87
ENCODING 7559
SWIDTH 618 0
DWIDTH 10 0
BBX 8 12 1 -3
BITMAP
DC
F6
C3
C3
C3
C3
C3
C3
C3
01
01
07
ENDCHAR
STARTCHAR uni1D88
ENCODING 7560
SWIDTH 615 0
DWIDTH 10 0
BBX 8 13 1 -4
BITMAP
DC
F6
C3
C3
C3
C3
C3
E2
FE
C2
C2
CC
C0
ENDCHAR
STARTCHAR uni1D89
ENCODING 7561
SWIDTH 413 0
DWIDTH 7 0
BBX 5 12 1 -3
BITMAP
D8
F8
C0
C0
C0
C0
C0
C0
C0
40
40
C0
ENDCHAR
STARTCHAR uni1D8A
ENCODING 7562
SWIDTH 479 0
DWIDTH 8 0
BBX 6 12 1 -3
BITMAP
78
CC
80
C0
70
1C
04
8C
F8
08
08
38
ENDCHAR
STARTCHAR uni1D8B
ENCODING 7563
SWIDTH 424 0
DWIDTH 7 0
BBX 6 16 0 -4
BITMAP
38
60
60
60
60
60
60
60
60
60
7C
64
64
64
6C
C0
ENDCHAR
STARTCHAR uni1D8C
ENCODING 7564
SWIDTH 508 0
DWIDTH 8 0
BBX 8 12 0 -3
BITMAP
C1
C3
42
62
26
24
3C
18
1F
03
02
06
ENDCHAR
STARTCHAR uni1D8D
ENCODING 7565
SWIDTH 529 0
DWIDTH 8 0
BBX 8 12 0 -3
BITMAP
C3
62
26
1C
18
1C
34
62
C3
01
01
07
ENDCHAR
STARTCHAR uni1D8E
ENCODING 7566
SWIDTH 470 0
DWIDTH 8 0
BBX 6 12 1 -3
BITMAP
FC
FC
08
10
30
60
40
C0
FC
04
04
1C
ENDCHAR
STARTCHAR uni1D8F
ENCODING 7567
SWIDTH 561 0
DWIDTH 9 0
BBX 9 12 1 -3
BITMAP
3800
6C00
0600
0600
7E00
C600
8600
8E00
FA00
0200
0200
0380
ENDCHAR
STARTCHAR uni1D90
ENCODING 7568
SWIDTH 615 0
DWIDTH 10 0
BBX 10 12 1 -3
BITMAP
3A00
6E00
C200
8200
8200
8200
C200
C700
7B80
0180
0180
00C0
ENDCHAR
STARTCHAR uni1D91
ENCODING 7569
SWIDTH 615 0
DWIDTH 10 0
BBX 9 16 1 -4
BITMAP
0380
0300
0200
3A00
6E00
C200
8200
8200
8200
C200
C600
7A00
0200
0200
0300
0180
ENDCHAR
STARTCHAR uni1D92
ENCODING 7570
SWIDTH 564 0
DWIDTH 9 0
BBX 8 12 1 -3
BITMAP
38
6C
C6
82
FE
80
C0
42
3E
02
02
03
ENDCHAR
STARTCHAR uni1D93
ENCODING 7571
SWIDTH 493 0
DWIDTH 8 0
BBX 8 12 1 -3
BITMAP
38
EC
80
C0
38
C0
80
84
7C
04
04
07
ENDCHAR
STARTCHAR uni1D94
ENCODING 7572
SWIDTH 490 0
DWIDTH 8 0
BBX 6 12 1 -3
BITMAP
70
DC
0C
0C
70
0C
04
8C
F8
80
80
C0
ENDCHAR
STARTCHAR uni1D95
ENCODING 7573
SWIDTH 649 0
DWIDTH 10 0
BBX 10 12 1 -3
BITMAP
7800
DC00
0600
0200
FF00
FF00
8700
C500
7D00
0100
0100
01C0
ENDCHAR
STARTCHAR uni1D96
ENCODING 7574
SWIDTH 258 0
DWIDTH 4 0
BBX 4 15 1 -3
BITMAP
C0
C0
00
C0
C0
C0
C0
C0
C0
C0
C0
C0
40
60
30
ENDCHAR
STARTCHAR uni1D97
ENCODING 7575
SWIDTH 480 0
DWIDTH 8 0
BBX 6 12 1 -3
BITMAP
E0
B8
08
0C
0C
0C
0C
98
F0
80
80
E0
ENDCHAR
STARTCHAR uni1D98
ENCODING 7576
SWIDTH 258 0
DWIDTH 4 0
BBX 5 15 0 -3
BITMAP
38
60
60
60
60
60
60
60
60
60
60
C0
80
80
C0
ENDCHAR
STARTCHAR uni1D99
ENCODING 7577
SWIDTH 618 0
DWIDTH 10 0
BBX 10 12 1 -3
BITMAP
C300
C300
C300
C300
C300
C300
C300
C700
7F00
0100
0100
01C0
ENDCHAR
STARTCHAR uni1D9A
ENCODING 7578
SWIDTH 490 0
DWIDTH 8 0
BBX 6 12 1 -3
BITMAP
FC
FC
18
20
78
0C
04
8C
F8
80
80
C0
ENDCHAR
STARTCHAR uni1D9B
ENCODING 7579
SWIDTH 400 0
DWIDTH 6 0
BBX 6 6 0 4
BITMAP
F8
44
44
44
68
10
ENDCHAR
STARTCHAR uni1D9C
ENCODING 7580
SWIDTH 312 0
DWIDTH 5 0
BBX 4 6 1 4
BITMAP
70
80
80
80
90
60
ENDCHAR
STARTCHAR uni1D9D
ENCODING 7581
SWIDTH 345 0
DWIDTH 6 0
BBX 5 6 0 4
BITMAP
38
40
40
78
48
B0
ENDCHAR
STARTCHAR uni1D9E
ENCODING 7582
SWIDTH 393 0
DWIDTH 6 0
BBX 5 8 1 4
BITMAP
50
60
10
F8
88
88
90
60
ENDCHAR
STARTCHAR uni1078F
ENCODING 7583
SWIDTH 319 0
DWIDTH 5 0
BBX 5 6 0 4
BITMAP
F0
10
70
10
98
60
ENDCHAR
STARTCHAR uni1DA0
ENCODING 7584
SWIDTH 224 0
DWIDTH 4 0
BBX 4 7 0 5
BITMAP
30
40
E0
40
40
40
40
ENDCHAR
STARTCHAR uni1DA1
ENCODING 7585
SWIDTH 168 0
DWIDTH 3 0
BBX 4 8 -1 2
BITMAP
20
20
70
20
20
20
20
C0
ENDCHAR
STARTCHAR uni1DA2
ENCODING 7586
SWIDTH 400 0
DWIDTH 6 0
BBX 5 8 1 2
BITMAP
68
98
88
88
98
68
10
E0
ENDCHAR
STARTCHAR uni1DA3
ENCODING 7587
SWIDTH 402 0
DWIDTH 6 0
BBX 5 8 1 2
BITMAP
88
88
88
88
98
68
08
08
ENDCHAR
STARTCHAR uni1DA4
ENCODING 7588
SWIDTH 168 0
DWIDTH 3 0
BBX 3 7 0 5
BITMAP
40
00
40
40
E0
40
40
ENDCHAR
STARTCHAR uni1DA5
ENCODING 7589
SWIDTH 225 0
DWIDTH 4 0
BBX 2 6 1 4
BITMAP
80
80
80
80
80
40
ENDCHAR
STARTCHAR iotaserifedmod
ENCODING 7590
SWIDTH 208 0
DWIDTH 3 0
BBX 3 5 0 5
BITMAP
E0
40
40
40
E0
ENDCHAR
STARTCHAR iotaserifedstrokemod
ENCODING 7591
SWIDTH 208 0
DWIDTH 3 0
BBX 3 5 0 5
BITMAP
E0
40
E0
40
E0
ENDCHAR
STARTCHAR uni1DA8
ENCODING 7592
SWIDTH 168 0
DWIDTH 3 0
BBX 4 10 -1 2
BITMAP
20
00
20
20
20
20
20
70
A0
40
ENDCHAR
STARTCHAR uni1DA9
ENCODING 7593
SWIDTH 167 0
DWIDTH 3 0
BBX 2 10 1 2
BITMAP
80
80
80
80
80
80
80
80
80
40
ENDCHAR
STARTCHAR uni1DAA
ENCODING 7594
SWIDTH 168 0
DWIDTH 3 0
BBX 2 9 0 3
BITMAP
40
40
40
40
40
40
40
40
C0
ENDCHAR
STARTCHAR uni1DAB
ENCODING 7595
SWIDTH 283 0
DWIDTH 5 0
BBX 3 5 1 5
BITMAP
80
80
80
80
E0
ENDCHAR
STARTCHAR uni1DAC
ENCODING 7596
SWIDTH 608 0
DWIDTH 10 0
BBX 8 8 1 2
BITMAP
F6
99
91
91
91
01
01
02
ENDCHAR
STARTCHAR uni1DAD
ENCODING 7597
SWIDTH 608 0
DWIDTH 10 0
BBX 8 8 1 2
BITMAP
91
91
91
91
9B
65
01
01
ENDCHAR
STARTCHAR uni1DAE
ENCODING 7598
SWIDTH 402 0
DWIDTH 6 0
BBX 6 8 0 2
BITMAP
78
44
44
44
44
40
40
80
ENDCHAR
STARTCHAR uni1DAF
ENCODING 7599
SWIDTH 402 0
DWIDTH 6 0
BBX 6 8 1 2
BITMAP
F0
88
88
88
88
08
08
0C
ENDCHAR
STARTCHAR uni1DB0
ENCODING 7600
SWIDTH 411 0
DWIDTH 7 0
BBX 5 5 1 5
BITMAP
88
C8
A8
A8
98
ENDCHAR
STARTCHAR uni1DB1
ENCODING 7601
SWIDTH 393 0
DWIDTH 6 0
BBX 5 6 1 4
BITMAP
70
90
F8
88
90
60
ENDCHAR
STARTCHAR phimodlatin
ENCODING 7602
SWIDTH 471 0
DWIDTH 8 0
BBX 6 10 1 2
BITMAP
20
20
78
A4
A4
A4
E8
30
20
20
ENDCHAR
STARTCHAR uni1DB3
ENCODING 7603
SWIDTH 311 0
DWIDTH 5 0
BBX 4 7 1 3
BITMAP
E0
80
C0
30
A0
C0
C0
ENDCHAR
STARTCHAR uni1DB4
ENCODING 7604
SWIDTH 168 0
DWIDTH 3 0
BBX 3 10 0 2
BITMAP
60
40
40
40
40
40
40
40
40
80
ENDCHAR
STARTCHAR uni1DB5
ENCODING 7605
SWIDTH 235 0
DWIDTH 4 0
BBX 4 9 0 2
BITMAP
40
E0
40
40
40
40
30
10
20
ENDCHAR
STARTCHAR uni1DB6
ENCODING 7606
SWIDTH 402 0
DWIDTH 6 0
BBX 6 6 0 4
BITMAP
44
44
FC
44
4C
30
ENDCHAR
STARTCHAR uni1DB7
ENCODING 7607
SWIDTH 393 0
DWIDTH 6 0
BBX 6 6 0 4
BITMAP
EC
48
44
44
48
30
ENDCHAR
STARTCHAR uni1DB8
ENCODING 7608
SWIDTH 387 0
DWIDTH 6 0
BBX 4 5 1 5
BITMAP
90
90
90
90
F0
ENDCHAR
STARTCHAR uni1DB9
ENCODING 7609
SWIDTH 398 0
DWIDTH 6 0
BBX 5 6 1 4
BITMAP
B0
88
88
90
90
60
ENDCHAR
STARTCHAR uni1DBA
ENCODING 7610
SWIDTH 330 0
DWIDTH 5 0
BBX 5 5 0 5
BITMAP
20
30
50
48
88
ENDCHAR
STARTCHAR uni1DBB
ENCODING 7611
SWIDTH 306 0
DWIDTH 5 0
BBX 4 5 0 5
BITMAP
70
10
20
40
F0
ENDCHAR
STARTCHAR uni1DBC
ENCODING 7612
SWIDTH 306 0
DWIDTH 5 0
BBX 6 8 0 2
BITMAP
70
10
20
40
40
B8
08
0C
ENDCHAR
STARTCHAR uni1DBD
ENCODING 7613
SWIDTH 352 0
DWIDTH 6 0
BBX 6 6 0 4
BITMAP
70
10
20
58
6C
B0
ENDCHAR
STARTCHAR uni1DBE
ENCODING 7614
SWIDTH 324 0
DWIDTH 5 0
BBX 5 8 0 2
BITMAP
F8
10
20
70
08
08
18
E0
ENDCHAR
STARTCHAR uni1DBF
ENCODING 7615
SWIDTH 387 0
DWIDTH 6 0
BBX 5 8 1 4
BITMAP
70
90
88
F8
88
90
90
60
ENDCHAR
STARTCHAR uni1DC0
ENCODING 7616
SWIDTH 0 0
DWIDTH 0 0
BBX 6 3 -3 10
BITMAP
2C
FC
D0
ENDCHAR
STARTCHAR uni1DC1
ENCODING 7617
SWIDTH 0 0
DWIDTH 0 0
BBX 6 3 -3 10
BITMAP
14
B4
A0
ENDCHAR
STARTCHAR uni1DC2
ENCODING 7618
SWIDTH 0 0
DWIDTH 0 0
BBX 2 2 -1 -3
BITMAP
C0
C0
ENDCHAR
STARTCHAR uni1DC3
ENCODING 7619
SWIDTH 0 0
DWIDTH 0 0
BBX 6 2 -3 10
BITMAP
8C
F8
ENDCHAR
STARTCHAR uni1DC4
ENCODING 7620
SWIDTH 0 0
DWIDTH 0 0
BBX 4 2 -2 10
BITMAP
10
F0
ENDCHAR
STARTCHAR uni1DC5
ENCODING 7621
SWIDTH 0 0
DWIDTH 0 0
BBX 4 2 -2 10
BITMAP
80
F0
ENDCHAR
STARTCHAR uni1DC6
ENCODING 7622
SWIDTH 0 0
DWIDTH 0 0
BBX 4 2 -2 10
BITMAP
E0
30
ENDCHAR
STARTCHAR uni1DC7
ENCODING 7623
SWIDTH 0 0
DWIDTH 0 0
BBX 4 2 -2 10
BITMAP
70
C0
ENDCHAR
STARTCHAR uni1DC8
ENCODING 7624
SWIDTH 0 0
DWIDTH 0 0
BBX 6 2 -3 10
BITMAP
88
FC
ENDCHAR
STARTCHAR uni1DC9
ENCODING 7625
SWIDTH 0 0
DWIDTH 0 0
BBX 6 2 -3 10
BITMAP
44
FC
ENDCHAR
STARTCHAR uni1DCA
ENCODING 7626
SWIDTH 0 0
DWIDTH 0 0
BBX 2 3 -1 -4
BITMAP
C0
80
80
ENDCHAR
STARTCHAR uni1DCB
ENCODING 7627
SWIDTH 0 0
DWIDTH 0 0
BBX 9 2 -9 10
BITMAP
8F80
F000
ENDCHAR
STARTCHAR uni1DCC
ENCODING 7628
SWIDTH 0 0
DWIDTH 0 0
BBX 9 3 -9 9
BITMAP
F880
0780
0200
ENDCHAR
STARTCHAR uni1DCD
ENCODING 7629
SWIDTH 0 0
DWIDTH 0 0
BBX 14 2 -7 10
BITMAP
0780
F87C
ENDCHAR
STARTCHAR uni1DCE
ENCODING 7630
SWIDTH 0 0
DWIDTH 0 0
BBX 3 3 -6 9
BITMAP
E0
20
40
ENDCHAR
STARTCHAR uni1DCF
ENCODING 7631
SWIDTH 0 0
DWIDTH 0 0
BBX 4 3 -6 -3
BITMAP
40
50
A0
ENDCHAR
STARTCHAR uni1DD0
ENCODING 7632
SWIDTH 0 0
DWIDTH 0 0
BBX 8 4 -4 -4
BITMAP
22
71
5F
86
ENDCHAR
STARTCHAR uni1DD1
ENCODING 7633
SWIDTH 0 0
DWIDTH 0 0
BBX 6 3 -3 10
BITMAP
EC
A4
DC
ENDCHAR
STARTCHAR uni1DD2
ENCODING 7634
SWIDTH 0 0
DWIDTH 0 0
BBX 4 5 -2 8
BITMAP
60
90
D0
10
20
ENDCHAR
STARTCHAR uni1DD3
ENCODING 7635
SWIDTH 0 0
DWIDTH 0 0
BBX 9 2 -4 10
BITMAP
8880
FF00
ENDCHAR
STARTCHAR uni1DD4
ENCODING 7636
SWIDTH 0 0
DWIDTH 0 0
BBX 6 3 -3 10
BITMAP
7C
78
FC
ENDCHAR
STARTCHAR uni1DD5
ENCODING 7637
SWIDTH 0 0
DWIDTH 0 0
BBX 6 3 -3 10
BITMAP
FC
E4
FC
ENDCHAR
STARTCHAR uni1DD6
ENCODING 7638
SWIDTH 0 0
DWIDTH 0 0
BBX 5 3 -2 10
BITMAP
E8
F0
E0
ENDCHAR
STARTCHAR uni1DD7
ENCODING 7639
SWIDTH 0 0
DWIDTH 0 0
BBX 3 5 -1 10
BITMAP
E0
80
80
60
40
ENDCHAR
STARTCHAR uni1DD8
ENCODING 7640
SWIDTH 0 0
DWIDTH 0 0
BBX 4 5 -2 10
BITMAP
40
20
50
90
70
ENDCHAR
STARTCHAR uni1DD9
ENCODING 7641
SWIDTH 0 0
DWIDTH 0 0
BBX 4 5 -2 10
BITMAP
70
50
70
90
70
ENDCHAR
STARTCHAR uni1DDA
ENCODING 7642
SWIDTH 0 0
DWIDTH 0 0
BBX 4 5 -2 10
BITMAP
70
90
90
70
60
ENDCHAR
STARTCHAR uni1DDB
ENCODING 7643
SWIDTH 0 0
DWIDTH 0 0
BBX 4 3 -2 10
BITMAP
70
B0
70
ENDCHAR
STARTCHAR uni1DDC
ENCODING 7644
SWIDTH 0 0
DWIDTH 0 0
BBX 3 5 -1 10
BITMAP
80
A0
C0
C0
A0
ENDCHAR
STARTCHAR uni1DDD
ENCODING 7645
SWIDTH 0 0
DWIDTH 0 0
BBX 1 5 0 10
BITMAP
80
80
80
80
80
ENDCHAR
STARTCHAR uni1DDE
ENCODING 7646
SWIDTH 0 0
DWIDTH 0 0
BBX 3 3 -1 10
BITMAP
80
80
E0
ENDCHAR
STARTCHAR uni1DDF
ENCODING 7647
SWIDTH 0 0
DWIDTH 0 0
BBX 4 3 -2 10
BITMAP
90
F0
B0
ENDCHAR
STARTCHAR uni1DE0
ENCODING 7648
SWIDTH 0 0
DWIDTH 0 0
BBX 3 3 -1 10
BITMAP
E0
A0
A0
ENDCHAR
STARTCHAR uni1DE1
ENCODING 7649
SWIDTH 0 0
DWIDTH 0 0
BBX 4 3 -2 10
BITMAP
D0
B0
90
ENDCHAR
STARTCHAR uni1DE2
ENCODING 7650
SWIDTH 0 0
DWIDTH 0 0
BBX 3 3 -1 10
BITMAP
E0
C0
A0
ENDCHAR
STARTCHAR uni1DE3
ENCODING 7651
SWIDTH 0 0
DWIDTH 0 0
BBX 3 3 -1 10
BITMAP
E0
C0
20
ENDCHAR
STARTCHAR uni1DE4
ENCODING 7652
SWIDTH 0 0
DWIDTH 0 0
BBX 3 3 -1 10
BITMAP
C0
40
E0
ENDCHAR
STARTCHAR uni1DE5
ENCODING 7653
SWIDTH 0 0
DWIDTH 0 0
BBX 2 5 0 10
BITMAP
C0
80
80
80
80
ENDCHAR
STARTCHAR uni1DE6
ENCODING 7654
SWIDTH 0 0
DWIDTH 0 0
BBX 3 3 -1 10
BITMAP
E0
40
E0
ENDCHAR
STARTCHAR uni1DE7
ENCODING 7655
SWIDTH 0 0
DWIDTH 0 0
BBX 4 3 -2 10
BITMAP
F0
90
70
ENDCHAR
STARTCHAR uni1DE8
ENCODING 7656
SWIDTH 0 0
DWIDTH 0 0
BBX 3 5 -1 10
BITMAP
80
C0
A0
A0
E0
ENDCHAR
STARTCHAR uni1DE9
ENCODING 7657
SWIDTH 0 0
DWIDTH 0 0
BBX 4 6 -2 10
BITMAP
F0
B0
90
90
E0
80
ENDCHAR
STARTCHAR uni1DEA
ENCODING 7658
SWIDTH 0 0
DWIDTH 0 0
BBX 4 3 -2 10
BITMAP
70
F0
70
ENDCHAR
STARTCHAR uni1DEB
ENCODING 7659
SWIDTH 0 0
DWIDTH 0 0
BBX 3 5 -1 10
BITMAP
60
C0
40
40
40
ENDCHAR
STARTCHAR uni1DEC
ENCODING 7660
SWIDTH 0 0
DWIDTH 0 0
BBX 3 5 -1 10
BITMAP
40
40
E0
C0
40
ENDCHAR
STARTCHAR uni1DED
ENCODING 7661
SWIDTH 0 0
DWIDTH 0 0
BBX 4 4 -2 9
BITMAP
F0
90
F0
80
ENDCHAR
STARTCHAR uni1DEE
ENCODING 7662
SWIDTH 0 0
DWIDTH 0 0
BBX 3 5 -1 10
BITMAP
E0
A0
A0
C0
80
ENDCHAR
STARTCHAR uni1DEF
ENCODING 7663
SWIDTH 0 0
DWIDTH 0 0
BBX 2 6 -1 10
BITMAP
40
40
40
40
40
80
ENDCHAR
STARTCHAR uni1DF0
ENCODING 7664
SWIDTH 0 0
DWIDTH 0 0
BBX 4 4 -2 9
BITMAP
90
90
F0
80
ENDCHAR
STARTCHAR uni1DF1
ENCODING 7665
SWIDTH 0 0
DWIDTH 0 0
BBX 6 3 -3 10
BITMAP
94
74
48
ENDCHAR
STARTCHAR uni1DF2
ENCODING 7666
SWIDTH 0 0
DWIDTH 0 0
BBX 4 5 -2 10
BITMAP
60
60
10
70
F0
ENDCHAR
STARTCHAR uni1DF3
ENCODING 7667
SWIDTH 0 0
DWIDTH 0 0
BBX 4 5 -2 10
BITMAP
60
60
90
90
70
ENDCHAR
STARTCHAR uni1DF4
ENCODING 7668
SWIDTH 0 0
DWIDTH 0 0
BBX 3 5 -1 10
BITMAP
C0
00
A0
A0
E0
ENDCHAR
STARTCHAR uni1DF5
ENCODING 7669
SWIDTH 0 0
DWIDTH 0 0
BBX 4 2 -2 8
BITMAP
60
F0
ENDCHAR
STARTCHAR kavykaaboverightcmb
ENCODING 7670
SWIDTH 0 0
DWIDTH 0 0
BBX 5 2 -2 10
BITMAP
98
F0
ENDCHAR
STARTCHAR kavykaaboveleftcmb
ENCODING 7671
SWIDTH 0 0
DWIDTH 0 0
BBX 5 2 -2 10
BITMAP
98
F0
ENDCHAR
STARTCHAR dotaboveleftcmb
ENCODING 7672
SWIDTH 0 0
DWIDTH 0 0
BBX 2 2 -1 10
BITMAP
C0
C0
ENDCHAR
STARTCHAR wideinvertedbridgebelowcmb
ENCODING 7673
SWIDTH 0 0
DWIDTH 0 0
BBX 8 2 -4 -3
BITMAP
81
7E
ENDCHAR
STARTCHAR deletionmarkcmb
ENCODING 7675
SWIDTH 0 0
DWIDTH 0 0
BBX 9 4 -4 7
BITMAP
6D80
4B00
9200
B400
ENDCHAR
STARTCHAR uni1DFC
ENCODING 7676
SWIDTH 0 0
DWIDTH 0 0
BBX 10 2 -5 -3
BITMAP
7F80
80C0
ENDCHAR
STARTCHAR uni1DFD
ENCODING 7677
SWIDTH 0 0
DWIDTH 0 0
BBX 6 4 -3 -4
BITMAP
64
98
64
98
ENDCHAR
STARTCHAR uni1DFE
ENCODING 7678
SWIDTH 0 0
DWIDTH 0 0
BBX 2 4 -1 9
BITMAP
40
C0
C0
40
ENDCHAR
STARTCHAR uni1DFF
ENCODING 7679
SWIDTH 0 0
DWIDTH 0 0
BBX 6 3 -3 -4
BITMAP
D4
74
88
ENDCHAR
STARTCHAR uni1E00
ENCODING 7680
SWIDTH 639 0
DWIDTH 10 0
BBX 10 15 0 -4
BITMAP
0C00
0E00
1A00
1200
1300
3100
3F00
6180
4080
40C0
C040
0000
1C00
1400
1C00
ENDCHAR
STARTCHAR uni1E01
ENCODING 7681
SWIDTH 561 0
DWIDTH 9 0
BBX 7 13 1 -4
BITMAP
38
6C
06
06
7E
C6
86
8E
FA
00
38
28
38
ENDCHAR
STARTCHAR uni1E02
ENCODING 7682
SWIDTH 650 0
DWIDTH 10 0
BBX 8 15 2 0
BITMAP
10
10
00
00
FC
86
82
86
FC
FC
82
83
82
86
FC
ENDCHAR
STARTCHAR uni1E03
ENCODING 7683
SWIDTH 615 0
DWIDTH 10 0
BBX 8 16 1 0
BITMAP
08
08
00
00
C0
C0
C0
DC
F6
C3
C3
C3
C3
C3
E2
FE
ENDCHAR
STARTCHAR uni1E04
ENCODING 7684
SWIDTH 650 0
DWIDTH 10 0
BBX 8 14 2 -3
BITMAP
FC
86
82
86
FC
FC
82
83
82
86
FC
00
30
10
ENDCHAR
STARTCHAR uni1E05
ENCODING 7685
SWIDTH 615 0
DWIDTH 10 0
BBX 8 15 1 -3
BITMAP
C0
C0
C0
DC
F6
C3
C3
C3
C3
C3
E2
FE
00
18
08
ENDCHAR
STARTCHAR uni1E06
ENCODING 7686
SWIDTH 650 0
DWIDTH 10 0
BBX 8 13 2 -2
BITMAP
FC
86
82
86
FC
FC
82
83
82
86
FC
00
78
ENDCHAR
STARTCHAR uni1E07
ENCODING 7687
SWIDTH 615 0
DWIDTH 10 0
BBX 8 14 1 -2
BITMAP
C0
C0
C0
DC
F6
C3
C3
C3
C3
C3
E2
FE
00
3C
ENDCHAR
STARTCHAR uni1E08
ENCODING 7688
SWIDTH 632 0
DWIDTH 10 0
BBX 9 19 1 -4
BITMAP
0600
0800
0000
0E00
3F80
6000
C000
C000
C000
C000
C000
C000
4000
7080
3F00
0800
0C00
0400
1C00
ENDCHAR
STARTCHAR uni1E09
ENCODING 7689
SWIDTH 480 0
DWIDTH 8 0
BBX 6 16 1 -4
BITMAP
0C
10
00
3C
7C
C0
80
80
80
C0
44
7C
10
18
08
38
ENDCHAR
STARTCHAR uni1E0A
ENCODING 7690
SWIDTH 730 0
DWIDTH 12 0
BBX 9 15 2 0
BITMAP
1000
1000
0000
0000
FE00
8300
8100
8180
8180
8180
8180
8100
8300
8600
FC00
ENDCHAR
STARTCHAR uni1E0B
ENCODING 7691
SWIDTH 615 0
DWIDTH 10 0
BBX 7 16 1 0
BITMAP
10
10
00
00
02
02
02
3A
6E
C2
82
82
82
C2
C6
7A
ENDCHAR
STARTCHAR uni1E0C
ENCODING 7692
SWIDTH 730 0
DWIDTH 12 0
BBX 9 14 2 -3
BITMAP
FE00
8300
8100
8180
8180
8180
8180
8100
8300
8600
FC00
0000
3000
1000
ENDCHAR
STARTCHAR uni1E0D
ENCODING 7693
SWIDTH 615 0
DWIDTH 10 0
BBX 7 15 1 -3
BITMAP
02
02
02
3A
6E
C2
82
82
82
C2
C6
7A
00
30
10
ENDCHAR
STARTCHAR uni1E0E
ENCODING 7694
SWIDTH 730 0
DWIDTH 12 0
BBX 9 13 2 -2
BITMAP
FE00
8300
8100
8180
8180
8180
8180
8100
8300
8600
FC00
0000
7800
ENDCHAR
STARTCHAR uni1E0F
ENCODING 7695
SWIDTH 615 0
DWIDTH 10 0
BBX 7 14 1 -2
BITMAP
02
02
02
3A
6E
C2
82
82
82
C2
C6
7A
00
3C
ENDCHAR
STARTCHAR uni1E10
ENCODING 7696
SWIDTH 730 0
DWIDTH 12 0
BBX 9 15 2 -4
BITMAP
FE00
8300
8100
8180
8180
8180
8180
8100
8300
8600
FC00
1000
3800
0800
3000
ENDCHAR
STARTCHAR uni1E11
ENCODING 7697
SWIDTH 615 0
DWIDTH 10 0
BBX 7 16 1 -4
BITMAP
02
02
02
3A
6E
C2
82
82
82
C2
C6
7A
10
08
08
38
ENDCHAR
STARTCHAR uni1E12
ENCODING 7698
SWIDTH 730 0
DWIDTH 12 0
BBX 9 14 2 -3
BITMAP
FE00
8300
8100
8180
8180
8180
8180
8100
8300
8600
FC00
0000
3800
6C00
ENDCHAR
STARTCHAR uni1E13
ENCODING 7699
SWIDTH 615 0
DWIDTH 10 0
BBX 7 15 1 -3
BITMAP
02
02
02
3A
6E
C2
82
82
82
C2
C6
7A
00
38
6C
ENDCHAR
STARTCHAR uni1E14
ENCODING 7700
SWIDTH 556 0
DWIDTH 9 0
BBX 6 17 2 0
BITMAP
60
30
00
78
00
00
FC
80
80
80
FC
FC
80
80
80
80
FC
ENDCHAR
STARTCHAR uni1E15
ENCODING 7701
SWIDTH 564 0
DWIDTH 9 0
BBX 7 14 1 0
BITMAP
60
10
08
7C
00
38
6C
C6
82
FE
80
C0
42
3E
ENDCHAR
STARTCHAR uni1E16
ENCODING 7702
SWIDTH 556 0
DWIDTH 9 0
BBX 6 17 2 0
BITMAP
18
30
00
78
00
00
FC
80
80
80
FC
FC
80
80
80
80
FC
ENDCHAR
STARTCHAR uni1E17
ENCODING 7703
SWIDTH 564 0
DWIDTH 9 0
BBX 7 14 1 0
BITMAP
0C
10
00
7C
00
38
6C
C6
82
FE
80
C0
42
3E
ENDCHAR
STARTCHAR uni1E18
ENCODING 7704
SWIDTH 556 0
DWIDTH 9 0
BBX 6 14 2 -3
BITMAP
FC
80
80
80
FC
FC
80
80
80
80
FC
00
70
D8
ENDCHAR
STARTCHAR uni1E19
ENCODING 7705
SWIDTH 564 0
DWIDTH 9 0
BBX 7 12 1 -3
BITMAP
38
6C
C6
82
FE
80
C0
42
3E
00
38
6C
ENDCHAR
STARTCHAR uni1E1A
ENCODING 7706
SWIDTH 556 0
DWIDTH 9 0
BBX 6 14 2 -3
BITMAP
FC
80
80
80
FC
FC
80
80
80
80
FC
00
44
B8
ENDCHAR
STARTCHAR uni1E1B
ENCODING 7707
SWIDTH 564 0
DWIDTH 9 0
BBX 7 12 1 -3
BITMAP
38
6C
C6
82
FE
80
C0
42
3E
00
22
5C
ENDCHAR
STARTCHAR uni1E1C
ENCODING 7708
SWIDTH 556 0
DWIDTH 9 0
BBX 6 19 2 -4
BITMAP
44
78
00
00
FC
80
80
80
FC
FC
80
80
80
80
FC
20
30
10
70
ENDCHAR
STARTCHAR uni1E1D
ENCODING 7709
SWIDTH 564 0
DWIDTH 9 0
BBX 7 16 1 -4
BITMAP
22
3C
00
38
6C
C6
82
FE
80
C0
42
3E
10
18
08
38
ENDCHAR
STARTCHAR uni1E1E
ENCODING 7710
SWIDTH 519 0
DWIDTH 8 0
BBX 6 15 2 0
BITMAP
20
20
00
00
FC
80
80
80
80
FC
80
80
80
80
80
ENDCHAR
STARTCHAR uni1E1F
ENCODING 7711
SWIDTH 344 0
DWIDTH 6 0
BBX 6 16 0 0
BITMAP
08
08
00
00
3C
20
20
78
F8
20
20
20
20
20
20
20
ENDCHAR
STARTCHAR uni1E20
ENCODING 7712
SWIDTH 728 0
DWIDTH 12 0
BBX 9 14 1 0
BITMAP
1E00
0000
0600
3F80
6000
4000
C000
C000
8380
C080
C080
4080
7080
1F80
ENDCHAR
STARTCHAR uni1E21
ENCODING 7713
SWIDTH 615 0
DWIDTH 10 0
BBX 7 15 1 -4
BITMAP
3C
00
3A
6E
C2
82
82
82
C2
C6
7A
02
02
46
7C
ENDCHAR
STARTCHAR uni1E22
ENCODING 7714
SWIDTH 741 0
DWIDTH 12 0
BBX 8 15 2 0
BITMAP
10
10
00
00
81
81
81
81
FF
FF
81
81
81
81
81
ENDCHAR
STARTCHAR uni1E23
ENCODING 7715
SWIDTH 618 0
DWIDTH 10 0
BBX 8 16 1 0
BITMAP
40
40
00
00
C0
C0
C0
DC
F6
C3
C3
C3
C3
C3
C3
C3
ENDCHAR
STARTCHAR uni1E24
ENCODING 7716
SWIDTH 741 0
DWIDTH 12 0
BBX 8 14 2 -3
BITMAP
81
81
81
81
FF
FF
81
81
81
81
81
00
18
08
ENDCHAR
STARTCHAR uni1E25
ENCODING 7717
SWIDTH 618 0
DWIDTH 10 0
BBX 8 15 1 -3
BITMAP
C0
C0
C0
DC
F6
C3
C3
C3
C3
C3
C3
C3
00
18
08
ENDCHAR
STARTCHAR uni1E26
ENCODING 7718
SWIDTH 741 0
DWIDTH 12 0
BBX 8 15 2 0
BITMAP
24
6C
00
00
81
81
81
81
FF
FF
81
81
81
81
81
ENDCHAR
STARTCHAR uni1E27
ENCODING 7719
SWIDTH 618 0
DWIDTH 10 0
BBX 10 16 -1 0
BITMAP
4800
D800
0000
0000
3000
3000
3000
3700
3D80
30C0
30C0
30C0
30C0
30C0
30C0
30C0
ENDCHAR
STARTCHAR uni1E28
ENCODING 7720
SWIDTH 741 0
DWIDTH 12 0
BBX 10 15 0 -4
BITMAP
2040
2040
2040
2040
3FC0
3FC0
2040
2040
2040
2040
2040
4000
6000
2000
E000
ENDCHAR
STARTCHAR uni1E29
ENCODING 7721
SWIDTH 618 0
DWIDTH 10 0
BBX 9 16 0 -4
BITMAP
6000
6000
6000
6E00
7B00
6180
6180
6180
6180
6180
6180
6180
4000
6000
2000
E000
ENDCHAR
STARTCHAR uni1E2A
ENCODING 7722
SWIDTH 741 0
DWIDTH 12 0
BBX 8 14 2 -3
BITMAP
81
81
81
81
FF
FF
81
81
81
81
81
00
22
3C
ENDCHAR
STARTCHAR uni1E2B
ENCODING 7723
SWIDTH 618 0
DWIDTH 10 0
BBX 8 15 1 -3
BITMAP
C0
C0
C0
DC
F6
C3
C3
C3
C3
C3
C3
C3
00
22
3C
ENDCHAR
STARTCHAR uni1E2C
ENCODING 7724
SWIDTH 339 0
DWIDTH 5 0
BBX 6 14 0 -3
BITMAP
78
20
20
20
20
20
20
20
20
20
78
00
44
B8
ENDCHAR
STARTCHAR uni1E2D
ENCODING 7725
SWIDTH 258 0
DWIDTH 4 0
BBX 6 15 0 -3
BITMAP
60
60
00
60
60
60
60
60
60
60
60
60
00
44
B8
ENDCHAR
STARTCHAR uni1E2E
ENCODING 7726
SWIDTH 339 0
DWIDTH 5 0
BBX 5 17 0 0
BITMAP
18
10
20
D8
48
00
78
20
20
20
20
20
20
20
20
20
78
ENDCHAR
STARTCHAR uni1E2F
ENCODING 7727
SWIDTH 258 0
DWIDTH 4 0
BBX 4 14 0 0
BITMAP
10
20
40
90
00
60
60
60
60
60
60
60
60
60
ENDCHAR
STARTCHAR uni1E30
ENCODING 7728
SWIDTH 619 0
DWIDTH 10 0
BBX 8 15 2 0
BITMAP
0C
10
00
01
86
8C
98
90
A0
F0
98
88
8C
86
83
ENDCHAR
STARTCHAR uni1E31
ENCODING 7729
SWIDTH 534 0
DWIDTH 9 0
BBX 7 16 1 0
BITMAP
30
40
00
00
C0
C0
C0
C6
CC
C8
D0
F0
D8
CC
C4
C6
ENDCHAR
STARTCHAR uni1E32
ENCODING 7730
SWIDTH 619 0
DWIDTH 10 0
BBX 8 14 2 -3
BITMAP
87
8C
98
90
A0
F0
98
88
8C
86
83
00
30
10
ENDCHAR
STARTCHAR uni1E33
ENCODING 7731
SWIDTH 534 0
DWIDTH 9 0
BBX 7 15 1 -3
BITMAP
C0
C0
C0
C6
CC
C8
D0
F0
D8
CC
C4
C6
00
30
10
ENDCHAR
STARTCHAR uni1E34
ENCODING 7732
SWIDTH 619 0
DWIDTH 10 0
BBX 8 13 2 -2
BITMAP
87
8C
98
90
A0
F0
98
88
8C
86
83
00
78
ENDCHAR
STARTCHAR uni1E35
ENCODING 7733
SWIDTH 534 0
DWIDTH 9 0
BBX 7 14 1 -2
BITMAP
C0
C0
C0
C6
CC
C8
D0
F0
D8
CC
C4
C6
00
78
ENDCHAR
STARTCHAR uni1E36
ENCODING 7734
SWIDTH 524 0
DWIDTH 8 0
BBX 6 14 2 -3
BITMAP
80
80
80
80
80
80
80
80
80
80
FC
00
30
10
ENDCHAR
STARTCHAR uni1E37
ENCODING 7735
SWIDTH 258 0
DWIDTH 4 0
BBX 2 15 1 -3
BITMAP
C0
C0
C0
C0
C0
C0
C0
C0
C0
C0
C0
C0
00
C0
40
ENDCHAR
STARTCHAR uni1E38
ENCODING 7736
SWIDTH 524 0
DWIDTH 8 0
BBX 8 17 0 -3
BITMAP
F0
00
00
20
20
20
20
20
20
20
20
20
20
3F
00
0C
04
ENDCHAR
STARTCHAR uni1E39
ENCODING 7737
SWIDTH 258 0
DWIDTH 4 0
BBX 4 18 0 -3
BITMAP
F0
00
00
60
60
60
60
60
60
60
60
60
60
60
60
00
60
20
ENDCHAR
STARTCHAR uni1E3A
ENCODING 7738
SWIDTH 524 0
DWIDTH 8 0
BBX 6 13 2 -2
BITMAP
80
80
80
80
80
80
80
80
80
80
FC
00
78
ENDCHAR
STARTCHAR uni1E3B
ENCODING 7739
SWIDTH 258 0
DWIDTH 4 0
BBX 4 14 0 -2
BITMAP
60
60
60
60
60
60
60
60
60
60
60
60
00
F0
ENDCHAR
STARTCHAR uni1E3C
ENCODING 7740
SWIDTH 524 0
DWIDTH 8 0
BBX 6 14 2 -3
BITMAP
80
80
80
80
80
80
80
80
80
80
FC
00
70
D8
ENDCHAR
STARTCHAR uni1E3D
ENCODING 7741
SWIDTH 258 0
DWIDTH 4 0
BBX 5 15 0 -3
BITMAP
60
60
60
60
60
60
60
60
60
60
60
60
00
70
D8
ENDCHAR
STARTCHAR uni1E3E
ENCODING 7742
SWIDTH 907 0
DWIDTH 15 0
BBX 11 15 2 0
BITMAP
0300
0400
0000
0000
C0E0
C0A0
E0A0
A1A0
B120
9120
9220
9A20
8E20
8C20
8C20
ENDCHAR
STARTCHAR uni1E3F
ENCODING 7743
SWIDTH 935 0
DWIDTH 15 0
BBX 13 12 1 0
BITMAP
0180
0200
0000
DCE0
E7B0
C318
C218
C218
C218
C218
C218
C218
ENDCHAR
STARTCHAR uni1E40
ENCODING 7744
SWIDTH 907 0
DWIDTH 15 0
BBX 11 15 2 0
BITMAP
0400
0400
0000
0000
C0E0
C0A0
E0A0
A1A0
B120
9120
9220
9A20
8E20
8C20
8C20
ENDCHAR
STARTCHAR uni1E41
ENCODING 7745
SWIDTH 935 0
DWIDTH 15 0
BBX 13 12 1 0
BITMAP
0200
0200
0000
DCE0
E7B0
C318
C218
C218
C218
C218
C218
C218
ENDCHAR
STARTCHAR uni1E42
ENCODING 7746
SWIDTH 907 0
DWIDTH 15 0
BBX 11 14 2 -3
BITMAP
C0E0
C0A0
E0A0
A1A0
B120
9120
9220
9A20
8E20
8C20
8C20
0000
0C00
0400
ENDCHAR
STARTCHAR uni1E43
ENCODING 7747
SWIDTH 935 0
DWIDTH 15 0
BBX 13 12 1 -3
BITMAP
DCE0
E7B0
C318
C218
C218
C218
C218
C218
C218
0000
0600
0200
ENDCHAR
STARTCHAR uni1E44
ENCODING 7748
SWIDTH 760 0
DWIDTH 12 0
BBX 9 15 2 0
BITMAP
0800
0800
0000
0000
C180
C180
E180
B180
9180
9980
8D80
8580
8780
8380
8180
ENDCHAR
STARTCHAR uni1E45
ENCODING 7749
SWIDTH 618 0
DWIDTH 10 0
BBX 8 12 1 0
BITMAP
10
10
00
DC
F6
C3
C3
C3
C3
C3
C3
C3
ENDCHAR
STARTCHAR uni1E46
ENCODING 7750
SWIDTH 760 0
DWIDTH 12 0
BBX 9 14 2 -3
BITMAP
C180
C180
E180
B180
9180
9980
8D80
8580
8780
8380
8180
0000
1800
0800
ENDCHAR
STARTCHAR uni1E47
ENCODING 7751
SWIDTH 618 0
DWIDTH 10 0
BBX 8 12 1 -3
BITMAP
DC
F6
C3
C3
C3
C3
C3
C3
C3
00
18
08
ENDCHAR
STARTCHAR uni1E48
ENCODING 7752
SWIDTH 760 0
DWIDTH 12 0
BBX 9 13 2 -2
BITMAP
C180
C180
E180
B180
9180
9980
8D80
8580
8780
8380
8180
0000
3C00
ENDCHAR
STARTCHAR uni1E49
ENCODING 7753
SWIDTH 618 0
DWIDTH 10 0
BBX 8 11 1 -2
BITMAP
DC
F6
C3
C3
C3
C3
C3
C3
C3
00
3C
ENDCHAR
STARTCHAR uni1E4A
ENCODING 7754
SWIDTH 760 0
DWIDTH 12 0
BBX 9 14 2 -3
BITMAP
C180
C180
E180
B180
9180
9980
8D80
8580
8780
8380
8180
0000
1C00
3600
ENDCHAR
STARTCHAR uni1E4B
ENCODING 7755
SWIDTH 618 0
DWIDTH 10 0
BBX 8 12 1 -3
BITMAP
DC
F6
C3
C3
C3
C3
C3
C3
C3
00
1C
36
ENDCHAR
STARTCHAR uni1E4C
ENCODING 7756
SWIDTH 781 0
DWIDTH 13 0
BBX 11 17 1 0
BITMAP
0600
0C00
0000
1F00
0000
0C00
3F80
60C0
C0C0
C040
C040
C060
C040
C040
40C0
6180
3F00
ENDCHAR
STARTCHAR uni1E4D
ENCODING 7757
SWIDTH 605 0
DWIDTH 10 0
BBX 8 14 1 0
BITMAP
0C
10
22
7C
00
38
6E
C2
83
83
83
C3
46
3C
ENDCHAR
STARTCHAR uni1E4E
ENCODING 7758
SWIDTH 781 0
DWIDTH 13 0
BBX 11 16 1 0
BITMAP
1B00
0000
1F00
2000
0C00
3F80
60C0
C0C0
C040
C040
C060
C040
C040
40C0
6180
3F00
ENDCHAR
STARTCHAR uni1E4F
ENCODING 7759
SWIDTH 605 0
DWIDTH 10 0
BBX 8 14 1 0
BITMAP
24
24
22
7C
00
38
6E
C2
83
83
83
C3
46
3C
ENDCHAR
STARTCHAR uni1E50
ENCODING 7760
SWIDTH 781 0
DWIDTH 13 0
BBX 11 17 1 0
BITMAP
1800
0C00
0000
1E00
0000
0C00
3F80
60C0
C0C0
C040
C040
C060
C040
C040
40C0
6180
3F00
ENDCHAR
STARTCHAR uni1E51
ENCODING 7761
SWIDTH 605 0
DWIDTH 10 0
BBX 8 14 1 0
BITMAP
30
18
00
7C
00
38
6E
C2
83
83
83
C3
46
3C
ENDCHAR
STARTCHAR uni1E52
ENCODING 7762
SWIDTH 781 0
DWIDTH 13 0
BBX 11 17 1 0
BITMAP
0600
0C00
0000
1F00
0000
0C00
3F80
60C0
C0C0
C040
C040
C060
C040
C040
40C0
6180
3F00
ENDCHAR
STARTCHAR uni1E53
ENCODING 7763
SWIDTH 605 0
DWIDTH 10 0
BBX 8 14 1 0
BITMAP
0C
18
00
7C
00
38
6E
C2
83
83
83
C3
46
3C
ENDCHAR
STARTCHAR uni1E54
ENCODING 7764
SWIDTH 605 0
DWIDTH 10 0
BBX 7 15 2 0
BITMAP
0C
10
00
00
FC
86
86
86
86
FC
E0
80
80
80
80
ENDCHAR
STARTCHAR uni1E55
ENCODING 7765
SWIDTH 615 0
DWIDTH 10 0
BBX 8 16 1 -4
BITMAP
06
08
00
DC
F6
C3
C3
C3
C3
C3
E2
FE
C0
C0
C0
C0
ENDCHAR
STARTCHAR uni1E56
ENCODING 7766
SWIDTH 605 0
DWIDTH 10 0
BBX 7 15 2 0
BITMAP
10
10
00
00
FC
86
86
86
86
FC
E0
80
80
80
80
ENDCHAR
STARTCHAR uni1E57
ENCODING 7767
SWIDTH 615 0
DWIDTH 10 0
BBX 8 16 1 -4
BITMAP
08
08
00
DC
F6
C3
C3
C3
C3
C3
E2
FE
C0
C0
C0
C0
ENDCHAR
STARTCHAR uni1E58
ENCODING 7768
SWIDTH 622 0
DWIDTH 10 0
BBX 8 15 2 0
BITMAP
10
10
00
00
FC
86
86
86
84
F8
98
8C
84
86
83
ENDCHAR
STARTCHAR uni1E59
ENCODING 7769
SWIDTH 413 0
DWIDTH 7 0
BBX 5 12 1 0
BITMAP
20
20
00
D8
F8
C0
C0
C0
C0
C0
C0
C0
ENDCHAR
STARTCHAR uni1E5A
ENCODING 7770
SWIDTH 622 0
DWIDTH 10 0
BBX 8 14 2 -3
BITMAP
FC
86
86
86
84
F8
98
8C
84
86
83
00
30
10
ENDCHAR
STARTCHAR uni1E5B
ENCODING 7771
SWIDTH 413 0
DWIDTH 7 0
BBX 5 12 1 -3
BITMAP
D8
F8
C0
C0
C0
C0
C0
C0
C0
00
C0
40
ENDCHAR
STARTCHAR uni1E5C
ENCODING 7772
SWIDTH 622 0
DWIDTH 10 0
BBX 8 17 2 -3
BITMAP
78
00
00
FC
86
86
86
84
F8
98
8C
84
86
83
00
30
10
ENDCHAR
STARTCHAR uni1E5D
ENCODING 7773
SWIDTH 413 0
DWIDTH 7 0
BBX 5 14 1 -3
BITMAP
78
00
D8
F8
C0
C0
C0
C0
C0
C0
C0
00
C0
40
ENDCHAR
STARTCHAR uni1E5E
ENCODING 7774
SWIDTH 622 0
DWIDTH 10 0
BBX 8 13 2 -2
BITMAP
FC
86
86
86
84
F8
98
8C
84
86
83
00
78
ENDCHAR
STARTCHAR uni1E5F
ENCODING 7775
SWIDTH 413 0
DWIDTH 7 0
BBX 6 11 0 -2
BITMAP
6C
7C
60
60
60
60
60
60
60
00
F0
ENDCHAR
STARTCHAR uni1E60
ENCODING 7776
SWIDTH 549 0
DWIDTH 9 0
BBX 7 15 1 0
BITMAP
10
10
00
18
7E
C0
80
C0
70
3C
06
02
02
86
FC
ENDCHAR
STARTCHAR uni1E61
ENCODING 7777
SWIDTH 479 0
DWIDTH 8 0
BBX 6 12 1 0
BITMAP
20
20
00
78
CC
80
C0
70
1C
04
8C
F8
ENDCHAR
STARTCHAR uni1E62
ENCODING 7778
SWIDTH 549 0
DWIDTH 9 0
BBX 7 15 1 -3
BITMAP
18
7E
C0
80
C0
70
3C
06
02
02
86
FC
00
30
10
ENDCHAR
STARTCHAR uni1E63
ENCODING 7779
SWIDTH 479 0
DWIDTH 8 0
BBX 6 12 1 -3
BITMAP
78
CC
80
C0
70
1C
04
8C
F8
00
30
10
ENDCHAR
STARTCHAR uni1E64
ENCODING 7780
SWIDTH 549 0
DWIDTH 9 0
BBX 7 15 1 0
BITMAP
2C
68
10
18
7E
C0
80
C0
70
3C
06
02
02
86
FC
ENDCHAR
STARTCHAR uni1E65
ENCODING 7781
SWIDTH 479 0
DWIDTH 8 0
BBX 6 12 1 0
BITMAP
4C
50
20
78
CC
80
C0
70
1C
04
8C
F8
ENDCHAR
STARTCHAR uni1E66
ENCODING 7782
SWIDTH 549 0
DWIDTH 9 0
BBX 7 16 1 0
BITMAP
10
6C
38
00
18
7E
C0
80
C0
70
3C
06
02
02
86
FC
ENDCHAR
STARTCHAR uni1E67
ENCODING 7783
SWIDTH 479 0
DWIDTH 8 0
BBX 6 14 1 0
BITMAP
20
34
C8
30
00
78
CC
80
C0
70
1C
04
8C
F8
ENDCHAR
STARTCHAR uni1E68
ENCODING 7784
SWIDTH 549 0
DWIDTH 9 0
BBX 7 18 1 -3
BITMAP
10
10
00
18
7E
C0
80
C0
70
3C
06
02
02
86
FC
00
30
10
ENDCHAR
STARTCHAR uni1E69
ENCODING 7785
SWIDTH 479 0
DWIDTH 8 0
BBX 6 15 1 -3
BITMAP
20
20
00
78
CC
80
C0
70
1C
04
8C
F8
00
30
10
ENDCHAR
STARTCHAR uni1E6A
ENCODING 7786
SWIDTH 556 0
DWIDTH 9 0
BBX 9 15 0 0
BITMAP
0800
0800
0000
0000
FF80
0800
0800
0800
0800
0800
0800
0800
0800
0800
0800
ENDCHAR
STARTCHAR uni1E6B
ENCODING 7787
SWIDTH 361 0
DWIDTH 6 0
BBX 5 14 0 0
BITMAP
20
20
00
20
20
78
F8
60
60
60
60
60
20
38
ENDCHAR
STARTCHAR uni1E6C
ENCODING 7788
SWIDTH 556 0
DWIDTH 9 0
BBX 9 14 0 -3
BITMAP
FF80
0800
0800
0800
0800
0800
0800
0800
0800
0800
0800
0000
1800
0800
ENDCHAR
STARTCHAR uni1E6D
ENCODING 7789
SWIDTH 361 0
DWIDTH 6 0
BBX 5 14 0 -3
BITMAP
20
20
78
F8
60
60
60
60
60
20
38
00
30
10
ENDCHAR
STARTCHAR uni1E6E
ENCODING 7790
SWIDTH 556 0
DWIDTH 9 0
BBX 9 13 0 -2
BITMAP
FF80
0800
0800
0800
0800
0800
0800
0800
0800
0800
0800
0000
3C00
ENDCHAR
STARTCHAR uni1E6F
ENCODING 7791
SWIDTH 361 0
DWIDTH 6 0
BBX 5 13 0 -2
BITMAP
20
20
78
F8
60
60
60
60
60
20
38
00
78
ENDCHAR
STARTCHAR uni1E70
ENCODING 7792
SWIDTH 556 0
DWIDTH 9 0
BBX 9 14 0 -3
BITMAP
FF80
0800
0800
0800
0800
0800
0800
0800
0800
0800
0800
0000
1C00
3600
ENDCHAR
STARTCHAR uni1E71
ENCODING 7793
SWIDTH 361 0
DWIDTH 6 0
BBX 6 14 0 -3
BITMAP
20
20
78
F8
60
60
60
60
60
20
38
00
38
6C
ENDCHAR
STARTCHAR uni1E72
ENCODING 7794
SWIDTH 731 0
DWIDTH 12 0
BBX 9 14 1 -3
BITMAP
C080
C080
C080
C080
C080
C080
C080
C080
4080
6180
3E00
0000
1200
3600
ENDCHAR
STARTCHAR uni1E73
ENCODING 7795
SWIDTH 618 0
DWIDTH 10 0
BBX 8 12 1 -3
BITMAP
C3
C3
C3
C3
C3
C3
C3
C7
7F
00
24
6C
ENDCHAR
STARTCHAR uni1E74
ENCODING 7796
SWIDTH 731 0
DWIDTH 12 0
BBX 9 14 1 -3
BITMAP
C080
C080
C080
C080
C080
C080
C080
C080
4080
6180
3E00
0000
1100
2E00
ENDCHAR
STARTCHAR uni1E75
ENCODING 7797
SWIDTH 618 0
DWIDTH 10 0
BBX 8 12 1 -3
BITMAP
C3
C3
C3
C3
C3
C3
C3
C7
7F
00
22
5C
ENDCHAR
STARTCHAR uni1E76
ENCODING 7798
SWIDTH 731 0
DWIDTH 12 0
BBX 9 14 1 -3
BITMAP
C080
C080
C080
C080
C080
C080
C080
C080
4080
6180
3E00
0000
1C00
3600
ENDCHAR
STARTCHAR uni1E77
ENCODING 7799
SWIDTH 618 0
DWIDTH 10 0
BBX 8 12 1 -3
BITMAP
C3
C3
C3
C3
C3
C3
C3
C7
7F
00
38
6C
ENDCHAR
STARTCHAR uni1E78
ENCODING 7800
SWIDTH 731 0
DWIDTH 12 0
BBX 9 17 1 0
BITMAP
0600
0C00
0100
3E00
0000
0000
C080
C080
C080
C080
C080
C080
C080
C080
4080
6180
3E00
ENDCHAR
STARTCHAR uni1E79
ENCODING 7801
SWIDTH 618 0
DWIDTH 10 0
BBX 8 14 1 0
BITMAP
0C
18
22
7C
00
C3
C3
C3
C3
C3
C3
C3
C7
7F
ENDCHAR
STARTCHAR uni1E7A
ENCODING 7802
SWIDTH 731 0
DWIDTH 12 0
BBX 9 16 1 0
BITMAP
1200
0000
3E00
0000
0000
C080
C080
C080
C080
C080
C080
C080
C080
4080
6180
3E00
ENDCHAR
STARTCHAR uni1E7B
ENCODING 7803
SWIDTH 618 0
DWIDTH 10 0
BBX 8 14 1 0
BITMAP
24
24
00
3C
00
C3
C3
C3
C3
C3
C3
C3
C7
7F
ENDCHAR
STARTCHAR uni1E7C
ENCODING 7804
SWIDTH 600 0
DWIDTH 10 0
BBX 10 15 0 0
BITMAP
1100
2E00
0000
0040
C080
4180
6180
6100
2300
3200
3200
1600
1C00
0C00
0C00
ENDCHAR
STARTCHAR uni1E7D
ENCODING 7805
SWIDTH 508 0
DWIDTH 8 0
BBX 8 12 0 0
BITMAP
22
5C
00
C1
C3
42
62
26
24
3C
18
18
ENDCHAR
STARTCHAR uni1E7E
ENCODING 7806
SWIDTH 600 0
DWIDTH 10 0
BBX 10 14 0 -3
BITMAP
C0C0
4180
6180
6100
2300
3200
3200
1600
1C00
0C00
0C00
0000
0C00
0400
ENDCHAR
STARTCHAR uni1E7F
ENCODING 7807
SWIDTH 508 0
DWIDTH 8 0
BBX 8 12 0 -3
BITMAP
C1
C3
42
62
26
24
3C
18
18
00
18
08
ENDCHAR
STARTCHAR Wgrave
ENCODING 7808
SWIDTH 930 0
DWIDTH 15 0
BBX 15 15 0 0
BITMAP
0300
0180
0000
0002
C304
4384
428C
668C
66C8
2448
2458
3C58
1870
1830
1830
ENDCHAR
STARTCHAR wgrave
ENCODING 7809
SWIDTH 786 0
DWIDTH 13 0
BBX 12 12 0 0
BITMAP
0600
0300
0000
C210
C610
4730
4530
6D20
29A0
28E0
38C0
30C0
ENDCHAR
STARTCHAR Wacute
ENCODING 7810
SWIDTH 930 0
DWIDTH 15 0
BBX 15 15 0 0
BITMAP
00C0
0100
0000
0002
C304
4384
428C
668C
66C8
2448
2458
3C58
1870
1830
1830
ENDCHAR
STARTCHAR wacute
ENCODING 7811
SWIDTH 786 0
DWIDTH 13 0
BBX 12 12 0 0
BITMAP
0180
0200
0000
C210
C610
4730
4530
6D20
29A0
28E0
38C0
30C0
ENDCHAR
STARTCHAR Wdieresis
ENCODING 7812
SWIDTH 930 0
DWIDTH 15 0
BBX 15 15 0 0
BITMAP
0240
06C0
0000
0002
C304
4384
428C
668C
66C8
2448
2458
3C58
1870
1830
1830
ENDCHAR
STARTCHAR wdieresis
ENCODING 7813
SWIDTH 786 0
DWIDTH 13 0
BBX 12 12 0 0
BITMAP
0480
0D80
0000
C210
C610
4730
4530
6D20
29A0
28E0
38C0
30C0
ENDCHAR
STARTCHAR uni1E86
ENCODING 7814
SWIDTH 930 0
DWIDTH 15 0
BBX 15 15 0 0
BITMAP
0100
0100
0000
0002
C304
4384
428C
668C
66C8
2448
2458
3C58
1870
1830
1830
ENDCHAR
STARTCHAR uni1E87
ENCODING 7815
SWIDTH 786 0
DWIDTH 13 0
BBX 12 12 0 0
BITMAP
0200
0200
0000
C210
C610
4730
4530
6D20
29A0
28E0
38C0
30C0
ENDCHAR
STARTCHAR uni1E88
ENCODING 7816
SWIDTH 930 0
DWIDTH 15 0
BBX 15 14 0 -3
BITMAP
C306
4384
428C
668C
66C8
2448
2458
3C58
1870
1830
1830
0000
0300
0100
ENDCHAR
STARTCHAR uni1E89
ENCODING 7817
SWIDTH 786 0
DWIDTH 13 0
BBX 12 12 0 -3
BITMAP
C210
C610
4730
4530
6D20
29A0
28E0
38C0
30C0
0000
0600
0200
ENDCHAR
STARTCHAR uni1E8A
ENCODING 7818
SWIDTH 586 0
DWIDTH 9 0
BBX 9 15 0 0
BITMAP
0800
0800
0000
8000
4180
2300
3200
1400
0C00
0C00
1400
3200
2300
6100
C180
ENDCHAR
STARTCHAR uni1E8B
ENCODING 7819
SWIDTH 529 0
DWIDTH 8 0
BBX 8 12 0 0
BITMAP
08
08
00
C3
62
26
1C
18
1C
34
62
C3
ENDCHAR
STARTCHAR uni1E8C
ENCODING 7820
SWIDTH 586 0
DWIDTH 9 0
BBX 9 15 0 0
BITMAP
1200
3600
0000
8000
4180
2300
3200
1400
0C00
0C00
1400
3200
2300
6100
C180
ENDCHAR
STARTCHAR uni1E8D
ENCODING 7821
SWIDTH 529 0
DWIDTH 8 0
BBX 8 12 0 0
BITMAP
12
36
00
C3
62
26
1C
18
1C
34
62
C3
ENDCHAR
STARTCHAR uni1E8E
ENCODING 7822
SWIDTH 566 0
DWIDTH 9 0
BBX 9 15 0 0
BITMAP
0800
0800
0000
0000
C180
6300
2200
3600
1400
1C00
0800
0800
0800
0800
0800
ENDCHAR
STARTCHAR uni1E8F
ENCODING 7823
SWIDTH 510 0
DWIDTH 8 0
BBX 8 16 0 -4
BITMAP
08
08
00
C1
C3
42
62
26
24
3C
18
18
18
10
30
E0
ENDCHAR
STARTCHAR uni1E90
ENCODING 7824
SWIDTH 572 0
DWIDTH 9 0
BBX 8 15 1 0
BITMAP
38
6C
00
00
FE
06
04
08
18
10
20
60
40
C0
FF
ENDCHAR
STARTCHAR uni1E91
ENCODING 7825
SWIDTH 470 0
DWIDTH 8 0
BBX 6 12 1 0
BITMAP
70
D8
00
FC
FC
08
10
30
60
40
C0
FC
ENDCHAR
STARTCHAR uni1E92
ENCODING 7826
SWIDTH 572 0
DWIDTH 9 0
BBX 8 14 1 -3
BITMAP
FE
06
04
08
18
10
20
60
40
C0
FF
00
18
08
ENDCHAR
STARTCHAR uni1E93
ENCODING 7827
SWIDTH 470 0
DWIDTH 8 0
BBX 6 12 1 -3
BITMAP
FC
FC
08
10
30
60
40
C0
FC
00
30
10
ENDCHAR
STARTCHAR uni1E94
ENCODING 7828
SWIDTH 572 0
DWIDTH 9 0
BBX 8 13 1 -2
BITMAP
FE
06
04
08
18
10
20
60
40
C0
FF
00
3C
ENDCHAR
STARTCHAR uni1E95
ENCODING 7829
SWIDTH 470 0
DWIDTH 8 0
BBX 6 11 1 -2
BITMAP
FC
FC
08
10
30
60
40
C0
FC
00
78
ENDCHAR
STARTCHAR uni1E96
ENCODING 7830
SWIDTH 618 0
DWIDTH 10 0
BBX 8 14 1 -2
BITMAP
C0
C0
C0
DC
F6
C3
C3
C3
C3
C3
C3
C3
00
3C
ENDCHAR
STARTCHAR uni1E97
ENCODING 7831
SWIDTH 361 0
DWIDTH 6 0
BBX 5 14 0 0
BITMAP
48
D8
00
20
20
78
F8
60
60
60
60
60
20
38
ENDCHAR
STARTCHAR uni1E98
ENCODING 7832
SWIDTH 786 0
DWIDTH 13 0
BBX 12 13 0 0
BITMAP
0700
0500
0700
0000
C210
C610
4730
4530
6D20
29A0
28E0
38C0
30C0
ENDCHAR
STARTCHAR uni1E99
ENCODING 7833
SWIDTH 510 0
DWIDTH 8 0
BBX 8 17 0 -4
BITMAP
1C
14
1C
00
C1
C3
42
62
26
24
3C
18
18
18
10
30
E0
ENDCHAR
STARTCHAR uni1E9A
ENCODING 7834
SWIDTH 567 0
DWIDTH 9 0
BBX 8 13 1 0
BITMAP
02
01
01
03
38
6C
06
06
7E
C6
86
8E
FA
ENDCHAR
STARTCHAR uni1E9B
ENCODING 7835
SWIDTH 326 0
DWIDTH 5 0
BBX 5 15 1 0
BITMAP
20
20
00
78
40
C0
C0
C0
C0
C0
C0
C0
C0
C0
C0
ENDCHAR
STARTCHAR uni1E9C
ENCODING 7836
SWIDTH 326 0
DWIDTH 5 0
BBX 6 12 0 0
BITMAP
3C
20
60
68
70
E0
60
60
60
60
60
60
ENDCHAR
STARTCHAR uni1E9D
ENCODING 7837
SWIDTH 326 0
DWIDTH 5 0
BBX 6 12 0 0
BITMAP
3C
20
60
F8
60
60
60
60
60
60
60
60
ENDCHAR
STARTCHAR uni1E9E
ENCODING 7838
SWIDTH 709 0
DWIDTH 11 0
BBX 10 12 1 0
BITMAP
0C00
3F00
6180
4300
C200
C600
C780
C0C0
C0C0
C0C0
D080
DF00
ENDCHAR
STARTCHAR uni1E9F
ENCODING 7839
SWIDTH 604 0
DWIDTH 10 0
BBX 8 12 1 0
BITMAP
3E
62
60
20
38
64
C2
82
83
82
C6
7C
ENDCHAR
STARTCHAR uni1EA0
ENCODING 7840
SWIDTH 639 0
DWIDTH 10 0
BBX 10 14 0 -3
BITMAP
0C00
0E00
1A00
1200
1300
3100
3F00
6180
4080
40C0
C040
0000
0C00
0400
ENDCHAR
STARTCHAR uni1EA1
ENCODING 7841
SWIDTH 561 0
DWIDTH 9 0
BBX 7 12 1 -3
BITMAP
38
6C
06
06
7E
C6
86
8E
FA
00
30
10
ENDCHAR
STARTCHAR uni1EA2
ENCODING 7842
SWIDTH 639 0
DWIDTH 10 0
BBX 10 16 0 0
BITMAP
0E00
0200
0400
0400
0000
0C00
0E00
1A00
1200
1300
3100
3F00
6180
4080
40C0
C040
ENDCHAR
STARTCHAR uni1EA3
ENCODING 7843
SWIDTH 561 0
DWIDTH 9 0
BBX 7 13 1 0
BITMAP
38
08
10
10
38
6C
06
06
7E
C6
86
8E
FA
ENDCHAR
STARTCHAR uni1EA4
ENCODING 7844
SWIDTH 639 0
DWIDTH 10 0
BBX 10 16 0 0
BITMAP
0080
0D00
0E00
1100
0000
0C00
0E00
1A00
1200
1300
3100
3F00
6180
4080
40C0
C040
ENDCHAR
STARTCHAR uni1EA5
ENCODING 7845
SWIDTH 561 0
DWIDTH 9 0
BBX 8 13 1 0
BITMAP
03
3C
68
04
38
6C
06
06
7E
C6
86
8E
FA
ENDCHAR
STARTCHAR uni1EA6
ENCODING 7846
SWIDTH 639 0
DWIDTH 10 0
BBX 10 16 0 0
BITMAP
4000
2C00
0E00
1300
0000
0C00
0E00
1A00
1200
1300
3100
3F00
6180
4080
40C0
C040
ENDCHAR
STARTCHAR uni1EA7
ENCODING 7847
SWIDTH 561 0
DWIDTH 9 0
BBX 8 13 0 0
BITMAP
C0
3C
36
00
1C
36
03
03
3F
63
43
47
7D
ENDCHAR
STARTCHAR uni1EA8
ENCODING 7848
SWIDTH 639 0
DWIDTH 10 0
BBX 10 17 0 0
BITMAP
0100
0080
0D00
1E00
1200
0000
0C00
0E00
1A00
1200
1300
3100
3F00
6180
4080
40C0
C040
ENDCHAR
STARTCHAR uni1EA9
ENCODING 7849
SWIDTH 561 0
DWIDTH 9 0
BBX 7 14 1 0
BITMAP
06
02
3C
6C
00
38
6C
06
06
7E
C6
86
8E
FA
ENDCHAR
STARTCHAR uni1EAA
ENCODING 7850
SWIDTH 639 0
DWIDTH 10 0
BBX 10 17 0 0
BITMAP
1900
1600
0C00
0E00
1100
0000
0C00
0E00
1A00
1200
1300
3100
3F00
6180
4080
40C0
C040
ENDCHAR
STARTCHAR uni1EAB
ENCODING 7851
SWIDTH 561 0
DWIDTH 9 0
BBX 7 14 1 0
BITMAP
74
48
30
68
04
38
6C
06
06
7E
C6
86
8E
FA
ENDCHAR
STARTCHAR uni1EAC
ENCODING 7852
SWIDTH 639 0
DWIDTH 10 0
BBX 10 18 0 -3
BITMAP
0E00
1B00
0000
0000
0C00
0E00
1A00
1200
1300
3100
3F00
6180
4080
40C0
C040
0000
0C00
0400
ENDCHAR
STARTCHAR uni1EAD
ENCODING 7853
SWIDTH 561 0
DWIDTH 9 0
BBX 7 15 1 -3
BITMAP
38
6C
00
38
6C
06
06
7E
C6
86
8E
FA
00
30
10
ENDCHAR
STARTCHAR uni1EAE
ENCODING 7854
SWIDTH 639 0
DWIDTH 10 0
BBX 10 16 0 0
BITMAP
0600
0400
1200
0C00
0000
0C00
0E00
1A00
1200
1300
3100
3F00
6180
4080
40C0
C040
ENDCHAR
STARTCHAR uni1EAF
ENCODING 7855
SWIDTH 561 0
DWIDTH 9 0
BBX 7 14 1 0
BITMAP
08
18
44
38
00
38
6C
06
06
7E
C6
86
8E
FA
ENDCHAR
STARTCHAR uni1EB0
ENCODING 7856
SWIDTH 639 0
DWIDTH 10 0
BBX 10 16 0 0
BITMAP
1800
0400
1200
0C00
0000
0C00
0E00
1A00
1200
1300
3100
3F00
6180
4080
40C0
C040
ENDCHAR
STARTCHAR uni1EB1
ENCODING 7857
SWIDTH 561 0
DWIDTH 9 0
BBX 7 14 1 0
BITMAP
20
30
44
38
00
38
6C
06
06
7E
C6
86
8E
FA
ENDCHAR
STARTCHAR uni1EB2
ENCODING 7858
SWIDTH 639 0
DWIDTH 10 0
BBX 10 17 0 0
BITMAP
0C00
0400
0800
1200
0C00
0000
0C00
0E00
1A00
1200
1300
3100
3F00
6180
4080
40C0
C040
ENDCHAR
STARTCHAR uni1EB3
ENCODING 7859
SWIDTH 561 0
DWIDTH 9 0
BBX 7 14 1 0
BITMAP
38
18
44
38
00
38
6C
06
06
7E
C6
86
8E
FA
ENDCHAR
STARTCHAR uni1EB4
ENCODING 7860
SWIDTH 639 0
DWIDTH 10 0
BBX 10 17 0 0
BITMAP
1900
1600
0000
1200
0C00
0000
0C00
0E00
1A00
1200
1300
3100
3F00
6180
4080
40C0
C040
ENDCHAR
STARTCHAR uni1EB5
ENCODING 7861
SWIDTH 561 0
DWIDTH 9 0
BBX 7 14 1 0
BITMAP
74
48
44
38
00
38
6C
06
06
7E
C6
86
8E
FA
ENDCHAR
STARTCHAR uni1EB6
ENCODING 7862
SWIDTH 639 0
DWIDTH 10 0
BBX 10 18 0 -3
BITMAP
1100
1E00
0000
0000
0C00
0E00
1A00
1200
1300
3100
3F00
6180
4080
40C0
C040
0000
0C00
0400
ENDCHAR
STARTCHAR uni1EB7
ENCODING 7863
SWIDTH 561 0
DWIDTH 9 0
BBX 7 15 1 -3
BITMAP
44
78
00
38
6C
06
06
7E
C6
86
8E
FA
00
30
10
ENDCHAR
STARTCHAR uni1EB8
ENCODING 7864
SWIDTH 556 0
DWIDTH 9 0
BBX 6 14 2 -3
BITMAP
FC
80
80
80
FC
FC
80
80
80
80
FC
00
30
10
ENDCHAR
STARTCHAR uni1EB9
ENCODING 7865
SWIDTH 564 0
DWIDTH 9 0
BBX 7 12 1 -3
BITMAP
38
6C
C6
82
FE
80
C0
42
3E
00
18
08
ENDCHAR
STARTCHAR uni1EBA
ENCODING 7866
SWIDTH 556 0
DWIDTH 9 0
BBX 6 16 2 0
BITMAP
38
08
10
10
00
FC
80
80
80
FC
FC
80
80
80
80
FC
ENDCHAR
STARTCHAR uni1EBB
ENCODING 7867
SWIDTH 564 0
DWIDTH 9 0
BBX 7 13 1 0
BITMAP
18
0C
18
10
38
6C
C6
82
FE
80
C0
42
3E
ENDCHAR
STARTCHAR uni1EBC
ENCODING 7868
SWIDTH 556 0
DWIDTH 9 0
BBX 6 15 2 0
BITMAP
44
B8
00
00
FC
80
80
80
FC
FC
80
80
80
80
FC
ENDCHAR
STARTCHAR uni1EBD
ENCODING 7869
SWIDTH 564 0
DWIDTH 9 0
BBX 7 12 1 0
BITMAP
22
5C
00
38
6C
C6
82
FE
80
C0
42
3E
ENDCHAR
STARTCHAR uni1EBE
ENCODING 7870
SWIDTH 556 0
DWIDTH 9 0
BBX 7 16 2 0
BITMAP
06
34
70
88
00
FC
80
80
80
FC
FC
80
80
80
80
FC
ENDCHAR
STARTCHAR uni1EBF
ENCODING 7871
SWIDTH 564 0
DWIDTH 9 0
BBX 8 13 1 0
BITMAP
03
1A
2C
40
38
6C
C6
82
FE
80
C0
42
3E
ENDCHAR
STARTCHAR uni1EC0
ENCODING 7872
SWIDTH 556 0
DWIDTH 9 0
BBX 7 16 1 0
BITMAP
80
D8
38
44
00
7E
40
40
40
7E
7E
40
40
40
40
7E
ENDCHAR
STARTCHAR uni1EC1
ENCODING 7873
SWIDTH 564 0
DWIDTH 9 0
BBX 8 13 0 0
BITMAP
C0
2C
16
20
1C
36
63
41
7F
40
60
21
1F
ENDCHAR
STARTCHAR uni1EC2
ENCODING 7874
SWIDTH 556 0
DWIDTH 9 0
BBX 7 17 2 0
BITMAP
0C
02
34
70
88
00
FC
80
80
80
FC
FC
80
80
80
80
FC
ENDCHAR
STARTCHAR uni1EC3
ENCODING 7875
SWIDTH 564 0
DWIDTH 9 0
BBX 7 14 1 0
BITMAP
06
02
1C
2C
40
38
6C
C6
82
FE
80
C0
42
3E
ENDCHAR
STARTCHAR uni1EC4
ENCODING 7876
SWIDTH 556 0
DWIDTH 9 0
BBX 6 17 2 0
BITMAP
68
98
20
70
88
00
FC
80
80
80
FC
FC
80
80
80
80
FC
ENDCHAR
STARTCHAR uni1EC5
ENCODING 7877
SWIDTH 564 0
DWIDTH 9 0
BBX 7 14 1 0
BITMAP
74
48
18
2C
40
38
6C
C6
82
FE
80
C0
42
3E
ENDCHAR
STARTCHAR uni1EC6
ENCODING 7878
SWIDTH 556 0
DWIDTH 9 0
BBX 6 18 2 -3
BITMAP
38
6C
00
00
FC
80
80
80
FC
FC
80
80
80
80
FC
00
30
10
ENDCHAR
STARTCHAR uni1EC7
ENCODING 7879
SWIDTH 564 0
DWIDTH 9 0
BBX 7 15 1 -3
BITMAP
38
6C
00
38
6C
C6
82
FE
80
C0
42
3E
00
18
08
ENDCHAR
STARTCHAR uni1EC8
ENCODING 7880
SWIDTH 339 0
DWIDTH 5 0
BBX 4 16 1 0
BITMAP
60
30
60
40
00
F0
40
40
40
40
40
40
40
40
40
F0
ENDCHAR
STARTCHAR uni1EC9
ENCODING 7881
SWIDTH 258 0
DWIDTH 4 0
BBX 3 13 1 0
BITMAP
E0
20
C0
40
C0
C0
C0
C0
C0
C0
C0
C0
C0
ENDCHAR
STARTCHAR uni1ECA
ENCODING 7882
SWIDTH 339 0
DWIDTH 5 0
BBX 4 14 1 -3
BITMAP
F0
40
40
40
40
40
40
40
40
40
F0
00
C0
40
ENDCHAR
STARTCHAR uni1ECB
ENCODING 7883
SWIDTH 258 0
DWIDTH 4 0
BBX 2 15 1 -3
BITMAP
C0
C0
00
C0
C0
C0
C0
C0
C0
C0
C0
C0
00
C0
40
ENDCHAR
STARTCHAR uni1ECC
ENCODING 7884
SWIDTH 781 0
DWIDTH 13 0
BBX 11 15 1 -3
BITMAP
0C00
3F80
60C0
C0C0
C040
C040
C060
C040
C040
40C0
6180
3F00
0000
0C00
0400
ENDCHAR
STARTCHAR uni1ECD
ENCODING 7885
SWIDTH 605 0
DWIDTH 10 0
BBX 8 12 1 -3
BITMAP
38
6E
C2
83
83
83
C3
46
3C
00
18
08
ENDCHAR
STARTCHAR uni1ECE
ENCODING 7886
SWIDTH 781 0
DWIDTH 13 0
BBX 11 16 1 0
BITMAP
0C00
0200
0600
0400
0C00
3F80
60C0
C0C0
C040
C040
C060
C040
C040
40C0
6180
3F00
ENDCHAR
STARTCHAR uni1ECF
ENCODING 7887
SWIDTH 605 0
DWIDTH 10 0
BBX 8 13 1 0
BITMAP
18
04
18
10
38
6E
C2
83
83
83
C3
46
3C
ENDCHAR
STARTCHAR uni1ED0
ENCODING 7888
SWIDTH 781 0
DWIDTH 13 0
BBX 11 16 1 0
BITMAP
0080
0D80
0E00
1100
0C00
3F80
60C0
C0C0
C040
C040
C060
C040
C040
40C0
6180
3F00
ENDCHAR
STARTCHAR uni1ED1
ENCODING 7889
SWIDTH 605 0
DWIDTH 10 0
BBX 8 13 1 0
BITMAP
03
1A
2C
40
38
6E
C2
83
83
83
C3
46
3C
ENDCHAR
STARTCHAR uni1ED2
ENCODING 7890
SWIDTH 781 0
DWIDTH 13 0
BBX 11 16 1 0
BITMAP
6000
2C00
0E00
1100
0C00
3F80
60C0
C0C0
C040
C040
C060
C040
C040
40C0
6180
3F00
ENDCHAR
STARTCHAR uni1ED3
ENCODING 7891
SWIDTH 605 0
DWIDTH 10 0
BBX 8 13 1 0
BITMAP
80
58
2C
40
38
6E
C2
83
83
83
C3
46
3C
ENDCHAR
STARTCHAR uni1ED4
ENCODING 7892
SWIDTH 781 0
DWIDTH 13 0
BBX 11 17 1 0
BITMAP
0100
0080
0D00
0E00
1100
0C00
3F80
60C0
C0C0
C040
C040
C060
C040
C040
40C0
6180
3F00
ENDCHAR
STARTCHAR uni1ED5
ENCODING 7893
SWIDTH 605 0
DWIDTH 10 0
BBX 8 14 1 0
BITMAP
06
01
1A
2C
40
38
6E
C2
83
83
83
C3
46
3C
ENDCHAR
STARTCHAR uni1ED6
ENCODING 7894
SWIDTH 781 0
DWIDTH 13 0
BBX 11 17 1 0
BITMAP
1900
1600
0C00
0E00
1100
0C00
3F80
60C0
C0C0
C040
C040
C060
C040
C040
40C0
6180
3F00
ENDCHAR
STARTCHAR uni1ED7
ENCODING 7895
SWIDTH 605 0
DWIDTH 10 0
BBX 8 14 1 0
BITMAP
34
48
18
2C
40
38
6E
C2
83
83
83
C3
46
3C
ENDCHAR
STARTCHAR uni1ED8
ENCODING 7896
SWIDTH 781 0
DWIDTH 13 0
BBX 11 18 1 -3
BITMAP
0E00
1B00
0000
0C00
3F80
60C0
C0C0
C040
C040
C060
C040
C040
40C0
6180
3F00
0000
0C00
0400
ENDCHAR
STARTCHAR uni1ED9
ENCODING 7897
SWIDTH 605 0
DWIDTH 10 0
BBX 8 15 1 -3
BITMAP
1C
36
00
38
6E
C2
83
83
83
C3
46
3C
00
18
08
ENDCHAR
STARTCHAR uni1EDA
ENCODING 7898
SWIDTH 784 0
DWIDTH 13 0
BBX 12 15 1 0
BITMAP
0300
0400
0000
0C30
3FA0
60E0
C0C0
C040
C040
C060
C040
C040
40C0
6180
3F00
ENDCHAR
STARTCHAR uni1EDB
ENCODING 7899
SWIDTH 616 0
DWIDTH 10 0
BBX 9 12 1 0
BITMAP
0C00
1000
0080
3880
6F00
C200
8300
8300
8300
C300
4600
3C00
ENDCHAR
STARTCHAR uni1EDC
ENCODING 7900
SWIDTH 784 0
DWIDTH 13 0
BBX 12 15 1 0
BITMAP
0C00
0600
0000
0C30
3FA0
60E0
C0C0
C040
C040
C060
C040
C040
40C0
6180
3F00
ENDCHAR
STARTCHAR uni1EDD
ENCODING 7901
SWIDTH 616 0
DWIDTH 10 0
BBX 9 12 1 0
BITMAP
3000
1800
0080
3880
6F00
C200
8300
8300
8300
C300
4600
3C00
ENDCHAR
STARTCHAR uni1EDE
ENCODING 7902
SWIDTH 784 0
DWIDTH 13 0
BBX 12 16 1 0
BITMAP
0E00
0200
0400
0400
0C30
3FA0
60E0
C0C0
C040
C040
C060
C040
C040
40C0
6180
3F00
ENDCHAR
STARTCHAR uni1EDF
ENCODING 7903
SWIDTH 616 0
DWIDTH 10 0
BBX 9 13 1 0
BITMAP
1C00
0400
0800
0880
3880
6F00
C200
8300
8300
8300
C300
4600
3C00
ENDCHAR
STARTCHAR uni1EE0
ENCODING 7904
SWIDTH 784 0
DWIDTH 13 0
BBX 12 15 1 0
BITMAP
0880
1700
0000
0C30
3FA0
60E0
C0C0
C040
C040
C060
C040
C040
40C0
6180
3F00
ENDCHAR
STARTCHAR uni1EE1
ENCODING 7905
SWIDTH 616 0
DWIDTH 10 0
BBX 9 12 1 0
BITMAP
2200
5C00
0080
3880
6F00
C200
8300
8300
8300
C300
4600
3C00
ENDCHAR
STARTCHAR uni1EE2
ENCODING 7906
SWIDTH 784 0
DWIDTH 13 0
BBX 12 15 1 -3
BITMAP
0C30
3FA0
60E0
C0C0
C040
C040
C060
C040
C040
40C0
6180
3F00
0000
0C00
0400
ENDCHAR
STARTCHAR uni1EE3
ENCODING 7907
SWIDTH 616 0
DWIDTH 10 0
BBX 9 13 1 -3
BITMAP
0080
3880
6F00
C200
8300
8300
8300
C300
4600
3C00
0000
1800
0800
ENDCHAR
STARTCHAR uni1EE4
ENCODING 7908
SWIDTH 731 0
DWIDTH 12 0
BBX 9 14 1 -3
BITMAP
C080
C080
C080
C080
C080
C080
C080
C080
4080
6180
3E00
0000
0C00
0400
ENDCHAR
STARTCHAR uni1EE5
ENCODING 7909
SWIDTH 618 0
DWIDTH 10 0
BBX 8 12 1 -3
BITMAP
C3
C3
C3
C3
C3
C3
C3
C7
7F
00
30
10
ENDCHAR
STARTCHAR uni1EE6
ENCODING 7910
SWIDTH 731 0
DWIDTH 12 0
BBX 9 16 1 0
BITMAP
0C00
0600
0400
0800
0000
C080
C080
C080
C080
C080
C080
C080
C080
4080
6180
3E00
ENDCHAR
STARTCHAR uni1EE7
ENCODING 7911
SWIDTH 618 0
DWIDTH 10 0
BBX 8 13 1 0
BITMAP
18
04
18
10
C3
C3
C3
C3
C3
C3
C3
C7
7F
ENDCHAR
STARTCHAR uni1EE8
ENCODING 7912
SWIDTH 780 0
DWIDTH 12 0
BBX 12 15 1 0
BITMAP
0600
0800
0000
0030
C0B0
C0E0
C080
C080
C080
C080
C080
C080
4080
6180
3F00
ENDCHAR
STARTCHAR uni1EE9
ENCODING 7913
SWIDTH 674 0
DWIDTH 11 0
BBX 10 12 1 0
BITMAP
0C00
1000
0040
C340
C380
C300
C300
C300
C300
C300
C700
7F00
ENDCHAR
STARTCHAR uni1EEA
ENCODING 7914
SWIDTH 780 0
DWIDTH 12 0
BBX 12 15 1 0
BITMAP
1800
0C00
0000
0030
C0B0
C0E0
C080
C080
C080
C080
C080
C080
4080
6180
3F00
ENDCHAR
STARTCHAR uni1EEB
ENCODING 7915
SWIDTH 674 0
DWIDTH 11 0
BBX 10 12 1 0
BITMAP
3000
1800
0040
C340
C380
C300
C300
C300
C300
C300
C700
7F00
ENDCHAR
STARTCHAR uni1EEC
ENCODING 7916
SWIDTH 780 0
DWIDTH 12 0
BBX 12 16 1 0
BITMAP
0C00
0200
0400
0800
0030
C0B0
C0E0
C080
C080
C080
C080
C080
C080
4080
6180
3F00
ENDCHAR
STARTCHAR uni1EED
ENCODING 7917
SWIDTH 674 0
DWIDTH 11 0
BBX 10 13 1 0
BITMAP
1800
0400
1800
1040
C340
C380
C300
C300
C300
C300
C300
C700
7F00
ENDCHAR
STARTCHAR uni1EEE
ENCODING 7918
SWIDTH 780 0
DWIDTH 12 0
BBX 12 15 1 0
BITMAP
1100
2E00
0000
0030
C0B0
C0E0
C080
C080
C080
C080
C080
C080
4080
6180
3F00
ENDCHAR
STARTCHAR uni1EEF
ENCODING 7919
SWIDTH 674 0
DWIDTH 11 0
BBX 10 12 1 0
BITMAP
2200
5C00
0040
C340
C380
C300
C300
C300
C300
C300
C700
7F00
ENDCHAR
STARTCHAR uni1EF0
ENCODING 7920
SWIDTH 780 0
DWIDTH 12 0
BBX 12 15 1 -3
BITMAP
0030
C0B0
C0E0
C080
C080
C080
C080
C080
C080
4080
6180
3F00
0000
0C00
0400
ENDCHAR
STARTCHAR uni1EF1
ENCODING 7921
SWIDTH 674 0
DWIDTH 11 0
BBX 10 13 1 -3
BITMAP
0040
C340
C380
C300
C300
C300
C300
C300
C700
7F00
0000
3000
1000
ENDCHAR
STARTCHAR Ygrave
ENCODING 7922
SWIDTH 566 0
DWIDTH 9 0
BBX 9 15 0 0
BITMAP
1800
0C00
0000
0000
C180
6300
2200
3600
1400
1C00
0800
0800
0800
0800
0800
ENDCHAR
STARTCHAR ygrave
ENCODING 7923
SWIDTH 510 0
DWIDTH 8 0
BBX 8 16 0 -4
BITMAP
30
18
00
C1
C3
42
62
26
24
3C
18
18
18
10
30
E0
ENDCHAR
STARTCHAR uni1EF4
ENCODING 7924
SWIDTH 566 0
DWIDTH 9 0
BBX 9 14 0 -3
BITMAP
C180
6300
2200
3600
1400
1C00
0800
0800
0800
0800
0800
0000
1800
0800
ENDCHAR
STARTCHAR uni1EF5
ENCODING 7925
SWIDTH 510 0
DWIDTH 8 0
BBX 8 13 0 -4
BITMAP
C1
C3
42
62
26
24
3C
18
18
18
16
32
E0
ENDCHAR
STARTCHAR uni1EF6
ENCODING 7926
SWIDTH 566 0
DWIDTH 9 0
BBX 9 16 0 0
BITMAP
1C00
0400
0C00
0800
0000
C180
6300
2200
3600
1400
1C00
0800
0800
0800
0800
0800
ENDCHAR
STARTCHAR uni1EF7
ENCODING 7927
SWIDTH 510 0
DWIDTH 8 0
BBX 8 17 0 -4
BITMAP
1C
04
18
10
C1
C3
42
62
26
24
3C
18
18
18
10
30
E0
ENDCHAR
STARTCHAR uni1EF8
ENCODING 7928
SWIDTH 566 0
DWIDTH 9 0
BBX 9 15 0 0
BITMAP
1100
2E00
0000
0000
C180
6300
2200
3600
1400
1C00
0800
0800
0800
0800
0800
ENDCHAR
STARTCHAR uni1EF9
ENCODING 7929
SWIDTH 510 0
DWIDTH 8 0
BBX 8 16 0 -4
BITMAP
11
2E
00
C1
C3
42
62
26
24
3C
18
18
18
10
30
E0
ENDCHAR
STARTCHAR uni1EFA
ENCODING 7930
SWIDTH 767 0
DWIDTH 12 0
BBX 10 11 2 0
BITMAP
9800
9800
9800
9800
9800
9800
9800
9800
9800
9800
9FC0
ENDCHAR
STARTCHAR uni1EFB
ENCODING 7931
SWIDTH 516 0
DWIDTH 8 0
BBX 8 12 0 0
BITMAP
66
FF
FF
66
66
66
66
66
66
66
66
66
ENDCHAR
STARTCHAR uni1EFC
ENCODING 7932
SWIDTH 733 0
DWIDTH 12 0
BBX 10 12 1 0
BITMAP
0800
3800
6000
4400
CF80
C080
C0C0
C0C0
C0C0
C080
6180
3F00
ENDCHAR
STARTCHAR uni1EFD
ENCODING 7933
SWIDTH 592 0
DWIDTH 9 0
BBX 8 12 1 0
BITMAP
0C
30
20
40
DC
D6
82
83
83
C3
46
3C
ENDCHAR
STARTCHAR uni1EFE
ENCODING 7934
SWIDTH 604 0
DWIDTH 10 0
BBX 10 11 0 0
BITMAP
C0C0
6180
2100
3300
1200
0E00
1C00
7C00
4800
D800
7000
ENDCHAR
STARTCHAR uni1EFF
ENCODING 7935
SWIDTH 517 0
DWIDTH 8 0
BBX 8 13 0 -4
BITMAP
C1
43
62
62
26
34
14
1C
38
D8
90
B0
E0
ENDCHAR
STARTCHAR uni1F00
ENCODING 7936
SWIDTH 623 0
DWIDTH 10 0
BBX 9 12 1 0
BITMAP
1800
1800
0000
3A00
6E00
C200
8200
8200
8200
C200
C700
7B80
ENDCHAR
STARTCHAR uni1F01
ENCODING 7937
SWIDTH 623 0
DWIDTH 10 0
BBX 9 12 1 0
BITMAP
3000
3000
0000
3A00
6E00
C200
8200
8200
8200
C200
C700
7B80
ENDCHAR
STARTCHAR uni1F02
ENCODING 7938
SWIDTH 623 0
DWIDTH 10 0
BBX 9 12 1 0
BITMAP
6C00
6400
0000
3A00
6E00
C200
8200
8200
8200
C200
C700
7B80
ENDCHAR
STARTCHAR uni1F03
ENCODING 7939
SWIDTH 623 0
DWIDTH 10 0
BBX 9 12 1 0
BITMAP
6C00
6400
0000
3A00
6E00
C200
8200
8200
8200
C200
C700
7B80
ENDCHAR
STARTCHAR uni1F04
ENCODING 7940
SWIDTH 623 0
DWIDTH 10 0
BBX 9 12 1 0
BITMAP
6C00
6800
0000
3A00
6E00
C200
8200
8200
8200
C200
C700
7B80
ENDCHAR
STARTCHAR uni1F05
ENCODING 7941
SWIDTH 623 0
DWIDTH 10 0
BBX 9 12 1 0
BITMAP
6C00
6800
0000
3A00
6E00
C200
8200
8200
8200
C200
C700
7B80
ENDCHAR
STARTCHAR uni1F06
ENCODING 7942
SWIDTH 623 0
DWIDTH 10 0
BBX 9 15 1 0
BITMAP
2200
5C00
0000
1800
1800
0000
3A00
6E00
C200
8200
8200
8200
C200
C700
7B80
ENDCHAR
STARTCHAR uni1F07
ENCODING 7943
SWIDTH 623 0
DWIDTH 10 0
BBX 9 15 1 0
BITMAP
2200
5C00
0000
3000
3000
0000
3A00
6E00
C200
8200
8200
8200
C200
C700
7B80
ENDCHAR
STARTCHAR uni1F08
ENCODING 7944
SWIDTH 694 0
DWIDTH 11 0
BBX 10 11 1 0
BITMAP
CC00
CE00
1A00
1200
1300
3100
3F00
6180
4080
40C0
C040
ENDCHAR
STARTCHAR uni1F09
ENCODING 7945
SWIDTH 704 0
DWIDTH 11 0
BBX 11 11 0 0
BITMAP
C600
C700
0D00
0900
0980
1880
1F80
30C0
2040
2060
6020
ENDCHAR
STARTCHAR uni1F0A
ENCODING 7946
SWIDTH 889 0
DWIDTH 14 0
BBX 13 11 1 0
BITMAP
F180
D1C0
0340
0240
0260
0620
07E0
0C30
0810
0818
1808
ENDCHAR
STARTCHAR uni1F0B
ENCODING 7947
SWIDTH 889 0
DWIDTH 14 0
BBX 14 11 0 0
BITMAP
D8C0
C8E0
01A0
0120
0130
0310
03F0
0618
0408
040C
0C04
ENDCHAR
STARTCHAR uni1F0C
ENCODING 7948
SWIDTH 869 0
DWIDTH 14 0
BBX 13 11 1 0
BITMAP
F180
E1C0
0340
0240
0260
0620
07E0
0C30
0810
0818
1808
ENDCHAR
STARTCHAR uni1F0D
ENCODING 7949
SWIDTH 869 0
DWIDTH 14 0
BBX 14 11 0 0
BITMAP
D8C0
D0E0
01A0
0120
0130
0310
03F0
0618
0408
040C
0C04
ENDCHAR
STARTCHAR uni1F0E
ENCODING 7950
SWIDTH 940 0
DWIDTH 15 0
BBX 14 12 1 0
BITMAP
4400
B8C0
00E0
01A0
6120
6130
0310
03F0
0618
0408
040C
0C04
ENDCHAR
STARTCHAR uni1F0F
ENCODING 7951
SWIDTH 941 0
DWIDTH 15 0
BBX 14 12 1 0
BITMAP
4400
B8C0
00E0
01A0
6120
6130
0310
03F0
0618
0408
040C
0C04
ENDCHAR
STARTCHAR uni1F10
ENCODING 7952
SWIDTH 470 0
DWIDTH 8 0
BBX 6 12 1 0
BITMAP
30
30
00
38
CC
80
C0
30
C0
80
C4
7C
ENDCHAR
STARTCHAR uni1F11
ENCODING 7953
SWIDTH 470 0
DWIDTH 8 0
BBX 6 12 1 0
BITMAP
30
30
00
38
CC
80
C0
30
C0
80
C4
7C
ENDCHAR
STARTCHAR uni1F12
ENCODING 7954
SWIDTH 470 0
DWIDTH 8 0
BBX 6 12 1 0
BITMAP
78
68
00
38
CC
80
C0
30
C0
80
C4
7C
ENDCHAR
STARTCHAR uni1F13
ENCODING 7955
SWIDTH 470 0
DWIDTH 8 0
BBX 6 12 1 0
BITMAP
D8
C8
00
38
CC
80
C0
30
C0
80
C4
7C
ENDCHAR
STARTCHAR uni1F14
ENCODING 7956
SWIDTH 470 0
DWIDTH 8 0
BBX 6 12 1 0
BITMAP
6C
68
00
38
CC
80
C0
30
C0
80
C4
7C
ENDCHAR
STARTCHAR uni1F15
ENCODING 7957
SWIDTH 470 0
DWIDTH 8 0
BBX 6 12 1 0
BITMAP
CC
C8
00
38
CC
80
C0
30
C0
80
C4
7C
ENDCHAR
STARTCHAR uni1F18
ENCODING 7960
SWIDTH 706 0
DWIDTH 11 0
BBX 9 11 1 0
BITMAP
DF80
D000
1000
1000
1F80
1F80
1000
1000
1000
1000
1F80
ENDCHAR
STARTCHAR uni1F19
ENCODING 7961
SWIDTH 716 0
DWIDTH 11 0
BBX 11 11 0 0
BITMAP
C7E0
C400
0400
0400
07E0
07E0
0400
0400
0400
0400
07E0
ENDCHAR
STARTCHAR uni1F1A
ENCODING 7962
SWIDTH 901 0
DWIDTH 14 0
BBX 13 11 1 0
BITMAP
F1F8
D100
0100
0100
01F8
01F8
0100
0100
0100
0100
01F8
ENDCHAR
STARTCHAR uni1F1B
ENCODING 7963
SWIDTH 901 0
DWIDTH 14 0
BBX 14 11 0 0
BITMAP
D8FC
C880
0080
0080
00FC
00FC
0080
0080
0080
0080
00FC
ENDCHAR
STARTCHAR uni1F1C
ENCODING 7964
SWIDTH 881 0
DWIDTH 14 0
BBX 12 11 1 0
BITMAP
F3F0
E200
0200
0200
03F0
03F0
0200
0200
0200
0200
03F0
ENDCHAR
STARTCHAR uni1F1D
ENCODING 7965
SWIDTH 881 0
DWIDTH 14 0
BBX 13 11 0 0
BITMAP
D9F8
D100
0100
0100
01F8
01F8
0100
0100
0100
0100
01F8
ENDCHAR
STARTCHAR uni1F20
ENCODING 7968
SWIDTH 608 0
DWIDTH 10 0
BBX 7 16 1 -4
BITMAP
30
30
00
DC
F6
C2
C2
C2
C2
C2
C2
C2
02
02
02
02
ENDCHAR
STARTCHAR uni1F21
ENCODING 7969
SWIDTH 608 0
DWIDTH 10 0
BBX 7 16 1 -4
BITMAP
60
60
00
DC
F6
C2
C2
C2
C2
C2
C2
C2
02
02
02
02
ENDCHAR
STARTCHAR uni1F22
ENCODING 7970
SWIDTH 608 0
DWIDTH 10 0
BBX 7 16 1 -4
BITMAP
78
68
00
DC
F6
C2
C2
C2
C2
C2
C2
C2
02
02
02
02
ENDCHAR
STARTCHAR uni1F23
ENCODING 7971
SWIDTH 608 0
DWIDTH 10 0
BBX 7 16 1 -4
BITMAP
D8
C8
00
DC
F6
C2
C2
C2
C2
C2
C2
C2
02
02
02
02
ENDCHAR
STARTCHAR uni1F24
ENCODING 7972
SWIDTH 608 0
DWIDTH 10 0
BBX 7 16 1 -4
BITMAP
78
70
00
DC
F6
C2
C2
C2
C2
C2
C2
C2
02
02
02
02
ENDCHAR
STARTCHAR uni1F25
ENCODING 7973
SWIDTH 608 0
DWIDTH 10 0
BBX 7 16 1 -4
BITMAP
D8
D0
00
DC
F6
C2
C2
C2
C2
C2
C2
C2
02
02
02
02
ENDCHAR
STARTCHAR uni1F26
ENCODING 7974
SWIDTH 608 0
DWIDTH 10 0
BBX 7 19 1 -4
BITMAP
44
B8
00
30
30
00
DC
F6
C2
C2
C2
C2
C2
C2
C2
02
02
02
02
ENDCHAR
STARTCHAR uni1F27
ENCODING 7975
SWIDTH 608 0
DWIDTH 10 0
BBX 7 19 1 -4
BITMAP
44
B8
00
30
30
00
DC
F6
C2
C2
C2
C2
C2
C2
C2
02
02
02
02
ENDCHAR
STARTCHAR uni1F28
ENCODING 7976
SWIDTH 891 0
DWIDTH 14 0
BBX 11 11 1 0
BITMAP
D020
D020
1020
1020
1FE0
1FE0
1020
1020
1020
1020
1020
ENDCHAR
STARTCHAR uni1F29
ENCODING 7977
SWIDTH 901 0
DWIDTH 14 0
BBX 13 11 0 0
BITMAP
C408
C408
0408
0408
07F8
07F8
0408
0408
0408
0408
0408
ENDCHAR
STARTCHAR uni1F2A
ENCODING 7978
SWIDTH 1086 0
DWIDTH 17 0
BBX 15 11 1 0
BITMAP
F102
D102
0102
0102
01FE
01FE
0102
0102
0102
0102
0102
ENDCHAR
STARTCHAR uni1F2B
ENCODING 7979
SWIDTH 1086 0
DWIDTH 17 0
BBX 16 11 0 0
BITMAP
D881
C881
0081
0081
00FF
00FF
0081
0081
0081
0081
0081
ENDCHAR
STARTCHAR uni1F2C
ENCODING 7980
SWIDTH 1066 0
DWIDTH 17 0
BBX 14 11 1 0
BITMAP
F204
E204
0204
0204
03FC
03FC
0204
0204
0204
0204
0204
ENDCHAR
STARTCHAR uni1F2D
ENCODING 7981
SWIDTH 1066 0
DWIDTH 17 0
BBX 15 11 0 0
BITMAP
D902
D102
0102
0102
01FE
01FE
0102
0102
0102
0102
0102
ENDCHAR
STARTCHAR uni1F2E
ENCODING 7982
SWIDTH 1137 0
DWIDTH 18 0
BBX 15 12 1 0
BITMAP
4400
B902
0102
0102
6102
61FE
01FE
0102
0102
0102
0102
0102
ENDCHAR
STARTCHAR uni1F2F
ENCODING 7983
SWIDTH 1138 0
DWIDTH 18 0
BBX 15 12 1 0
BITMAP
4400
B902
0102
0102
6102
61FE
01FE
0102
0102
0102
0102
0102
ENDCHAR
STARTCHAR uni1F30
ENCODING 7984
SWIDTH 332 0
DWIDTH 5 0
BBX 4 12 1 0
BITMAP
C0
C0
00
C0
C0
C0
C0
C0
C0
C0
C0
70
ENDCHAR
STARTCHAR uni1F31
ENCODING 7985
SWIDTH 332 0
DWIDTH 5 0
BBX 4 12 1 0
BITMAP
C0
C0
00
C0
C0
C0
C0
C0
C0
C0
C0
70
ENDCHAR
STARTCHAR uni1F32
ENCODING 7986
SWIDTH 332 0
DWIDTH 5 0
BBX 5 12 0 0
BITMAP
F0
D0
00
60
60
60
60
60
60
60
60
38
ENDCHAR
STARTCHAR uni1F33
ENCODING 7987
SWIDTH 332 0
DWIDTH 5 0
BBX 6 12 -1 0
BITMAP
D8
C8
00
30
30
30
30
30
30
30
30
1C
ENDCHAR
STARTCHAR uni1F34
ENCODING 7988
SWIDTH 332 0
DWIDTH 5 0
BBX 5 12 0 0
BITMAP
D8
D0
00
60
60
60
60
60
60
60
60
38
ENDCHAR
STARTCHAR uni1F35
ENCODING 7989
SWIDTH 332 0
DWIDTH 5 0
BBX 6 12 -1 0
BITMAP
CC
C8
00
30
30
30
30
30
30
30
30
1C
ENDCHAR
STARTCHAR uni1F36
ENCODING 7990
SWIDTH 332 0
DWIDTH 5 0
BBX 6 15 0 0
BITMAP
44
B8
00
60
60
00
60
60
60
60
60
60
60
60
38
ENDCHAR
STARTCHAR uni1F37
ENCODING 7991
SWIDTH 332 0
DWIDTH 5 0
BBX 6 15 0 0
BITMAP
44
B8
00
60
60
00
60
60
60
60
60
60
60
60
38
ENDCHAR
STARTCHAR uni1F38
ENCODING 7992
SWIDTH 509 0
DWIDTH 8 0
BBX 7 11 1 0
BITMAP
DE
C8
08
08
08
08
08
08
08
08
1E
ENDCHAR
STARTCHAR uni1F39
ENCODING 7993
SWIDTH 519 0
DWIDTH 8 0
BBX 8 11 0 0
BITMAP
CF
C4
04
04
04
04
04
04
04
04
0F
ENDCHAR
STARTCHAR uni1F3A
ENCODING 7994
SWIDTH 704 0
DWIDTH 11 0
BBX 10 11 1 0
BITMAP
F3C0
D100
0100
0100
0100
0100
0100
0100
0100
0100
03C0
ENDCHAR
STARTCHAR uni1F3B
ENCODING 7995
SWIDTH 704 0
DWIDTH 11 0
BBX 11 11 0 0
BITMAP
D9E0
C880
0080
0080
0080
0080
0080
0080
0080
0080
01E0
ENDCHAR
STARTCHAR uni1F3C
ENCODING 7996
SWIDTH 684 0
DWIDTH 11 0
BBX 10 11 1 0
BITMAP
F3C0
E100
0100
0100
0100
0100
0100
0100
0100
0100
03C0
ENDCHAR
STARTCHAR uni1F3D
ENCODING 7997
SWIDTH 684 0
DWIDTH 11 0
BBX 11 11 0 0
BITMAP
D9E0
D080
0080
0080
0080
0080
0080
0080
0080
0080
01E0
ENDCHAR
STARTCHAR uni1F3E
ENCODING 7998
SWIDTH 755 0
DWIDTH 12 0
BBX 11 12 1 0
BITMAP
4400
B9E0
0080
0080
6080
6080
0080
0080
0080
0080
0080
01E0
ENDCHAR
STARTCHAR uni1F3F
ENCODING 7999
SWIDTH 756 0
DWIDTH 12 0
BBX 11 12 1 0
BITMAP
4400
B9E0
0080
0080
6080
6080
0080
0080
0080
0080
0080
01E0
ENDCHAR
STARTCHAR uni1F40
ENCODING 8000
SWIDTH 605 0
DWIDTH 10 0
BBX 8 12 1 0
BITMAP
18
18
00
38
6E
C2
83
83
83
C3
46
3C
ENDCHAR
STARTCHAR uni1F41
ENCODING 8001
SWIDTH 605 0
DWIDTH 10 0
BBX 8 12 1 0
BITMAP
30
30
00
38
6E
C2
83
83
83
C3
46
3C
ENDCHAR
STARTCHAR uni1F42
ENCODING 8002
SWIDTH 605 0
DWIDTH 10 0
BBX 8 12 1 0
BITMAP
6C
64
00
38
6E
C2
83
83
83
C3
46
3C
ENDCHAR
STARTCHAR uni1F43
ENCODING 8003
SWIDTH 605 0
DWIDTH 10 0
BBX 8 12 1 0
BITMAP
6C
64
00
38
6E
C2
83
83
83
C3
46
3C
ENDCHAR
STARTCHAR uni1F44
ENCODING 8004
SWIDTH 605 0
DWIDTH 10 0
BBX 8 12 1 0
BITMAP
3C
38
00
38
6E
C2
83
83
83
C3
46
3C
ENDCHAR
STARTCHAR uni1F45
ENCODING 8005
SWIDTH 605 0
DWIDTH 10 0
BBX 8 12 1 0
BITMAP
6C
68
00
38
6E
C2
83
83
83
C3
46
3C
ENDCHAR
STARTCHAR uni1F48
ENCODING 8008
SWIDTH 881 0
DWIDTH 14 0
BBX 13 12 1 0
BITMAP
0300
CFE0
D830
3030
3010
3010
3018
3010
3010
1030
1860
0FC0
ENDCHAR
STARTCHAR uni1F49
ENCODING 8009
SWIDTH 891 0
DWIDTH 14 0
BBX 14 12 0 0
BITMAP
0180
C7F0
CC18
1818
1808
1808
180C
1808
1808
0818
0C30
07E0
ENDCHAR
STARTCHAR uni1F4A
ENCODING 8010
SWIDTH 1076 0
DWIDTH 17 0
BBX 16 12 1 0
BITMAP
0060
F1FC
D306
0606
0602
0602
0603
0602
0602
0206
030C
01F8
ENDCHAR
STARTCHAR uni1F4B
ENCODING 8011
SWIDTH 1076 0
DWIDTH 17 0
BBX 17 12 0 0
BITMAP
003000
D8FE00
C98300
030300
030100
030100
030180
030100
030100
010300
018600
00FC00
ENDCHAR
STARTCHAR uni1F4C
ENCODING 8012
SWIDTH 1056 0
DWIDTH 17 0
BBX 15 12 1 0
BITMAP
00C0
F3F8
E60C
0C0C
0C04
0C04
0C06
0C04
0C04
040C
0618
03F0
ENDCHAR
STARTCHAR uni1F4D
ENCODING 8013
SWIDTH 1056 0
DWIDTH 17 0
BBX 16 12 0 0
BITMAP
0060
D9FC
D306
0606
0602
0602
0603
0602
0602
0206
030C
01F8
ENDCHAR
STARTCHAR uni1F50
ENCODING 8016
SWIDTH 598 0
DWIDTH 10 0
BBX 7 12 1 0
BITMAP
18
18
00
C2
C2
C2
C2
C2
C2
C2
46
7C
ENDCHAR
STARTCHAR uni1F51
ENCODING 8017
SWIDTH 598 0
DWIDTH 10 0
BBX 7 12 1 0
BITMAP
30
30
00
C2
C2
C2
C2
C2
C2
C2
46
7C
ENDCHAR
STARTCHAR uni1F52
ENCODING 8018
SWIDTH 598 0
DWIDTH 10 0
BBX 7 12 1 0
BITMAP
6C
64
00
C2
C2
C2
C2
C2
C2
C2
46
7C
ENDCHAR
STARTCHAR uni1F53
ENCODING 8019
SWIDTH 598 0
DWIDTH 10 0
BBX 7 12 1 0
BITMAP
6C
64
00
C2
C2
C2
C2
C2
C2
C2
46
7C
ENDCHAR
STARTCHAR uni1F54
ENCODING 8020
SWIDTH 598 0
DWIDTH 10 0
BBX 7 12 1 0
BITMAP
6C
68
00
C2
C2
C2
C2
C2
C2
C2
46
7C
ENDCHAR
STARTCHAR uni1F55
ENCODING 8021
SWIDTH 598 0
DWIDTH 10 0
BBX 7 12 1 0
BITMAP
6C
68
00
C2
C2
C2
C2
C2
C2
C2
46
7C
ENDCHAR
STARTCHAR uni1F56
ENCODING 8022
SWIDTH 598 0
DWIDTH 10 0
BBX 7 15 1 0
BITMAP
22
5C
00
18
18
00
C2
C2
C2
C2
C2
C2
C2
46
7C
ENDCHAR
STARTCHAR uni1F57
ENCODING 8023
SWIDTH 598 0
DWIDTH 10 0
BBX 7 15 1 0
BITMAP
22
5C
00
30
30
00
C2
C2
C2
C2
C2
C2
C2
46
7C
ENDCHAR
STARTCHAR uni1F59
ENCODING 8025
SWIDTH 776 0
DWIDTH 12 0
BBX 12 11 0 0
BITMAP
D830
CC60
0440
06C0
0280
0380
0100
0100
0100
0100
0100
ENDCHAR
STARTCHAR uni1F5B
ENCODING 8027
SWIDTH 961 0
DWIDTH 15 0
BBX 15 11 0 0
BITMAP
DB06
C98C
0088
00D8
0050
0070
0020
0020
0020
0020
0020
ENDCHAR
STARTCHAR uni1F5D
ENCODING 8029
SWIDTH 941 0
DWIDTH 15 0
BBX 15 11 0 0
BITMAP
DB06
D18C
0088
00D8
0050
0070
0020
0020
0020
0020
0020
ENDCHAR
STARTCHAR uni1F5F
ENCODING 8031
SWIDTH 1013 0
DWIDTH 16 0
BBX 15 12 1 0
BITMAP
4400
BB06
018C
0088
60D8
6050
0070
0020
0020
0020
0020
0020
ENDCHAR
STARTCHAR uni1F60
ENCODING 8032
SWIDTH 799 0
DWIDTH 13 0
BBX 11 12 1 0
BITMAP
0600
0600
0000
6080
4040
C040
C460
8460
8460
C460
4E40
7BC0
ENDCHAR
STARTCHAR uni1F61
ENCODING 8033
SWIDTH 799 0
DWIDTH 13 0
BBX 11 12 1 0
BITMAP
0C00
0C00
0000
6080
4040
C040
C460
8460
8460
C460
4E40
7BC0
ENDCHAR
STARTCHAR uni1F62
ENCODING 8034
SWIDTH 799 0
DWIDTH 13 0
BBX 11 12 1 0
BITMAP
1B00
1900
0000
6080
4040
C040
C460
8460
8460
C460
4E40
7BC0
ENDCHAR
STARTCHAR uni1F63
ENCODING 8035
SWIDTH 799 0
DWIDTH 13 0
BBX 11 12 1 0
BITMAP
3300
3100
0000
6080
4040
C040
C460
8460
8460
C460
4E40
7BC0
ENDCHAR
STARTCHAR uni1F64
ENCODING 8036
SWIDTH 799 0
DWIDTH 13 0
BBX 11 12 1 0
BITMAP
1B00
1A00
0000
6080
4040
C040
C460
8460
8460
C460
4E40
7BC0
ENDCHAR
STARTCHAR uni1F65
ENCODING 8037
SWIDTH 799 0
DWIDTH 13 0
BBX 11 12 1 0
BITMAP
1B00
1A00
0000
6080
4040
C040
C460
8460
8460
C460
4E40
7BC0
ENDCHAR
STARTCHAR uni1F66
ENCODING 8038
SWIDTH 799 0
DWIDTH 13 0
BBX 11 15 1 0
BITMAP
0880
1700
0000
0600
0600
0000
6080
4040
C040
C460
8460
8460
C460
4E40
7BC0
ENDCHAR
STARTCHAR uni1F67
ENCODING 8039
SWIDTH 799 0
DWIDTH 13 0
BBX 11 15 1 0
BITMAP
0880
1700
0000
0C00
0C00
0000
6080
4040
C040
C460
8460
8460
C460
4E40
7BC0
ENDCHAR
STARTCHAR uni1F68
ENCODING 8040
SWIDTH 827 0
DWIDTH 13 0
BBX 12 12 1 0
BITMAP
0300
DFC0
F060
3030
2030
6030
2030
2030
3020
1060
08C0
7CF0
ENDCHAR
STARTCHAR uni1F69
ENCODING 8041
SWIDTH 837 0
DWIDTH 13 0
BBX 13 12 0 0
BITMAP
0180
CFE0
D830
1818
1018
3018
1018
1018
1810
0830
0460
3E78
ENDCHAR
STARTCHAR uni1F6A
ENCODING 8042
SWIDTH 1022 0
DWIDTH 16 0
BBX 15 12 1 0
BITMAP
0060
F3F8
D60C
0606
0406
0C06
0406
0406
0604
020C
0118
0F9E
ENDCHAR
STARTCHAR uni1F6B
ENCODING 8043
SWIDTH 1022 0
DWIDTH 16 0
BBX 16 12 0 0
BITMAP
0030
D9FC
CB06
0303
0203
0603
0203
0203
0302
0106
008C
07CF
ENDCHAR
STARTCHAR uni1F6C
ENCODING 8044
SWIDTH 1002 0
DWIDTH 16 0
BBX 15 12 1 0
BITMAP
0060
F3F8
E60C
0606
0406
0C06
0406
0406
0604
020C
0118
0F9E
ENDCHAR
STARTCHAR uni1F6D
ENCODING 8045
SWIDTH 1002 0
DWIDTH 16 0
BBX 16 12 0 0
BITMAP
0030
D9FC
D306
0303
0203
0603
0203
0203
0302
0106
008C
07CF
ENDCHAR
STARTCHAR uni1F6E
ENCODING 8046
SWIDTH 1073 0
DWIDTH 17 0
BBX 16 12 1 0
BITMAP
4430
B9FC
0306
0303
6203
6603
0203
0203
0302
0106
008C
07CF
ENDCHAR
STARTCHAR uni1F6F
ENCODING 8047
SWIDTH 1074 0
DWIDTH 17 0
BBX 16 12 1 0
BITMAP
4430
B9FC
0306
0303
6203
6603
0203
0203
0302
0106
008C
07CF
ENDCHAR
STARTCHAR uni1F70
ENCODING 8048
SWIDTH 623 0
DWIDTH 10 0
BBX 9 12 1 0
BITMAP
3000
1000
0000
3A00
6E00
C200
8200
8200
8200
C200
C700
7B80
ENDCHAR
STARTCHAR uni1F71
ENCODING 8049
SWIDTH 623 0
DWIDTH 10 0
BBX 9 12 1 0
BITMAP
1800
1000
0000
3A00
6E00
C200
8200
8200
8200
C200
C700
7B80
ENDCHAR
STARTCHAR uni1F72
ENCODING 8050
SWIDTH 470 0
DWIDTH 8 0
BBX 6 12 1 0
BITMAP
60
20
00
38
CC
80
C0
30
C0
80
C4
7C
ENDCHAR
STARTCHAR uni1F73
ENCODING 8051
SWIDTH 470 0
DWIDTH 8 0
BBX 6 12 1 0
BITMAP
18
10
00
38
CC
80
C0
30
C0
80
C4
7C
ENDCHAR
STARTCHAR uni1F74
ENCODING 8052
SWIDTH 608 0
DWIDTH 10 0
BBX 7 16 1 -4
BITMAP
60
20
00
DC
F6
C2
C2
C2
C2
C2
C2
C2
02
02
02
02
ENDCHAR
STARTCHAR uni1F75
ENCODING 8053
SWIDTH 608 0
DWIDTH 10 0
BBX 7 16 1 -4
BITMAP
18
10
00
DC
F6
C2
C2
C2
C2
C2
C2
C2
02
02
02
02
ENDCHAR
STARTCHAR uni1F76
ENCODING 8054
SWIDTH 332 0
DWIDTH 5 0
BBX 5 12 0 0
BITMAP
C0
40
00
60
60
60
60
60
60
60
60
38
ENDCHAR
STARTCHAR uni1F77
ENCODING 8055
SWIDTH 332 0
DWIDTH 5 0
BBX 4 12 1 0
BITMAP
60
40
00
C0
C0
C0
C0
C0
C0
C0
C0
70
ENDCHAR
STARTCHAR uni1F78
ENCODING 8056
SWIDTH 605 0
DWIDTH 10 0
BBX 8 12 1 0
BITMAP
30
10
00
38
6E
C2
83
83
83
C3
46
3C
ENDCHAR
STARTCHAR uni1F79
ENCODING 8057
SWIDTH 605 0
DWIDTH 10 0
BBX 8 12 1 0
BITMAP
0C
08
00
38
6E
C2
83
83
83
C3
46
3C
ENDCHAR
STARTCHAR uni1F7A
ENCODING 8058
SWIDTH 598 0
DWIDTH 10 0
BBX 7 12 1 0
BITMAP
30
10
00
C2
C2
C2
C2
C2
C2
C2
46
7C
ENDCHAR
STARTCHAR uni1F7B
ENCODING 8059
SWIDTH 598 0
DWIDTH 10 0
BBX 7 12 1 0
BITMAP
18
10
00
C2
C2
C2
C2
C2
C2
C2
46
7C
ENDCHAR
STARTCHAR uni1F7C
ENCODING 8060
SWIDTH 799 0
DWIDTH 13 0
BBX 11 12 1 0
BITMAP
0C00
0400
0000
6080
4040
C040
C460
8460
8460
C460
4E40
7BC0
ENDCHAR
STARTCHAR uni1F7D
ENCODING 8061
SWIDTH 799 0
DWIDTH 13 0
BBX 11 12 1 0
BITMAP
0600
0400
0000
6080
4040
C040
C460
8460
8460
C460
4E40
7BC0
ENDCHAR
STARTCHAR uni1F80
ENCODING 8064
SWIDTH 623 0
DWIDTH 10 0
BBX 9 16 1 -4
BITMAP
1800
1800
0000
3A00
6E00
C200
8200
8200
8200
C200
C700
7B80
0000
1800
1800
0C00
ENDCHAR
STARTCHAR uni1F81
ENCODING 8065
SWIDTH 623 0
DWIDTH 10 0
BBX 9 16 1 -4
BITMAP
3000
3000
0000
3A00
6E00
C200
8200
8200
8200
C200
C700
7B80
0000
1800
1800
0C00
ENDCHAR
STARTCHAR uni1F82
ENCODING 8066
SWIDTH 623 0
DWIDTH 10 0
BBX 9 16 1 -4
BITMAP
6C00
6400
0000
3A00
6E00
C200
8200
8200
8200
C200
C700
7B80
0000
1800
1800
0C00
ENDCHAR
STARTCHAR uni1F83
ENCODING 8067
SWIDTH 623 0
DWIDTH 10 0
BBX 9 16 1 -4
BITMAP
6C00
6400
0000
3A00
6E00
C200
8200
8200
8200
C200
C700
7B80
0000
1800
1800
0C00
ENDCHAR
STARTCHAR uni1F84
ENCODING 8068
SWIDTH 623 0
DWIDTH 10 0
BBX 9 16 1 -4
BITMAP
6C00
6800
0000
3A00
6E00
C200
8200
8200
8200
C200
C700
7B80
0000
1800
1800
0C00
ENDCHAR
STARTCHAR uni1F85
ENCODING 8069
SWIDTH 623 0
DWIDTH 10 0
BBX 9 16 1 -4
BITMAP
6C00
6800
0000
3A00
6E00
C200
8200
8200
8200
C200
C700
7B80
0000
1800
1800
0C00
ENDCHAR
STARTCHAR uni1F86
ENCODING 8070
SWIDTH 623 0
DWIDTH 10 0
BBX 9 19 1 -4
BITMAP
2200
5C00
0000
1800
1800
0000
3A00
6E00
C200
8200
8200
8200
C200
C700
7B80
0000
1800
1800
0C00
ENDCHAR
STARTCHAR uni1F87
ENCODING 8071
SWIDTH 623 0
DWIDTH 10 0
BBX 9 19 1 -4
BITMAP
2200
5C00
0000
3000
3000
0000
3A00
6E00
C200
8200
8200
8200
C200
C700
7B80
0000
1800
1800
0C00
ENDCHAR
STARTCHAR uni1F88
ENCODING 8072
SWIDTH 694 0
DWIDTH 11 0
BBX 10 15 1 -4
BITMAP
CC00
CE00
1A00
1200
1300
3100
3F00
6180
4080
40C0
C040
0000
0C00
0C00
0600
ENDCHAR
STARTCHAR uni1F89
ENCODING 8073
SWIDTH 704 0
DWIDTH 11 0
BBX 11 15 0 -4
BITMAP
C600
C700
0D00
0900
0980
1880
1F80
30C0
2040
2060
6020
0000
0600
0600
0300
ENDCHAR
STARTCHAR uni1F8A
ENCODING 8074
SWIDTH 889 0
DWIDTH 14 0
BBX 13 15 1 -4
BITMAP
F180
D1C0
0340
0240
0260
0620
07E0
0C30
0810
0818
1808
0000
0180
0180
00C0
ENDCHAR
STARTCHAR uni1F8B
ENCODING 8075
SWIDTH 889 0
DWIDTH 14 0
BBX 14 15 0 -4
BITMAP
D8C0
C8E0
01A0
0120
0130
0310
03F0
0618
0408
040C
0C04
0000
00C0
00C0
0060
ENDCHAR
STARTCHAR uni1F8C
ENCODING 8076
SWIDTH 869 0
DWIDTH 14 0
BBX 13 15 1 -4
BITMAP
F180
E1C0
0340
0240
0260
0620
07E0
0C30
0810
0818
1808
0000
0180
0180
00C0
ENDCHAR
STARTCHAR uni1F8D
ENCODING 8077
SWIDTH 869 0
DWIDTH 14 0
BBX 14 15 0 -4
BITMAP
D8C0
D0E0
01A0
0120
0130
0310
03F0
0618
0408
040C
0C04
0000
00C0
00C0
0060
ENDCHAR
STARTCHAR uni1F8E
ENCODING 8078
SWIDTH 940 0
DWIDTH 15 0
BBX 14 16 1 -4
BITMAP
4400
B8C0
00E0
01A0
6120
6130
0310
03F0
0618
0408
040C
0C04
0000
00C0
00C0
0060
ENDCHAR
STARTCHAR uni1F8F
ENCODING 8079
SWIDTH 941 0
DWIDTH 15 0
BBX 14 16 1 -4
BITMAP
4400
B8C0
00E0
01A0
6120
6130
0310
03F0
0618
0408
040C
0C04
0000
00C0
00C0
0060
ENDCHAR
STARTCHAR uni1F90
ENCODING 8080
SWIDTH 608 0
DWIDTH 10 0
BBX 7 16 1 -4
BITMAP
30
30
00
DC
F6
C2
C2
C2
C2
C2
C2
C2
02
C2
C2
62
ENDCHAR
STARTCHAR uni1F91
ENCODING 8081
SWIDTH 608 0
DWIDTH 10 0
BBX 7 16 1 -4
BITMAP
60
60
00
DC
F6
C2
C2
C2
C2
C2
C2
C2
02
C2
C2
62
ENDCHAR
STARTCHAR uni1F92
ENCODING 8082
SWIDTH 608 0
DWIDTH 10 0
BBX 7 16 1 -4
BITMAP
78
68
00
DC
F6
C2
C2
C2
C2
C2
C2
C2
02
C2
C2
62
ENDCHAR
STARTCHAR uni1F93
ENCODING 8083
SWIDTH 608 0
DWIDTH 10 0
BBX 7 16 1 -4
BITMAP
D8
C8
00
DC
F6
C2
C2
C2
C2
C2
C2
C2
02
C2
C2
62
ENDCHAR
STARTCHAR uni1F94
ENCODING 8084
SWIDTH 608 0
DWIDTH 10 0
BBX 7 16 1 -4
BITMAP
78
70
00
DC
F6
C2
C2
C2
C2
C2
C2
C2
02
C2
C2
62
ENDCHAR
STARTCHAR uni1F95
ENCODING 8085
SWIDTH 608 0
DWIDTH 10 0
BBX 7 16 1 -4
BITMAP
D8
D0
00
DC
F6
C2
C2
C2
C2
C2
C2
C2
02
C2
C2
62
ENDCHAR
STARTCHAR uni1F96
ENCODING 8086
SWIDTH 608 0
DWIDTH 10 0
BBX 7 19 1 -4
BITMAP
44
B8
00
30
30
00
DC
F6
C2
C2
C2
C2
C2
C2
C2
02
C2
C2
62
ENDCHAR
STARTCHAR uni1F97
ENCODING 8087
SWIDTH 608 0
DWIDTH 10 0
BBX 7 19 1 -4
BITMAP
44
B8
00
30
30
00
DC
F6
C2
C2
C2
C2
C2
C2
C2
02
C2
C2
62
ENDCHAR
STARTCHAR uni1F98
ENCODING 8088
SWIDTH 891 0
DWIDTH 14 0
BBX 11 15 1 -4
BITMAP
D020
D020
1020
1020
1FE0
1FE0
1020
1020
1020
1020
1020
0000
0300
0300
0180
ENDCHAR
STARTCHAR uni1F99
ENCODING 8089
SWIDTH 901 0
DWIDTH 14 0
BBX 13 15 0 -4
BITMAP
C408
C408
0408
0408
07F8
07F8
0408
0408
0408
0408
0408
0000
00C0
00C0
0060
ENDCHAR
STARTCHAR uni1F9A
ENCODING 8090
SWIDTH 1086 0
DWIDTH 17 0
BBX 15 15 1 -4
BITMAP
F102
D102
0102
0102
01FE
01FE
0102
0102
0102
0102
0102
0000
0060
0060
0030
ENDCHAR
STARTCHAR uni1F9B
ENCODING 8091
SWIDTH 1086 0
DWIDTH 17 0
BBX 16 15 0 -4
BITMAP
D881
C881
0081
0081
00FF
00FF
0081
0081
0081
0081
0081
0000
0030
0030
0018
ENDCHAR
STARTCHAR uni1F9C
ENCODING 8092
SWIDTH 1066 0
DWIDTH 17 0
BBX 14 15 1 -4
BITMAP
F204
E204
0204
0204
03FC
03FC
0204
0204
0204
0204
0204
0000
0060
0060
0030
ENDCHAR
STARTCHAR uni1F9D
ENCODING 8093
SWIDTH 1066 0
DWIDTH 17 0
BBX 15 15 0 -4
BITMAP
D902
D102
0102
0102
01FE
01FE
0102
0102
0102
0102
0102
0000
0030
0030
0018
ENDCHAR
STARTCHAR uni1F9E
ENCODING 8094
SWIDTH 1137 0
DWIDTH 18 0
BBX 15 16 1 -4
BITMAP
4400
B902
0102
0102
6102
61FE
01FE
0102
0102
0102
0102
0102
0000
0030
0030
0018
ENDCHAR
STARTCHAR uni1F9F
ENCODING 8095
SWIDTH 1138 0
DWIDTH 18 0
BBX 15 16 1 -4
BITMAP
4400
B902
0102
0102
6102
61FE
01FE
0102
0102
0102
0102
0102
0000
0030
0030
0018
ENDCHAR
STARTCHAR uni1FA0
ENCODING 8096
SWIDTH 799 0
DWIDTH 13 0
BBX 11 16 1 -4
BITMAP
0600
0600
0000
6080
4040
C040
C460
8460
8460
C460
4E40
7BC0
0000
0C00
0C00
0600
ENDCHAR
STARTCHAR uni1FA1
ENCODING 8097
SWIDTH 799 0
DWIDTH 13 0
BBX 11 16 1 -4
BITMAP
0C00
0C00
0000
6080
4040
C040
C460
8460
8460
C460
4E40
7BC0
0000
0C00
0C00
0600
ENDCHAR
STARTCHAR uni1FA2
ENCODING 8098
SWIDTH 799 0
DWIDTH 13 0
BBX 11 16 1 -4
BITMAP
1B00
1900
0000
6080
4040
C040
C460
8460
8460
C460
4E40
7BC0
0000
0C00
0C00
0600
ENDCHAR
STARTCHAR uni1FA3
ENCODING 8099
SWIDTH 799 0
DWIDTH 13 0
BBX 11 16 1 -4
BITMAP
3300
3100
0000
6080
4040
C040
C460
8460
8460
C460
4E40
7BC0
0000
0C00
0C00
0600
ENDCHAR
STARTCHAR uni1FA4
ENCODING 8100
SWIDTH 799 0
DWIDTH 13 0
BBX 11 16 1 -4
BITMAP
1B00
1A00
0000
6080
4040
C040
C460
8460
8460
C460
4E40
7BC0
0000
0C00
0C00
0600
ENDCHAR
STARTCHAR uni1FA5
ENCODING 8101
SWIDTH 799 0
DWIDTH 13 0
BBX 11 16 1 -4
BITMAP
1B00
1A00
0000
6080
4040
C040
C460
8460
8460
C460
4E40
7BC0
0000
0C00
0C00
0600
ENDCHAR
STARTCHAR uni1FA6
ENCODING 8102
SWIDTH 799 0
DWIDTH 13 0
BBX 11 19 1 -4
BITMAP
0880
1700
0000
0600
0600
0000
6080
4040
C040
C460
8460
8460
C460
4E40
7BC0
0000
0C00
0C00
0600
ENDCHAR
STARTCHAR uni1FA7
ENCODING 8103
SWIDTH 799 0
DWIDTH 13 0
BBX 11 19 1 -4
BITMAP
0880
1700
0000
0C00
0C00
0000
6080
4040
C040
C460
8460
8460
C460
4E40
7BC0
0000
0C00
0C00
0600
ENDCHAR
STARTCHAR uni1FA8
ENCODING 8104
SWIDTH 827 0
DWIDTH 13 0
BBX 12 16 1 -4
BITMAP
0300
DFC0
F060
3030
2030
6030
2030
2030
3020
1060
08C0
7CF0
0000
0300
0300
0180
ENDCHAR
STARTCHAR uni1FA9
ENCODING 8105
SWIDTH 837 0
DWIDTH 13 0
BBX 13 16 0 -4
BITMAP
0180
CFE0
D830
1818
1018
3018
1018
1018
1810
0830
0460
3E78
0000
0180
0180
00C0
ENDCHAR
STARTCHAR uni1FAA
ENCODING 8106
SWIDTH 1022 0
DWIDTH 16 0
BBX 15 16 1 -4
BITMAP
0060
F3F8
D60C
0606
0406
0C06
0406
0406
0604
020C
0118
0F9E
0000
0060
0060
0030
ENDCHAR
STARTCHAR uni1FAB
ENCODING 8107
SWIDTH 1022 0
DWIDTH 16 0
BBX 16 16 0 -4
BITMAP
0030
D9FC
CB06
0303
0203
0603
0203
0203
0302
0106
008C
07CF
0000
0030
0030
0018
ENDCHAR
STARTCHAR uni1FAC
ENCODING 8108
SWIDTH 1002 0
DWIDTH 16 0
BBX 15 16 1 -4
BITMAP
0060
F3F8
E60C
0606
0406
0C06
0406
0406
0604
020C
0118
0F9E
0000
00C0
00C0
0060
ENDCHAR
STARTCHAR uni1FAD
ENCODING 8109
SWIDTH 1002 0
DWIDTH 16 0
BBX 16 16 0 -4
BITMAP
0030
D9FC
D306
0303
0203
0603
0203
0203
0302
0106
008C
07CF
0000
0060
0060
0030
ENDCHAR
STARTCHAR uni1FAE
ENCODING 8110
SWIDTH 1073 0
DWIDTH 17 0
BBX 16 16 1 -4
BITMAP
4430
B9FC
0306
0303
6203
6603
0203
0203
0302
0106
008C
07CF
0000
0060
0060
0030
ENDCHAR
STARTCHAR uni1FAF
ENCODING 8111
SWIDTH 1074 0
DWIDTH 17 0
BBX 16 16 1 -4
BITMAP
4430
B9FC
0306
0303
6203
6603
0203
0203
0302
0106
008C
07CF
0000
0030
0030
0018
ENDCHAR
STARTCHAR uni1FB0
ENCODING 8112
SWIDTH 623 0
DWIDTH 10 0
BBX 9 12 1 0
BITMAP
2200
3C00
0000
3A00
6E00
C200
8200
8200
8200
C200
C700
7B80
ENDCHAR
STARTCHAR uni1FB1
ENCODING 8113
SWIDTH 623 0
DWIDTH 10 0
BBX 9 11 1 0
BITMAP
3C00
0000
3A00
6E00
C200
8200
8200
8200
C200
C700
7B80
ENDCHAR
STARTCHAR uni1FB2
ENCODING 8114
SWIDTH 623 0
DWIDTH 10 0
BBX 9 16 1 -4
BITMAP
3000
1000
0000
3A00
6E00
C200
8200
8200
8200
C200
C700
7B80
0000
1800
1800
0C00
ENDCHAR
STARTCHAR uni1FB3
ENCODING 8115
SWIDTH 623 0
DWIDTH 10 0
BBX 9 13 1 -4
BITMAP
3A00
6E00
C200
8200
8200
8200
C200
C700
7B80
0000
1800
1800
0C00
ENDCHAR
STARTCHAR uni1FB4
ENCODING 8116
SWIDTH 623 0
DWIDTH 10 0
BBX 9 16 1 -4
BITMAP
1800
1000
0000
3A00
6E00
C200
8200
8200
8200
C200
C700
7B80
0000
1800
1800
0C00
ENDCHAR
STARTCHAR uni1FB6
ENCODING 8118
SWIDTH 623 0
DWIDTH 10 0
BBX 9 12 1 0
BITMAP
2200
5C00
0000
3A00
6E00
C200
8200
8200
8200
C200
C700
7B80
ENDCHAR
STARTCHAR uni1FB7
ENCODING 8119
SWIDTH 623 0
DWIDTH 10 0
BBX 9 16 1 -4
BITMAP
2200
5C00
0000
3A00
6E00
C200
8200
8200
8200
C200
C700
7B80
0000
1800
1800
0C00
ENDCHAR
STARTCHAR uni1FB8
ENCODING 8120
SWIDTH 639 0
DWIDTH 10 0
BBX 10 15 0 0
BITMAP
1100
1E00
0000
0000
0C00
0E00
1A00
1200
1300
3100
3F00
6180
4080
40C0
C040
ENDCHAR
STARTCHAR uni1FB9
ENCODING 8121
SWIDTH 639 0
DWIDTH 10 0
BBX 10 14 0 0
BITMAP
1E00
0000
0000
0C00
0E00
1A00
1200
1300
3100
3F00
6180
4080
40C0
C040
ENDCHAR
STARTCHAR uni1FBA
ENCODING 8122
SWIDTH 728 0
DWIDTH 12 0
BBX 10 11 1 0
BITMAP
CC00
4E00
1A00
1200
1300
3100
3F00
6180
4080
40C0
C040
ENDCHAR
STARTCHAR uni1FBB
ENCODING 8123
SWIDTH 708 0
DWIDTH 11 0
BBX 10 11 1 0
BITMAP
CC00
8E00
1A00
1200
1300
3100
3F00
6180
4080
40C0
C040
ENDCHAR
STARTCHAR uni1FBC
ENCODING 8124
SWIDTH 639 0
DWIDTH 10 0
BBX 10 15 0 -4
BITMAP
0C00
0E00
1A00
1200
1300
3100
3F00
6180
4080
40C0
C040
0000
0C00
0C00
0600
ENDCHAR
STARTCHAR uni1FBD
ENCODING 8125
SWIDTH 257 0
DWIDTH 4 0
BBX 2 2 1 10
BITMAP
C0
C0
ENDCHAR
STARTCHAR uni1FBE
ENCODING 8126
SWIDTH 332 0
DWIDTH 5 0
BBX 4 5 1 0
BITMAP
C0
C0
C0
C0
70
ENDCHAR
STARTCHAR uni1FBF
ENCODING 8127
SWIDTH 257 0
DWIDTH 4 0
BBX 2 2 1 10
BITMAP
C0
C0
ENDCHAR
STARTCHAR uni1FC0
ENCODING 8128
SWIDTH 447 0
DWIDTH 7 0
BBX 6 2 1 10
BITMAP
44
B8
ENDCHAR
STARTCHAR uni1FC1
ENCODING 8129
SWIDTH 447 0
DWIDTH 7 0
BBX 6 4 1 10
BITMAP
44
B8
48
D8
ENDCHAR
STARTCHAR uni1FC2
ENCODING 8130
SWIDTH 608 0
DWIDTH 10 0
BBX 7 16 1 -4
BITMAP
60
20
00
DC
F6
C2
C2
C2
C2
C2
C2
C2
02
C2
C2
62
ENDCHAR
STARTCHAR uni1FC3
ENCODING 8131
SWIDTH 608 0
DWIDTH 10 0
BBX 7 13 1 -4
BITMAP
DC
F6
C2
C2
C2
C2
C2
C2
C2
02
C2
C2
62
ENDCHAR
STARTCHAR uni1FC4
ENCODING 8132
SWIDTH 608 0
DWIDTH 10 0
BBX 7 16 1 -4
BITMAP
18
10
00
DC
F6
C2
C2
C2
C2
C2
C2
C2
02
C2
C2
62
ENDCHAR
STARTCHAR uni1FC6
ENCODING 8134
SWIDTH 608 0
DWIDTH 10 0
BBX 7 16 1 -4
BITMAP
44
B8
00
DC
F6
C2
C2
C2
C2
C2
C2
C2
02
02
02
02
ENDCHAR
STARTCHAR uni1FC7
ENCODING 8135
SWIDTH 608 0
DWIDTH 10 0
BBX 7 16 1 -4
BITMAP
44
B8
00
DC
F6
C2
C2
C2
C2
C2
C2
C2
02
C2
C2
62
ENDCHAR
STARTCHAR uni1FC8
ENCODING 8136
SWIDTH 740 0
DWIDTH 12 0
BBX 10 11 1 0
BITMAP
CFC0
4800
0800
0800
0FC0
0FC0
0800
0800
0800
0800
0FC0
ENDCHAR
STARTCHAR uni1FC9
ENCODING 8137
SWIDTH 720 0
DWIDTH 12 0
BBX 10 11 1 0
BITMAP
CFC0
8800
0800
0800
0FC0
0FC0
0800
0800
0800
0800
0FC0
ENDCHAR
STARTCHAR uni1FCA
ENCODING 8138
SWIDTH 925 0
DWIDTH 15 0
BBX 12 11 1 0
BITMAP
C810
4810
0810
0810
0FF0
0FF0
0810
0810
0810
0810
0810
ENDCHAR
STARTCHAR uni1FCB
ENCODING 8139
SWIDTH 905 0
DWIDTH 14 0
BBX 12 11 1 0
BITMAP
C810
8810
0810
0810
0FF0
0FF0
0810
0810
0810
0810
0810
ENDCHAR
STARTCHAR uni1FCC
ENCODING 8140
SWIDTH 741 0
DWIDTH 12 0
BBX 8 15 2 -4
BITMAP
81
81
81
81
FF
FF
81
81
81
81
81
00
18
18
0C
ENDCHAR
STARTCHAR uni1FCD
ENCODING 8141
SWIDTH 395 0
DWIDTH 6 0
BBX 5 2 1 10
BITMAP
D8
C8
ENDCHAR
STARTCHAR uni1FCE
ENCODING 8142
SWIDTH 396 0
DWIDTH 6 0
BBX 5 2 1 10
BITMAP
D8
D0
ENDCHAR
STARTCHAR uni1FCF
ENCODING 8143
SWIDTH 447 0
DWIDTH 7 0
BBX 6 5 1 10
BITMAP
44
B8
00
30
30
ENDCHAR
STARTCHAR uni1FD0
ENCODING 8144
SWIDTH 332 0
DWIDTH 5 0
BBX 5 12 0 0
BITMAP
88
F0
00
60
60
60
60
60
60
60
60
38
ENDCHAR
STARTCHAR uni1FD1
ENCODING 8145
SWIDTH 332 0
DWIDTH 5 0
BBX 5 11 0 0
BITMAP
F0
00
60
60
60
60
60
60
60
60
38
ENDCHAR
STARTCHAR uni1FD2
ENCODING 8146
SWIDTH 332 0
DWIDTH 5 0
BBX 7 12 -2 0
BITMAP
74
DC
00
18
18
18
18
18
18
18
18
0E
ENDCHAR
STARTCHAR uni1FD3
ENCODING 8147
SWIDTH 332 0
DWIDTH 5 0
BBX 6 12 0 0
BITMAP
5C
FC
00
60
60
60
60
60
60
60
60
38
ENDCHAR
STARTCHAR uni1FD6
ENCODING 8150
SWIDTH 332 0
DWIDTH 5 0
BBX 6 12 0 0
BITMAP
44
B8
00
60
60
60
60
60
60
60
60
38
ENDCHAR
STARTCHAR uni1FD7
ENCODING 8151
SWIDTH 332 0
DWIDTH 5 0
BBX 6 14 0 0
BITMAP
44
B8
48
D8
00
60
60
60
60
60
60
60
60
38
ENDCHAR
STARTCHAR uni1FD8
ENCODING 8152
SWIDTH 339 0
DWIDTH 5 0
BBX 5 15 1 0
BITMAP
88
F0
00
00
F0
40
40
40
40
40
40
40
40
40
F0
ENDCHAR
STARTCHAR uni1FD9
ENCODING 8153
SWIDTH 339 0
DWIDTH 5 0
BBX 4 14 1 0
BITMAP
F0
00
00
F0
40
40
40
40
40
40
40
40
40
F0
ENDCHAR
STARTCHAR uni1FDA
ENCODING 8154
SWIDTH 543 0
DWIDTH 9 0
BBX 7 11 1 0
BITMAP
DE
48
08
08
08
08
08
08
08
08
1E
ENDCHAR
STARTCHAR uni1FDB
ENCODING 8155
SWIDTH 523 0
DWIDTH 8 0
BBX 7 11 1 0
BITMAP
DE
88
08
08
08
08
08
08
08
08
1E
ENDCHAR
STARTCHAR uni1FDD
ENCODING 8157
SWIDTH 431 0
DWIDTH 7 0
BBX 5 2 1 10
BITMAP
D8
C8
ENDCHAR
STARTCHAR uni1FDE
ENCODING 8158
SWIDTH 431 0
DWIDTH 7 0
BBX 5 2 1 10
BITMAP
D8
D0
ENDCHAR
STARTCHAR uni1FDF
ENCODING 8159
SWIDTH 447 0
DWIDTH 7 0
BBX 6 5 1 10
BITMAP
44
B8
00
60
60
ENDCHAR
STARTCHAR uni1FE0
ENCODING 8160
SWIDTH 598 0
DWIDTH 10 0
BBX 7 12 1 0
BITMAP
44
78
00
C2
C2
C2
C2
C2
C2
C2
46
7C
ENDCHAR
STARTCHAR uni1FE1
ENCODING 8161
SWIDTH 598 0
DWIDTH 10 0
BBX 7 11 1 0
BITMAP
78
00
C2
C2
C2
C2
C2
C2
C2
46
7C
ENDCHAR
STARTCHAR uni1FE2
ENCODING 8162
SWIDTH 598 0
DWIDTH 10 0
BBX 7 12 1 0
BITMAP
74
DC
00
C2
C2
C2
C2
C2
C2
C2
46
7C
ENDCHAR
STARTCHAR uni1FE3
ENCODING 8163
SWIDTH 598 0
DWIDTH 10 0
BBX 7 12 1 0
BITMAP
2E
7E
00
C2
C2
C2
C2
C2
C2
C2
46
7C
ENDCHAR
STARTCHAR uni1FE4
ENCODING 8164
SWIDTH 600 0
DWIDTH 10 0
BBX 8 16 1 -4
BITMAP
18
18
00
38
6E
C2
C3
C3
C3
C2
C6
BC
C0
C0
C0
C0
ENDCHAR
STARTCHAR uni1FE5
ENCODING 8165
SWIDTH 600 0
DWIDTH 10 0
BBX 8 16 1 -4
BITMAP
30
30
00
38
6E
C2
C3
C3
C3
C2
C6
BC
C0
C0
C0
C0
ENDCHAR
STARTCHAR uni1FE6
ENCODING 8166
SWIDTH 598 0
DWIDTH 10 0
BBX 7 12 1 0
BITMAP
22
5C
00
C2
C2
C2
C2
C2
C2
C2
46
7C
ENDCHAR
STARTCHAR uni1FE7
ENCODING 8167
SWIDTH 598 0
DWIDTH 10 0
BBX 7 14 1 0
BITMAP
22
5C
24
6C
00
C2
C2
C2
C2
C2
C2
C2
46
7C
ENDCHAR
STARTCHAR uni1FE8
ENCODING 8168
SWIDTH 566 0
DWIDTH 9 0
BBX 9 15 0 0
BITMAP
2200
3C00
0000
0000
C180
6300
2200
3600
1400
1C00
0800
0800
0800
0800
0800
ENDCHAR
STARTCHAR uni1FE9
ENCODING 8169
SWIDTH 566 0
DWIDTH 9 0
BBX 9 14 0 0
BITMAP
1E00
0000
0000
C180
6300
2200
3600
1400
1C00
0800
0800
0800
0800
0800
ENDCHAR
STARTCHAR uni1FEA
ENCODING 8170
SWIDTH 800 0
DWIDTH 13 0
BBX 12 11 1 0
BITMAP
D830
4C60
0440
06C0
0280
0380
0100
0100
0100
0100
0100
ENDCHAR
STARTCHAR uni1FEB
ENCODING 8171
SWIDTH 780 0
DWIDTH 12 0
BBX 11 11 1 0
BITMAP
F060
98C0
0880
0D80
0500
0700
0200
0200
0200
0200
0200
ENDCHAR
STARTCHAR uni1FEC
ENCODING 8172
SWIDTH 765 0
DWIDTH 12 0
BBX 12 11 0 0
BITMAP
C7E0
C430
0430
0430
0430
07E0
0700
0400
0400
0400
0400
ENDCHAR
STARTCHAR uni1FED
ENCODING 8173
SWIDTH 648 0
DWIDTH 10 0
BBX 6 2 2 10
BITMAP
74
DC
ENDCHAR
STARTCHAR uni1FEE
ENCODING 8174
SWIDTH 648 0
DWIDTH 10 0
BBX 6 2 2 10
BITMAP
5C
FC
ENDCHAR
STARTCHAR uni1FEF
ENCODING 8175
SWIDTH 234 0
DWIDTH 4 0
BBX 2 2 1 10
BITMAP
C0
40
ENDCHAR
STARTCHAR uni1FF2
ENCODING 8178
SWIDTH 799 0
DWIDTH 13 0
BBX 11 16 1 -4
BITMAP
0C00
0400
0000
6080
4040
C040
C460
8460
8460
C460
4E40
7BC0
0000
0C00
0C00
0600
ENDCHAR
STARTCHAR uni1FF3
ENCODING 8179
SWIDTH 799 0
DWIDTH 13 0
BBX 11 13 1 -4
BITMAP
6080
4040
C040
C460
8460
8460
C460
4E40
7BC0
0000
0C00
0C00
0600
ENDCHAR
STARTCHAR uni1FF4
ENCODING 8180
SWIDTH 799 0
DWIDTH 13 0
BBX 11 16 1 -4
BITMAP
0600
0400
0000
6080
4040
C040
C460
8460
8460
C460
4E40
7BC0
0000
0C00
0C00
0600
ENDCHAR
STARTCHAR uni1FF6
ENCODING 8182
SWIDTH 799 0
DWIDTH 13 0
BBX 11 12 1 0
BITMAP
0880
1700
0000
6080
4040
C040
C460
8460
8460
C460
4E40
7BC0
ENDCHAR
STARTCHAR uni1FF7
ENCODING 8183
SWIDTH 799 0
DWIDTH 13 0
BBX 11 16 1 -4
BITMAP
0880
1700
0000
6080
4040
C040
C460
8460
8460
C460
4E40
7BC0
0000
0C00
0C00
0600
ENDCHAR
STARTCHAR uni1FF8
ENCODING 8184
SWIDTH 915 0
DWIDTH 15 0
BBX 13 12 1 0
BITMAP
0300
CFE0
5830
3030
3010
3010
3018
3010
3010
1030
1860
0FC0
ENDCHAR
STARTCHAR uni1FF9
ENCODING 8185
SWIDTH 895 0
DWIDTH 14 0
BBX 13 12 1 0
BITMAP
0300
CFE0
9830
3030
3010
3010
3018
3010
3010
1030
1860
0FC0
ENDCHAR
STARTCHAR uni1FFA
ENCODING 8186
SWIDTH 861 0
DWIDTH 14 0
BBX 12 12 1 0
BITMAP
0300
DFC0
7060
3030
2030
6030
2030
2030
3020
1060
08C0
7CF0
ENDCHAR
STARTCHAR uni1FFB
ENCODING 8187
SWIDTH 841 0
DWIDTH 13 0
BBX 12 12 1 0
BITMAP
0300
DFC0
B060
3030
2030
6030
2030
2030
3020
1060
08C0
7CF0
ENDCHAR
STARTCHAR uni1FFC
ENCODING 8188
SWIDTH 717 0
DWIDTH 11 0
BBX 11 16 0 -4
BITMAP
0600
3F80
60C0
6060
4060
C060
4060
4060
6040
20C0
1180
F9E0
0000
0600
0600
0300
ENDCHAR
STARTCHAR uni1FFD
ENCODING 8189
SWIDTH 234 0
DWIDTH 4 0
BBX 2 2 1 10
BITMAP
C0
80
ENDCHAR
STARTCHAR uni1FFE
ENCODING 8190
SWIDTH 257 0
DWIDTH 4 0
BBX 2 2 1 10
BITMAP
C0
C0
ENDCHAR
STARTCHAR uni2000
ENCODING 8192
SWIDTH 500 0
DWIDTH 8 0
BBX 1 1 0 0
BITMAP
00
ENDCHAR
STARTCHAR uni2001
ENCODING 8193
SWIDTH 1000 0
DWIDTH 16 0
BBX 1 1 0 0
BITMAP
00
ENDCHAR
STARTCHAR uni2002
ENCODING 8194
SWIDTH 500 0
DWIDTH 8 0
BBX 1 1 0 0
BITMAP
00
ENDCHAR
STARTCHAR uni2003
ENCODING 8195
SWIDTH 1000 0
DWIDTH 16 0
BBX 1 1 0 0
BITMAP
00
ENDCHAR
STARTCHAR uni2004
ENCODING 8196
SWIDTH 333 0
DWIDTH 5 0
BBX 1 1 0 0
BITMAP
00
ENDCHAR
STARTCHAR uni2005
ENCODING 8197
SWIDTH 250 0
DWIDTH 4 0
BBX 1 1 0 0
BITMAP
00
ENDCHAR
STARTCHAR uni2006
ENCODING 8198
SWIDTH 167 0
DWIDTH 3 0
BBX 1 1 0 0
BITMAP
00
ENDCHAR
STARTCHAR uni2007
ENCODING 8199
SWIDTH 572 0
DWIDTH 9 0
BBX 1 1 0 0
BITMAP
00
ENDCHAR
STARTCHAR uni2008
ENCODING 8200
SWIDTH 268 0
DWIDTH 4 0
BBX 1 1 0 0
BITMAP
00
ENDCHAR
STARTCHAR uni2009
ENCODING 8201
SWIDTH 166 0
DWIDTH 3 0
BBX 1 1 0 0
BITMAP
00
ENDCHAR
STARTCHAR uni200A
ENCODING 8202
SWIDTH 100 0
DWIDTH 2 0
BBX 1 1 0 0
BITMAP
00
ENDCHAR
STARTCHAR uni200B
ENCODING 8203
SWIDTH 0 0
DWIDTH 0 0
BBX 1 1 0 0
BITMAP
00
ENDCHAR
STARTCHAR uni200C
ENCODING 8204
SWIDTH 0 0
DWIDTH 0 0
BBX 1 1 0 0
BITMAP
00
ENDCHAR
STARTCHAR uni200D
ENCODING 8205
SWIDTH 0 0
DWIDTH 0 0
BBX 1 1 0 0
BITMAP
00
ENDCHAR
STARTCHAR uni200E
ENCODING 8206
SWIDTH 0 0
DWIDTH 0 0
BBX 3 13 0 -2
BITMAP
40
E0
E0
80
80
80
80
80
80
80
80
80
80
ENDCHAR
STARTCHAR uni200F
ENCODING 8207
SWIDTH 0 0
DWIDTH 0 0
BBX 3 13 -3 -2
BITMAP
40
E0
E0
20
20
20
20
20
20
20
20
20
20
ENDCHAR
STARTCHAR uni2010
ENCODING 8208
SWIDTH 322 0
DWIDTH 5 0
BBX 4 1 1 4
BITMAP
F0
ENDCHAR
STARTCHAR uni2011
ENCODING 8209
SWIDTH 322 0
DWIDTH 5 0
BBX 4 1 1 4
BITMAP
F0
ENDCHAR
STARTCHAR figuredash
ENCODING 8210
SWIDTH 572 0
DWIDTH 9 0
BBX 8 1 1 5
BITMAP
FF
ENDCHAR
STARTCHAR endash
ENCODING 8211
SWIDTH 500 0
DWIDTH 8 0
BBX 6 1 1 4
BITMAP
FC
ENDCHAR
STARTCHAR emdash
ENCODING 8212
SWIDTH 1000 0
DWIDTH 16 0
BBX 14 1 1 4
BITMAP
FFFC
ENDCHAR
STARTCHAR uni2015
ENCODING 8213
SWIDTH 1000 0
DWIDTH 16 0
BBX 14 1 1 4
BITMAP
FFFC
ENDCHAR
STARTCHAR uni2016
ENCODING 8214
SWIDTH 551 0
DWIDTH 9 0
BBX 5 16 2 -4
BITMAP
88
88
88
88
88
88
88
88
88
88
88
88
88
88
88
88
ENDCHAR
STARTCHAR underscoredbl
ENCODING 8215
SWIDTH 411 0
DWIDTH 7 0
BBX 7 4 0 -4
BITMAP
FE
00
00
FE
ENDCHAR
STARTCHAR quoteleft
ENCODING 8216
SWIDTH 175 0
DWIDTH 3 0
BBX 3 4 0 7
BITMAP
60
40
C0
C0
ENDCHAR
STARTCHAR quoteright
ENCODING 8217
SWIDTH 175 0
DWIDTH 3 0
BBX 3 4 0 7
BITMAP
60
40
C0
80
ENDCHAR
STARTCHAR quotesinglbase
ENCODING 8218
SWIDTH 250 0
DWIDTH 4 0
BBX 3 4 0 -3
BITMAP
60
40
C0
80
ENDCHAR
STARTCHAR quotereversed
ENCODING 8219
SWIDTH 175 0
DWIDTH 3 0
BBX 3 4 0 7
BITMAP
C0
40
40
20
ENDCHAR
STARTCHAR quotedblleft
ENCODING 8220
SWIDTH 359 0
DWIDTH 6 0
BBX 6 4 0 7
BITMAP
6C
48
D8
D8
ENDCHAR
STARTCHAR quotedblright
ENCODING 8221
SWIDTH 359 0
DWIDTH 6 0
BBX 6 4 0 7
BITMAP
6C
48
D8
90
ENDCHAR
STARTCHAR quotedblbase
ENCODING 8222
SWIDTH 416 0
DWIDTH 7 0
BBX 6 4 0 -3
BITMAP
6C
48
D8
90
ENDCHAR
STARTCHAR uni201F
ENCODING 8223
SWIDTH 359 0
DWIDTH 6 0
BBX 6 4 0 7
BITMAP
D8
48
48
24
ENDCHAR
STARTCHAR dagger
ENCODING 8224
SWIDTH 512 0
DWIDTH 8 0
BBX 6 12 1 0
BITMAP
30
30
10
FC
10
10
30
30
30
30
30
30
ENDCHAR
STARTCHAR daggerdbl
ENCODING 8225
SWIDTH 512 0
DWIDTH 8 0
BBX 6 12 1 0
BITMAP
30
30
10
FC
10
30
30
10
FC
10
30
30
ENDCHAR
STARTCHAR bullet
ENCODING 8226
SWIDTH 376 0
DWIDTH 6 0
BBX 4 4 1 4
BITMAP
60
F0
F0
60
ENDCHAR
STARTCHAR uni2023
ENCODING 8227
SWIDTH 368 0
DWIDTH 6 0
BBX 4 4 1 4
BITMAP
C0
E0
F0
C0
ENDCHAR
STARTCHAR onedotenleader
ENCODING 8228
SWIDTH 500 0
DWIDTH 8 0
BBX 2 2 3 0
BITMAP
C0
C0
ENDCHAR
STARTCHAR twodotenleader
ENCODING 8229
SWIDTH 536 0
DWIDTH 9 0
BBX 6 2 1 0
BITMAP
CC
CC
ENDCHAR
STARTCHAR ellipsis
ENCODING 8230
SWIDTH 791 0
DWIDTH 13 0
BBX 10 2 1 0
BITMAP
CCC0
CCC0
ENDCHAR
STARTCHAR uni2027
ENCODING 8231
SWIDTH 268 0
DWIDTH 4 0
BBX 2 2 1 3
BITMAP
C0
C0
ENDCHAR
STARTCHAR uni2028
ENCODING 8232
SWIDTH 600 0
DWIDTH 10 0
BBX 1 1 0 0
BITMAP
00
ENDCHAR
STARTCHAR uni2029
ENCODING 8233
SWIDTH 600 0
DWIDTH 10 0
BBX 1 1 0 0
BITMAP
00
ENDCHAR
STARTCHAR uni202A
ENCODING 8234
SWIDTH 0 0
DWIDTH 0 0
BBX 3 12 0 -2
BITMAP
E0
80
80
80
80
80
80
80
80
80
80
80
ENDCHAR
STARTCHAR uni202B
ENCODING 8235
SWIDTH 0 0
DWIDTH 0 0
BBX 3 12 -3 -2
BITMAP
E0
20
20
20
20
20
20
20
20
20
20
20
ENDCHAR
STARTCHAR uni202C
ENCODING 8236
SWIDTH 0 0
DWIDTH 0 0
BBX 4 13 -2 -2
BITMAP
F0
F0
F0
40
40
40
40
40
40
40
40
40
40
ENDCHAR
STARTCHAR uni202D
ENCODING 8237
SWIDTH 0 0
DWIDTH 0 0
BBX 4 13 -2 -2
BITMAP
F0
80
80
70
40
40
40
40
40
40
40
40
40
ENDCHAR
STARTCHAR uni202E
ENCODING 8238
SWIDTH 0 0
DWIDTH 0 0
BBX 4 13 -2 -2
BITMAP
F0
10
10
E0
40
40
40
40
40
40
40
40
40
ENDCHAR
STARTCHAR uni202F
ENCODING 8239
SWIDTH 166 0
DWIDTH 3 0
BBX 1 1 0 0
BITMAP
00
ENDCHAR
STARTCHAR perthousand
ENCODING 8240
SWIDTH 1177 0
DWIDTH 19 0
BBX 17 12 1 0
BITMAP
600000
D08000
910000
990000
9A0000
96E700
D52580
2D2C80
093880
112C80
112480
20E700
ENDCHAR
STARTCHAR uni2031
ENCODING 8241
SWIDTH 1544 0
DWIDTH 25 0
BBX 23 12 1 0
BITMAP
604000
F08000
910000
990000
9A0000
92E71C
F5A4B6
2D34A2
0914A2
1934A2
1134B6
20E79C
ENDCHAR
STARTCHAR minute
ENCODING 8242
SWIDTH 232 0
DWIDTH 4 0
BBX 3 4 1 7
BITMAP
60
40
80
80
ENDCHAR
STARTCHAR second
ENCODING 8243
SWIDTH 408 0
DWIDTH 7 0
BBX 6 4 1 7
BITMAP
6C
48
90
90
ENDCHAR
STARTCHAR uni2034
ENCODING 8244
SWIDTH 584 0
DWIDTH 9 0
BBX 9 4 1 7
BITMAP
6D80
4B00
9200
B400
ENDCHAR
STARTCHAR uni2035
ENCODING 8245
SWIDTH 232 0
DWIDTH 4 0
BBX 3 4 0 7
BITMAP
80
40
40
20
ENDCHAR
STARTCHAR uni2036
ENCODING 8246
SWIDTH 440 0
DWIDTH 7 0
BBX 6 4 0 7
BITMAP
90
48
48
24
ENDCHAR
STARTCHAR uni2037
ENCODING 8247
SWIDTH 602 0
DWIDTH 10 0
BBX 8 4 0 7
BITMAP
94
4A
4A
25
ENDCHAR
STARTCHAR uni2038
ENCODING 8248
SWIDTH 399 0
DWIDTH 6 0
BBX 6 5 0 -4
BITMAP
30
30
48
48
84
ENDCHAR
STARTCHAR guilsinglleft
ENCODING 8249
SWIDTH 310 0
DWIDTH 5 0
BBX 3 7 1 1
BITMAP
20
60
40
80
C0
60
20
ENDCHAR
STARTCHAR guilsinglright
ENCODING 8250
SWIDTH 310 0
DWIDTH 5 0
BBX 3 7 1 1
BITMAP
80
80
40
20
60
C0
80
ENDCHAR
STARTCHAR uni203B
ENCODING 8251
SWIDTH 837 0
DWIDTH 13 0
BBX 12 12 1 0
BITMAP
0400
C620
6040
3080
1900
8E20
C630
0B00
1180
20C0
4460
8620
ENDCHAR
STARTCHAR exclamdbl
ENCODING 8252
SWIDTH 499 0
DWIDTH 8 0
BBX 6 11 1 0
BITMAP
CC
CC
CC
CC
44
44
44
44
00
CC
CC
ENDCHAR
STARTCHAR uni203D
ENCODING 8253
SWIDTH 444 0
DWIDTH 7 0
BBX 7 12 0 0
BITMAP
30
EC
26
26
24
2C
30
30
30
00
30
30
ENDCHAR
STARTCHAR uni203E
ENCODING 8254
SWIDTH 500 0
DWIDTH 8 0
BBX 8 1 0 12
BITMAP
FF
ENDCHAR
STARTCHAR uni203F
ENCODING 8255
SWIDTH 609 0
DWIDTH 10 0
BBX 9 4 0 -4
BITMAP
C080
4080
2100
1E00
ENDCHAR
STARTCHAR uni2040
ENCODING 8256
SWIDTH 609 0
DWIDTH 10 0
BBX 9 4 0 9
BITMAP
1C00
2300
4080
8080
ENDCHAR
STARTCHAR uni2041
ENCODING 8257
SWIDTH 374 0
DWIDTH 6 0
BBX 6 10 0 -4
BITMAP
0C
08
10
10
10
20
30
50
48
88
ENDCHAR
STARTCHAR uni2042
ENCODING 8258
SWIDTH 1118 0
DWIDTH 18 0
BBX 18 14 0 -2
BITMAP
00C000
00C000
069800
07F800
00C000
012000
033000
180600
180400
912480
FF3FC0
180600
2C0B00
661980
ENDCHAR
STARTCHAR uni2043
ENCODING 8259
SWIDTH 322 0
DWIDTH 5 0
BBX 4 1 1 4
BITMAP
F0
ENDCHAR
STARTCHAR fraction
ENCODING 8260
SWIDTH 130 0
DWIDTH 2 0
BBX 8 11 -3 0
BITMAP
03
02
04
04
08
18
10
20
60
40
80
ENDCHAR
STARTCHAR uni2045
ENCODING 8261
SWIDTH 324 0
DWIDTH 5 0
BBX 4 14 1 -3
BITMAP
F0
C0
C0
C0
C0
C0
F0
C0
C0
C0
C0
C0
F0
F0
ENDCHAR
STARTCHAR uni2046
ENCODING 8262
SWIDTH 324 0
DWIDTH 5 0
BBX 4 14 0 -3
BITMAP
F0
10
10
10
10
10
F0
10
10
10
10
10
F0
F0
ENDCHAR
STARTCHAR uni2047
ENCODING 8263
SWIDTH 855 0
DWIDTH 14 0
BBX 14 12 0 0
BITMAP
3060
FDF8
0408
060C
0408
0C18
1020
3060
2040
0000
3060
3060
ENDCHAR
STARTCHAR uni2048
ENCODING 8264
SWIDTH 679 0
DWIDTH 11 0
BBX 10 12 0 0
BITMAP
3000
FCC0
04C0
06C0
04C0
0C40
1040
3040
2040
0000
30C0
30C0
ENDCHAR
STARTCHAR uni2049
ENCODING 8265
SWIDTH 682 0
DWIDTH 11 0
BBX 10 12 1 0
BITMAP
0600
DF80
C080
C0C0
C080
4180
4200
4600
4400
0000
C600
C600
ENDCHAR
STARTCHAR uni204A
ENCODING 8266
SWIDTH 572 0
DWIDTH 9 0
BBX 7 9 1 0
BITMAP
FE
02
06
04
08
18
10
20
60
ENDCHAR
STARTCHAR uni204B
ENCODING 8267
SWIDTH 655 0
DWIDTH 10 0
BBX 8 14 1 -2
BITMAP
FE
9F
9F
9F
9F
9F
9F
9E
90
90
90
90
90
90
ENDCHAR
STARTCHAR uni204C
ENCODING 8268
SWIDTH 639 0
DWIDTH 10 0
BBX 8 8 1 1
BITMAP
3F
79
F9
F9
F9
F9
F9
7F
ENDCHAR
STARTCHAR uni204D
ENCODING 8269
SWIDTH 639 0
DWIDTH 10 0
BBX 8 8 1 1
BITMAP
FC
9F
9F
9F
9F
9F
9F
FE
ENDCHAR
STARTCHAR uni204E
ENCODING 8270
SWIDTH 551 0
DWIDTH 9 0
BBX 7 7 1 -3
BITMAP
10
10
96
FE
38
6C
4C
ENDCHAR
STARTCHAR uni204F
ENCODING 8271
SWIDTH 237 0
DWIDTH 4 0
BBX 2 11 1 -2
BITMAP
80
C0
00
00
00
00
00
C0
C0
40
40
ENDCHAR
STARTCHAR uni2050
ENCODING 8272
SWIDTH 605 0
DWIDTH 10 0
BBX 9 17 0 -4
BITMAP
1C00
2300
4080
8080
0000
0000
0000
0000
0000
0000
0000
0000
0000
C080
4080
2100
1E00
ENDCHAR
STARTCHAR uni2051
ENCODING 8273
SWIDTH 551 0
DWIDTH 9 0
BBX 7 15 1 -3
BITMAP
10
10
96
FE
38
6C
4C
00
10
10
96
FE
38
6C
4C
ENDCHAR
STARTCHAR uni2052
ENCODING 8274
SWIDTH 372 0
DWIDTH 6 0
BBX 6 12 0 0
BITMAP
40
CC
08
18
10
10
30
20
60
40
4C
CC
ENDCHAR
STARTCHAR uni2053
ENCODING 8275
SWIDTH 1000 0
DWIDTH 16 0
BBX 14 3 1 3
BITMAP
3C04
43F8
8020
ENDCHAR
STARTCHAR uni2054
ENCODING 8276
SWIDTH 605 0
DWIDTH 10 0
BBX 9 4 0 -4
BITMAP
1C00
2300
4080
8080
ENDCHAR
STARTCHAR uni2055
ENCODING 8277
SWIDTH 572 0
DWIDTH 9 0
BBX 9 8 0 0
BITMAP
0800
6B00
3E00
FF80
FF80
3E00
6B00
0800
ENDCHAR
STARTCHAR uni2056
ENCODING 8278
SWIDTH 517 0
DWIDTH 8 0
BBX 6 12 1 0
BITMAP
04
04
00
00
00
80
C0
00
00
00
04
04
ENDCHAR
STARTCHAR uni2057
ENCODING 8279
SWIDTH 742 0
DWIDTH 12 0
BBX 11 4 1 7
BITMAP
6F60
4A40
9480
9480
ENDCHAR
STARTCHAR uni2058
ENCODING 8280
SWIDTH 822 0
DWIDTH 13 0
BBX 11 12 1 0
BITMAP
0400
0400
0000
0000
0000
8020
C060
0000
0000
0000
0400
0400
ENDCHAR
STARTCHAR uni2059
ENCODING 8281
SWIDTH 829 0
DWIDTH 13 0
BBX 11 12 1 0
BITMAP
8020
C020
0000
0000
0000
0400
0400
0000
0000
0000
8020
C060
ENDCHAR
STARTCHAR uni205A
ENCODING 8282
SWIDTH 221 0
DWIDTH 4 0
BBX 2 12 1 0
BITMAP
80
C0
00
00
00
00
00
00
00
00
C0
C0
ENDCHAR
STARTCHAR uni205B
ENCODING 8283
SWIDTH 654 0
DWIDTH 10 0
BBX 9 12 1 0
BITMAP
1800
1800
0000
0000
0000
C100
C180
0000
0000
0000
1800
1800
ENDCHAR
STARTCHAR uni205C
ENCODING 8284
SWIDTH 796 0
DWIDTH 13 0
BBX 11 12 1 0
BITMAP
0400
0400
64C0
4480
0400
0400
FFE0
0400
0400
64C0
64C0
0400
ENDCHAR
STARTCHAR uni205D
ENCODING 8285
SWIDTH 268 0
DWIDTH 4 0
BBX 2 11 1 0
BITMAP
C0
C0
00
00
40
C0
40
00
00
C0
C0
ENDCHAR
STARTCHAR uni205E
ENCODING 8286
SWIDTH 268 0
DWIDTH 4 0
BBX 2 12 1 0
BITMAP
40
C0
40
00
C0
C0
00
C0
C0
00
C0
C0
ENDCHAR
STARTCHAR uni205F
ENCODING 8287
SWIDTH 222 0
DWIDTH 4 0
BBX 1 1 0 0
BITMAP
00
ENDCHAR
STARTCHAR uni2060
ENCODING 8288
SWIDTH 600 0
DWIDTH 10 0
BBX 1 1 0 0
BITMAP
00
ENDCHAR
STARTCHAR uni2061
ENCODING 8289
SWIDTH 600 0
DWIDTH 10 0
BBX 1 1 0 0
BITMAP
00
ENDCHAR
STARTCHAR uni2062
ENCODING 8290
SWIDTH 600 0
DWIDTH 10 0
BBX 1 1 0 0
BITMAP
00
ENDCHAR
STARTCHAR uni2063
ENCODING 8291
SWIDTH 600 0
DWIDTH 10 0
BBX 1 1 0 0
BITMAP
00
ENDCHAR
STARTCHAR uni2064
ENCODING 8292
SWIDTH 600 0
DWIDTH 10 0
BBX 1 1 0 0
BITMAP
00
ENDCHAR
STARTCHAR uni2066
ENCODING 8294
SWIDTH 0 0
DWIDTH 0 0
BBX 1 1 0 0
BITMAP
00
ENDCHAR
STARTCHAR uni2067
ENCODING 8295
SWIDTH 0 0
DWIDTH 0 0
BBX 1 1 0 0
BITMAP
00
ENDCHAR
STARTCHAR uni2068
ENCODING 8296
SWIDTH 0 0
DWIDTH 0 0
BBX 1 1 0 0
BITMAP
00
ENDCHAR
STARTCHAR uni2069
ENCODING 8297
SWIDTH 0 0
DWIDTH 0 0
BBX 1 1 0 0
BITMAP
00
ENDCHAR
STARTCHAR uni206A
ENCODING 8298
SWIDTH 0 0
DWIDTH 0 0
BBX 4 13 -2 -2
BITMAP
F0
40
40
F0
40
40
40
40
40
40
40
40
40
ENDCHAR
STARTCHAR uni206B
ENCODING 8299
SWIDTH 0 0
DWIDTH 0 0
BBX 4 13 -2 -2
BITMAP
F0
90
90
60
40
40
40
40
40
40
40
40
40
ENDCHAR
STARTCHAR uni206C
ENCODING 8300
SWIDTH 0 0
DWIDTH 0 0
BBX 4 13 -2 -2
BITMAP
F0
60
60
40
40
40
40
40
40
40
40
40
40
ENDCHAR
STARTCHAR uni206D
ENCODING 8301
SWIDTH 0 0
DWIDTH 0 0
BBX 4 13 -2 -2
BITMAP
40
60
60
D0
40
40
40
40
40
40
40
40
40
ENDCHAR
STARTCHAR uni206E
ENCODING 8302
SWIDTH 0 0
DWIDTH 0 0
BBX 4 13 -2 -2
BITMAP
60
90
60
40
40
40
40
40
40
40
40
40
40
ENDCHAR
STARTCHAR uni206F
ENCODING 8303
SWIDTH 0 0
DWIDTH 0 0
BBX 4 13 -2 -2
BITMAP
C0
40
40
F0
40
40
40
40
40
40
40
40
40
ENDCHAR
STARTCHAR uni2070
ENCODING 8304
SWIDTH 350 0
DWIDTH 6 0
BBX 5 7 0 7
BITMAP
30
58
C8
88
88
C8
78
ENDCHAR
STARTCHAR uni2071
ENCODING 8305
SWIDTH 168 0
DWIDTH 3 0
BBX 1 7 1 5
BITMAP
80
00
80
80
80
80
80
ENDCHAR
STARTCHAR uni2074
ENCODING 8308
SWIDTH 350 0
DWIDTH 6 0
BBX 5 7 0 7
BITMAP
10
10
30
50
D0
F8
10
ENDCHAR
STARTCHAR uni2075
ENCODING 8309
SWIDTH 350 0
DWIDTH 6 0
BBX 5 7 0 7
BITMAP
78
40
40
70
08
08
F8
ENDCHAR
STARTCHAR uni2076
ENCODING 8310
SWIDTH 350 0
DWIDTH 6 0
BBX 5 7 0 7
BITMAP
18
60
40
B8
C8
C8
78
ENDCHAR
STARTCHAR uni2077
ENCODING 8311
SWIDTH 350 0
DWIDTH 6 0
BBX 5 7 0 7
BITMAP
F8
08
08
10
10
20
60
ENDCHAR
STARTCHAR uni2078
ENCODING 8312
SWIDTH 350 0
DWIDTH 6 0
BBX 5 7 0 7
BITMAP
30
48
48
70
58
88
78
ENDCHAR
STARTCHAR uni2079
ENCODING 8313
SWIDTH 350 0
DWIDTH 6 0
BBX 5 7 0 7
BITMAP
30
48
88
C8
78
08
70
ENDCHAR
STARTCHAR uni207A
ENCODING 8314
SWIDTH 338 0
DWIDTH 5 0
BBX 4 5 1 7
BITMAP
40
40
F0
40
40
ENDCHAR
STARTCHAR uni207B
ENCODING 8315
SWIDTH 338 0
DWIDTH 5 0
BBX 4 1 1 9
BITMAP
F0
ENDCHAR
STARTCHAR uni207C
ENCODING 8316
SWIDTH 338 0
DWIDTH 5 0
BBX 4 3 1 8
BITMAP
F0
00
F0
ENDCHAR
STARTCHAR uni207D
ENCODING 8317
SWIDTH 226 0
DWIDTH 4 0
BBX 3 9 1 6
BITMAP
60
40
80
80
80
80
80
C0
60
ENDCHAR
STARTCHAR uni207E
ENCODING 8318
SWIDTH 226 0
DWIDTH 4 0
BBX 3 9 0 6
BITMAP
80
40
40
20
20
20
40
40
C0
ENDCHAR
STARTCHAR uni207F
ENCODING 8319
SWIDTH 402 0
DWIDTH 6 0
BBX 5 5 1 5
BITMAP
F0
88
88
88
88
ENDCHAR
STARTCHAR uni2080
ENCODING 8320
SWIDTH 350 0
DWIDTH 6 0
BBX 5 7 0 -2
BITMAP
30
58
C8
88
88
C8
78
ENDCHAR
STARTCHAR uni2081
ENCODING 8321
SWIDTH 350 0
DWIDTH 6 0
BBX 3 7 1 -2
BITMAP
20
E0
A0
20
20
20
20
ENDCHAR
STARTCHAR uni2082
ENCODING 8322
SWIDTH 350 0
DWIDTH 6 0
BBX 5 7 0 -2
BITMAP
30
D8
08
18
30
60
F8
ENDCHAR
STARTCHAR uni2083
ENCODING 8323
SWIDTH 350 0
DWIDTH 6 0
BBX 5 7 0 -2
BITMAP
30
D8
08
70
08
08
F8
ENDCHAR
STARTCHAR uni2084
ENCODING 8324
SWIDTH 350 0
DWIDTH 6 0
BBX 5 7 0 -2
BITMAP
10
10
30
50
D0
F8
10
ENDCHAR
STARTCHAR uni2085
ENCODING 8325
SWIDTH 350 0
DWIDTH 6 0
BBX 5 7 0 -2
BITMAP
78
40
40
70
08
08
F8
ENDCHAR
STARTCHAR uni2086
ENCODING 8326
SWIDTH 350 0
DWIDTH 6 0
BBX 5 7 0 -2
BITMAP
18
60
40
B8
C8
C8
78
ENDCHAR
STARTCHAR uni2087
ENCODING 8327
SWIDTH 350 0
DWIDTH 6 0
BBX 5 7 0 -2
BITMAP
F8
08
08
10
10
20
60
ENDCHAR
STARTCHAR uni2088
ENCODING 8328
SWIDTH 350 0
DWIDTH 6 0
BBX 5 7 0 -2
BITMAP
30
48
48
70
58
88
78
ENDCHAR
STARTCHAR uni2089
ENCODING 8329
SWIDTH 350 0
DWIDTH 6 0
BBX 5 7 0 -2
BITMAP
30
48
88
C8
78
08
70
ENDCHAR
STARTCHAR uni208A
ENCODING 8330
SWIDTH 338 0
DWIDTH 5 0
BBX 4 5 1 -2
BITMAP
40
40
F0
40
40
ENDCHAR
STARTCHAR uni208B
ENCODING 8331
SWIDTH 338 0
DWIDTH 5 0
BBX 4 1 1 0
BITMAP
F0
ENDCHAR
STARTCHAR uni208C
ENCODING 8332
SWIDTH 338 0
DWIDTH 5 0
BBX 4 3 1 -1
BITMAP
F0
00
F0
ENDCHAR
STARTCHAR uni208D
ENCODING 8333
SWIDTH 226 0
DWIDTH 4 0
BBX 3 9 1 -3
BITMAP
60
40
80
80
80
80
80
C0
60
ENDCHAR
STARTCHAR uni208E
ENCODING 8334
SWIDTH 226 0
DWIDTH 4 0
BBX 3 9 0 -3
BITMAP
80
40
40
20
20
20
40
40
C0
ENDCHAR
STARTCHAR uni2090
ENCODING 8336
SWIDTH 365 0
DWIDTH 6 0
BBX 5 6 0 -2
BITMAP
70
08
38
48
C8
78
ENDCHAR
STARTCHAR uni2091
ENCODING 8337
SWIDTH 367 0
DWIDTH 6 0
BBX 4 6 1 -2
BITMAP
60
90
F0
80
80
70
ENDCHAR
STARTCHAR uni2092
ENCODING 8338
SWIDTH 393 0
DWIDTH 6 0
BBX 5 6 1 -2
BITMAP
60
90
88
88
90
60
ENDCHAR
STARTCHAR uni2093
ENCODING 8339
SWIDTH 344 0
DWIDTH 6 0
BBX 5 6 0 -2
BITMAP
88
50
30
30
48
88
ENDCHAR
STARTCHAR uni2094
ENCODING 8340
SWIDTH 367 0
DWIDTH 6 0
BBX 4 6 1 -2
BITMAP
E0
10
10
F0
90
60
ENDCHAR
STARTCHAR uni2095
ENCODING 8341
SWIDTH 402 0
DWIDTH 6 0
BBX 5 8 1 -2
BITMAP
80
80
F0
88
88
88
88
88
ENDCHAR
STARTCHAR uni2096
ENCODING 8342
SWIDTH 347 0
DWIDTH 6 0
BBX 4 8 1 -2
BITMAP
80
80
90
A0
C0
A0
90
90
ENDCHAR
STARTCHAR uni2097
ENCODING 8343
SWIDTH 168 0
DWIDTH 3 0
BBX 1 8 1 -2
BITMAP
80
80
80
80
80
80
80
80
ENDCHAR
STARTCHAR uni2098
ENCODING 8344
SWIDTH 608 0
DWIDTH 10 0
BBX 8 6 1 -2
BITMAP
F6
99
91
91
91
91
ENDCHAR
STARTCHAR uni2099
ENCODING 8345
SWIDTH 402 0
DWIDTH 6 0
BBX 5 6 1 -2
BITMAP
F0
88
88
88
88
88
ENDCHAR
STARTCHAR uni209A
ENCODING 8346
SWIDTH 400 0
DWIDTH 6 0
BBX 5 8 1 -4
BITMAP
F0
98
88
88
98
E0
80
80
ENDCHAR
STARTCHAR uni209B
ENCODING 8347
SWIDTH 311 0
DWIDTH 5 0
BBX 4 6 1 -2
BITMAP
E0
80
C0
20
10
E0
ENDCHAR
STARTCHAR uni209C
ENCODING 8348
SWIDTH 235 0
DWIDTH 4 0
BBX 4 7 0 -2
BITMAP
40
E0
40
40
40
40
30
ENDCHAR
STARTCHAR uni20A0
ENCODING 8352
SWIDTH 572 0
DWIDTH 9 0
BBX 8 12 1 0
BITMAP
30
F8
80
80
9F
98
98
7E
18
18
18
1F
ENDCHAR
STARTCHAR colonmonetary
ENCODING 8353
SWIDTH 572 0
DWIDTH 9 0
BBX 8 13 1 -1
BITMAP
0A
1E
73
D4
D4
94
A4
A4
E8
68
7E
48
58
ENDCHAR
STARTCHAR uni20A2
ENCODING 8354
SWIDTH 572 0
DWIDTH 9 0
BBX 8 12 1 0
BITMAP
0C
3F
60
C0
80
9E
98
98
D8
D8
78
3E
ENDCHAR
STARTCHAR franc
ENCODING 8355
SWIDTH 572 0
DWIDTH 9 0
BBX 7 11 1 0
BITMAP
7E
40
40
40
40
7E
40
40
F8
40
40
ENDCHAR
STARTCHAR lira
ENCODING 8356
SWIDTH 572 0
DWIDTH 9 0
BBX 8 12 1 0
BITMAP
08
3E
60
60
60
FC
60
FC
60
40
C0
FF
ENDCHAR
STARTCHAR uni20A5
ENCODING 8357
SWIDTH 935 0
DWIDTH 15 0
BBX 13 13 1 -2
BITMAP
0080
0080
DDE0
E7B0
C318
C218
C618
C618
C618
CA18
CA18
1000
1000
ENDCHAR
STARTCHAR uni20A6
ENCODING 8358
SWIDTH 572 0
DWIDTH 9 0
BBX 9 11 0 0
BITMAP
6300
7300
7300
7B00
FF80
6900
FF80
6500
6500
6300
6300
ENDCHAR
STARTCHAR peseta
ENCODING 8359
SWIDTH 776 0
DWIDTH 12 0
BBX 11 11 1 0
BITMAP
F800
CC00
C400
C480
C5E0
FA80
E080
C080
C080
C080
C0E0
ENDCHAR
STARTCHAR uni20A8
ENCODING 8360
SWIDTH 833 0
DWIDTH 13 0
BBX 12 11 1 0
BITMAP
F800
CC00
C4E0
C5B0
CD00
F980
D8C0
C820
CC30
C630
C7E0
ENDCHAR
STARTCHAR uni20A9
ENCODING 8361
SWIDTH 670 0
DWIDTH 11 0
BBX 11 11 0 0
BITMAP
CC40
4C40
4A40
4A40
4AC0
FFE0
7A80
3380
3180
3180
3180
ENDCHAR
STARTCHAR uni20AA
ENCODING 8362
SWIDTH 799 0
DWIDTH 13 0
BBX 10 11 1 0
BITMAP
FE40
C240
DA40
DA40
DA40
DA40
DA40
DA40
D840
D8C0
DF80
ENDCHAR
STARTCHAR dong
ENCODING 8363
SWIDTH 617 0
DWIDTH 10 0
BBX 9 14 1 -2
BITMAP
0200
1F80
0200
3A00
6E00
C200
8200
8200
8200
C200
C600
7A00
0000
7F00
ENDCHAR
STARTCHAR Euro
ENCODING 8364
SWIDTH 572 0
DWIDTH 9 0
BBX 9 12 0 0
BITMAP
0600
1F80
3000
2000
2000
FE00
6000
FC00
2000
3000
1880
0F80
ENDCHAR
STARTCHAR uni20AD
ENCODING 8365
SWIDTH 572 0
DWIDTH 9 0
BBX 9 11 0 0
BITMAP
2180
2200
2600
2C00
3800
FF00
2C00
2600
2200
2100
2180
ENDCHAR
STARTCHAR uni20AE
ENCODING 8366
SWIDTH 572 0
DWIDTH 9 0
BBX 9 11 0 0
BITMAP
FF80
0800
0900
0E00
0C00
7B00
2E00
1800
7800
2800
0800
ENDCHAR
STARTCHAR uni20AF
ENCODING 8367
SWIDTH 970 0
DWIDTH 16 0
BBX 15 16 0 -4
BITMAP
3800
FE00
0300
1180
3180
2180
2180
21BC
6126
6362
4E66
787C
0040
0040
00C0
0080
ENDCHAR
STARTCHAR uni20B0
ENCODING 8368
SWIDTH 572 0
DWIDTH 9 0
BBX 8 16 0 -4
BITMAP
06
0F
09
09
09
0F
06
06
26
2A
5B
D1
01
01
09
06
ENDCHAR
STARTCHAR uni20B1
ENCODING 8369
SWIDTH 572 0
DWIDTH 9 0
BBX 9 11 0 0
BITMAP
3E00
2300
FF80
2100
FF80
2200
3E00
2000
2000
2000
2000
ENDCHAR
STARTCHAR uni20B2
ENCODING 8370
SWIDTH 728 0
DWIDTH 12 0
BBX 9 13 1 -1
BITMAP
0600
3F80
6400
4400
C400
C400
8780
C480
C480
4480
7480
1F80
0400
ENDCHAR
STARTCHAR uni20B3
ENCODING 8371
SWIDTH 608 0
DWIDTH 10 0
BBX 10 11 0 0
BITMAP
0C00
1C00
1600
1200
FFC0
2300
FFC0
6100
4180
4080
C0C0
ENDCHAR
STARTCHAR uni20B4
ENCODING 8372
SWIDTH 549 0
DWIDTH 9 0
BBX 9 12 0 0
BITMAP
1C00
7E00
0300
0100
FF80
0600
3800
FF80
4000
4000
6100
3F00
ENDCHAR
STARTCHAR uni20B5
ENCODING 8373
SWIDTH 632 0
DWIDTH 10 0
BBX 9 13 1 -1
BITMAP
0E00
3F80
6400
C400
C400
C400
C400
C400
C400
4400
7480
3F00
0400
ENDCHAR
STARTCHAR uni20B6
ENCODING 8374
SWIDTH 621 0
DWIDTH 10 0
BBX 9 11 0 0
BITMAP
2200
2200
7F80
FF80
2600
2600
2600
2600
2600
2600
2380
ENDCHAR
STARTCHAR uni20B7
ENCODING 8375
SWIDTH 726 0
DWIDTH 12 0
BBX 11 13 0 -1
BITMAP
0180
07E0
0800
0800
0C00
0600
0380
0060
5B60
A520
6540
3F80
2500
ENDCHAR
STARTCHAR uni20B8
ENCODING 8376
SWIDTH 546 0
DWIDTH 9 0
BBX 8 11 0 0
BITMAP
FF
00
FF
08
08
08
08
08
08
08
08
ENDCHAR
STARTCHAR uni20B9
ENCODING 8377
SWIDTH 572 0
DWIDTH 9 0
BBX 7 11 1 0
BITMAP
FE
18
FE
18
10
E0
40
60
20
30
18
ENDCHAR
STARTCHAR uni20BA
ENCODING 8378
SWIDTH 572 0
DWIDTH 9 0
BBX 9 11 0 0
BITMAP
2000
2600
3800
E200
3C00
E180
2180
2100
2300
2600
3C00
ENDCHAR
STARTCHAR uni20BB
ENCODING 8379
SWIDTH 781 0
DWIDTH 13 0
BBX 12 12 0 0
BITMAP
2000
D000
9000
D800
3FE0
1810
1A90
1FD0
1920
3800
2C00
07C0
ENDCHAR
STARTCHAR uni20BC
ENCODING 8380
SWIDTH 810 0
DWIDTH 13 0
BBX 11 11 1 0
BITMAP
0400
0400
0400
3F00
64C0
C440
C460
8460
8060
8060
8060
ENDCHAR
STARTCHAR uni20BD
ENCODING 8381
SWIDTH 582 0
DWIDTH 9 0
BBX 9 11 0 0
BITMAP
3F00
2100
2180
2180
2100
FF00
2000
2000
FC00
2000
2000
ENDCHAR
STARTCHAR uni20BE
ENCODING 8382
SWIDTH 771 0
DWIDTH 12 0
BBX 10 12 1 0
BITMAP
0A00
3F00
6B80
4AC0
CA40
CA40
C000
C000
C000
6000
3000
7FC0
ENDCHAR
STARTCHAR uni20BF
ENCODING 8383
SWIDTH 572 0
DWIDTH 9 0
BBX 7 15 2 -2
BITMAP
50
50
FC
8C
84
84
F8
FC
84
86
86
8C
F8
50
50
ENDCHAR
STARTCHAR som
ENCODING 8384
SWIDTH 493 0
DWIDTH 8 0
BBX 6 11 1 -2
BITMAP
38
7C
C0
80
80
80
80
C4
7C
00
FC
ENDCHAR
STARTCHAR uni20F0
ENCODING 8432
SWIDTH 0 0
DWIDTH 0 0
BBX 7 7 -3 7
BITMAP
10
10
96
FE
38
6C
4C
ENDCHAR
STARTCHAR uni2100
ENCODING 8448
SWIDTH 714 0
DWIDTH 11 0
BBX 10 12 1 0
BITMAP
6000
9080
3100
D200
9200
F400
0C00
0BC0
1200
1200
2200
63C0
ENDCHAR
STARTCHAR uni2101
ENCODING 8449
SWIDTH 663 0
DWIDTH 11 0
BBX 9 12 1 0
BITMAP
6080
9100
3300
D200
9400
F400
0B00
1C80
1600
2180
2080
4780
ENDCHAR
STARTCHAR uni2102
ENCODING 8450
SWIDTH 632 0
DWIDTH 10 0
BBX 8 12 1 0
BITMAP
0E
31
60
A0
A0
A0
A0
A0
A0
A0
60
3F
ENDCHAR
STARTCHAR uni2103
ENCODING 8451
SWIDTH 995 0
DWIDTH 16 0
BBX 15 12 1 0
BITMAP
2038
D8FE
8980
8B00
F300
0300
0300
0300
0300
0100
01C2
00FC
ENDCHAR
STARTCHAR uni2104
ENCODING 8452
SWIDTH 573 0
DWIDTH 9 0
BBX 8 11 1 0
BITMAP
20
78
A0
A0
A0
A0
A0
78
20
20
3F
ENDCHAR
STARTCHAR uni2105
ENCODING 8453
SWIDTH 821 0
DWIDTH 13 0
BBX 11 12 1 0
BITMAP
2000
5080
8100
8300
C200
7600
0400
09C0
0A20
1220
1220
21C0
ENDCHAR
STARTCHAR uni2106
ENCODING 8454
SWIDTH 861 0
DWIDTH 14 0
BBX 11 11 1 0
BITMAP
F180
8100
8200
8200
F400
0C00
0B20
1320
3320
2320
41E0
ENDCHAR
STARTCHAR uni2107
ENCODING 8455
SWIDTH 588 0
DWIDTH 9 0
BBX 8 12 1 0
BITMAP
18
7F
C1
C0
40
3E
7E
C0
80
80
C1
7F
ENDCHAR
STARTCHAR uni2108
ENCODING 8456
SWIDTH 633 0
DWIDTH 10 0
BBX 9 12 0 0
BITMAP
1800
FE00
0300
0180
0180
3F80
3F80
0080
0180
0100
8300
7E00
ENDCHAR
STARTCHAR uni2109
ENCODING 8457
SWIDTH 874 0
DWIDTH 14 0
BBX 13 12 1 0
BITMAP
2000
D9F8
8900
8900
F100
0100
01F8
0100
0100
0100
0100
0100
ENDCHAR
STARTCHAR uni210A
ENCODING 8458
SWIDTH 580 0
DWIDTH 9 0
BBX 10 12 -1 -6
BITMAP
0FC0
19C0
3980
3340
3380
1700
0E00
3400
4C00
8800
9000
E000
ENDCHAR
STARTCHAR uni210B
ENCODING 8459
SWIDTH 1058 0
DWIDTH 17 0
BBX 17 12 0 0
BITMAP
000180
042280
0A4480
158900
269A00
019C00
01F000
072000
4B6000
D64400
844800
F87000
ENDCHAR
STARTCHAR uni210C
ENCODING 8460
SWIDTH 734 0
DWIDTH 12 0
BBX 11 13 0 -2
BITMAP
0F80
1200
3000
33C0
3460
1860
1860
0860
0860
6860
B040
0140
0380
ENDCHAR
STARTCHAR uni210D
ENCODING 8461
SWIDTH 777 0
DWIDTH 12 0
BBX 9 11 2 0
BITMAP
C380
C280
C280
C280
C280
FE80
C280
C280
C280
C280
C380
ENDCHAR
STARTCHAR uni210E
ENCODING 8462
SWIDTH 618 0
DWIDTH 10 0
BBX 9 12 0 0
BITMAP
3000
2000
2000
2E00
3B00
6180
6180
6100
4100
4100
4300
C300
ENDCHAR
STARTCHAR uni210F
ENCODING 8463
SWIDTH 615 0
DWIDTH 10 0
BBX 9 12 0 0
BITMAP
1000
7E00
3000
2200
2F80
3180
6180
6180
6100
4100
4100
C300
ENDCHAR
STARTCHAR uni2110
ENCODING 8464
SWIDTH 743 0
DWIDTH 12 0
BBX 12 12 0 0
BITMAP
0050
01A0
0240
04C0
0880
09A0
09A0
0B40
4780
C600
8400
F800
ENDCHAR
STARTCHAR uni2111
ENCODING 8465
SWIDTH 559 0
DWIDTH 9 0
BBX 8 12 1 0
BITMAP
20
7B
8E
84
04
04
04
06
04
44
C8
F0
ENDCHAR
STARTCHAR uni2112
ENCODING 8466
SWIDTH 833 0
DWIDTH 13 0
BBX 13 12 0 0
BITMAP
03B0
0C48
10C8
1090
2190
21A0
13C0
0F00
0600
4620
BC40
FF80
ENDCHAR
STARTCHAR uni2113
ENCODING 8467
SWIDTH 520 0
DWIDTH 8 0
BBX 6 12 1 0
BITMAP
10
28
64
64
68
68
70
E0
60
64
24
3C
ENDCHAR
STARTCHAR uni2114
ENCODING 8468
SWIDTH 850 0
DWIDTH 14 0
BBX 13 12 0 0
BITMAP
6600
FF80
6600
6640
67F0
6610
6618
6618
6618
6618
6630
65E0
ENDCHAR
STARTCHAR uni2115
ENCODING 8469
SWIDTH 778 0
DWIDTH 12 0
BBX 9 11 2 0
BITMAP
C080
E080
A080
D080
A880
9480
8A80
8D80
8480
8280
8180
ENDCHAR
STARTCHAR uni2116
ENCODING 8470
SWIDTH 1020 0
DWIDTH 16 0
BBX 14 11 2 0
BITMAP
C300
C300
E300
A310
B368
934C
9B4C
8F48
8730
8700
8378
ENDCHAR
STARTCHAR uni2117
ENCODING 8471
SWIDTH 832 0
DWIDTH 13 0
BBX 12 12 1 0
BITMAP
0E00
3180
4040
8F20
8920
8910
8F10
8820
8820
4820
60C0
1F80
ENDCHAR
STARTCHAR weierstrass
ENCODING 8472
SWIDTH 836 0
DWIDTH 13 0
BBX 12 14 1 -4
BITMAP
2000
41C0
8660
8820
9020
A030
C420
4C60
E840
B780
9000
9000
9000
7000
ENDCHAR
STARTCHAR uni2119
ENCODING 8473
SWIDTH 655 0
DWIDTH 10 0
BBX 8 11 2 0
BITMAP
FE
CA
C9
C9
CA
FC
C0
C0
C0
C0
C0
ENDCHAR
STARTCHAR uni211A
ENCODING 8474
SWIDTH 781 0
DWIDTH 13 0
BBX 11 15 1 -3
BITMAP
0E00
3180
6140
A140
A140
A120
A120
A120
A140
6140
6180
3F00
0480
0240
01E0
ENDCHAR
STARTCHAR uni211B
ENCODING 8475
SWIDTH 872 0
DWIDTH 14 0
BBX 14 12 0 0
BITMAP
01D8
0E28
124C
228C
4288
4590
4960
3320
4360
C668
8448
F870
ENDCHAR
STARTCHAR uni211C
ENCODING 8476
SWIDTH 849 0
DWIDTH 14 0
BBX 13 12 0 0
BITMAP
1820
3CE0
4730
C638
6220
22E0
2320
4220
0230
0430
7838
9010
ENDCHAR
STARTCHAR uni211D
ENCODING 8477
SWIDTH 714 0
DWIDTH 11 0
BBX 9 11 2 0
BITMAP
FE00
CA00
C900
C900
CA00
FC00
D400
CA00
C500
C500
C380
ENDCHAR
STARTCHAR prescription
ENCODING 8478
SWIDTH 620 0
DWIDTH 10 0
BBX 8 11 2 0
BITMAP
FC
86
86
86
84
F8
9B
8E
8C
8E
93
ENDCHAR
STARTCHAR uni211F
ENCODING 8479
SWIDTH 596 0
DWIDTH 10 0
BBX 8 16 2 -2
BITMAP
60
18
08
FC
8E
96
96
94
F8
B8
AC
A4
A6
C3
40
40
ENDCHAR
STARTCHAR uni2120
ENCODING 8480
SWIDTH 810 0
DWIDTH 13 0
BBX 11 6 1 6
BITMAP
6000
9660
8660
66A0
15A0
F520
ENDCHAR
STARTCHAR uni2121
ENCODING 8481
SWIDTH 808 0
DWIDTH 13 0
BBX 13 5 0 6
BITMAP
FF40
2440
2740
2440
2778
ENDCHAR
STARTCHAR trademark
ENCODING 8482
SWIDTH 773 0
DWIDTH 12 0
BBX 11 5 0 6
BITMAP
FE60
2660
2560
25A0
25A0
ENDCHAR
STARTCHAR uni2123
ENCODING 8483
SWIDTH 606 0
DWIDTH 10 0
BBX 10 16 0 -2
BITMAP
3000
0E00
0440
C480
4580
6580
6900
2B00
3A00
3200
1600
1C00
1C00
2C00
2000
2000
ENDCHAR
STARTCHAR uni2124
ENCODING 8484
SWIDTH 630 0
DWIDTH 10 0
BBX 8 11 1 0
BITMAP
FF
05
0A
0A
14
28
28
50
50
A0
FF
ENDCHAR
STARTCHAR uni2125
ENCODING 8485
SWIDTH 537 0
DWIDTH 9 0
BBX 8 16 0 -4
BITMAP
7E
7E
0C
18
30
7E
04
08
30
3C
06
03
03
03
C6
7C
ENDCHAR
STARTCHAR uni2126
ENCODING 8486
SWIDTH 717 0
DWIDTH 11 0
BBX 11 12 0 0
BITMAP
0600
3F80
60C0
6060
4060
C060
4060
4060
6040
20C0
1180
F9E0
ENDCHAR
STARTCHAR uni2127
ENCODING 8487
SWIDTH 767 0
DWIDTH 12 0
BBX 11 11 1 0
BITMAP
F9E0
3080
6040
4060
4060
C060
C060
4060
6040
30C0
1F00
ENDCHAR
STARTCHAR uni2128
ENCODING 8488
SWIDTH 586 0
DWIDTH 9 0
BBX 9 14 0 -2
BITMAP
2000
7E00
0300
0200
0400
0E00
1700
0180
0180
0100
0100
E100
2200
3C00
ENDCHAR
STARTCHAR uni2129
ENCODING 8489
SWIDTH 332 0
DWIDTH 5 0
BBX 4 9 0 0
BITMAP
E0
F0
10
10
10
10
10
10
10
ENDCHAR
STARTCHAR uni212A
ENCODING 8490
SWIDTH 619 0
DWIDTH 10 0
BBX 8 11 2 0
BITMAP
87
8C
98
90
A0
F0
98
88
8C
86
83
ENDCHAR
STARTCHAR uni212B
ENCODING 8491
SWIDTH 639 0
DWIDTH 10 0
BBX 10 14 0 0
BITMAP
0E00
0A00
0E00
0C00
0E00
1A00
1200
1300
3100
3F00
6180
4080
40C0
C040
ENDCHAR
STARTCHAR uni212C
ENCODING 8492
SWIDTH 838 0
DWIDTH 13 0
BBX 13 12 0 0
BITMAP
01D8
0E28
1248
2288
2298
45B0
3950
0310
4310
C6B0
8520
F9C0
ENDCHAR
STARTCHAR uni212D
ENCODING 8493
SWIDTH 672 0
DWIDTH 11 0
BBX 9 12 1 0
BITMAP
0100
0700
3980
4800
CC00
8C00
8800
D000
C000
6000
7180
1E00
ENDCHAR
STARTCHAR estimated
ENCODING 8494
SWIDTH 619 0
DWIDTH 10 0
BBX 8 9 1 0
BITMAP
18
66
C3
C3
FF
C0
C0
43
7C
ENDCHAR
STARTCHAR uni212F
ENCODING 8495
SWIDTH 462 0
DWIDTH 7 0
BBX 7 6 0 0
BITMAP
1E
32
74
FA
64
78
ENDCHAR
STARTCHAR uni2130
ENCODING 8496
SWIDTH 603 0
DWIDTH 10 0
BBX 10 12 0 0
BITMAP
0380
0440
0D40
0940
0980
1600
6000
6600
C900
C900
4A00
3C00
ENDCHAR
STARTCHAR uni2131
ENCODING 8497
SWIDTH 824 0
DWIDTH 13 0
BBX 14 12 0 0
BITMAP
07C4
0878
1240
2240
2480
45A0
3940
0FC0
D3C0
C600
8400
F800
ENDCHAR
STARTCHAR uni2132
ENCODING 8498
SWIDTH 519 0
DWIDTH 8 0
BBX 7 11 0 0
BITMAP
06
06
06
06
7E
7E
06
06
06
06
FE
ENDCHAR
STARTCHAR uni2133
ENCODING 8499
SWIDTH 1155 0
DWIDTH 18 0
BBX 18 12 0 0
BITMAP
000440
000840
001980
003280
005300
00A700
00EA00
014E00
42D400
C4EC80
84AD00
F8CE00
ENDCHAR
STARTCHAR uni2134
ENCODING 8500
SWIDTH 480 0
DWIDTH 8 0
BBX 8 6 0 0
BITMAP
1E
32
72
E5
6E
78
ENDCHAR
STARTCHAR uni2135
ENCODING 8501
SWIDTH 609 0
DWIDTH 10 0
BBX 8 10 1 0
BITMAP
80
C1
61
22
72
4C
8C
86
82
81
ENDCHAR
STARTCHAR uni2136
ENCODING 8502
SWIDTH 530 0
DWIDTH 8 0
BBX 7 9 1 0
BITMAP
F8
08
0C
0C
0C
0C
0C
0C
FE
ENDCHAR
STARTCHAR uni2137
ENCODING 8503
SWIDTH 376 0
DWIDTH 6 0
BBX 5 9 0 0
BITMAP
60
10
10
10
10
10
30
68
88
ENDCHAR
STARTCHAR uni2138
ENCODING 8504
SWIDTH 458 0
DWIDTH 7 0
BBX 7 9 0 0
BITMAP
FE
04
04
04
04
04
04
04
04
ENDCHAR
STARTCHAR uni2139
ENCODING 8505
SWIDTH 258 0
DWIDTH 4 0
BBX 2 12 1 0
BITMAP
C0
C0
00
C0
C0
C0
C0
C0
C0
C0
C0
C0
ENDCHAR
STARTCHAR uni213A
ENCODING 8506
SWIDTH 936 0
DWIDTH 15 0
BBX 14 11 1 0
BITMAP
1F00
7FC4
C06C
8038
8030
8020
8020
C020
60C0
3F80
0400
ENDCHAR
STARTCHAR uni213B
ENCODING 8507
SWIDTH 1379 0
DWIDTH 22 0
BBX 20 11 2 0
BITMAP
F8C630
81C220
814360
814140
8361C0
F32180
83E1C0
83F340
863260
841620
841E30
ENDCHAR
STARTCHAR uni213C
ENCODING 8508
SWIDTH 777 0
DWIDTH 12 0
BBX 11 9 1 0
BITMAP
FFE0
5280
5280
5280
5280
5300
A500
A4C0
E380
ENDCHAR
STARTCHAR uni213D
ENCODING 8509
SWIDTH 543 0
DWIDTH 9 0
BBX 8 13 0 -4
BITMAP
E1
51
52
2A
2A
24
14
14
08
08
08
10
10
ENDCHAR
STARTCHAR uni213E
ENCODING 8510
SWIDTH 552 0
DWIDTH 9 0
BBX 7 11 2 0
BITMAP
FE
C0
C0
C0
C0
C0
C0
C0
C0
C0
C0
ENDCHAR
STARTCHAR uni213F
ENCODING 8511
SWIDTH 777 0
DWIDTH 12 0
BBX 9 11 2 0
BITMAP
FF80
C280
C280
C280
C280
C280
C280
C280
C280
C280
C380
ENDCHAR
STARTCHAR uni2140
ENCODING 8512
SWIDTH 620 0
DWIDTH 10 0
BBX 10 15 0 -4
BITMAP
7FC0
5000
2800
1400
1400
0A00
0900
0600
0400
0800
1800
1000
3FC0
4040
FFC0
ENDCHAR
STARTCHAR uni2141
ENCODING 8513
SWIDTH 723 0
DWIDTH 12 0
BBX 10 12 1 0
BITMAP
3800
FF00
C180
C180
C080
F0C0
F0C0
00C0
0080
0180
4300
FE00
ENDCHAR
STARTCHAR uni2142
ENCODING 8514
SWIDTH 524 0
DWIDTH 8 0
BBX 7 11 0 0
BITMAP
FE
06
06
06
06
06
06
06
06
06
06
ENDCHAR
STARTCHAR uni2143
ENCODING 8515
SWIDTH 524 0
DWIDTH 8 0
BBX 7 11 0 0
BITMAP
06
06
06
06
06
06
06
06
06
06
FE
ENDCHAR
STARTCHAR uni2144
ENCODING 8516
SWIDTH 566 0
DWIDTH 9 0
BBX 9 11 0 0
BITMAP
0800
0800
0800
0800
0C00
1400
3600
2200
6300
4100
C180
ENDCHAR
STARTCHAR uni2145
ENCODING 8517
SWIDTH 730 0
DWIDTH 12 0
BBX 10 11 1 0
BITMAP
3F80
50C0
50C0
50C0
5140
5140
A140
A140
A180
A300
FE00
ENDCHAR
STARTCHAR uni2146
ENCODING 8518
SWIDTH 579 0
DWIDTH 9 0
BBX 10 12 0 0
BITMAP
01C0
0140
0140
1940
3680
5280
5280
A280
A300
A500
AD00
7700
ENDCHAR
STARTCHAR uni2147
ENCODING 8519
SWIDTH 499 0
DWIDTH 8 0
BBX 8 9 0 0
BITMAP
0E
35
55
56
BC
A0
A0
E0
7E
ENDCHAR
STARTCHAR uni2148
ENCODING 8520
SWIDTH 343 0
DWIDTH 5 0
BBX 4 12 1 0
BITMAP
30
30
20
70
50
50
50
A0
A0
A0
A0
C0
ENDCHAR
STARTCHAR uni2149
ENCODING 8521
SWIDTH 343 0
DWIDTH 5 0
BBX 7 16 -2 -4
BITMAP
06
06
04
0E
0A
0A
0A
14
14
14
14
18
28
28
30
E0
ENDCHAR
STARTCHAR uni214A
ENCODING 8522
SWIDTH 687 0
DWIDTH 11 0
BBX 9 13 2 0
BITMAP
2000
2000
FE00
A300
A100
A100
A300
BE00
A000
A000
2000
2000
3F80
ENDCHAR
STARTCHAR uni214B
ENCODING 8523
SWIDTH 732 0
DWIDTH 12 0
BBX 11 12 0 0
BITMAP
8300
6FC0
3860
3860
6C60
46C0
0380
0780
0CC0
08C0
0CC0
0780
ENDCHAR
STARTCHAR uni214C
ENCODING 8524
SWIDTH 655 0
DWIDTH 10 0
BBX 9 12 1 0
BITMAP
0600
E900
A880
2880
7E80
A980
AB80
7C80
2900
2800
2800
3800
ENDCHAR
STARTCHAR uni214D
ENCODING 8525
SWIDTH 734 0
DWIDTH 12 0
BBX 11 11 0 0
BITMAP
30C0
5080
5100
7900
8A00
0240
05A0
0D80
0860
1820
11E0
ENDCHAR
STARTCHAR uni214E
ENCODING 8526
SWIDTH 437 0
DWIDTH 7 0
BBX 6 9 0 0
BITMAP
0C
0C
0C
0C
7C
0C
0C
0C
FC
ENDCHAR
STARTCHAR uni214F
ENCODING 8527
SWIDTH 1031 0
DWIDTH 17 0
BBX 17 9 0 0
BITMAP
318600
514A00
4A4900
4A4900
4A4900
4A4900
514A00
318600
FFFF80
ENDCHAR
STARTCHAR uni2150
ENCODING 8528
SWIDTH 816 0
DWIDTH 13 0
BBX 11 12 1 0
BITMAP
2000
E180
A100
2200
2200
27E0
2C20
0820
1040
3040
2080
4180
ENDCHAR
STARTCHAR uni2151
ENCODING 8529
SWIDTH 789 0
DWIDTH 13 0
BBX 11 12 1 0
BITMAP
2000
E180
A100
2200
2200
24C0
2D20
0A20
1320
31E0
2020
41C0
ENDCHAR
STARTCHAR uni2152
ENCODING 8530
SWIDTH 1038 0
DWIDTH 17 0
BBX 15 12 1 0
BITMAP
2000
E180
A100
2200
2200
248C
2F96
0AB2
10A2
30A2
20B2
409E
ENDCHAR
STARTCHAR uni2153
ENCODING 8531
SWIDTH 830 0
DWIDTH 13 0
BBX 12 11 0 0
BITMAP
70C0
F180
3100
3200
33E0
3490
0C10
08E0
1010
1010
21F0
ENDCHAR
STARTCHAR uni2154
ENCODING 8532
SWIDTH 902 0
DWIDTH 14 0
BBX 13 12 0 0
BITMAP
2020
D840
08C0
1880
3100
6170
FA88
0618
0470
0808
0808
10F0
ENDCHAR
STARTCHAR uni2155
ENCODING 8533
SWIDTH 793 0
DWIDTH 13 0
BBX 11 12 1 0
BITMAP
2000
E180
A100
2200
2200
25E0
2D00
0900
11C0
3020
2020
43E0
ENDCHAR
STARTCHAR uni2156
ENCODING 8534
SWIDTH 842 0
DWIDTH 13 0
BBX 13 12 0 0
BITMAP
3000
D860
0840
1880
3080
6178
FB40
0240
0470
0C08
0808
10F8
ENDCHAR
STARTCHAR uni2157
ENCODING 8535
SWIDTH 859 0
DWIDTH 14 0
BBX 13 12 0 0
BITMAP
3000
D860
0840
7080
0880
0978
DB40
2240
0470
0C08
0808
10F8
ENDCHAR
STARTCHAR uni2158
ENCODING 8536
SWIDTH 834 0
DWIDTH 13 0
BBX 13 12 0 0
BITMAP
1000
1060
3040
5080
D080
F978
1340
0240
0470
0C08
0808
10F8
ENDCHAR
STARTCHAR uni2159
ENCODING 8537
SWIDTH 769 0
DWIDTH 12 0
BBX 11 12 1 0
BITMAP
2000
E180
A100
2200
2200
2460
2D80
0900
12E0
3320
2320
41E0
ENDCHAR
STARTCHAR uni215A
ENCODING 8538
SWIDTH 822 0
DWIDTH 13 0
BBX 13 12 0 0
BITMAP
7800
4060
4040
7080
0880
0918
DB60
2240
04B8
0CC8
08C8
1078
ENDCHAR
STARTCHAR oneeighth
ENCODING 8539
SWIDTH 830 0
DWIDTH 13 0
BBX 11 11 1 0
BITMAP
E180
A100
2200
2600
25C0
2B20
0960
11C0
2320
2220
41C0
ENDCHAR
STARTCHAR threeeighths
ENCODING 8540
SWIDTH 830 0
DWIDTH 13 0
BBX 12 12 0 0
BITMAP
2000
D840
0880
7180
1900
0AE0
9A90
6490
0CE0
0890
1190
30F0
ENDCHAR
STARTCHAR fiveeighths
ENCODING 8541
SWIDTH 830 0
DWIDTH 13 0
BBX 11 11 1 0
BITMAP
F080
8100
E300
1200
15C0
B520
4920
19C0
1120
2320
61E0
ENDCHAR
STARTCHAR seveneighths
ENCODING 8542
SWIDTH 830 0
DWIDTH 13 0
BBX 11 11 1 0
BITMAP
F180
1300
3200
2400
65C0
4920
1920
11C0
2320
6220
41E0
ENDCHAR
STARTCHAR uni215F
ENCODING 8543
SWIDTH 427 0
DWIDTH 7 0
BBX 9 12 1 0
BITMAP
2000
E180
A100
2200
2200
2400
2C00
0800
1000
3000
2000
4000
ENDCHAR
STARTCHAR uni2183
ENCODING 8579
SWIDTH 632 0
DWIDTH 10 0
BBX 9 12 0 0
BITMAP
1800
FE00
0300
0180
0180
0080
0080
0080
0180
0100
4700
7E00
ENDCHAR
STARTCHAR uni2184
ENCODING 8580
SWIDTH 480 0
DWIDTH 8 0
BBX 6 9 1 0
BITMAP
F0
F8
08
0C
0C
0C
0C
98
F0
ENDCHAR
STARTCHAR uni2189
ENCODING 8585
SWIDTH 868 0
DWIDTH 14 0
BBX 13 12 0 0
BITMAP
3000
5860
C840
8880
8880
C930
7BD8
0208
0470
0C08
0808
10F8
ENDCHAR
STARTCHAR minus
ENCODING 8722
SWIDTH 572 0
DWIDTH 9 0
BBX 7 1 1 5
BITMAP
FE
ENDCHAR
STARTCHAR uni25CC
ENCODING 9676
SWIDTH 594 0
DWIDTH 10 0
BBX 8 8 1 1
BITMAP
10
66
00
80
81
81
42
34
ENDCHAR
STARTCHAR uni2C60
ENCODING 11360
SWIDTH 524 0
DWIDTH 8 0
BBX 8 11 0 0
BITMAP
20
20
20
20
FC
20
FC
20
20
20
3F
ENDCHAR
STARTCHAR uni2C61
ENCODING 11361
SWIDTH 258 0
DWIDTH 4 0
BBX 4 12 0 0
BITMAP
60
60
60
60
F0
60
60
F0
60
60
60
60
ENDCHAR
STARTCHAR uni2C62
ENCODING 11362
SWIDTH 524 0
DWIDTH 8 0
BBX 8 11 0 0
BITMAP
20
20
20
20
68
B8
20
20
20
20
3F
ENDCHAR
STARTCHAR uni2C63
ENCODING 11363
SWIDTH 605 0
DWIDTH 10 0
BBX 9 11 0 0
BITMAP
3F00
2180
2180
F980
2180
2300
3E00
2000
2000
2000
2000
ENDCHAR
STARTCHAR uni2C64
ENCODING 11364
SWIDTH 622 0
DWIDTH 10 0
BBX 8 15 2 -4
BITMAP
FC
86
86
86
84
F8
98
8C
84
86
83
80
80
E0
E0
ENDCHAR
STARTCHAR uni2C65
ENCODING 11365
SWIDTH 561 0
DWIDTH 9 0
BBX 7 10 1 -1
BITMAP
3A
6E
06
0E
7E
D6
A6
EE
FA
80
ENDCHAR
STARTCHAR uni2C66
ENCODING 11366
SWIDTH 361 0
DWIDTH 6 0
BBX 7 15 0 -3
BITMAP
06
24
24
78
F8
68
70
70
70
60
20
38
60
40
40
ENDCHAR
STARTCHAR uni2C67
ENCODING 11367
SWIDTH 755 0
DWIDTH 12 0
BBX 10 14 2 -3
BITMAP
8100
8100
8100
8100
FF00
FF00
8100
8100
8100
8100
81C0
00C0
00C0
00C0
ENDCHAR
STARTCHAR uni2C68
ENCODING 11368
SWIDTH 630 0
DWIDTH 10 0
BBX 9 15 1 -3
BITMAP
C000
C000
C000
DC00
F600
C300
C300
C300
C300
C300
C300
C380
0180
0180
0180
ENDCHAR
STARTCHAR uni2C69
ENCODING 11369
SWIDTH 652 0
DWIDTH 10 0
BBX 8 14 2 -3
BITMAP
87
8C
98
90
A0
F0
98
88
8C
86
83
01
01
01
ENDCHAR
STARTCHAR uni2C6A
ENCODING 11370
SWIDTH 559 0
DWIDTH 9 0
BBX 8 15 1 -3
BITMAP
C0
C0
C0
C6
CC
C8
D0
F0
D8
CC
C4
C7
03
03
03
ENDCHAR
STARTCHAR uni2C6B
ENCODING 11371
SWIDTH 572 0
DWIDTH 9 0
BBX 8 14 1 -3
BITMAP
FE
06
04
08
18
10
20
60
40
C0
FF
03
03
03
ENDCHAR
STARTCHAR uni2C6C
ENCODING 11372
SWIDTH 470 0
DWIDTH 8 0
BBX 6 12 1 -3
BITMAP
FC
FC
08
10
30
60
40
C0
FC
0C
0C
0C
ENDCHAR
STARTCHAR uni2C6D
ENCODING 11373
SWIDTH 767 0
DWIDTH 12 0
BBX 10 12 1 0
BITMAP
0C00
3FC0
61C0
C0C0
C0C0
C0C0
80C0
C0C0
C0C0
40C0
61C0
3EC0
ENDCHAR
STARTCHAR uni2C6E
ENCODING 11374
SWIDTH 895 0
DWIDTH 14 0
BBX 11 14 2 -3
BITMAP
C0E0
C0E0
E0E0
A1E0
A160
B160
9260
9A60
8E60
8C60
8C60
0060
0060
01C0
ENDCHAR
STARTCHAR uni2C6F
ENCODING 11375
SWIDTH 639 0
DWIDTH 10 0
BBX 10 11 0 0
BITMAP
C0C0
4080
6080
3F80
2100
3100
1300
1200
1E00
0C00
0C00
ENDCHAR
STARTCHAR uni2C70
ENCODING 11376
SWIDTH 767 0
DWIDTH 12 0
BBX 9 12 2 0
BITMAP
0800
FF00
C100
8180
8080
8080
8080
8080
8080
8180
C300
BE00
ENDCHAR
STARTCHAR uni2C71
ENCODING 11377
SWIDTH 516 0
DWIDTH 8 0
BBX 9 9 0 0
BITMAP
8180
C380
4200
6600
2400
2400
3400
1C00
1800
ENDCHAR
STARTCHAR uni2C72
ENCODING 11378
SWIDTH 971 0
DWIDTH 16 0
BBX 15 12 0 0
BITMAP
0002
C306
4384
428C
6688
66C8
2448
2458
3C50
1870
1830
1830
ENDCHAR
STARTCHAR uni2C73
ENCODING 11379
SWIDTH 814 0
DWIDTH 13 0
BBX 13 9 0 0
BITMAP
C218
C618
4730
4520
6D20
29A0
28E0
38C0
30C0
ENDCHAR
STARTCHAR uni2C74
ENCODING 11380
SWIDTH 508 0
DWIDTH 8 0
BBX 8 9 0 0
BITMAP
31
5B
4A
76
E6
24
3C
18
18
ENDCHAR
STARTCHAR uni2C75
ENCODING 11381
SWIDTH 533 0
DWIDTH 9 0
BBX 6 11 2 0
BITMAP
80
80
80
80
FC
FC
80
80
80
80
80
ENDCHAR
STARTCHAR uni2C76
ENCODING 11382
SWIDTH 464 0
DWIDTH 7 0
BBX 6 9 1 0
BITMAP
C0
C0
C0
C0
FC
C0
C0
C0
C0
ENDCHAR
STARTCHAR uni2C77
ENCODING 11383
SWIDTH 725 0
DWIDTH 12 0
BBX 10 9 1 0
BITMAP
4700
6D80
C880
88C0
88C0
88C0
C880
6980
3F00
ENDCHAR
STARTCHAR uni2C78
ENCODING 11384
SWIDTH 670 0
DWIDTH 11 0
BBX 10 9 1 0
BITMAP
3800
6400
C200
8200
FE00
8000
C040
4240
3F80
ENDCHAR
STARTCHAR uni2C79
ENCODING 11385
SWIDTH 415 0
DWIDTH 7 0
BBX 5 12 0 0
BITMAP
78
08
08
08
08
08
08
08
08
08
18
E8
ENDCHAR
STARTCHAR uni2C7A
ENCODING 11386
SWIDTH 605 0
DWIDTH 10 0
BBX 8 9 1 0
BITMAP
38
6E
C2
83
83
93
EF
66
3C
ENDCHAR
STARTCHAR uni2C7B
ENCODING 11387
SWIDTH 465 0
DWIDTH 7 0
BBX 5 9 1 0
BITMAP
F8
F8
08
08
F8
08
08
08
F8
ENDCHAR
STARTCHAR uni2C7C
ENCODING 11388
SWIDTH 168 0
DWIDTH 3 0
BBX 3 10 -1 -4
BITMAP
20
20
20
20
20
20
20
20
20
C0
ENDCHAR
STARTCHAR uni2C7D
ENCODING 11389
SWIDTH 390 0
DWIDTH 6 0
BBX 6 6 0 5
BITMAP
84
48
48
28
30
30
ENDCHAR
STARTCHAR uni2C7E
ENCODING 11390
SWIDTH 547 0
DWIDTH 9 0
BBX 7 16 1 -4
BITMAP
18
7E
C0
80
C0
70
3C
06
02
02
86
FC
60
20
3C
08
ENDCHAR
STARTCHAR uni2C7F
ENCODING 11391
SWIDTH 577 0
DWIDTH 9 0
BBX 8 15 1 -4
BITMAP
FF
06
04
0C
18
10
30
60
40
80
E0
30
10
1F
06
ENDCHAR
STARTCHAR becombcy
ENCODING 11744
SWIDTH 0 0
DWIDTH 0 0
BBX 4 5 -2 10
BITMAP
70
80
F0
90
70
ENDCHAR
STARTCHAR vecombcy
ENCODING 11745
SWIDTH 0 0
DWIDTH 0 0
BBX 3 3 -1 10
BITMAP
E0
E0
E0
ENDCHAR
STARTCHAR ghecombcy
ENCODING 11746
SWIDTH 0 0
DWIDTH 0 0
BBX 3 3 -1 10
BITMAP
E0
80
80
ENDCHAR
STARTCHAR decombcy
ENCODING 11747
SWIDTH 0 0
DWIDTH 0 0
BBX 4 4 -2 9
BITMAP
70
50
F0
90
ENDCHAR
STARTCHAR zhecombcy
ENCODING 11748
SWIDTH 0 0
DWIDTH 0 0
BBX 6 3 -3 10
BITMAP
5C
30
DC
ENDCHAR
STARTCHAR zecombcy
ENCODING 11749
SWIDTH 0 0
DWIDTH 0 0
BBX 3 3 -1 10
BITMAP
E0
C0
E0
ENDCHAR
STARTCHAR kacombcy
ENCODING 11750
SWIDTH 0 0
DWIDTH 0 0
BBX 3 3 -1 10
BITMAP
E0
C0
A0
ENDCHAR
STARTCHAR elcombcy
ENCODING 11751
SWIDTH 0 0
DWIDTH 0 0
BBX 4 3 -2 10
BITMAP
70
50
D0
ENDCHAR
STARTCHAR emcombcy
ENCODING 11752
SWIDTH 0 0
DWIDTH 0 0
BBX 4 3 -2 10
BITMAP
90
F0
B0
ENDCHAR
STARTCHAR encombcy
ENCODING 11753
SWIDTH 0 0
DWIDTH 0 0
BBX 4 3 -2 10
BITMAP
90
F0
90
ENDCHAR
STARTCHAR ocombcy
ENCODING 11754
SWIDTH 0 0
DWIDTH 0 0
BBX 4 3 -2 10
BITMAP
F0
90
70
ENDCHAR
STARTCHAR pecombcy
ENCODING 11755
SWIDTH 0 0
DWIDTH 0 0
BBX 3 3 -1 10
BITMAP
E0
A0
A0
ENDCHAR
STARTCHAR ercombcy
ENCODING 11756
SWIDTH 0 0
DWIDTH 0 0
BBX 3 5 -1 10
BITMAP
E0
A0
A0
C0
80
ENDCHAR
STARTCHAR escombcy
ENCODING 11757
SWIDTH 0 0
DWIDTH 0 0
BBX 3 3 -1 10
BITMAP
E0
80
E0
ENDCHAR
STARTCHAR tecombcy
ENCODING 11758
SWIDTH 0 0
DWIDTH 0 0
BBX 3 3 -1 10
BITMAP
E0
40
40
ENDCHAR
STARTCHAR hacombcy
ENCODING 11759
SWIDTH 0 0
DWIDTH 0 0
BBX 4 3 -2 10
BITMAP
F0
20
D0
ENDCHAR
STARTCHAR tsecombcy
ENCODING 11760
SWIDTH 0 0
DWIDTH 0 0
BBX 4 4 -2 9
BITMAP
90
90
F0
10
ENDCHAR
STARTCHAR checombcy
ENCODING 11761
SWIDTH 0 0
DWIDTH 0 0
BBX 4 3 -2 10
BITMAP
90
70
10
ENDCHAR
STARTCHAR shacombcy
ENCODING 11762
SWIDTH 0 0
DWIDTH 0 0
BBX 5 3 -2 10
BITMAP
A8
A8
F8
ENDCHAR
STARTCHAR shchacombcy
ENCODING 11763
SWIDTH 0 0
DWIDTH 0 0
BBX 6 4 -3 9
BITMAP
94
94
FC
04
ENDCHAR
STARTCHAR fitacombcy
ENCODING 11764
SWIDTH 0 0
DWIDTH 0 0
BBX 4 3 -2 10
BITMAP
F0
F0
70
ENDCHAR
STARTCHAR estecombcy
ENCODING 11765
SWIDTH 0 0
DWIDTH 0 0
BBX 6 3 -3 10
BITMAP
FC
88
E8
ENDCHAR
STARTCHAR acombcy
ENCODING 11766
SWIDTH 0 0
DWIDTH 0 0
BBX 4 3 -2 10
BITMAP
70
70
F0
ENDCHAR
STARTCHAR iecombcy
ENCODING 11767
SWIDTH 0 0
DWIDTH 0 0
BBX 3 3 -1 10
BITMAP
E0
C0
E0
ENDCHAR
STARTCHAR djervcombcy
ENCODING 11768
SWIDTH 0 0
DWIDTH 0 0
BBX 4 3 -2 10
BITMAP
60
60
90
ENDCHAR
STARTCHAR monographukcombcy
ENCODING 11769
SWIDTH 0 0
DWIDTH 0 0
BBX 3 5 -1 10
BITMAP
20
A0
C0
C0
E0
ENDCHAR
STARTCHAR yatcombcy
ENCODING 11770
SWIDTH 0 0
DWIDTH 0 0
BBX 4 5 -2 10
BITMAP
40
E0
40
70
70
ENDCHAR
STARTCHAR yucombcy
ENCODING 11771
SWIDTH 0 0
DWIDTH 0 0
BBX 5 3 -2 10
BITMAP
F8
C8
B8
ENDCHAR
STARTCHAR iotifiedacombcy
ENCODING 11772
SWIDTH 0 0
DWIDTH 0 0
BBX 5 3 -2 10
BITMAP
B8
F8
F8
ENDCHAR
STARTCHAR littleyuscombcy
ENCODING 11773
SWIDTH 0 0
DWIDTH 0 0
BBX 4 3 -2 10
BITMAP
60
60
B0
ENDCHAR
STARTCHAR bigyuscombcy
ENCODING 11774
SWIDTH 0 0
DWIDTH 0 0
BBX 4 3 -2 10
BITMAP
F0
70
B0
ENDCHAR
STARTCHAR iotifiedbigyuscombcy
ENCODING 11775
SWIDTH 0 0
DWIDTH 0 0
BBX 5 3 -2 10
BITMAP
F8
F0
E8
ENDCHAR
STARTCHAR uni2E00
ENCODING 11776
SWIDTH 500 0
DWIDTH 8 0
BBX 4 7 2 4
BITMAP
F0
80
80
80
80
80
80
ENDCHAR
STARTCHAR uni2E01
ENCODING 11777
SWIDTH 500 0
DWIDTH 8 0
BBX 4 7 2 4
BITMAP
F0
80
A0
A0
80
80
80
ENDCHAR
STARTCHAR uni2E02
ENCODING 11778
SWIDTH 500 0
DWIDTH 8 0
BBX 4 7 2 4
BITMAP
30
C0
80
80
80
80
80
ENDCHAR
STARTCHAR uni2E03
ENCODING 11779
SWIDTH 500 0
DWIDTH 8 0
BBX 4 7 2 4
BITMAP
C0
30
10
10
10
10
10
ENDCHAR
STARTCHAR uni2E04
ENCODING 11780
SWIDTH 500 0
DWIDTH 8 0
BBX 4 7 2 4
BITMAP
30
C0
80
B0
80
80
80
ENDCHAR
STARTCHAR uni2E05
ENCODING 11781
SWIDTH 500 0
DWIDTH 8 0
BBX 4 7 2 4
BITMAP
C0
30
10
D0
10
10
10
ENDCHAR
STARTCHAR uni2E06
ENCODING 11782
SWIDTH 500 0
DWIDTH 8 0
BBX 6 7 1 4
BITMAP
FC
20
20
20
20
20
20
ENDCHAR
STARTCHAR uni2E07
ENCODING 11783
SWIDTH 500 0
DWIDTH 8 0
BBX 6 7 1 4
BITMAP
FC
20
24
24
20
20
20
ENDCHAR
STARTCHAR uni2E08
ENCODING 11784
SWIDTH 500 0
DWIDTH 8 0
BBX 6 8 1 4
BITMAP
08
34
20
24
14
10
B0
40
ENDCHAR
STARTCHAR uni2E09
ENCODING 11785
SWIDTH 500 0
DWIDTH 8 0
BBX 6 8 1 4
BITMAP
08
34
20
20
10
10
B0
40
ENDCHAR
STARTCHAR uni2E0A
ENCODING 11786
SWIDTH 500 0
DWIDTH 8 0
BBX 6 8 1 4
BITMAP
60
90
10
10
20
20
34
08
ENDCHAR
STARTCHAR uni2E0B
ENCODING 11787
SWIDTH 500 0
DWIDTH 8 0
BBX 6 6 1 5
BITMAP
FC
84
84
84
84
FC
ENDCHAR
STARTCHAR uni2E0C
ENCODING 11788
SWIDTH 500 0
DWIDTH 8 0
BBX 6 6 1 5
BITMAP
C0
60
30
18
0C
04
ENDCHAR
STARTCHAR uni2E0D
ENCODING 11789
SWIDTH 500 0
DWIDTH 8 0
BBX 6 6 1 5
BITMAP
0C
18
30
60
C0
80
ENDCHAR
STARTCHAR uni2E0E
ENCODING 11790
SWIDTH 1042 0
DWIDTH 17 0
BBX 16 22 0 -5
BITMAP
0080
0180
0080
01C0
0000
0000
07F0
0000
1FFC
0140
FFFF
0140
1FFC
0000
0000
07F0
0000
01C0
0000
0080
0080
0100
ENDCHAR
STARTCHAR uni2E0F
ENCODING 11791
SWIDTH 1000 0
DWIDTH 16 0
BBX 16 1 0 -2
BITMAP
FFFF
ENDCHAR
STARTCHAR uni2E10
ENCODING 11792
SWIDTH 1000 0
DWIDTH 16 0
BBX 16 3 0 -5
BITMAP
FFFF
3000
C000
ENDCHAR
STARTCHAR uni2E11
ENCODING 11793
SWIDTH 1000 0
DWIDTH 16 0
BBX 16 3 0 -5
BITMAP
FFFF
000C
0003
ENDCHAR
STARTCHAR uni2E12
ENCODING 11794
SWIDTH 309 0
DWIDTH 5 0
BBX 1 4 2 -4
BITMAP
80
80
80
80
ENDCHAR
STARTCHAR uni2E13
ENCODING 11795
SWIDTH 661 0
DWIDTH 11 0
BBX 8 11 1 0
BITMAP
01
02
02
44
08
08
13
23
20
40
C0
ENDCHAR
STARTCHAR uni2E14
ENCODING 11796
SWIDTH 750 0
DWIDTH 12 0
BBX 8 8 2 1
BITMAP
01
02
04
88
90
A0
40
38
ENDCHAR
STARTCHAR uni2E15
ENCODING 11797
SWIDTH 750 0
DWIDTH 12 0
BBX 8 8 2 1
BITMAP
1C
02
05
09
11
20
40
80
ENDCHAR
STARTCHAR uni2E16
ENCODING 11798
SWIDTH 571 0
DWIDTH 9 0
BBX 7 10 1 1
BITMAP
30
90
C0
38
04
06
18
60
80
30
ENDCHAR
STARTCHAR uni2E17
ENCODING 11799
SWIDTH 338 0
DWIDTH 5 0
BBX 5 7 0 1
BITMAP
08
10
60
C8
30
60
80
ENDCHAR
STARTCHAR uni2E18
ENCODING 11800
SWIDTH 444 0
DWIDTH 7 0
BBX 7 12 0 0
BITMAP
08
18
00
00
08
18
38
68
48
C8
48
7E
ENDCHAR
STARTCHAR uni2E19
ENCODING 11801
SWIDTH 750 0
DWIDTH 12 0
BBX 6 10 3 0
BITMAP
0C
14
3C
34
58
F8
C8
F0
A0
80
ENDCHAR
STARTCHAR uni2E1A
ENCODING 11802
SWIDTH 322 0
DWIDTH 5 0
BBX 5 4 0 4
BITMAP
48
D8
00
78
ENDCHAR
STARTCHAR uni2E1B
ENCODING 11803
SWIDTH 572 0
DWIDTH 9 0
BBX 7 5 1 5
BITMAP
38
28
38
62
BE
ENDCHAR
STARTCHAR uni2E1C
ENCODING 11804
SWIDTH 500 0
DWIDTH 8 0
BBX 6 6 1 -1
BITMAP
80
40
20
10
08
04
ENDCHAR
STARTCHAR uni2E1D
ENCODING 11805
SWIDTH 500 0
DWIDTH 8 0
BBX 6 6 1 -1
BITMAP
04
08
10
20
40
80
ENDCHAR
STARTCHAR uni2E1E
ENCODING 11806
SWIDTH 571 0
DWIDTH 9 0
BBX 7 4 1 5
BITMAP
10
10
62
BE
ENDCHAR
STARTCHAR uni2E1F
ENCODING 11807
SWIDTH 572 0
DWIDTH 9 0
BBX 7 5 1 2
BITMAP
62
BE
00
10
10
ENDCHAR
STARTCHAR uni2E20
ENCODING 11808
SWIDTH 551 0
DWIDTH 9 0
BBX 3 16 3 -4
BITMAP
80
80
80
80
80
80
80
E0
80
80
80
80
80
80
80
80
ENDCHAR
STARTCHAR uni2E21
ENCODING 11809
SWIDTH 551 0
DWIDTH 9 0
BBX 3 16 3 -4
BITMAP
20
20
20
20
20
20
20
E0
20
20
20
20
20
20
20
20
ENDCHAR
STARTCHAR uni2E22
ENCODING 11810
SWIDTH 333 0
DWIDTH 5 0
BBX 4 7 1 4
BITMAP
F0
80
80
80
80
80
80
ENDCHAR
STARTCHAR uni2E23
ENCODING 11811
SWIDTH 333 0
DWIDTH 5 0
BBX 4 7 0 4
BITMAP
F0
10
10
10
10
10
10
ENDCHAR
STARTCHAR uni2E24
ENCODING 11812
SWIDTH 333 0
DWIDTH 5 0
BBX 4 8 1 -3
BITMAP
80
80
80
80
80
80
80
F0
ENDCHAR
STARTCHAR uni2E25
ENCODING 11813
SWIDTH 333 0
DWIDTH 5 0
BBX 4 8 0 -3
BITMAP
10
10
10
10
10
10
10
F0
ENDCHAR
STARTCHAR uni2E26
ENCODING 11814
SWIDTH 1000 0
DWIDTH 16 0
BBX 10 5 3 3
BITMAP
7FC0
8000
8000
4000
3FC0
ENDCHAR
STARTCHAR uni2E27
ENCODING 11815
SWIDTH 1000 0
DWIDTH 16 0
BBX 10 5 3 3
BITMAP
FF80
0040
0040
0080
FF00
ENDCHAR
STARTCHAR uni2E28
ENCODING 11816
SWIDTH 508 0
DWIDTH 8 0
BBX 6 14 1 -3
BITMAP
6C
48
D8
90
90
90
90
90
90
90
D8
48
6C
24
ENDCHAR
STARTCHAR uni2E29
ENCODING 11817
SWIDTH 508 0
DWIDTH 8 0
BBX 7 14 0 -3
BITMAP
FC
24
24
36
12
12
12
12
12
36
36
24
6C
D8
ENDCHAR
STARTCHAR uni2E2A
ENCODING 11818
SWIDTH 820 0
DWIDTH 13 0
BBX 11 12 1 0
BITMAP
8020
C060
0000
0000
0000
0000
0000
0000
0000
0000
0400
0400
ENDCHAR
STARTCHAR uni2E2B
ENCODING 11819
SWIDTH 820 0
DWIDTH 13 0
BBX 11 12 1 0
BITMAP
0400
0C00
0000
0000
0000
0000
0000
0000
0000
0000
8020
C060
ENDCHAR
STARTCHAR uni2E2C
ENCODING 11820
SWIDTH 829 0
DWIDTH 13 0
BBX 11 12 1 0
BITMAP
8020
C020
0000
0000
0000
0000
0000
0000
0000
0000
8020
C060
ENDCHAR
STARTCHAR uni2E2D
ENCODING 11821
SWIDTH 821 0
DWIDTH 13 0
BBX 11 12 1 0
BITMAP
0400
0400
0000
0000
0000
8420
C460
0000
0000
0000
0400
0400
ENDCHAR
STARTCHAR uni2E2E
ENCODING 11822
SWIDTH 443 0
DWIDTH 7 0
BBX 6 12 1 0
BITMAP
30
FC
80
80
80
40
20
10
10
00
30
30
ENDCHAR
STARTCHAR uni2E2F
ENCODING 11823
SWIDTH 577 0
DWIDTH 9 0
BBX 2 6 4 10
BITMAP
C0
80
80
80
40
80
ENDCHAR
STARTCHAR uni2E30
ENCODING 11824
SWIDTH 572 0
DWIDTH 9 0
BBX 6 6 2 3
BITMAP
20
D8
88
84
88
78
ENDCHAR
STARTCHAR uni2E31
ENCODING 11825
SWIDTH 268 0
DWIDTH 4 0
BBX 2 2 1 5
BITMAP
C0
C0
ENDCHAR
STARTCHAR uni2E32
ENCODING 11826
SWIDTH 268 0
DWIDTH 4 0
BBX 3 4 1 -2
BITMAP
60
40
40
C0
ENDCHAR
STARTCHAR uni2E33
ENCODING 11827
SWIDTH 268 0
DWIDTH 4 0
BBX 2 2 1 2
BITMAP
C0
C0
ENDCHAR
STARTCHAR uni2E34
ENCODING 11828
SWIDTH 268 0
DWIDTH 4 0
BBX 2 4 1 0
BITMAP
C0
C0
80
80
ENDCHAR
STARTCHAR uni2E35
ENCODING 11829
SWIDTH 268 0
DWIDTH 4 0
BBX 3 11 1 0
BITMAP
20
40
40
C0
00
00
00
00
00
C0
C0
ENDCHAR
STARTCHAR uni2E36
ENCODING 11830
SWIDTH 435 0
DWIDTH 7 0
BBX 4 12 1 0
BITMAP
30
20
20
E0
20
20
20
20
30
30
30
30
ENDCHAR
STARTCHAR uni2E37
ENCODING 11831
SWIDTH 441 0
DWIDTH 7 0
BBX 4 12 2 0
BITMAP
C0
C0
40
70
40
40
40
C0
C0
C0
C0
C0
ENDCHAR
STARTCHAR uni2E38
ENCODING 11832
SWIDTH 469 0
DWIDTH 8 0
BBX 6 12 1 0
BITMAP
30
30
20
20
20
20
20
20
FC
20
20
30
ENDCHAR
STARTCHAR uni2E39
ENCODING 11833
SWIDTH 512 0
DWIDTH 8 0
BBX 6 8 1 4
BITMAP
7C
C0
C0
70
DC
84
C4
78
ENDCHAR
STARTCHAR uni2E3A
ENCODING 11834
SWIDTH 1920 0
DWIDTH 31 0
BBX 29 1 1 4
BITMAP
FFFDFFF8
ENDCHAR
STARTCHAR uni2E3B
ENCODING 11835
SWIDTH 2840 0
DWIDTH 45 0
BBX 43 1 1 4
BITMAP
FFFDFFFFFFE0
ENDCHAR
STARTCHAR uni2E3C
ENCODING 11836
SWIDTH 232 0
DWIDTH 4 0
BBX 3 3 0 -4
BITMAP
E0
40
E0
ENDCHAR
STARTCHAR uni2E3D
ENCODING 11837
SWIDTH 257 0
DWIDTH 4 0
BBX 2 17 1 -3
BITMAP
C0
C0
00
C0
C0
00
C0
C0
00
C0
C0
00
C0
C0
00
C0
C0
ENDCHAR
STARTCHAR uni2E3E
ENCODING 11838
SWIDTH 358 0
DWIDTH 6 0
BBX 4 19 1 -5
BITMAP
10
60
80
C0
60
10
20
C0
80
40
20
30
60
80
80
60
30
20
E0
ENDCHAR
STARTCHAR uni2E3F
ENCODING 11839
SWIDTH 709 0
DWIDTH 11 0
BBX 10 14 1 -2
BITMAP
0900
3FC0
5940
A900
A900
A900
A900
BFC0
6040
1F80
0900
0900
0900
0900
ENDCHAR
STARTCHAR uni2E40
ENCODING 11840
SWIDTH 318 0
DWIDTH 5 0
BBX 4 4 1 4
BITMAP
F0
00
00
F0
ENDCHAR
STARTCHAR uni2E41
ENCODING 11841
SWIDTH 241 0
DWIDTH 4 0
BBX 2 4 1 -2
BITMAP
80
C0
40
40
ENDCHAR
STARTCHAR uni2E42
ENCODING 11842
SWIDTH 426 0
DWIDTH 7 0
BBX 5 4 1 -2
BITMAP
D8
D8
48
48
ENDCHAR
STARTCHAR dashwithupturnleft
ENCODING 11843
SWIDTH 1000 0
DWIDTH 16 0
BBX 14 4 1 4
BITMAP
8000
C000
C000
FFFC
ENDCHAR
STARTCHAR suspensiondbl
ENCODING 11844
SWIDTH 330 0
DWIDTH 5 0
BBX 4 13 1 -1
BITMAP
30
60
C0
80
00
00
00
00
00
30
60
C0
80
ENDCHAR
STARTCHAR kavykainvertedlow
ENCODING 11845
SWIDTH 391 0
DWIDTH 6 0
BBX 5 2 1 3
BITMAP
F0
88
ENDCHAR
STARTCHAR kavykawithkavykaaboveinvertedlow
ENCODING 11846
SWIDTH 391 0
DWIDTH 6 0
BBX 5 8 1 0
BITMAP
98
60
00
00
00
00
F0
88
ENDCHAR
STARTCHAR kavykalow
ENCODING 11847
SWIDTH 391 0
DWIDTH 6 0
BBX 5 2 1 3
BITMAP
98
60
ENDCHAR
STARTCHAR kavykawithdotlow
ENCODING 11848
SWIDTH 391 0
DWIDTH 6 0
BBX 5 4 1 3
BITMAP
20
68
90
60
ENDCHAR
STARTCHAR stackedcommadbl
ENCODING 11849
SWIDTH 268 0
DWIDTH 4 0
BBX 2 9 1 -1
BITMAP
C0
C0
80
80
00
C0
C0
80
80
ENDCHAR
STARTCHAR solidusdotted
ENCODING 11850
SWIDTH 372 0
DWIDTH 6 0
BBX 6 11 0 0
BITMAP
0C
08
18
10
30
30
20
60
40
40
C0
ENDCHAR
STARTCHAR tripledagger
ENCODING 11851
SWIDTH 512 0
DWIDTH 8 0
BBX 6 12 1 0
BITMAP
30
10
FC
10
30
FC
B4
10
94
FC
30
30
ENDCHAR
STARTCHAR medievalcomma
ENCODING 11852
SWIDTH 268 0
DWIDTH 4 0
BBX 2 6 1 0
BITMAP
40
40
40
00
C0
C0
ENDCHAR
STARTCHAR paragraphus
ENCODING 11853
SWIDTH 524 0
DWIDTH 8 0
BBX 6 11 2 0
BITMAP
FC
98
B0
E0
C0
80
80
80
80
80
80
ENDCHAR
STARTCHAR punctuselevatus
ENCODING 11854
SWIDTH 268 0
DWIDTH 4 0
BBX 3 6 1 0
BITMAP
80
E0
00
00
C0
C0
ENDCHAR
STARTCHAR cornishversedivider
ENCODING 11855
SWIDTH 338 0
DWIDTH 5 0
BBX 5 7 0 1
BITMAP
C8
10
60
C8
30
60
88
ENDCHAR
STARTCHAR crosspattyright
ENCODING 11856
SWIDTH 509 0
DWIDTH 8 0
BBX 5 9 2 1
BITMAP
80
80
80
80
F8
80
80
80
80
ENDCHAR
STARTCHAR crosspattyleft
ENCODING 11857
SWIDTH 509 0
DWIDTH 8 0
BBX 5 9 2 1
BITMAP
18
10
10
10
F0
10
10
18
18
ENDCHAR
STARTCHAR Tironiansignet
ENCODING 11858
SWIDTH 572 0
DWIDTH 9 0
BBX 7 11 1 0
BITMAP
FE
02
04
04
0C
08
18
10
30
20
60
ENDCHAR
STARTCHAR uni2E53
ENCODING 11859
SWIDTH 637 0
DWIDTH 10 0
BBX 8 12 1 0
BITMAP
02
03
06
04
0C
08
10
20
30
00
C0
C0
ENDCHAR
STARTCHAR uni2E54
ENCODING 11860
SWIDTH 459 0
DWIDTH 7 0
BBX 6 12 1 0
BITMAP
08
0C
0C
0C
08
10
60
40
40
00
C0
C0
ENDCHAR
STARTCHAR uni2E55
ENCODING 11861
SWIDTH 329 0
DWIDTH 5 0
BBX 5 14 0 -3
BITMAP
78
60
60
60
60
60
F0
60
60
60
60
60
78
78
ENDCHAR
STARTCHAR uni2E56
ENCODING 11862
SWIDTH 329 0
DWIDTH 5 0
BBX 6 14 0 -3
BITMAP
F0
10
10
10
10
10
3C
10
10
10
10
10
F0
F0
ENDCHAR
STARTCHAR uni2E57
ENCODING 11863
SWIDTH 329 0
DWIDTH 5 0
BBX 5 14 0 -3
BITMAP
78
60
60
60
60
F0
60
F0
60
60
60
60
78
78
ENDCHAR
STARTCHAR uni2E58
ENCODING 11864
SWIDTH 329 0
DWIDTH 5 0
BBX 6 14 0 -3
BITMAP
F0
10
10
10
10
3C
10
3C
10
10
10
10
F0
F0
ENDCHAR
STARTCHAR uni2E59
ENCODING 11865
SWIDTH 300 0
DWIDTH 5 0
BBX 3 7 1 4
BITMAP
60
40
C0
80
80
80
80
ENDCHAR
STARTCHAR uni2E5A
ENCODING 11866
SWIDTH 300 0
DWIDTH 5 0
BBX 4 7 0 4
BITMAP
E0
20
20
30
10
10
10
ENDCHAR
STARTCHAR uni2E5B
ENCODING 11867
SWIDTH 300 0
DWIDTH 5 0
BBX 3 7 1 -3
BITMAP
80
80
80
C0
40
60
20
ENDCHAR
STARTCHAR uni2E5C
ENCODING 11868
SWIDTH 300 0
DWIDTH 5 0
BBX 4 7 0 -3
BITMAP
10
10
30
30
20
60
C0
ENDCHAR
STARTCHAR uni2E5D
ENCODING 11869
SWIDTH 338 0
DWIDTH 5 0
BBX 5 3 0 3
BITMAP
18
30
C0
ENDCHAR
STARTCHAR uniA640
ENCODING 42560
SWIDTH 577 0
DWIDTH 9 0
BBX 8 14 1 -3
BITMAP
FF
06
04
0C
18
10
30
60
40
80
FE
03
03
FE
ENDCHAR
STARTCHAR uniA641
ENCODING 42561
SWIDTH 472 0
DWIDTH 8 0
BBX 6 12 1 -3
BITMAP
FC
FC
08
10
30
60
40
C0
FC
04
04
FC
ENDCHAR
STARTCHAR uniA642
ENCODING 42562
SWIDTH 577 0
DWIDTH 9 0
BBX 8 14 1 -3
BITMAP
FF
06
04
0C
18
FE
30
60
40
80
FE
03
03
FE
ENDCHAR
STARTCHAR uniA643
ENCODING 42563
SWIDTH 472 0
DWIDTH 8 0
BBX 6 12 1 -3
BITMAP
FC
FC
08
10
FC
60
40
C0
FC
04
04
FC
ENDCHAR
STARTCHAR Dzereversedcy
ENCODING 42564
SWIDTH 547 0
DWIDTH 9 0
BBX 7 12 1 0
BITMAP
30
FC
06
06
06
1C
70
C0
80
80
C2
7E
ENDCHAR
STARTCHAR dzereversedcy
ENCODING 42565
SWIDTH 479 0
DWIDTH 8 0
BBX 6 9 1 0
BITMAP
70
CC
0C
0C
78
C0
80
84
7C
ENDCHAR
STARTCHAR uniA646
ENCODING 42566
SWIDTH 391 0
DWIDTH 6 0
BBX 5 11 1 0
BITMAP
F0
40
40
40
40
40
40
40
40
60
38
ENDCHAR
STARTCHAR uniA647
ENCODING 42567
SWIDTH 346 0
DWIDTH 6 0
BBX 4 9 1 0
BITMAP
C0
C0
C0
C0
C0
C0
C0
C0
70
ENDCHAR
STARTCHAR uniA648
ENCODING 42568
SWIDTH 734 0
DWIDTH 12 0
BBX 9 11 1 0
BITMAP
0C00
7F00
0C00
0C00
3F00
6180
4080
C080
C080
C080
C080
ENDCHAR
STARTCHAR uniA649
ENCODING 42569
SWIDTH 623 0
DWIDTH 10 0
BBX 8 9 1 0
BITMAP
18
18
7E
18
3C
66
C3
C3
C3
ENDCHAR
STARTCHAR Ukmonographcy
ENCODING 42570
SWIDTH 777 0
DWIDTH 12 0
BBX 10 11 1 0
BITMAP
60C0
3100
1300
1A00
3F00
65C0
C440
C040
C040
60C0
3F80
ENDCHAR
STARTCHAR ukmonographcy
ENCODING 42571
SWIDTH 469 0
DWIDTH 8 0
BBX 6 12 1 0
BITMAP
04
84
8C
88
D8
70
30
58
C8
8C
88
78
ENDCHAR
STARTCHAR Omegabroadcy
ENCODING 42572
SWIDTH 1026 0
DWIDTH 16 0
BBX 14 12 1 0
BITMAP
1820
7CF8
400C
C004
C004
8004
8004
C304
C304
430C
6318
3EF0
ENDCHAR
STARTCHAR omegabroadcy
ENCODING 42573
SWIDTH 898 0
DWIDTH 14 0
BBX 13 9 1 0
BITMAP
39C0
68B0
C010
8010
8018
8210
C210
4630
7DE0
ENDCHAR
STARTCHAR Yerneutralcy
ENCODING 42574
SWIDTH 660 0
DWIDTH 11 0
BBX 10 12 0 0
BITMAP
C000
F000
3000
1000
1000
1E00
1F80
10C0
10C0
10C0
1180
1F00
ENDCHAR
STARTCHAR yerneutralcy
ENCODING 42575
SWIDTH 673 0
DWIDTH 11 0
BBX 10 9 0 0
BITMAP
E000
B000
1000
1000
1F80
10C0
10C0
10C0
1F80
ENDCHAR
STARTCHAR Yerubackyercy
ENCODING 42576
SWIDTH 920 0
DWIDTH 15 0
BBX 13 11 0 0
BITMAP
F008
1008
1008
1008
1E08
1F88
10C8
1048
10C8
10C8
1F88
ENDCHAR
STARTCHAR yerubackyercy
ENCODING 42577
SWIDTH 867 0
DWIDTH 14 0
BBX 13 9 0 0
BITMAP
F018
F018
1018
1018
1F98
10D8
10D8
1098
1F98
ENDCHAR
STARTCHAR Yatiotifiedcy
ENCODING 42578
SWIDTH 843 0
DWIDTH 13 0
BBX 11 11 2 0
BITMAP
9800
FF80
9800
9800
9F00
9FC0
9860
9860
9860
98C0
9F80
ENDCHAR
STARTCHAR yatiotifiedcy
ENCODING 42579
SWIDTH 817 0
DWIDTH 13 0
BBX 11 10 1 0
BITMAP
CC00
FF80
FF80
CC00
CC00
CFC0
CC20
CC20
CC60
CFC0
ENDCHAR
STARTCHAR Yureversedcy
ENCODING 42580
SWIDTH 1045 0
DWIDTH 17 0
BBX 14 12 1 0
BITMAP
0C00
3F04
6184
C084
C0C4
C0FC
80FC
C0C4
C0C4
4084
6184
3F04
ENDCHAR
STARTCHAR yureversedcy
ENCODING 42581
SWIDTH 806 0
DWIDTH 13 0
BBX 11 9 1 0
BITMAP
3860
6E60
C260
8260
83E0
8260
C260
4660
7C60
ENDCHAR
STARTCHAR Iotifiedacy
ENCODING 42582
SWIDTH 972 0
DWIDTH 16 0
BBX 14 11 2 0
BITMAP
8180
8140
8340
8260
FFE0
FFE0
8430
8410
8C18
8808
980C
ENDCHAR
STARTCHAR uniA657
ENCODING 42583
SWIDTH 844 0
DWIDTH 14 0
BBX 11 9 1 0
BITMAP
C3C0
C660
C020
C020
FFE0
C420
CC20
CC60
C7A0
ENDCHAR
STARTCHAR Yusclosedlittlecy
ENCODING 42584
SWIDTH 651 0
DWIDTH 10 0
BBX 10 11 0 0
BITMAP
0C00
0E00
1A00
1300
1100
3100
3F80
6080
4080
40C0
FFC0
ENDCHAR
STARTCHAR yusclosedlittlecy
ENCODING 42585
SWIDTH 531 0
DWIDTH 9 0
BBX 9 9 0 0
BITMAP
1800
1800
1400
2400
2600
7E00
4200
4300
FF80
ENDCHAR
STARTCHAR Yusblendedcy
ENCODING 42586
SWIDTH 737 0
DWIDTH 12 0
BBX 12 11 0 0
BITMAP
7FE0
30C0
1180
0900
0F00
3180
2040
7FC0
4660
4620
C630
ENDCHAR
STARTCHAR yusblendedcy
ENCODING 42587
SWIDTH 613 0
DWIDTH 10 0
BBX 10 9 0 0
BITMAP
7F80
6100
3300
1600
3E00
6100
7F80
4880
C8C0
ENDCHAR
STARTCHAR Yusiotifiedclosedlittlecy
ENCODING 42588
SWIDTH 972 0
DWIDTH 16 0
BBX 14 11 2 0
BITMAP
8180
8140
8340
8260
FFE0
FFE0
8430
8410
8C18
8808
9FFC
ENDCHAR
STARTCHAR yusiotifiedclosedlittlecy
ENCODING 42589
SWIDTH 830 0
DWIDTH 13 0
BBX 12 9 1 0
BITMAP
C180
C180
C3C0
C240
FFC0
C620
C420
CC30
CFF0
ENDCHAR
STARTCHAR uniA65E
ENCODING 42590
SWIDTH 675 0
DWIDTH 11 0
BBX 11 13 0 -2
BITMAP
0600
0600
0F00
0F00
0F00
1F80
1680
16C0
36C0
2640
E660
0600
0600
ENDCHAR
STARTCHAR uniA65F
ENCODING 42591
SWIDTH 541 0
DWIDTH 9 0
BBX 9 13 0 -4
BITMAP
0800
1C00
1C00
1E00
2A00
2A00
2B00
6900
C980
0800
0800
0800
0800
ENDCHAR
STARTCHAR Tsereversedcy
ENCODING 42592
SWIDTH 740 0
DWIDTH 12 0
BBX 10 14 0 -3
BITMAP
2040
2040
2040
2040
2040
2040
2040
2040
2040
2040
FFC0
C000
C000
C000
ENDCHAR
STARTCHAR tsereversedcy
ENCODING 42593
SWIDTH 612 0
DWIDTH 10 0
BBX 8 11 0 -2
BITMAP
61
61
61
61
61
61
61
61
FF
C0
C0
ENDCHAR
STARTCHAR Desoftcy
ENCODING 42594
SWIDTH 959 0
DWIDTH 15 0
BBX 15 14 0 -3
BITMAP
1FFE
1040
1040
1040
1040
1040
1040
3040
3040
6040
FFF0
C030
C030
C030
ENDCHAR
STARTCHAR desoftcy
ENCODING 42595
SWIDTH 780 0
DWIDTH 12 0
BBX 12 11 0 -2
BITMAP
3FF0
3FF0
3100
3100
3100
2100
2100
6100
FFC0
C0C0
C0C0
ENDCHAR
STARTCHAR Elsoftcy
ENCODING 42596
SWIDTH 933 0
DWIDTH 15 0
BBX 15 11 0 0
BITMAP
1FFE
10C0
10C0
10C0
10C0
30C0
30C0
30C0
30C0
20C0
E0C0
ENDCHAR
STARTCHAR elsoftcy
ENCODING 42597
SWIDTH 765 0
DWIDTH 12 0
BBX 12 9 0 0
BITMAP
3FF0
3FF0
2100
2100
2100
2100
2100
6100
C100
ENDCHAR
STARTCHAR Emsoftcy
ENCODING 42598
SWIDTH 1108 0
DWIDTH 18 0
BBX 16 11 2 0
BITMAP
C0FF
C0A0
E0A0
A1A0
B120
9120
9220
9A20
8E20
8C20
8C20
ENDCHAR
STARTCHAR emsoftcy
ENCODING 42599
SWIDTH 928 0
DWIDTH 15 0
BBX 14 9 1 0
BITMAP
C0FC
E0FC
E140
F140
D340
D240
DE40
CC40
CC40
ENDCHAR
STARTCHAR Omonocularcy
ENCODING 42600
SWIDTH 781 0
DWIDTH 13 0
BBX 11 12 1 0
BITMAP
0C00
3F80
60C0
C0C0
C040
C440
CC60
C040
C040
40C0
6180
3F00
ENDCHAR
STARTCHAR omonocularcy
ENCODING 42601
SWIDTH 605 0
DWIDTH 10 0
BBX 8 9 1 0
BITMAP
38
6E
C2
83
9B
93
C3
46
3C
ENDCHAR
STARTCHAR Obinocularcy
ENCODING 42602
SWIDTH 777 0
DWIDTH 12 0
BBX 11 12 1 0
BITMAP
0C00
3F80
60C0
C0C0
C040
D240
DB60
C040
C040
40C0
6180
3F00
ENDCHAR
STARTCHAR obinocularcy
ENCODING 42603
SWIDTH 631 0
DWIDTH 10 0
BBX 8 9 1 0
BITMAP
3C
66
C3
81
A5
81
C1
43
3C
ENDCHAR
STARTCHAR Odoublemonocularcy
ENCODING 42604
SWIDTH 1336 0
DWIDTH 21 0
BBX 20 12 1 0
BITMAP
0C0600
3F9FC0
60F060
C0E060
C06020
C46220
CC6630
C06020
C06020
40E060
61B0C0
3F1F80
ENDCHAR
STARTCHAR odoublemonocularcy
ENCODING 42605
SWIDTH 1012 0
DWIDTH 16 0
BBX 15 9 1 0
BITMAP
3870
6EDC
C384
8306
9B36
9326
C386
468C
3C78
ENDCHAR
STARTCHAR uniA66E
ENCODING 42606
SWIDTH 881 0
DWIDTH 14 0
BBX 12 14 1 -2
BITMAP
1980
2640
2AA0
2220
2660
D990
9110
AAB0
9990
7FE0
2240
2AA0
2240
3FC0
ENDCHAR
STARTCHAR uniA66F
ENCODING 42607
SWIDTH 0 0
DWIDTH 0 0
BBX 8 2 -4 9
BITMAP
FF
81
ENDCHAR
STARTCHAR uniA670
ENCODING 42608
SWIDTH 0 0
DWIDTH 0 0
BBX 18 18 -9 -5
BITMAP
00C000
284600
10C200
180600
280900
000000
000000
A00140
400080
A00140
000000
000000
000000
180600
10A200
28C600
00C000
00A000
ENDCHAR
STARTCHAR uniA671
ENCODING 42609
SWIDTH 0 0
DWIDTH 0 0
BBX 14 18 -7 -5
BITMAP
FFFC
8004
8004
8004
0000
0000
0000
0000
0000
0000
0000
0000
0000
0000
8004
8004
FFFC
FFFC
ENDCHAR
STARTCHAR uniA672
ENCODING 42610
SWIDTH 0 0
DWIDTH 0 0
BBX 20 20 -10 -6
BITMAP
004000
004000
01F000
004000
004000
000000
F801F0
000000
000000
F801F0
000000
000000
F801F0
000000
000000
014800
014800
014800
014800
014800
ENDCHAR
STARTCHAR uniA673
ENCODING 42611
SWIDTH 547 0
DWIDTH 9 0
BBX 7 7 1 5
BITMAP
10
7A
84
44
44
EE
10
ENDCHAR
STARTCHAR uniA674
ENCODING 42612
SWIDTH 0 0
DWIDTH 0 0
BBX 3 3 -1 10
BITMAP
E0
C0
E0
ENDCHAR
STARTCHAR uniA675
ENCODING 42613
SWIDTH 0 0
DWIDTH 0 0
BBX 4 3 -2 10
BITMAP
B0
B0
D0
ENDCHAR
STARTCHAR uniA676
ENCODING 42614
SWIDTH 0 0
DWIDTH 0 0
BBX 2 5 -1 10
BITMAP
C0
00
40
40
40
ENDCHAR
STARTCHAR uniA677
ENCODING 42615
SWIDTH 0 0
DWIDTH 0 0
BBX 4 5 -2 10
BITMAP
90
50
60
20
C0
ENDCHAR
STARTCHAR uniA678
ENCODING 42616
SWIDTH 0 0
DWIDTH 0 0
BBX 4 3 -2 10
BITMAP
C0
70
70
ENDCHAR
STARTCHAR uniA679
ENCODING 42617
SWIDTH 0 0
DWIDTH 0 0
BBX 4 3 -2 10
BITMAP
90
F0
F0
ENDCHAR
STARTCHAR uniA67A
ENCODING 42618
SWIDTH 0 0
DWIDTH 0 0
BBX 3 3 -1 10
BITMAP
80
E0
E0
ENDCHAR
STARTCHAR uniA67B
ENCODING 42619
SWIDTH 0 0
DWIDTH 0 0
BBX 6 3 -3 10
BITMAP
94
54
68
ENDCHAR
STARTCHAR uniA67C
ENCODING 42620
SWIDTH 0 0
DWIDTH 0 0
BBX 6 1 -3 11
BITMAP
FC
ENDCHAR
STARTCHAR uniA67D
ENCODING 42621
SWIDTH 0 0
DWIDTH 0 0
BBX 4 3 -2 10
BITMAP
90
E0
20
ENDCHAR
STARTCHAR uniA67E
ENCODING 42622
SWIDTH 578 0
DWIDTH 9 0
BBX 6 1 2 11
BITMAP
FC
ENDCHAR
STARTCHAR uniA67F
ENCODING 42623
SWIDTH 578 0
DWIDTH 9 0
BBX 4 3 3 10
BITMAP
90
E0
20
ENDCHAR
STARTCHAR uniA680
ENCODING 42624
SWIDTH 729 0
DWIDTH 12 0
BBX 12 18 0 -3
BITMAP
1800
1800
1800
1800
1FC0
1040
1040
1040
1040
1040
1040
3040
3040
6040
FFF0
C030
C030
C030
ENDCHAR
STARTCHAR uniA681
ENCODING 42625
SWIDTH 607 0
DWIDTH 10 0
BBX 10 14 0 -2
BITMAP
3000
3000
3000
3F00
3F00
3100
3100
3100
2100
2100
6100
FFC0
C0C0
C0C0
ENDCHAR
STARTCHAR uniA682
ENCODING 42626
SWIDTH 547 0
DWIDTH 9 0
BBX 7 16 1 -4
BITMAP
18
7E
C0
80
80
C0
60
70
18
0C
06
02
02
06
CC
78
ENDCHAR
STARTCHAR uniA683
ENCODING 42627
SWIDTH 478 0
DWIDTH 8 0
BBX 6 13 1 -4
BITMAP
38
CC
80
80
C0
60
30
18
0C
04
0C
98
F0
ENDCHAR
STARTCHAR uniA684
ENCODING 42628
SWIDTH 1170 0
DWIDTH 19 0
BBX 18 12 1 0
BITMAP
300000
FC6180
066300
066200
066600
7FFC00
7FFC00
066600
026200
026300
866180
FC60C0
ENDCHAR
STARTCHAR uniA685
ENCODING 42629
SWIDTH 991 0
DWIDTH 16 0
BBX 15 9 1 0
BITMAP
7086
DC8C
0C88
0C90
7FF0
0C90
0498
8C8C
F886
ENDCHAR
STARTCHAR uniA686
ENCODING 42630
SWIDTH 1072 0
DWIDTH 17 0
BBX 15 11 1 0
BITMAP
C106
C106
C106
C106
C106
C38E
7CFE
0006
0006
0006
0006
ENDCHAR
STARTCHAR uniA687
ENCODING 42631
SWIDTH 956 0
DWIDTH 15 0
BBX 13 9 1 0
BITMAP
C208
C208
C208
C208
C618
79E8
0008
0008
0008
ENDCHAR
STARTCHAR uniA688
ENCODING 42632
SWIDTH 850 0
DWIDTH 14 0
BBX 14 14 0 -3
BITMAP
0F80
0880
1880
1880
1080
1080
3080
2080
2080
6098
FFE4
8018
8004
803C
ENDCHAR
STARTCHAR uniA689
ENCODING 42633
SWIDTH 727 0
DWIDTH 12 0
BBX 12 12 0 -3
BITMAP
1F00
1F00
1100
1100
3100
3100
2100
6100
FFF0
C070
C010
C0F0
ENDCHAR
STARTCHAR Tewithmiddlehookcy
ENCODING 42634
SWIDTH 739 0
DWIDTH 12 0
BBX 11 15 0 -4
BITMAP
FF00
1000
1000
1000
1FC0
1040
1060
1060
1060
1060
1060
0060
0060
02C0
0180
ENDCHAR
STARTCHAR uniA68B
ENCODING 42635
SWIDTH 737 0
DWIDTH 12 0
BBX 11 13 0 -4
BITMAP
FE00
FE00
1800
1800
1FC0
1840
1860
1860
1860
0060
0060
0140
01C0
ENDCHAR
STARTCHAR uniA68C
ENCODING 42636
SWIDTH 546 0
DWIDTH 9 0
BBX 9 11 0 0
BITMAP
FF80
0800
0800
0800
0800
0800
0800
0800
0800
0C00
0F00
ENDCHAR
STARTCHAR uniA68D
ENCODING 42637
SWIDTH 488 0
DWIDTH 8 0
BBX 7 9 0 0
BITMAP
FE
FE
18
18
18
18
18
18
0E
ENDCHAR
STARTCHAR uniA68E
ENCODING 42638
SWIDTH 726 0
DWIDTH 12 0
BBX 9 14 2 -3
BITMAP
8100
8100
8100
8100
8100
8100
8100
8100
8100
8100
FF80
0080
FC80
FF80
ENDCHAR
STARTCHAR uniA68F
ENCODING 42639
SWIDTH 629 0
DWIDTH 10 0
BBX 9 12 1 -3
BITMAP
C300
C300
C300
C300
C300
C300
C300
C300
FF00
0180
7D80
FF00
ENDCHAR
STARTCHAR uniA690
ENCODING 42640
SWIDTH 546 0
DWIDTH 9 0
BBX 9 14 0 -3
BITMAP
FF80
0800
0800
0800
0800
0800
0800
0800
0800
0800
1800
2000
2000
3000
ENDCHAR
STARTCHAR uniA691
ENCODING 42641
SWIDTH 488 0
DWIDTH 8 0
BBX 7 12 0 -3
BITMAP
FE
FE
18
18
18
18
18
18
18
60
40
30
ENDCHAR
STARTCHAR uniA692
ENCODING 42642
SWIDTH 854 0
DWIDTH 14 0
BBX 12 11 0 0
BITMAP
FF90
0810
0810
0810
0810
0C70
07D0
0010
0010
0010
0010
ENDCHAR
STARTCHAR uniA693
ENCODING 42643
SWIDTH 755 0
DWIDTH 12 0
BBX 11 9 0 0
BITMAP
FE60
FE60
1860
1860
1860
0FE0
0060
0060
0060
ENDCHAR
STARTCHAR uniA694
ENCODING 42644
SWIDTH 693 0
DWIDTH 11 0
BBX 8 12 2 0
BITMAP
20
F0
80
80
80
FE
83
83
83
83
83
83
ENDCHAR
STARTCHAR uniA695
ENCODING 42645
SWIDTH 617 0
DWIDTH 10 0
BBX 8 12 1 0
BITMAP
70
C0
C0
DC
FE
C2
C3
C3
C3
C3
C3
C3
ENDCHAR
STARTCHAR uniA696
ENCODING 42646
SWIDTH 1035 0
DWIDTH 17 0
BBX 14 14 2 -3
BITMAP
8208
8208
8208
8208
8208
8208
8208
8208
8208
8208
FFFC
0004
1FE4
3FFC
ENDCHAR
STARTCHAR uniA697
ENCODING 42647
SWIDTH 898 0
DWIDTH 14 0
BBX 13 12 1 -3
BITMAP
C610
C610
C610
C610
C610
C610
C610
C610
FFF0
0018
1FC8
3FF8
ENDCHAR
STARTCHAR Odoublecy
ENCODING 42648
SWIDTH 1347 0
DWIDTH 22 0
BBX 20 12 1 0
BITMAP
0C0600
3F9FC0
60F060
C0E060
C06020
C06020
C06030
C06020
C06020
40E060
61B0C0
3F1F80
ENDCHAR
STARTCHAR odoublecy
ENCODING 42649
SWIDTH 1013 0
DWIDTH 16 0
BBX 15 9 1 0
BITMAP
3870
6EDC
C384
8306
8306
8306
C386
468C
3C78
ENDCHAR
STARTCHAR Ocrossedcy
ENCODING 42650
SWIDTH 782 0
DWIDTH 13 0
BBX 11 12 1 0
BITMAP
0C00
3F80
64C0
C4C0
C440
C440
FFE0
C440
C440
44C0
6580
3F00
ENDCHAR
STARTCHAR ocrossedcy
ENCODING 42651
SWIDTH 605 0
DWIDTH 10 0
BBX 8 9 1 0
BITMAP
38
7E
D2
93
FF
93
93
56
3C
ENDCHAR
STARTCHAR uniA69C
ENCODING 42652
SWIDTH 452 0
DWIDTH 7 0
BBX 7 5 0 5
BITMAP
E0
20
3C
22
3E
ENDCHAR
STARTCHAR uniA69D
ENCODING 42653
SWIDTH 386 0
DWIDTH 6 0
BBX 5 5 1 5
BITMAP
80
80
F0
88
F0
ENDCHAR
STARTCHAR uniA69E
ENCODING 42654
SWIDTH 0 0
DWIDTH 0 0
BBX 4 6 -2 9
BITMAP
20
60
B0
B0
60
40
ENDCHAR
STARTCHAR uniA69F
ENCODING 42655
SWIDTH 0 0
DWIDTH 0 0
BBX 5 3 -2 10
BITMAP
B8
F0
B8
ENDCHAR
STARTCHAR uniA700
ENCODING 42752
SWIDTH 346 0
DWIDTH 6 0
BBX 4 5 1 -2
BITMAP
70
80
80
80
70
ENDCHAR
STARTCHAR uniA701
ENCODING 42753
SWIDTH 346 0
DWIDTH 6 0
BBX 4 6 1 -3
BITMAP
70
80
80
80
70
F0
ENDCHAR
STARTCHAR uniA702
ENCODING 42754
SWIDTH 346 0
DWIDTH 6 0
BBX 4 5 1 6
BITMAP
70
80
80
80
70
ENDCHAR
STARTCHAR uniA703
ENCODING 42755
SWIDTH 346 0
DWIDTH 6 0
BBX 4 6 1 5
BITMAP
70
80
80
80
70
F0
ENDCHAR
STARTCHAR uniA704
ENCODING 42756
SWIDTH 346 0
DWIDTH 6 0
BBX 4 4 1 7
BITMAP
E0
10
10
E0
ENDCHAR
STARTCHAR uniA705
ENCODING 42757
SWIDTH 346 0
DWIDTH 6 0
BBX 4 6 1 5
BITMAP
E0
10
10
E0
00
F0
ENDCHAR
STARTCHAR uniA706
ENCODING 42758
SWIDTH 346 0
DWIDTH 6 0
BBX 4 5 1 -2
BITMAP
E0
10
10
10
E0
ENDCHAR
STARTCHAR uniA707
ENCODING 42759
SWIDTH 346 0
DWIDTH 6 0
BBX 4 6 1 -3
BITMAP
E0
10
10
E0
00
F0
ENDCHAR
STARTCHAR uniA708
ENCODING 42760
SWIDTH 418 0
DWIDTH 7 0
BBX 4 11 1 0
BITMAP
D0
D0
10
10
10
10
10
10
10
10
10
ENDCHAR
STARTCHAR uniA709
ENCODING 42761
SWIDTH 418 0
DWIDTH 7 0
BBX 4 11 1 0
BITMAP
10
10
50
D0
10
10
10
10
10
10
10
ENDCHAR
STARTCHAR uniA70A
ENCODING 42762
SWIDTH 418 0
DWIDTH 7 0
BBX 4 11 1 0
BITMAP
10
10
10
10
10
D0
10
10
10
10
10
ENDCHAR
STARTCHAR uniA70B
ENCODING 42763
SWIDTH 418 0
DWIDTH 7 0
BBX 4 11 1 0
BITMAP
10
10
10
10
10
10
10
D0
50
10
10
ENDCHAR
STARTCHAR uniA70C
ENCODING 42764
SWIDTH 418 0
DWIDTH 7 0
BBX 4 11 1 0
BITMAP
10
10
10
10
10
10
10
10
10
D0
D0
ENDCHAR
STARTCHAR uniA70D
ENCODING 42765
SWIDTH 418 0
DWIDTH 7 0
BBX 4 11 1 0
BITMAP
90
90
80
80
80
80
80
80
80
80
80
ENDCHAR
STARTCHAR uniA70E
ENCODING 42766
SWIDTH 418 0
DWIDTH 7 0
BBX 4 11 1 0
BITMAP
80
80
90
90
80
80
80
80
80
80
80
ENDCHAR
STARTCHAR uniA70F
ENCODING 42767
SWIDTH 418 0
DWIDTH 7 0
BBX 4 11 1 0
BITMAP
80
80
80
80
80
90
80
80
80
80
80
ENDCHAR
STARTCHAR uniA710
ENCODING 42768
SWIDTH 418 0
DWIDTH 7 0
BBX 4 11 1 0
BITMAP
80
80
80
80
80
80
80
90
90
80
80
ENDCHAR
STARTCHAR uniA711
ENCODING 42769
SWIDTH 418 0
DWIDTH 7 0
BBX 4 11 1 0
BITMAP
80
80
80
80
80
80
80
80
80
90
90
ENDCHAR
STARTCHAR uniA712
ENCODING 42770
SWIDTH 418 0
DWIDTH 7 0
BBX 4 11 1 0
BITMAP
F0
80
80
80
80
80
80
80
80
80
80
ENDCHAR
STARTCHAR uniA713
ENCODING 42771
SWIDTH 418 0
DWIDTH 7 0
BBX 4 11 1 0
BITMAP
80
80
80
F0
80
80
80
80
80
80
80
ENDCHAR
STARTCHAR uniA714
ENCODING 42772
SWIDTH 418 0
DWIDTH 7 0
BBX 4 11 1 0
BITMAP
80
80
80
80
80
F0
80
80
80
80
80
ENDCHAR
STARTCHAR uniA715
ENCODING 42773
SWIDTH 418 0
DWIDTH 7 0
BBX 4 11 1 0
BITMAP
80
80
80
80
80
80
80
F0
80
80
80
ENDCHAR
STARTCHAR uniA716
ENCODING 42774
SWIDTH 418 0
DWIDTH 7 0
BBX 4 11 1 0
BITMAP
80
80
80
80
80
80
80
80
80
80
F0
ENDCHAR
STARTCHAR uniA717
ENCODING 42775
SWIDTH 309 0
DWIDTH 5 0
BBX 3 5 1 10
BITMAP
20
20
A0
20
20
ENDCHAR
STARTCHAR uniA718
ENCODING 42776
SWIDTH 357 0
DWIDTH 6 0
BBX 4 4 1 9
BITMAP
90
20
40
80
ENDCHAR
STARTCHAR uniA719
ENCODING 42777
SWIDTH 361 0
DWIDTH 6 0
BBX 4 3 1 10
BITMAP
60
00
F0
ENDCHAR
STARTCHAR uniA71A
ENCODING 42778
SWIDTH 346 0
DWIDTH 6 0
BBX 4 2 1 10
BITMAP
10
F0
ENDCHAR
STARTCHAR uniA71B
ENCODING 42779
SWIDTH 486 0
DWIDTH 8 0
BBX 6 5 1 9
BITMAP
30
78
FC
30
30
ENDCHAR
STARTCHAR uniA71C
ENCODING 42780
SWIDTH 486 0
DWIDTH 8 0
BBX 6 5 1 9
BITMAP
30
34
F8
30
20
ENDCHAR
STARTCHAR uniA71D
ENCODING 42781
SWIDTH 269 0
DWIDTH 4 0
BBX 2 9 1 5
BITMAP
C0
C0
C0
40
40
00
00
C0
C0
ENDCHAR
STARTCHAR uniA71E
ENCODING 42782
SWIDTH 269 0
DWIDTH 4 0
BBX 2 9 1 5
BITMAP
C0
C0
00
40
40
40
C0
C0
C0
ENDCHAR
STARTCHAR uniA71F
ENCODING 42783
SWIDTH 269 0
DWIDTH 4 0
BBX 2 9 1 2
BITMAP
C0
C0
00
40
40
40
C0
C0
C0
ENDCHAR
STARTCHAR uniA720
ENCODING 42784
SWIDTH 438 0
DWIDTH 7 0
BBX 5 4 1 7
BITMAP
C0
B8
A8
20
ENDCHAR
STARTCHAR uniA721
ENCODING 42785
SWIDTH 438 0
DWIDTH 7 0
BBX 5 5 1 0
BITMAP
80
A0
A0
70
08
ENDCHAR
STARTCHAR uniA722
ENCODING 42786
SWIDTH 378 0
DWIDTH 6 0
BBX 4 11 1 0
BITMAP
F0
10
10
30
40
00
C0
20
10
10
E0
ENDCHAR
STARTCHAR uniA723
ENCODING 42787
SWIDTH 325 0
DWIDTH 5 0
BBX 4 10 1 0
BITMAP
C0
E0
10
20
40
00
E0
20
20
60
ENDCHAR
STARTCHAR uniA724
ENCODING 42788
SWIDTH 451 0
DWIDTH 7 0
BBX 5 7 1 4
BITMAP
78
C0
80
80
80
40
38
ENDCHAR
STARTCHAR uniA725
ENCODING 42789
SWIDTH 401 0
DWIDTH 6 0
BBX 5 7 1 2
BITMAP
38
E0
80
80
80
C0
30
ENDCHAR
STARTCHAR uniA726
ENCODING 42790
SWIDTH 737 0
DWIDTH 12 0
BBX 8 14 2 -3
BITMAP
81
81
81
81
FF
FF
81
81
81
81
81
01
03
0E
ENDCHAR
STARTCHAR uniA727
ENCODING 42791
SWIDTH 617 0
DWIDTH 10 0
BBX 8 16 1 -4
BITMAP
C0
C0
C0
DC
F6
C3
C3
C3
C3
C3
C3
C3
03
03
0A
0E
ENDCHAR
STARTCHAR uniA728
ENCODING 42792
SWIDTH 834 0
DWIDTH 13 0
BBX 12 15 0 -4
BITMAP
FF80
0800
0800
0800
0FF0
0860
08C0
0980
0B00
0BE0
0810
0010
0010
0830
07E0
ENDCHAR
STARTCHAR uniA729
ENCODING 42793
SWIDTH 808 0
DWIDTH 13 0
BBX 12 15 0 -4
BITMAP
2000
2000
7FF0
FFF0
6060
60C0
6180
6180
60E0
2030
3C10
0010
0010
0670
03C0
ENDCHAR
STARTCHAR uniA72A
ENCODING 42794
SWIDTH 591 0
DWIDTH 9 0
BBX 8 12 1 0
BITMAP
08
3E
C0
E0
30
1C
7C
C0
80
80
C1
7F
ENDCHAR
STARTCHAR uniA72B
ENCODING 42795
SWIDTH 557 0
DWIDTH 9 0
BBX 7 13 1 -4
BITMAP
1C
76
C0
60
30
18
7C
C0
80
80
C0
E2
3E
ENDCHAR
STARTCHAR uniA72C
ENCODING 42796
SWIDTH 555 0
DWIDTH 9 0
BBX 6 11 1 0
BITMAP
0C
1C
14
24
64
44
84
FC
04
04
1C
ENDCHAR
STARTCHAR uniA72D
ENCODING 42797
SWIDTH 531 0
DWIDTH 9 0
BBX 7 13 0 -4
BITMAP
02
06
0A
0A
12
22
62
42
FE
02
02
16
0C
ENDCHAR
STARTCHAR uniA72E
ENCODING 42798
SWIDTH 622 0
DWIDTH 10 0
BBX 9 11 1 0
BITMAP
0C00
1C00
1400
2400
6400
4400
8400
FF80
0580
0500
1D00
ENDCHAR
STARTCHAR uniA72F
ENCODING 42799
SWIDTH 590 0
DWIDTH 9 0
BBX 10 13 0 -4
BITMAP
0200
0600
0A00
0A00
1200
2200
6200
4200
FF80
0200
02C0
1680
0C80
ENDCHAR
STARTCHAR uniA730
ENCODING 42800
SWIDTH 415 0
DWIDTH 7 0
BBX 5 9 1 0
BITMAP
F8
80
80
80
F8
80
80
80
80
ENDCHAR
STARTCHAR uniA731
ENCODING 42801
SWIDTH 421 0
DWIDTH 7 0
BBX 5 9 1 0
BITMAP
70
C8
80
80
70
18
08
08
F0
ENDCHAR
STARTCHAR uniA732
ENCODING 42802
SWIDTH 1185 0
DWIDTH 19 0
BBX 19 11 0 0
BITMAP
0C0600
0E0700
1A0D00
120900
130980
311880
3F1F80
61B0C0
40A040
40E060
C06020
ENDCHAR
STARTCHAR uniA733
ENCODING 42803
SWIDTH 905 0
DWIDTH 14 0
BBX 12 9 1 0
BITMAP
38E0
4F30
0610
0610
7FF0
C610
8610
8E30
FBD0
ENDCHAR
STARTCHAR uniA734
ENCODING 42804
SWIDTH 1161 0
DWIDTH 19 0
BBX 18 12 0 0
BITMAP
001C00
0C7F00
0EC180
1A8080
138080
3380C0
3180C0
3F80C0
618080
408180
40C300
C03E00
ENDCHAR
STARTCHAR uniA735
ENCODING 42805
SWIDTH 943 0
DWIDTH 15 0
BBX 13 9 1 0
BITMAP
38E0
4FB0
0618
0608
7E08
C608
8618
8F18
F9F0
ENDCHAR
STARTCHAR uniA736
ENCODING 42806
SWIDTH 1108 0
DWIDTH 18 0
BBX 16 11 0 0
BITMAP
0C01
0E01
1A01
1201
3301
3101
3F01
6181
4081
40C3
C07E
ENDCHAR
STARTCHAR uniA737
ENCODING 42807
SWIDTH 929 0
DWIDTH 15 0
BBX 13 9 1 0
BITMAP
3818
4C18
0618
0618
7E18
C618
8618
8E38
FBF8
ENDCHAR
STARTCHAR uniA738
ENCODING 42808
SWIDTH 893 0
DWIDTH 14 0
BBX 14 11 0 0
BITMAP
0C0C
0E0C
1A08
1218
3318
3110
3F30
61A0
40A0
40E0
C0C0
ENDCHAR
STARTCHAR uniA739
ENCODING 42809
SWIDTH 788 0
DWIDTH 13 0
BBX 12 9 1 0
BITMAP
3830
4C20
0660
0640
7EC0
C680
8780
8F00
FB00
ENDCHAR
STARTCHAR uniA73A
ENCODING 42810
SWIDTH 897 0
DWIDTH 14 0
BBX 14 11 0 0
BITMAP
0C04
0E0C
1A08
1218
3318
3FF0
2130
61A0
40A0
40E0
C0C0
ENDCHAR
STARTCHAR uniA73B
ENCODING 42811
SWIDTH 788 0
DWIDTH 13 0
BBX 12 9 1 0
BITMAP
3830
4C20
0660
0640
7FC0
C680
8780
8F00
FB00
ENDCHAR
STARTCHAR uniA73C
ENCODING 42812
SWIDTH 893 0
DWIDTH 14 0
BBX 14 15 0 -4
BITMAP
0C0C
0E0C
1A08
1218
3318
3110
3F30
61A0
40A0
40E0
C0C0
00C0
00C0
0980
0F00
ENDCHAR
STARTCHAR uniA73D
ENCODING 42813
SWIDTH 788 0
DWIDTH 13 0
BBX 12 13 1 -4
BITMAP
3830
4C20
0660
0640
7EC0
C680
8780
8F00
FB00
0200
0600
0C00
1800
ENDCHAR
STARTCHAR uniA73E
ENCODING 42814
SWIDTH 632 0
DWIDTH 10 0
BBX 9 12 0 0
BITMAP
1800
FE00
0300
0180
0180
3080
3080
0080
0180
0100
4700
7E00
ENDCHAR
STARTCHAR uniA73F
ENCODING 42815
SWIDTH 480 0
DWIDTH 8 0
BBX 6 9 1 0
BITMAP
F0
F8
08
4C
4C
0C
0C
98
F0
ENDCHAR
STARTCHAR uniA740
ENCODING 42816
SWIDTH 619 0
DWIDTH 10 0
BBX 10 11 0 0
BITMAP
21C0
FB00
2600
2400
2800
3C00
2600
2200
2300
2180
20C0
ENDCHAR
STARTCHAR uniA741
ENCODING 42817
SWIDTH 534 0
DWIDTH 9 0
BBX 8 12 0 0
BITMAP
60
FC
60
63
66
64
68
78
6C
66
62
63
ENDCHAR
STARTCHAR uniA742
ENCODING 42818
SWIDTH 619 0
DWIDTH 10 0
BBX 8 11 2 0
BITMAP
87
8C
98
90
A0
F0
9E
8C
9C
A6
83
ENDCHAR
STARTCHAR uniA743
ENCODING 42819
SWIDTH 534 0
DWIDTH 9 0
BBX 7 12 1 0
BITMAP
C0
C0
C0
C6
CC
C8
D0
F2
DE
CC
D4
C6
ENDCHAR
STARTCHAR uniA744
ENCODING 42820
SWIDTH 619 0
DWIDTH 10 0
BBX 10 11 0 0
BITMAP
21C0
FB00
2600
2400
2800
3C00
2780
2300
2700
2980
20C0
ENDCHAR
STARTCHAR uniA745
ENCODING 42821
SWIDTH 534 0
DWIDTH 9 0
BBX 8 12 0 0
BITMAP
60
FC
60
63
66
64
68
79
6F
66
6A
63
ENDCHAR
STARTCHAR uniA746
ENCODING 42822
SWIDTH 617 0
DWIDTH 10 0
BBX 7 11 2 0
BITMAP
80
80
80
C0
C0
40
40
40
40
40
7E
ENDCHAR
STARTCHAR uniA747
ENCODING 42823
SWIDTH 345 0
DWIDTH 6 0
BBX 3 12 1 0
BITMAP
C0
C0
C0
C0
E0
E0
20
20
20
20
20
20
ENDCHAR
STARTCHAR uniA748
ENCODING 42824
SWIDTH 524 0
DWIDTH 8 0
BBX 8 11 0 0
BITMAP
20
F8
20
20
20
20
20
20
20
20
3F
ENDCHAR
STARTCHAR uniA749
ENCODING 42825
SWIDTH 258 0
DWIDTH 4 0
BBX 4 12 0 0
BITMAP
60
F0
60
60
60
60
60
60
60
60
60
60
ENDCHAR
STARTCHAR uniA74A
ENCODING 42826
SWIDTH 781 0
DWIDTH 13 0
BBX 12 12 0 0
BITMAP
0600
1FC0
3060
6060
6020
6020
FFF0
6020
6020
2060
30C0
1F80
ENDCHAR
STARTCHAR uniA74B
ENCODING 42827
SWIDTH 628 0
DWIDTH 10 0
BBX 10 9 0 0
BITMAP
0E00
3B00
2180
6180
FFC0
6080
6180
3100
1E00
ENDCHAR
STARTCHAR uniA74C
ENCODING 42828
SWIDTH 936 0
DWIDTH 15 0
BBX 14 12 1 0
BITMAP
0C10
3FEC
60C4
C0C4
C078
C040
C060
C040
C040
40C0
6180
3F00
ENDCHAR
STARTCHAR uniA74D
ENCODING 42829
SWIDTH 674 0
DWIDTH 11 0
BBX 10 9 1 0
BITMAP
3980
6F40
C240
83C0
8300
8300
C300
4600
3C00
ENDCHAR
STARTCHAR uniA74E
ENCODING 42830
SWIDTH 1347 0
DWIDTH 22 0
BBX 20 12 1 0
BITMAP
0C0600
3F9FC0
60F060
C0E060
C06020
C06020
C06030
C06020
C06020
40E060
61B0C0
3F1F80
ENDCHAR
STARTCHAR uniA74F
ENCODING 42831
SWIDTH 1013 0
DWIDTH 16 0
BBX 15 9 1 0
BITMAP
3870
6EDC
C384
8306
8306
8306
C386
468C
3C78
ENDCHAR
STARTCHAR uniA750
ENCODING 42832
SWIDTH 605 0
DWIDTH 10 0
BBX 9 11 0 0
BITMAP
3F00
2180
2180
2180
2180
3F00
3800
2000
F800
2000
2000
ENDCHAR
STARTCHAR uniA751
ENCODING 42833
SWIDTH 615 0
DWIDTH 10 0
BBX 9 13 0 -4
BITMAP
6E00
7B00
6180
6180
6180
6180
6180
7100
7F00
6000
FC00
6000
6000
ENDCHAR
STARTCHAR uniA752
ENCODING 42834
SWIDTH 686 0
DWIDTH 11 0
BBX 10 11 0 0
BITMAP
1F80
10C0
1040
1040
10C0
3F80
FE00
9000
9000
1000
1000
ENDCHAR
STARTCHAR uniA753
ENCODING 42835
SWIDTH 714 0
DWIDTH 11 0
BBX 11 13 0 -4
BITMAP
1300
1DC0
1840
1040
1060
1060
1040
78C0
DF80
9000
1000
1000
1000
ENDCHAR
STARTCHAR uniA754
ENCODING 42836
SWIDTH 852 0
DWIDTH 14 0
BBX 13 12 0 0
BITMAP
4000
E7F0
3618
3618
3618
3618
1FF0
0F80
0600
0600
0600
0600
ENDCHAR
STARTCHAR uniA755
ENCODING 42837
SWIDTH 870 0
DWIDTH 14 0
BBX 13 13 0 -4
BITMAP
E6E0
A7B0
2618
2618
2608
3608
3618
1E30
0FE0
0600
0600
0600
0600
ENDCHAR
STARTCHAR uniA756
ENCODING 42838
SWIDTH 781 0
DWIDTH 13 0
BBX 11 15 1 -3
BITMAP
0C00
3F80
60C0
C0C0
C040
C040
C060
C040
C040
40C0
6180
3F00
03C0
0380
04C0
ENDCHAR
STARTCHAR uniA757
ENCODING 42839
SWIDTH 615 0
DWIDTH 10 0
BBX 9 13 1 -4
BITMAP
3A00
6E00
C200
8200
8200
8200
C200
C600
7A00
0200
1F80
0200
0200
ENDCHAR
STARTCHAR uniA758
ENCODING 42840
SWIDTH 958 0
DWIDTH 15 0
BBX 14 15 1 -3
BITMAP
0C00
3F80
60C0
C0C0
C040
C040
C06C
C044
C044
40C4
6198
3F20
03C0
0180
06C0
ENDCHAR
STARTCHAR uniA759
ENCODING 42841
SWIDTH 751 0
DWIDTH 12 0
BBX 11 13 1 -4
BITMAP
3A00
6E00
C260
8220
8220
8240
C280
C700
7A00
0600
0A00
1200
2200
ENDCHAR
STARTCHAR uniA75A
ENCODING 42842
SWIDTH 586 0
DWIDTH 9 0
BBX 8 11 1 0
BITMAP
FC
06
02
02
06
7C
08
0C
06
02
03
ENDCHAR
STARTCHAR uniA75B
ENCODING 42843
SWIDTH 474 0
DWIDTH 8 0
BBX 6 9 1 0
BITMAP
F0
78
0C
0C
78
70
18
08
04
ENDCHAR
STARTCHAR Rumrotunda
ENCODING 42844
SWIDTH 644 0
DWIDTH 10 0
BBX 9 14 1 -2
BITMAP
1000
FC00
8600
0200
0600
0400
0C00
1800
3300
6300
C300
FF80
0300
0300
ENDCHAR
STARTCHAR uniA75D
ENCODING 42845
SWIDTH 578 0
DWIDTH 9 0
BBX 8 11 1 -2
BITMAP
70
D8
08
08
18
30
64
C4
FF
04
04
ENDCHAR
STARTCHAR uniA75E
ENCODING 42846
SWIDTH 606 0
DWIDTH 10 0
BBX 10 12 0 0
BITMAP
0440
C480
4580
6980
6900
2B00
3200
3200
1600
3C00
2C00
6C00
ENDCHAR
STARTCHAR uniA75F
ENCODING 42847
SWIDTH 503 0
DWIDTH 8 0
BBX 8 11 0 -1
BITMAP
04
C9
CB
4A
72
36
34
3C
38
38
40
ENDCHAR
STARTCHAR uniA760
ENCODING 42848
SWIDTH 922 0
DWIDTH 15 0
BBX 15 15 0 -4
BITMAP
C306
4384
428C
6288
2688
24C8
2458
3C50
1870
1830
1830
0020
0060
02C0
0380
ENDCHAR
STARTCHAR uniA761
ENCODING 42849
SWIDTH 776 0
DWIDTH 12 0
BBX 12 13 0 -4
BITMAP
C210
4610
4730
4520
6D20
29E0
28C0
28C0
10C0
00C0
0080
0180
0700
ENDCHAR
STARTCHAR uniA762
ENCODING 42850
SWIDTH 548 0
DWIDTH 9 0
BBX 8 16 0 -4
BITMAP
78
C0
C0
C0
7F
02
04
08
10
3C
07
01
01
03
C6
7C
ENDCHAR
STARTCHAR uniA763
ENCODING 42851
SWIDTH 510 0
DWIDTH 8 0
BBX 8 15 0 -4
BITMAP
78
40
C0
C0
7E
04
08
10
30
0E
02
03
03
C6
7C
ENDCHAR
STARTCHAR uniA764
ENCODING 42852
SWIDTH 605 0
DWIDTH 10 0
BBX 9 11 0 0
BITMAP
2C00
3800
FC00
BF00
2180
2180
2180
2100
3E00
2000
2000
ENDCHAR
STARTCHAR uniA765
ENCODING 42853
SWIDTH 615 0
DWIDTH 10 0
BBX 9 16 0 -4
BITMAP
6400
6C00
7000
EE00
FB00
6180
6180
6180
6180
6180
7100
7F00
6000
6000
6000
6000
ENDCHAR
STARTCHAR uniA766
ENCODING 42854
SWIDTH 602 0
DWIDTH 10 0
BBX 9 11 0 0
BITMAP
2000
3C00
2700
2180
2180
2180
2300
3E00
2000
F800
2000
ENDCHAR
STARTCHAR uniA767
ENCODING 42855
SWIDTH 615 0
DWIDTH 10 0
BBX 9 16 0 -4
BITMAP
6000
6000
6000
6E00
7B00
6180
6180
6180
6180
6180
7100
7F00
6000
FC00
6000
6000
ENDCHAR
STARTCHAR uniA768
ENCODING 42856
SWIDTH 572 0
DWIDTH 9 0
BBX 7 15 2 -4
BITMAP
86
84
8C
88
98
90
A0
A0
C0
C0
80
80
80
80
80
ENDCHAR
STARTCHAR uniA769
ENCODING 42857
SWIDTH 520 0
DWIDTH 8 0
BBX 7 13 1 -4
BITMAP
C2
C6
CC
C8
D8
D0
E0
E0
C0
C0
C0
C0
C0
ENDCHAR
STARTCHAR uniA76A
ENCODING 42858
SWIDTH 553 0
DWIDTH 9 0
BBX 7 12 1 0
BITMAP
30
FC
86
06
06
7C
7C
06
02
06
86
FC
ENDCHAR
STARTCHAR uniA76B
ENCODING 42859
SWIDTH 511 0
DWIDTH 8 0
BBX 7 13 0 -4
BITMAP
38
6E
02
02
02
0C
3C
06
02
02
02
CE
78
ENDCHAR
STARTCHAR uniA76C
ENCODING 42860
SWIDTH 506 0
DWIDTH 8 0
BBX 8 12 0 0
BITMAP
04
1F
13
13
FE
10
10
10
10
10
30
E0
ENDCHAR
STARTCHAR uniA76D
ENCODING 42861
SWIDTH 474 0
DWIDTH 8 0
BBX 7 16 0 -4
BITMAP
0C
16
32
36
FC
30
30
30
30
30
30
30
30
30
20
E0
ENDCHAR
STARTCHAR uniA76E
ENCODING 42862
SWIDTH 598 0
DWIDTH 10 0
BBX 8 12 1 0
BITMAP
10
7C
C6
82
83
83
EB
3B
02
06
0C
38
ENDCHAR
STARTCHAR _con
ENCODING 42863
SWIDTH 587 0
DWIDTH 9 0
BBX 8 13 1 -4
BITMAP
38
6C
C6
82
83
83
C3
7A
02
02
06
1C
30
ENDCHAR
STARTCHAR uniA770
ENCODING 42864
SWIDTH 382 0
DWIDTH 6 0
BBX 5 8 1 2
BITMAP
60
90
88
88
E8
10
10
60
ENDCHAR
STARTCHAR uniA771
ENCODING 42865
SWIDTH 792 0
DWIDTH 13 0
BBX 11 15 1 -3
BITMAP
0200
0200
0200
3A00
6E00
C200
8200
8200
8260
C240
C640
7BE0
0080
0100
0100
ENDCHAR
STARTCHAR uniA772
ENCODING 42866
SWIDTH 438 0
DWIDTH 7 0
BBX 6 15 1 -3
BITMAP
C0
C0
C0
C0
C0
C0
C0
C0
C8
D0
D0
FC
20
20
40
ENDCHAR
STARTCHAR uniA773
ENCODING 42867
SWIDTH 1104 0
DWIDTH 18 0
BBX 16 12 1 -3
BITMAP
DCE0
E7B0
C318
C218
C218
C21B
C21A
C21E
C21F
0004
0008
0008
ENDCHAR
STARTCHAR uniA774
ENCODING 42868
SWIDTH 800 0
DWIDTH 13 0
BBX 12 12 1 -3
BITMAP
DC00
F600
C300
C300
C300
C320
C340
C340
C3F0
0080
0100
0100
ENDCHAR
STARTCHAR uniA775
ENCODING 42869
SWIDTH 502 0
DWIDTH 8 0
BBX 7 11 1 0
BITMAP
04
04
9E
FE
C8
D0
D0
C0
C0
C0
C0
ENDCHAR
STARTCHAR uniA776
ENCODING 42870
SWIDTH 754 0
DWIDTH 12 0
BBX 11 12 1 -3
BITMAP
F800
FE00
C200
C200
FE00
F840
CC80
C680
C3E0
0100
0100
0200
ENDCHAR
STARTCHAR uniA777
ENCODING 42871
SWIDTH 705 0
DWIDTH 11 0
BBX 11 12 0 0
BITMAP
00C0
2120
2120
7FE0
FF80
6100
6100
6100
6100
6100
2100
3D00
ENDCHAR
STARTCHAR uniA778
ENCODING 42872
SWIDTH 526 0
DWIDTH 8 0
BBX 7 12 1 0
BITMAP
30
78
CC
CC
48
38
38
64
C6
06
0C
F8
ENDCHAR
STARTCHAR uniA779
ENCODING 42873
SWIDTH 777 0
DWIDTH 12 0
BBX 11 12 0 0
BITMAP
FE00
FFC0
3040
6060
6020
6020
6020
6020
6020
2060
30C0
1F80
ENDCHAR
STARTCHAR uniA77A
ENCODING 42874
SWIDTH 599 0
DWIDTH 10 0
BBX 8 12 1 0
BITMAP
40
E0
30
18
3C
46
C3
83
83
C3
C6
7C
ENDCHAR
STARTCHAR uniA77B
ENCODING 42875
SWIDTH 487 0
DWIDTH 8 0
BBX 6 15 1 -3
BITMAP
0C
FC
E0
C0
C0
C0
C0
FC
C0
C0
C0
C0
C0
C0
C0
ENDCHAR
STARTCHAR uniA77C
ENCODING 42876
SWIDTH 415 0
DWIDTH 7 0
BBX 5 13 1 -4
BITMAP
98
F8
C0
C0
C0
C0
C0
C0
F8
C0
C0
C0
C0
ENDCHAR
STARTCHAR uniA77D
ENCODING 42877
SWIDTH 595 0
DWIDTH 10 0
BBX 8 11 1 0
BITMAP
FE
20
20
38
3C
46
C3
83
C2
C6
7C
ENDCHAR
STARTCHAR uniA77E
ENCODING 42878
SWIDTH 595 0
DWIDTH 10 0
BBX 8 12 1 0
BITMAP
18
7E
C2
83
83
C2
66
38
1C
0C
0C
FE
ENDCHAR
STARTCHAR uniA77F
ENCODING 42879
SWIDTH 586 0
DWIDTH 9 0
BBX 8 12 1 0
BITMAP
7C
C2
83
83
83
C2
7C
38
0C
18
60
FE
ENDCHAR
STARTCHAR uniA780
ENCODING 42880
SWIDTH 524 0
DWIDTH 8 0
BBX 7 11 0 0
BITMAP
FE
06
06
06
06
06
06
06
06
06
06
ENDCHAR
STARTCHAR uniA781
ENCODING 42881
SWIDTH 257 0
DWIDTH 4 0
BBX 2 13 1 -4
BITMAP
C0
C0
C0
C0
C0
C0
C0
C0
C0
C0
C0
C0
C0
ENDCHAR
STARTCHAR uniA782
ENCODING 42882
SWIDTH 799 0
DWIDTH 13 0
BBX 11 15 1 -3
BITMAP
0C00
FF00
E180
C080
C080
C080
C080
C080
C080
C080
C080
C0E0
C000
C000
C000
ENDCHAR
STARTCHAR uniA783
ENCODING 42883
SWIDTH 682 0
DWIDTH 11 0
BBX 10 13 1 -4
BITMAP
DC00
F600
C300
C300
C300
C300
C300
C300
C1C0
C000
C000
C000
C000
ENDCHAR
STARTCHAR uniA784
ENCODING 42884
SWIDTH 487 0
DWIDTH 8 0
BBX 6 15 1 -3
BITMAP
0C
FC
E0
C0
C0
C0
C0
C0
C0
C0
C0
C0
C0
C0
C0
ENDCHAR
STARTCHAR uniA785
ENCODING 42885
SWIDTH 415 0
DWIDTH 7 0
BBX 5 13 1 -4
BITMAP
98
F8
C0
C0
C0
C0
C0
C0
C0
C0
C0
C0
C0
ENDCHAR
STARTCHAR uniA786
ENCODING 42886
SWIDTH 624 0
DWIDTH 10 0
BBX 9 11 1 0
BITMAP
FF80
3000
4000
C000
C000
8000
C000
C000
4000
6080
3F00
ENDCHAR
STARTCHAR uniA787
ENCODING 42887
SWIDTH 490 0
DWIDTH 8 0
BBX 6 9 1 0
BITMAP
FC
FC
40
C0
80
80
C0
C4
7C
ENDCHAR
STARTCHAR uniA788
ENCODING 42888
SWIDTH 418 0
DWIDTH 7 0
BBX 5 2 1 -3
BITMAP
70
D8
ENDCHAR
STARTCHAR uniA789
ENCODING 42889
SWIDTH 268 0
DWIDTH 4 0
BBX 2 8 1 1
BITMAP
C0
C0
00
00
00
40
C0
40
ENDCHAR
STARTCHAR uniA78A
ENCODING 42890
SWIDTH 447 0
DWIDTH 7 0
BBX 5 4 1 3
BITMAP
F8
00
00
F8
ENDCHAR
STARTCHAR uniA78B
ENCODING 42891
SWIDTH 269 0
DWIDTH 4 0
BBX 2 7 1 4
BITMAP
C0
C0
C0
C0
40
40
40
ENDCHAR
STARTCHAR uniA78C
ENCODING 42892
SWIDTH 269 0
DWIDTH 4 0
BBX 2 5 1 6
BITMAP
C0
C0
40
40
40
ENDCHAR
STARTCHAR uniA78D
ENCODING 42893
SWIDTH 737 0
DWIDTH 12 0
BBX 8 11 2 0
BITMAP
81
81
81
81
FF
FF
01
01
01
01
01
ENDCHAR
STARTCHAR uniA78E
ENCODING 42894
SWIDTH 401 0
DWIDTH 6 0
BBX 6 15 0 -3
BITMAP
10
10
10
10
F0
90
FC
10
10
10
10
10
10
1C
0C
ENDCHAR
STARTCHAR uniA78F
ENCODING 42895
SWIDTH 309 0
DWIDTH 5 0
BBX 3 3 1 4
BITMAP
E0
E0
40
ENDCHAR
STARTCHAR uniA790
ENCODING 42896
SWIDTH 772 0
DWIDTH 12 0
BBX 10 14 2 -3
BITMAP
C180
C180
E180
B180
9180
9980
8D80
8580
8780
8380
81C0
00C0
00C0
00C0
ENDCHAR
STARTCHAR uniA791
ENCODING 42897
SWIDTH 630 0
DWIDTH 10 0
BBX 8 12 1 -3
BITMAP
DC
F6
C3
C3
C3
C3
C3
C3
C3
01
01
01
ENDCHAR
STARTCHAR uniA792
ENCODING 42898
SWIDTH 615 0
DWIDTH 10 0
BBX 10 12 0 0
BITMAP
0700
1FC0
3000
6000
6000
6000
FC00
6000
6000
2000
3840
1F80
ENDCHAR
STARTCHAR uniA793
ENCODING 42899
SWIDTH 480 0
DWIDTH 8 0
BBX 7 9 0 0
BITMAP
0E
3E
60
60
FC
60
60
32
1E
ENDCHAR
STARTCHAR cpalatalhook
ENCODING 42900
SWIDTH 480 0
DWIDTH 8 0
BBX 6 12 1 -3
BITMAP
3C
7C
C0
80
80
80
C0
44
7C
04
04
1C
ENDCHAR
STARTCHAR hpalatalhook
ENCODING 42901
SWIDTH 618 0
DWIDTH 10 0
BBX 8 15 1 -3
BITMAP
C0
C0
C0
DC
F6
C3
C3
C3
C3
C3
C3
C3
01
01
07
ENDCHAR
STARTCHAR Bflourish
ENCODING 42902
SWIDTH 721 0
DWIDTH 12 0
BBX 11 11 0 0
BITMAP
1FC0
10C0
1040
1040
3F80
FFC0
9040
5060
1060
10C0
1F80
ENDCHAR
STARTCHAR bflourish
ENCODING 42903
SWIDTH 833 0
DWIDTH 13 0
BBX 11 14 1 -2
BITMAP
0800
0800
0800
0F80
3DC0
6860
4820
C820
8820
8C20
8C60
8BC0
C000
7800
ENDCHAR
STARTCHAR Fstroke
ENCODING 42904
SWIDTH 519 0
DWIDTH 8 0
BBX 8 11 0 0
BITMAP
3F
20
F8
F8
20
3F
3F
20
20
20
20
ENDCHAR
STARTCHAR fstroke
ENCODING 42905
SWIDTH 331 0
DWIDTH 5 0
BBX 6 12 0 0
BITMAP
3C
20
20
78
F8
20
20
F8
20
20
20
20
ENDCHAR
STARTCHAR Aevolapuk
ENCODING 42906
SWIDTH 736 0
DWIDTH 12 0
BBX 9 12 1 0
BITMAP
1800
7E80
C180
C080
C080
7880
7880
C080
8080
8180
C380
7E80
ENDCHAR
STARTCHAR aevolapuk
ENCODING 42907
SWIDTH 591 0
DWIDTH 9 0
BBX 7 9 1 0
BITMAP
32
CE
86
C2
32
C2
82
C6
7A
ENDCHAR
STARTCHAR Oevolapuk
ENCODING 42908
SWIDTH 724 0
DWIDTH 12 0
BBX 10 12 1 0
BITMAP
1800
7F00
C180
C080
C080
78C0
78C0
C0C0
8080
8180
C300
7E00
ENDCHAR
STARTCHAR oevolapuk
ENCODING 42909
SWIDTH 600 0
DWIDTH 10 0
BBX 8 9 1 0
BITMAP
38
EE
82
C3
33
C3
82
C6
7C
ENDCHAR
STARTCHAR Uevolapuk
ENCODING 42910
SWIDTH 736 0
DWIDTH 12 0
BBX 9 11 1 0
BITMAP
C080
C080
C080
4080
3C80
3C80
4080
C080
C180
4380
7E80
ENDCHAR
STARTCHAR uevolapuk
ENCODING 42911
SWIDTH 591 0
DWIDTH 9 0
BBX 7 9 1 0
BITMAP
82
82
82
C2
32
C2
82
C6
7A
ENDCHAR
STARTCHAR uniA7A0
ENCODING 42912
SWIDTH 723 0
DWIDTH 12 0
BBX 11 12 0 0
BITMAP
0300
1FC0
3000
20E0
6F00
F000
43C0
6040
6040
2040
3840
1FC0
ENDCHAR
STARTCHAR uniA7A1
ENCODING 42913
SWIDTH 615 0
DWIDTH 10 0
BBX 10 13 0 -4
BITMAP
1D00
3700
6100
41C0
7F00
C100
6100
6300
3D00
0100
0100
2300
3E00
ENDCHAR
STARTCHAR uniA7A2
ENCODING 42914
SWIDTH 614 0
DWIDTH 10 0
BBX 10 11 0 0
BITMAP
21C0
2300
2600
2440
2F80
7C00
A600
2200
2300
2180
20C0
ENDCHAR
STARTCHAR uniA7A3
ENCODING 42915
SWIDTH 538 0
DWIDTH 9 0
BBX 9 12 0 0
BITMAP
6000
6000
6000
6300
6600
6400
6980
7E00
EC00
6600
6200
6300
ENDCHAR
STARTCHAR uniA7A4
ENCODING 42916
SWIDTH 757 0
DWIDTH 12 0
BBX 12 11 0 0
BITMAP
3060
3060
3860
2C60
25F0
7E60
A360
2160
21E0
20E0
2060
ENDCHAR
STARTCHAR uniA7A5
ENCODING 42917
SWIDTH 617 0
DWIDTH 10 0
BBX 10 9 0 0
BITMAP
6E00
7B00
6180
61C0
7F80
E180
6180
6180
6180
ENDCHAR
STARTCHAR uniA7A6
ENCODING 42918
SWIDTH 620 0
DWIDTH 10 0
BBX 10 11 0 0
BITMAP
3F00
2180
23C0
FD80
2100
3F00
2600
2300
2100
2180
20C0
ENDCHAR
STARTCHAR uniA7A7
ENCODING 42919
SWIDTH 415 0
DWIDTH 7 0
BBX 6 9 0 0
BITMAP
6C
7C
60
60
7C
E0
60
60
60
ENDCHAR
STARTCHAR uniA7A8
ENCODING 42920
SWIDTH 547 0
DWIDTH 9 0
BBX 9 12 0 0
BITMAP
0C00
3F00
6000
4000
6080
3F80
FE00
0300
0100
0100
4300
7E00
ENDCHAR
STARTCHAR uniA7A9
ENCODING 42921
SWIDTH 478 0
DWIDTH 8 0
BBX 8 9 0 0
BITMAP
3C
66
40
61
3E
CE
02
86
7C
ENDCHAR
STARTCHAR uniA7AA
ENCODING 42922
SWIDTH 850 0
DWIDTH 14 0
BBX 12 11 0 0
BITMAP
7810
9810
D810
1810
1FF0
1FF0
1810
1810
1810
1810
1810
ENDCHAR
STARTCHAR uniA7AB
ENCODING 42923
SWIDTH 588 0
DWIDTH 9 0
BBX 8 12 1 0
BITMAP
38
FE
82
02
06
7C
7C
02
03
02
86
FC
ENDCHAR
STARTCHAR uniA7AC
ENCODING 42924
SWIDTH 736 0
DWIDTH 12 0
BBX 9 16 1 -4
BITMAP
0800
3E80
6180
C080
C080
C080
C080
C080
C180
6180
3E80
0080
0080
0180
6300
3E00
ENDCHAR
STARTCHAR uniA7AD
ENCODING 42925
SWIDTH 609 0
DWIDTH 10 0
BBX 9 11 0 0
BITMAP
1000
1000
1000
F000
9000
FC00
1000
1000
1000
1000
1F80
ENDCHAR
STARTCHAR Iotaserifed
ENCODING 42926
SWIDTH 556 0
DWIDTH 9 0
BBX 9 11 0 0
BITMAP
FF80
0800
0800
0800
0800
0800
0800
0800
0800
0800
FF80
ENDCHAR
STARTCHAR uniA7AF
ENCODING 42927
SWIDTH 632 0
DWIDTH 10 0
BBX 8 11 1 -2
BITMAP
7E
C3
C1
81
81
81
C3
43
3E
04
03
ENDCHAR
STARTCHAR uniA7B0
ENCODING 42928
SWIDTH 619 0
DWIDTH 10 0
BBX 8 11 0 0
BITMAP
C1
61
31
19
0B
0F
0D
19
31
21
C1
ENDCHAR
STARTCHAR uniA7B1
ENCODING 42929
SWIDTH 556 0
DWIDTH 9 0
BBX 9 11 0 0
BITMAP
0800
0800
0800
0800
0800
0800
0800
0800
0800
0800
FF80
ENDCHAR
STARTCHAR uniA7B2
ENCODING 42930
SWIDTH 289 0
DWIDTH 5 0
BBX 5 14 -1 -3
BITMAP
10
10
10
10
10
10
10
10
10
10
50
B0
B0
E8
ENDCHAR
STARTCHAR uniA7B3
ENCODING 42931
SWIDTH 646 0
DWIDTH 10 0
BBX 10 16 0 -4
BITMAP
4040
6080
3180
1100
1B00
1A00
0E00
0C00
0C00
1E00
1200
3200
2300
6100
4180
C0C0
ENDCHAR
STARTCHAR uniA7B4
ENCODING 42932
SWIDTH 640 0
DWIDTH 10 0
BBX 8 15 1 -4
BITMAP
FE
C3
C1
C3
FE
FE
C1
C1
C1
C3
FE
C0
C0
C0
C0
ENDCHAR
STARTCHAR uniA7B5
ENCODING 42933
SWIDTH 631 0
DWIDTH 10 0
BBX 8 16 1 -4
BITMAP
3C
46
C2
C2
C6
D8
C6
C3
C1
C3
C3
FE
C0
C0
C0
C0
ENDCHAR
STARTCHAR uniA7B6
ENCODING 42934
SWIDTH 1026 0
DWIDTH 16 0
BBX 14 12 1 0
BITMAP
1820
7CF8
400C
C004
C004
8004
8004
C304
C304
430C
6318
3EF0
ENDCHAR
STARTCHAR uniA7B7
ENCODING 42935
SWIDTH 904 0
DWIDTH 14 0
BBX 13 9 1 0
BITMAP
39C0
68B0
C010
8010
8018
8210
C210
4630
7DE0
ENDCHAR
STARTCHAR uniA7B8
ENCODING 42936
SWIDTH 731 0
DWIDTH 12 0
BBX 10 13 1 -1
BITMAP
0040
C0C0
C180
C180
C280
C480
CC80
D880
D080
6080
6180
FE00
8000
ENDCHAR
STARTCHAR uniA7B9
ENCODING 42937
SWIDTH 618 0
DWIDTH 10 0
BBX 8 10 1 -1
BITMAP
C3
C3
C7
CF
CB
D3
E3
C7
FF
80
ENDCHAR
STARTCHAR uniA7BA
ENCODING 42938
SWIDTH 530 0
DWIDTH 8 0
BBX 9 11 -1 0
BITMAP
3B00
0B00
1500
2D80
0980
1980
1F80
3080
2080
6080
C080
ENDCHAR
STARTCHAR uniA7BB
ENCODING 42939
SWIDTH 568 0
DWIDTH 9 0
BBX 8 13 1 0
BITMAP
0E
02
0C
10
19
77
42
C2
82
86
86
CC
F4
ENDCHAR
STARTCHAR uniA7BC
ENCODING 42940
SWIDTH 391 0
DWIDTH 6 0
BBX 7 11 0 0
BITMAP
FE
28
48
88
18
18
10
10
10
30
78
ENDCHAR
STARTCHAR uniA7BD
ENCODING 42941
SWIDTH 258 0
DWIDTH 4 0
BBX 5 13 0 0
BITMAP
38
08
38
00
30
20
20
20
60
60
40
40
C0
ENDCHAR
STARTCHAR uniA7BE
ENCODING 42942
SWIDTH 744 0
DWIDTH 12 0
BBX 12 11 0 0
BITMAP
E830
2830
5820
9820
1020
1060
1060
3040
3040
10C0
1F00
ENDCHAR
STARTCHAR uniA7BF
ENCODING 42943
SWIDTH 579 0
DWIDTH 9 0
BBX 8 13 1 0
BITMAP
0E
02
0C
00
63
43
42
42
C2
C6
86
8C
F4
ENDCHAR
STARTCHAR uniA7C0
ENCODING 42944
SWIDTH 781 0
DWIDTH 13 0
BBX 11 15 1 -2
BITMAP
0400
0C00
3F80
60C0
C0C0
C040
C040
C060
C040
C040
40C0
6180
3F00
0400
0400
ENDCHAR
STARTCHAR uniA7C1
ENCODING 42945
SWIDTH 606 0
DWIDTH 10 0
BBX 8 12 1 -2
BITMAP
10
38
6E
C2
83
83
83
C3
46
3C
10
10
ENDCHAR
STARTCHAR uniA7C2
ENCODING 42946
SWIDTH 1057 0
DWIDTH 17 0
BBX 16 13 0 0
BITMAP
0060
00D8
C0FE
40C3
6183
6183
23BE
33BE
3383
1581
1C83
0CC3
0C7E
ENDCHAR
STARTCHAR uniA7C3
ENCODING 42947
SWIDTH 891 0
DWIDTH 14 0
BBX 14 10 0 0
BITMAP
0100
C170
C398
4308
6208
2670
2608
370C
1908
19F8
ENDCHAR
STARTCHAR Cpalatalhook
ENCODING 42948
SWIDTH 632 0
DWIDTH 10 0
BBX 9 15 1 -3
BITMAP
0E00
3F80
6000
C000
C000
C000
C000
C000
C000
4000
7080
3F00
0100
0100
0700
ENDCHAR
STARTCHAR uniA7C5
ENCODING 42949
SWIDTH 549 0
DWIDTH 9 0
BBX 7 15 1 -3
BITMAP
18
7E
C0
80
C0
70
3C
06
02
02
86
FC
80
80
E0
ENDCHAR
STARTCHAR Zpalatalhook
ENCODING 42950
SWIDTH 572 0
DWIDTH 9 0
BBX 8 14 1 -3
BITMAP
FE
06
04
08
18
10
20
60
40
C0
FF
03
03
06
ENDCHAR
STARTCHAR Dmiddlestroke
ENCODING 42951
SWIDTH 730 0
DWIDTH 12 0
BBX 9 11 2 0
BITMAP
FE00
8300
8100
8180
8180
FF80
8180
8100
8300
8600
FC00
ENDCHAR
STARTCHAR dmiddlestroke
ENCODING 42952
SWIDTH 615 0
DWIDTH 10 0
BBX 7 12 1 0
BITMAP
02
02
02
3A
6E
C2
82
FE
82
C2
C6
7A
ENDCHAR
STARTCHAR Smiddlestroke
ENCODING 42953
SWIDTH 549 0
DWIDTH 9 0
BBX 8 12 0 0
BITMAP
0C
3F
60
40
60
38
FF
03
01
01
43
7E
ENDCHAR
STARTCHAR smiddlestroke
ENCODING 42954
SWIDTH 479 0
DWIDTH 8 0
BBX 7 9 0 0
BITMAP
3C
66
40
60
FE
0E
02
86
7C
ENDCHAR
STARTCHAR uniA7D0
ENCODING 42960
SWIDTH 586 0
DWIDTH 9 0
BBX 8 11 1 0
BITMAP
FE
66
42
76
3C
0E
C2
83
83
C6
7C
ENDCHAR
STARTCHAR uniA7D1
ENCODING 42961
SWIDTH 583 0
DWIDTH 9 0
BBX 8 13 1 -4
BITMAP
FF
FF
66
42
64
3C
0C
46
82
83
82
E6
3C
ENDCHAR
STARTCHAR uniA7D3
ENCODING 42963
SWIDTH 619 0
DWIDTH 10 0
BBX 8 16 1 -4
BITMAP
C0
C0
C0
DC
E6
C3
C2
FC
C3
C1
E3
FE
C0
C0
C0
C0
ENDCHAR
STARTCHAR uniA7D5
ENCODING 42965
SWIDTH 593 0
DWIDTH 9 0
BBX 8 13 1 -4
BITMAP
DC
F6
C2
C6
DE
E3
C3
C6
F8
C0
C0
C0
C0
ENDCHAR
STARTCHAR uniA7D6
ENCODING 42966
SWIDTH 686 0
DWIDTH 11 0
BBX 9 12 1 0
BITMAP
0C00
3F00
4180
C300
C600
C600
C300
C180
C080
C080
C180
C000
ENDCHAR
STARTCHAR uniA7D7
ENCODING 42967
SWIDTH 612 0
DWIDTH 10 0
BBX 8 12 1 0
BITMAP
3C
42
C3
C4
CC
CC
C6
C3
C3
C3
C2
C0
ENDCHAR
STARTCHAR uniA7D8
ENCODING 42968
SWIDTH 585 0
DWIDTH 9 0
BBX 8 12 1 0
BITMAP
18
7E
40
40
60
70
5C
86
83
83
C6
7C
ENDCHAR
STARTCHAR uniA7D9
ENCODING 42969
SWIDTH 508 0
DWIDTH 8 0
BBX 6 9 1 0
BITMAP
38
6C
C0
C0
78
CC
84
84
78
ENDCHAR
STARTCHAR uniA7F2
ENCODING 42994
SWIDTH 413 0
DWIDTH 7 0
BBX 5 8 1 4
BITMAP
30
C8
80
80
80
80
C8
30
ENDCHAR
STARTCHAR uniA7F3
ENCODING 42995
SWIDTH 344 0
DWIDTH 6 0
BBX 4 6 1 5
BITMAP
F0
80
80
F0
80
80
ENDCHAR
STARTCHAR uniA7F4
ENCODING 42996
SWIDTH 508 0
DWIDTH 8 0
BBX 6 9 1 3
BITMAP
30
CC
84
84
84
84
CC
38
0C
ENDCHAR
STARTCHAR Halfhturned
ENCODING 42997
SWIDTH 533 0
DWIDTH 9 0
BBX 6 11 1 0
BITMAP
04
04
04
04
FC
FC
04
04
04
04
04
ENDCHAR
STARTCHAR halfhturned
ENCODING 42998
SWIDTH 464 0
DWIDTH 7 0
BBX 6 9 0 0
BITMAP
04
04
04
04
FC
04
04
04
04
ENDCHAR
STARTCHAR uniA7F7
ENCODING 42999
SWIDTH 814 0
DWIDTH 13 0
BBX 11 4 1 4
BITMAP
8020
FFE0
FFE0
8020
ENDCHAR
STARTCHAR uniA7F8
ENCODING 43000
SWIDTH 482 0
DWIDTH 8 0
BBX 8 6 0 5
BITMAP
42
FF
7E
42
42
42
ENDCHAR
STARTCHAR uniA7F9
ENCODING 43001
SWIDTH 615 0
DWIDTH 10 0
BBX 8 6 1 4
BITMAP
66
99
8F
88
99
66
ENDCHAR
STARTCHAR uniA7FA
ENCODING 43002
SWIDTH 805 0
DWIDTH 13 0
BBX 11 9 1 0
BITMAP
C420
C420
C420
C420
C420
C420
C420
C420
FFE0
ENDCHAR
STARTCHAR uniA7FB
ENCODING 43003
SWIDTH 519 0
DWIDTH 8 0
BBX 7 11 0 0
BITMAP
FE
06
06
06
06
7E
06
06
06
06
06
ENDCHAR
STARTCHAR uniA7FC
ENCODING 43004
SWIDTH 605 0
DWIDTH 10 0
BBX 7 11 1 0
BITMAP
7E
C2
82
82
C2
7E
1E
02
02
02
02
ENDCHAR
STARTCHAR uniA7FD
ENCODING 43005
SWIDTH 907 0
DWIDTH 15 0
BBX 11 11 2 0
BITMAP
8C20
8E20
8A20
9A20
9320
B120
A1A0
A0A0
E0A0
C0E0
C060
ENDCHAR
STARTCHAR uniA7FE
ENCODING 43006
SWIDTH 339 0
DWIDTH 5 0
BBX 4 15 1 0
BITMAP
F0
40
40
40
40
40
40
40
40
40
40
40
40
40
F0
ENDCHAR
STARTCHAR uniA7FF
ENCODING 43007
SWIDTH 1119 0
DWIDTH 18 0
BBX 18 11 0 0
BITMAP
1820C0
185080
1C5180
345180
24D900
248900
668B00
628B00
438E00
430600
C30600
ENDCHAR
STARTCHAR ayMatradeva
ENCODING 43263
SWIDTH 0 0
DWIDTH 0 0
BBX 6 4 -7 10
BITMAP
20
9C
F4
0C
ENDCHAR
STARTCHAR uniA92E
ENCODING 43310
SWIDTH 490 0
DWIDTH 8 0
BBX 7 3 0 3
BITMAP
18
66
82
ENDCHAR
STARTCHAR uniAB30
ENCODING 43824
SWIDTH 615 0
DWIDTH 10 0
BBX 10 9 0 0
BITMAP
1D00
3700
6100
4100
FFC0
4100
6100
6380
3DC0
ENDCHAR
STARTCHAR uniAB31
ENCODING 43825
SWIDTH 899 0
DWIDTH 14 0
BBX 13 9 1 0
BITMAP
38E0
4F10
0600
0600
7FF8
C618
8610
8E30
F9E0
ENDCHAR
STARTCHAR uniAB32
ENCODING 43826
SWIDTH 415 0
DWIDTH 7 0
BBX 5 8 1 0
BITMAP
30
58
D8
D0
E0
C0
F8
70
ENDCHAR
STARTCHAR uniAB33
ENCODING 43827
SWIDTH 566 0
DWIDTH 9 0
BBX 9 9 0 0
BITMAP
1C00
3200
6100
7F00
4000
FF80
6000
2100
1F00
ENDCHAR
STARTCHAR uniAB34
ENCODING 43828
SWIDTH 783 0
DWIDTH 13 0
BBX 12 9 0 0
BITMAP
01C0
0660
0420
0C30
7FF0
CC00
C400
7610
03E0
ENDCHAR
STARTCHAR uniAB35
ENCODING 43829
SWIDTH 344 0
DWIDTH 6 0
BBX 6 11 0 1
BITMAP
3C
20
20
F8
F8
20
20
20
20
20
20
ENDCHAR
STARTCHAR uniAB36
ENCODING 43830
SWIDTH 610 0
DWIDTH 10 0
BBX 7 13 1 -4
BITMAP
3A
6E
C2
82
82
82
C2
7E
32
7A
46
C6
7A
ENDCHAR
STARTCHAR uniAB37
ENCODING 43831
SWIDTH 421 0
DWIDTH 7 0
BBX 7 12 0 0
BITMAP
10
10
16
12
76
98
90
50
10
10
10
10
ENDCHAR
STARTCHAR uniAB38
ENCODING 43832
SWIDTH 378 0
DWIDTH 6 0
BBX 6 12 0 0
BITMAP
30
30
30
34
F4
B8
74
BC
30
30
30
30
ENDCHAR
STARTCHAR uniAB39
ENCODING 43833
SWIDTH 393 0
DWIDTH 6 0
BBX 6 12 0 0
BITMAP
30
30
30
30
78
B4
74
78
30
30
30
30
ENDCHAR
STARTCHAR uniAB3A
ENCODING 43834
SWIDTH 922 0
DWIDTH 15 0
BBX 14 9 1 0
BITMAP
9CE0
E7B0
C210
C210
C210
C210
C27C
C250
C270
ENDCHAR
STARTCHAR uniAB3B
ENCODING 43835
SWIDTH 617 0
DWIDTH 10 0
BBX 9 9 1 0
BITMAP
DC00
F600
C300
C300
C300
C300
CF80
CB00
CE00
ENDCHAR
STARTCHAR uniAB3C
ENCODING 43836
SWIDTH 617 0
DWIDTH 10 0
BBX 9 13 1 -4
BITMAP
DC00
F600
C300
C300
C300
C300
C300
C300
C300
0F00
1300
1300
0C80
ENDCHAR
STARTCHAR uniAB3D
ENCODING 43837
SWIDTH 459 0
DWIDTH 7 0
BBX 6 8 1 0
BITMAP
38
D8
DC
CC
CC
C8
E8
70
ENDCHAR
STARTCHAR uniAB3E
ENCODING 43838
SWIDTH 459 0
DWIDTH 7 0
BBX 6 10 1 -1
BITMAP
04
3C
D8
DC
DC
EC
C8
E8
F0
80
ENDCHAR
STARTCHAR uniAB3F
ENCODING 43839
SWIDTH 579 0
DWIDTH 9 0
BBX 7 9 1 0
BITMAP
3A
6C
06
0A
12
B2
A2
C6
FC
ENDCHAR
STARTCHAR uniAB40
ENCODING 43840
SWIDTH 946 0
DWIDTH 15 0
BBX 13 9 1 0
BITMAP
3CF8
6788
C300
8300
83F8
8308
C308
4798
3CF0
ENDCHAR
STARTCHAR uniAB41
ENCODING 43841
SWIDTH 960 0
DWIDTH 15 0
BBX 14 10 1 -1
BITMAP
78E8
CDB8
0718
0228
FE6C
FE48
C288
4518
7FF0
0100
ENDCHAR
STARTCHAR uniAB42
ENCODING 43842
SWIDTH 960 0
DWIDTH 15 0
BBX 14 9 1 0
BITMAP
78E0
CDB8
0708
0208
FFFC
FE08
C208
4518
7CF0
ENDCHAR
STARTCHAR uniAB43
ENCODING 43843
SWIDTH 939 0
DWIDTH 15 0
BBX 13 9 1 0
BITMAP
38E0
6BB0
C218
8608
8608
8608
C218
4710
3DF0
ENDCHAR
STARTCHAR uniAB44
ENCODING 43844
SWIDTH 939 0
DWIDTH 15 0
BBX 13 9 1 0
BITMAP
38F0
6BB0
C238
8648
8648
8688
C298
4710
3FF0
ENDCHAR
STARTCHAR uniAB45
ENCODING 43845
SWIDTH 623 0
DWIDTH 10 0
BBX 8 9 1 0
BITMAP
18
18
18
18
7E
42
C3
C3
C3
ENDCHAR
STARTCHAR uniAB46
ENCODING 43846
SWIDTH 546 0
DWIDTH 9 0
BBX 9 13 1 -4
BITMAP
F800
FC00
C600
C600
FC00
FC00
C400
C600
C600
0600
0600
0680
0380
ENDCHAR
STARTCHAR uniAB47
ENCODING 43847
SWIDTH 326 0
DWIDTH 5 0
BBX 4 9 1 0
BITMAP
90
F0
C0
C0
C0
C0
C0
C0
C0
ENDCHAR
STARTCHAR uniAB48
ENCODING 43848
SWIDTH 592 0
DWIDTH 9 0
BBX 8 9 1 0
BITMAP
9B
FF
C0
C0
C0
C0
C0
C0
C0
ENDCHAR
STARTCHAR uniAB49
ENCODING 43849
SWIDTH 482 0
DWIDTH 8 0
BBX 7 9 0 0
BITMAP
36
3E
30
30
30
30
F8
B0
E0
ENDCHAR
STARTCHAR uniAB4A
ENCODING 43850
SWIDTH 660 0
DWIDTH 11 0
BBX 10 9 0 0
BITMAP
36C0
3FC0
3000
3000
3000
3000
F800
B000
E000
ENDCHAR
STARTCHAR uniAB4B
ENCODING 43851
SWIDTH 439 0
DWIDTH 7 0
BBX 6 9 0 0
BITMAP
84
7C
0C
0C
0C
0C
0C
0C
0C
ENDCHAR
STARTCHAR uniAB4C
ENCODING 43852
SWIDTH 632 0
DWIDTH 10 0
BBX 10 9 0 0
BITMAP
8C00
7C00
0C00
0C00
0F80
0CC0
0CC0
0CC0
0780
ENDCHAR
STARTCHAR uniAB4D
ENCODING 43853
SWIDTH 358 0
DWIDTH 6 0
BBX 6 12 0 0
BITMAP
1C
30
30
30
30
30
30
30
30
30
30
E0
ENDCHAR
STARTCHAR uniAB4E
ENCODING 43854
SWIDTH 617 0
DWIDTH 10 0
BBX 8 9 1 0
BITMAP
C0
C0
C0
C0
C3
C3
C3
47
7F
ENDCHAR
STARTCHAR uniAB4F
ENCODING 43855
SWIDTH 617 0
DWIDTH 10 0
BBX 10 9 0 0
BITMAP
6000
6000
6000
6000
FFC0
6180
6180
2380
3F80
ENDCHAR
STARTCHAR uniAB50
ENCODING 43856
SWIDTH 922 0
DWIDTH 15 0
BBX 12 9 1 0
BITMAP
C210
C610
C010
C210
C210
C210
C610
C730
7BD0
ENDCHAR
STARTCHAR uniAB51
ENCODING 43857
SWIDTH 922 0
DWIDTH 15 0
BBX 12 9 1 0
BITMAP
9CE0
E7B0
C210
C210
C210
C210
C010
C210
C210
ENDCHAR
STARTCHAR uniAB52
ENCODING 43858
SWIDTH 678 0
DWIDTH 11 0
BBX 9 9 0 0
BITMAP
E080
A080
3080
3080
3080
3080
3080
3180
1E80
ENDCHAR
STARTCHAR uniAB53
ENCODING 43859
SWIDTH 551 0
DWIDTH 9 0
BBX 9 13 0 -4
BITMAP
C080
E180
2100
3300
1200
1C00
0C00
0C00
1400
3600
2200
6300
C180
ENDCHAR
STARTCHAR uniAB54
ENCODING 43860
SWIDTH 583 0
DWIDTH 9 0
BBX 10 13 0 -4
BITMAP
C100
E300
2200
3600
1400
1C00
1800
1C00
3400
27C0
6640
4240
C180
ENDCHAR
STARTCHAR uniAB55
ENCODING 43861
SWIDTH 559 0
DWIDTH 9 0
BBX 9 13 0 -4
BITMAP
6180
6100
3200
1600
1400
1C00
0800
1C00
1400
3600
A600
E300
C180
ENDCHAR
STARTCHAR uniAB56
ENCODING 43862
SWIDTH 626 0
DWIDTH 10 0
BBX 10 9 0 0
BITMAP
C300
6200
2600
1C00
1800
1D80
3640
6240
C380
ENDCHAR
STARTCHAR uniAB57
ENCODING 43863
SWIDTH 530 0
DWIDTH 8 0
BBX 10 13 -2 -4
BITMAP
30C0
1880
0980
0700
0600
0700
0D00
0880
10C0
3000
2000
4000
C000
ENDCHAR
STARTCHAR uniAB58
ENCODING 43864
SWIDTH 626 0
DWIDTH 10 0
BBX 12 13 -2 -4
BITMAP
30C0
1880
0980
0700
0600
0760
0D90
0890
10E0
3000
2000
4000
C000
ENDCHAR
STARTCHAR uniAB59
ENCODING 43865
SWIDTH 530 0
DWIDTH 8 0
BBX 10 13 -2 -4
BITMAP
30C0
1880
0980
0700
0600
0700
0D00
0880
18C0
3000
A000
E000
C000
ENDCHAR
STARTCHAR uniAB5A
ENCODING 43866
SWIDTH 510 0
DWIDTH 8 0
BBX 7 13 0 -4
BITMAP
C0
C0
40
60
26
24
3C
18
18
18
10
30
E0
ENDCHAR
STARTCHAR uniAB5B
ENCODING 43867
SWIDTH 584 0
DWIDTH 9 0
BBX 5 5 2 7
BITMAP
88
78
00
70
C8
ENDCHAR
STARTCHAR uniAB5C
ENCODING 43868
SWIDTH 401 0
DWIDTH 6 0
BBX 5 10 1 2
BITMAP
80
80
F0
88
88
88
88
08
08
30
ENDCHAR
STARTCHAR uniAB5D
ENCODING 43869
SWIDTH 274 0
DWIDTH 4 0
BBX 4 7 0 5
BITMAP
20
30
70
A0
A0
20
20
ENDCHAR
STARTCHAR uniAB5E
ENCODING 43870
SWIDTH 246 0
DWIDTH 4 0
BBX 4 7 0 5
BITMAP
40
40
40
F0
40
40
40
ENDCHAR
STARTCHAR uniAB5F
ENCODING 43871
SWIDTH 441 0
DWIDTH 7 0
BBX 6 6 0 4
BITMAP
C4
44
44
44
2C
10
ENDCHAR
STARTCHAR sakhayat
ENCODING 43872
SWIDTH 933 0
DWIDTH 15 0
BBX 13 9 1 0
BITMAP
FF00
FF00
C300
C300
C3F0
C318
C308
C318
C3F0
ENDCHAR
STARTCHAR iotifiede
ENCODING 43873
SWIDTH 822 0
DWIDTH 13 0
BBX 11 9 1 0
BITMAP
C380
C6E0
CC20
CC20
FFE0
CC00
CC00
C620
C3E0
ENDCHAR
STARTCHAR uniAB62
ENCODING 43874
SWIDTH 859 0
DWIDTH 14 0
BBX 12 9 1 0
BITMAP
F1C0
9B60
0C30
0C30
07F0
0C00
0C00
0E10
F3F0
ENDCHAR
STARTCHAR uniAB63
ENCODING 43875
SWIDTH 990 0
DWIDTH 16 0
BBX 14 9 1 0
BITMAP
C3F0
C398
C30C
C30C
C304
C30C
C30C
C708
7CF0
ENDCHAR
STARTCHAR uniAB64
ENCODING 43876
SWIDTH 615 0
DWIDTH 10 0
BBX 9 9 1 0
BITMAP
3980
6F80
C200
8200
8200
8200
C200
C600
7A00
ENDCHAR
STARTCHAR uniAB65
ENCODING 43877
SWIDTH 605 0
DWIDTH 10 0
BBX 9 9 0 0
BITMAP
1C00
3300
6100
4180
4180
4180
6100
3300
F780
ENDCHAR
STARTCHAR dzdigraphretroflexhook
ENCODING 43878
SWIDTH 960 0
DWIDTH 15 0
BBX 15 15 1 -3
BITMAP
0200
0200
0200
3BFC
6FFC
C218
8210
8220
8260
C240
C680
7BFC
000C
000C
0006
ENDCHAR
STARTCHAR tsdigraphretroflexhook
ENCODING 43879
SWIDTH 759 0
DWIDTH 12 0
BBX 11 14 0 -3
BITMAP
2000
2000
7FC0
FF60
6600
6200
61C0
6060
6020
2020
3FC0
0200
0200
0380
ENDCHAR
STARTCHAR uniAB68
ENCODING 43880
SWIDTH 413 0
DWIDTH 7 0
BBX 7 9 0 0
BITMAP
08
08
08
1A
2E
08
08
18
E8
ENDCHAR
STARTCHAR uniAB69
ENCODING 43881
SWIDTH 503 0
DWIDTH 8 0
BBX 8 5 0 5
BITMAP
26
66
66
5A
99
ENDCHAR
STARTCHAR lefttackmod
ENCODING 43882
SWIDTH 300 0
DWIDTH 5 0
BBX 3 3 1 3
BITMAP
20
E0
20
ENDCHAR
STARTCHAR righttackmod
ENCODING 43883
SWIDTH 300 0
DWIDTH 5 0
BBX 3 3 1 3
BITMAP
80
E0
80
ENDCHAR
STARTCHAR f_f
ENCODING 64256
SWIDTH 688 0
DWIDTH 11 0
BBX 12 12 0 0
BITMAP
3CF0
2080
2080
79E0
FBE0
2080
2080
2080
2080
2080
2080
2080
ENDCHAR
STARTCHAR fi
ENCODING 64257
SWIDTH 602 0
DWIDTH 10 0
BBX 9 12 0 0
BITMAP
3D80
2180
2000
7980
F980
2180
2180
2180
2180
2180
2180
2180
ENDCHAR
STARTCHAR fl
ENCODING 64258
SWIDTH 602 0
DWIDTH 10 0
BBX 9 12 0 0
BITMAP
3D80
2180
2180
7980
F980
2180
2180
2180
2180
2180
2180
2180
ENDCHAR
STARTCHAR f_f_i
ENCODING 64259
SWIDTH 946 0
DWIDTH 15 0
BBX 14 12 0 0
BITMAP
3CFC
208C
2080
79EC
FBEC
208C
208C
208C
208C
208C
208C
208C
ENDCHAR
STARTCHAR f_f_l
ENCODING 64260
SWIDTH 946 0
DWIDTH 15 0
BBX 14 12 0 0
BITMAP
3CFC
208C
208C
79EC
FBEC
208C
208C
208C
208C
208C
208C
208C
ENDCHAR
STARTCHAR longs_t
ENCODING 64261
SWIDTH 673 0
DWIDTH 11 0
BBX 9 12 1 0
BITMAP
7C00
4600
C600
C780
CF80
C600
C600
C600
C600
C600
C200
C380
ENDCHAR
STARTCHAR s_t
ENCODING 64262
SWIDTH 840 0
DWIDTH 13 0
BBX 12 12 1 0
BITMAP
0780
0CC0
08C0
7CF0
C9F0
80C0
C0C0
70C0
1CC0
04C0
8CC0
F870
ENDCHAR
STARTCHAR uniFE00
ENCODING 65024
SWIDTH 0 0
DWIDTH 0 0
BBX 1 1 0 0
BITMAP
00
ENDCHAR
STARTCHAR uniFE20
ENCODING 65056
SWIDTH 0 0
DWIDTH 0 0
BBX 6 3 -6 9
BITMAP
3C
40
80
ENDCHAR
STARTCHAR uniFE21
ENCODING 65057
SWIDTH 0 0
DWIDTH 0 0
BBX 6 3 0 9
BITMAP
F0
08
04
ENDCHAR
STARTCHAR uniFE22
ENCODING 65058
SWIDTH 0 0
DWIDTH 0 0
BBX 6 2 -6 10
BITMAP
78
84
ENDCHAR
STARTCHAR uniFE23
ENCODING 65059
SWIDTH 0 0
DWIDTH 0 0
BBX 6 2 0 10
BITMAP
04
FC
ENDCHAR
STARTCHAR uniFE24
ENCODING 65060
SWIDTH 0 0
DWIDTH 0 0
BBX 5 1 0 11
BITMAP
F8
ENDCHAR
STARTCHAR uniFE25
ENCODING 65061
SWIDTH 0 0
DWIDTH 0 0
BBX 5 1 -5 11
BITMAP
F8
ENDCHAR
STARTCHAR uniFE26
ENCODING 65062
SWIDTH 0 0
DWIDTH 0 0
BBX 12 1 -6 11
BITMAP
FFF0
ENDCHAR
STARTCHAR uniFE27
ENCODING 65063
SWIDTH 0 0
DWIDTH 0 0
BBX 6 3 -6 -4
BITMAP
80
60
1C
ENDCHAR
STARTCHAR uniFE28
ENCODING 65064
SWIDTH 0 0
DWIDTH 0 0
BBX 6 3 0 -4
BITMAP
04
18
E0
ENDCHAR
STARTCHAR uniFE29
ENCODING 65065
SWIDTH 0 0
DWIDTH 0 0
BBX 6 2 -6 -3
BITMAP
78
84
ENDCHAR
STARTCHAR uniFE2A
ENCODING 65066
SWIDTH 0 0
DWIDTH 0 0
BBX 6 2 0 -4
BITMAP
EC
30
ENDCHAR
STARTCHAR uniFE2B
ENCODING 65067
SWIDTH 0 0
DWIDTH 0 0
BBX 5 1 0 -4
BITMAP
F8
ENDCHAR
STARTCHAR uniFE2C
ENCODING 65068
SWIDTH 0 0
DWIDTH 0 0
BBX 5 1 -5 -4
BITMAP
F8
ENDCHAR
STARTCHAR uniFE2D
ENCODING 65069
SWIDTH 0 0
DWIDTH 0 0
BBX 12 1 -6 -4
BITMAP
FFF0
ENDCHAR
STARTCHAR uniFE2E
ENCODING 65070
SWIDTH 0 0
DWIDTH 0 0
BBX 6 1 -2 11
BITMAP
FC
ENDCHAR
STARTCHAR uniFE2F
ENCODING 65071
SWIDTH 0 0
DWIDTH 0 0
BBX 6 2 -4 11
BITMAP
04
FC
ENDCHAR
STARTCHAR uniFEFF
ENCODING 65279
SWIDTH 0 0
DWIDTH 0 0
BBX 1 1 0 0
BITMAP
00
ENDCHAR
STARTCHAR uniFFFC
ENCODING 65532
SWIDTH 1000 0
DWIDTH 16 0
BBX 15 15 1 -3
BITMAP
DB6E
8002
8002
8002
8002
BB92
2790
A6D2
ABD2
1020
8002
8002
0000
8002
DB6E
ENDCHAR
STARTCHAR uniFFFD
ENCODING 65533
SWIDTH 1000 0
DWIDTH 16 0
BBX 14 15 1 -3
BITMAP
0300
0780
0FC0
1860
3A30
7F38
FE7C
FCFC
7CF8
3FF0
1CE0
0CC0
0780
0300
0200
ENDCHAR
STARTCHAR u10780
ENCODING 67456
SWIDTH 629 0
DWIDTH 10 0
BBX 10 5 0 5
BITMAP
2100
3300
5280
7B80
8C40
ENDCHAR
STARTCHAR u10781
ENCODING 67457
SWIDTH 209 0
DWIDTH 3 0
BBX 2 5 1 5
BITMAP
C0
80
00
00
C0
ENDCHAR
STARTCHAR u10782
ENCODING 67458
SWIDTH 209 0
DWIDTH 3 0
BBX 2 2 1 8
BITMAP
C0
80
ENDCHAR
STARTCHAR u10783
ENCODING 67459
SWIDTH 558 0
DWIDTH 9 0
BBX 8 6 0 4
BITMAP
77
09
3F
48
DD
22
ENDCHAR
STARTCHAR u10784
ENCODING 67460
SWIDTH 372 0
DWIDTH 6 0
BBX 5 5 1 5
BITMAP
F0
90
F0
98
F0
ENDCHAR
STARTCHAR u10785
ENCODING 67461
SWIDTH 406 0
DWIDTH 7 0
BBX 5 8 1 4
BITMAP
C0
80
F0
88
88
88
D0
20
ENDCHAR
STARTCHAR u10787
ENCODING 67463
SWIDTH 621 0
DWIDTH 10 0
BBX 9 8 1 4
BITMAP
0800
0800
6F80
9900
8A00
8A00
9C00
6380
ENDCHAR
STARTCHAR u10788
ENCODING 67464
SWIDTH 662 0
DWIDTH 11 0
BBX 10 9 1 3
BITMAP
0800
0800
6F80
9900
8A00
8A00
9C00
6380
00C0
ENDCHAR
STARTCHAR u10789
ENCODING 67465
SWIDTH 700 0
DWIDTH 11 0
BBX 10 8 1 4
BITMAP
0800
0800
6F80
9900
8A00
8B80
9E40
6380
ENDCHAR
STARTCHAR u1078A
ENCODING 67466
SWIDTH 652 0
DWIDTH 10 0
BBX 9 10 1 2
BITMAP
0800
0800
6F80
9900
8A00
8F00
9880
6080
0180
0E00
ENDCHAR
STARTCHAR u1078B
ENCODING 67467
SWIDTH 419 0
DWIDTH 7 0
BBX 6 10 1 2
BITMAP
08
08
68
98
88
88
98
68
08
0C
ENDCHAR
STARTCHAR u1078C
ENCODING 67468
SWIDTH 409 0
DWIDTH 7 0
BBX 6 8 1 4
BITMAP
0C
08
68
98
88
88
98
60
ENDCHAR
STARTCHAR u1078D
ENCODING 67469
SWIDTH 409 0
DWIDTH 7 0
BBX 6 10 1 2
BITMAP
0C
08
68
98
88
88
98
68
08
0C
ENDCHAR
STARTCHAR u1078E
ENCODING 67470
SWIDTH 364 0
DWIDTH 6 0
BBX 4 6 1 4
BITMAP
60
90
F0
10
B0
40
ENDCHAR
STARTCHAR u1078F
ENCODING 67471
SWIDTH 397 0
DWIDTH 6 0
BBX 5 6 1 4
BITMAP
70
88
B0
88
98
60
ENDCHAR
STARTCHAR u10790
ENCODING 67472
SWIDTH 568 0
DWIDTH 9 0
BBX 8 10 0 2
BITMAP
30
40
F6
59
51
51
51
01
01
03
ENDCHAR
STARTCHAR u10791
ENCODING 67473
SWIDTH 329 0
DWIDTH 5 0
BBX 5 5 0 5
BITMAP
88
50
20
30
70
ENDCHAR
STARTCHAR u10792
ENCODING 67474
SWIDTH 362 0
DWIDTH 6 0
BBX 4 6 1 4
BITMAP
70
80
A0
90
90
60
ENDCHAR
STARTCHAR u10793
ENCODING 67475
SWIDTH 409 0
DWIDTH 7 0
BBX 6 10 1 2
BITMAP
0C
08
68
98
88
88
98
68
10
E0
ENDCHAR
STARTCHAR u10794
ENCODING 67476
SWIDTH 385 0
DWIDTH 6 0
BBX 5 8 1 4
BITMAP
08
10
70
80
A0
90
90
60
ENDCHAR
STARTCHAR u10795
ENCODING 67477
SWIDTH 400 0
DWIDTH 6 0
BBX 6 7 0 5
BITMAP
40
F0
78
48
44
44
44
ENDCHAR
STARTCHAR u10796
ENCODING 67478
SWIDTH 414 0
DWIDTH 7 0
BBX 5 5 1 5
BITMAP
88
88
F8
88
88
ENDCHAR
STARTCHAR u10797
ENCODING 67479
SWIDTH 404 0
DWIDTH 6 0
BBX 5 10 1 2
BITMAP
C0
80
F0
88
88
88
88
08
08
10
ENDCHAR
STARTCHAR u10798
ENCODING 67480
SWIDTH 206 0
DWIDTH 3 0
BBX 3 10 0 2
BITMAP
60
40
40
40
E0
40
40
40
40
C0
ENDCHAR
STARTCHAR u10799
ENCODING 67481
SWIDTH 431 0
DWIDTH 7 0
BBX 5 8 1 4
BITMAP
80
80
B8
C0
B0
88
C8
30
ENDCHAR
STARTCHAR u1079A
ENCODING 67482
SWIDTH 389 0
DWIDTH 6 0
BBX 5 7 1 5
BITMAP
80
80
F8
90
90
A0
F8
ENDCHAR
STARTCHAR u1079B
ENCODING 67483
SWIDTH 221 0
DWIDTH 4 0
BBX 4 7 0 5
BITMAP
40
40
40
C0
70
40
40
ENDCHAR
STARTCHAR u1079C
ENCODING 67484
SWIDTH 347 0
DWIDTH 6 0
BBX 5 5 0 5
BITMAP
20
60
A0
70
38
ENDCHAR
STARTCHAR u1079D
ENCODING 67485
SWIDTH 251 0
DWIDTH 4 0
BBX 4 9 0 3
BITMAP
20
20
60
A0
70
20
20
20
30
ENDCHAR
STARTCHAR u1079E
ENCODING 67486
SWIDTH 427 0
DWIDTH 7 0
BBX 5 10 1 2
BITMAP
80
80
F8
88
90
B0
88
08
08
70
ENDCHAR
STARTCHAR u1079F
ENCODING 67487
SWIDTH 427 0
DWIDTH 7 0
BBX 5 10 1 2
BITMAP
80
80
F8
90
A0
98
88
F8
80
C0
ENDCHAR
STARTCHAR u107A0
ENCODING 67488
SWIDTH 331 0
DWIDTH 5 0
BBX 5 7 0 5
BITMAP
18
20
20
30
50
50
88
ENDCHAR
STARTCHAR u107A1
ENCODING 67489
SWIDTH 331 0
DWIDTH 5 0
BBX 5 7 0 5
BITMAP
18
E0
78
30
50
50
88
ENDCHAR
STARTCHAR u107A2
ENCODING 67490
SWIDTH 394 0
DWIDTH 6 0
BBX 5 6 1 4
BITMAP
78
90
A8
C8
90
E0
ENDCHAR
STARTCHAR u107A3
ENCODING 67491
SWIDTH 564 0
DWIDTH 9 0
BBX 7 6 1 4
BITMAP
6E
98
8E
88
98
66
ENDCHAR
STARTCHAR u107A4
ENCODING 67492
SWIDTH 508 0
DWIDTH 8 0
BBX 7 6 1 4
BITMAP
78
84
92
92
B4
48
ENDCHAR
STARTCHAR u107A5
ENCODING 67493
SWIDTH 399 0
DWIDTH 6 0
BBX 5 8 1 2
BITMAP
68
98
88
88
98
68
08
08
ENDCHAR
STARTCHAR u107A6
ENCODING 67494
SWIDTH 268 0
DWIDTH 4 0
BBX 3 8 0 4
BITMAP
20
20
20
20
20
20
60
80
ENDCHAR
STARTCHAR u107A7
ENCODING 67495
SWIDTH 304 0
DWIDTH 5 0
BBX 5 10 0 2
BITMAP
20
20
20
20
20
20
60
A0
20
18
ENDCHAR
STARTCHAR u107A8
ENCODING 67496
SWIDTH 259 0
DWIDTH 4 0
BBX 3 8 1 2
BITMAP
E0
80
80
80
80
80
80
40
ENDCHAR
STARTCHAR u107A9
ENCODING 67497
SWIDTH 213 0
DWIDTH 3 0
BBX 2 5 1 5
BITMAP
C0
80
80
80
80
ENDCHAR
STARTCHAR u107AA
ENCODING 67498
SWIDTH 375 0
DWIDTH 6 0
BBX 5 5 1 5
BITMAP
F0
90
90
E0
98
ENDCHAR
STARTCHAR u107AB
ENCODING 67499
SWIDTH 555 0
DWIDTH 9 0
BBX 9 7 0 4
BITMAP
4000
E700
4800
4800
4F00
4D80
3200
ENDCHAR
STARTCHAR u107AC
ENCODING 67500
SWIDTH 486 0
DWIDTH 8 0
BBX 7 6 0 5
BITMAP
40
FE
50
4C
42
7E
ENDCHAR
STARTCHAR u107AD
ENCODING 67501
SWIDTH 486 0
DWIDTH 8 0
BBX 7 8 0 3
BITMAP
40
FE
50
4C
42
42
3C
0C
ENDCHAR
STARTCHAR u107AE
ENCODING 67502
SWIDTH 350 0
DWIDTH 6 0
BBX 6 10 0 2
BITMAP
0C
50
F0
50
50
50
50
30
10
30
ENDCHAR
STARTCHAR u107AF
ENCODING 67503
SWIDTH 230 0
DWIDTH 4 0
BBX 4 9 0 2
BITMAP
40
E0
40
40
40
40
40
40
30
ENDCHAR
STARTCHAR u107B0
ENCODING 67504
SWIDTH 349 0
DWIDTH 6 0
BBX 6 5 0 5
BITMAP
8C
88
50
50
30
ENDCHAR
STARTCHAR u107B2
ENCODING 67506
SWIDTH 308 0
DWIDTH 5 0
BBX 5 5 0 5
BITMAP
88
50
60
20
20
ENDCHAR
STARTCHAR u107B3
ENCODING 67507
SWIDTH 268 0
DWIDTH 4 0
BBX 4 7 0 5
BITMAP
F0
10
10
30
40
E0
40
ENDCHAR
STARTCHAR u107B4
ENCODING 67508
SWIDTH 286 0
DWIDTH 5 0
BBX 4 7 0 5
BITMAP
70
80
80
40
20
70
20
ENDCHAR
STARTCHAR u107B5
ENCODING 67509
SWIDTH 508 0
DWIDTH 8 0
BBX 6 8 1 4
BITMAP
30
CC
84
94
B4
84
CC
30
ENDCHAR
STARTCHAR u107B6
ENCODING 67510
SWIDTH 219 0
DWIDTH 4 0
BBX 1 7 1 5
BITMAP
80
80
80
80
80
80
80
ENDCHAR
STARTCHAR u107B7
ENCODING 67511
SWIDTH 361 0
DWIDTH 6 0
BBX 3 7 1 5
BITMAP
A0
A0
A0
A0
A0
A0
A0
ENDCHAR
STARTCHAR u107B8
ENCODING 67512
SWIDTH 335 0
DWIDTH 5 0
BBX 4 7 1 5
BITMAP
40
40
F0
40
F0
40
40
ENDCHAR
STARTCHAR u107B9
ENCODING 67513
SWIDTH 218 0
DWIDTH 3 0
BBX 2 9 1 2
BITMAP
80
80
80
80
00
80
80
80
40
ENDCHAR
STARTCHAR u107BA
ENCODING 67514
SWIDTH 317 0
DWIDTH 5 0
BBX 5 6 0 4
BITMAP
78
40
70
68
98
68
ENDCHAR
STARTCHAR uni1DF00
ENCODING 122624
SWIDTH 898 0
DWIDTH 14 0
BBX 13 16 0 -4
BITMAP
3FE0
2000
2000
7E60
FFB8
2308
2208
2208
2208
2208
2208
2208
0008
0008
0018
0030
ENDCHAR
STARTCHAR uni1DF01
ENCODING 122625
SWIDTH 614 0
DWIDTH 10 0
BBX 8 13 1 -4
BITMAP
9C
F6
C3
C3
C3
C3
C3
E2
FE
C0
40
62
3E
ENDCHAR
STARTCHAR uni1DF02
ENCODING 122626
SWIDTH 593 0
DWIDTH 9 0
BBX 8 9 1 0
BITMAP
FC
86
82
83
F3
03
02
86
FC
ENDCHAR
STARTCHAR uni1DF03
ENCODING 122627
SWIDTH 534 0
DWIDTH 9 0
BBX 7 12 0 0
BITMAP
02
02
02
C2
62
32
1A
0E
16
32
62
C2
ENDCHAR
STARTCHAR uni1DF04
ENCODING 122628
SWIDTH 523 0
DWIDTH 8 0
BBX 8 9 0 0
BITMAP
10
10
50
F0
D0
7C
10
10
1F
ENDCHAR
STARTCHAR uni1DF05
ENCODING 122629
SWIDTH 657 0
DWIDTH 11 0
BBX 9 16 1 -4
BITMAP
C000
C000
C000
FF80
FF00
C200
C400
DC00
DF00
C180
C080
C180
DF00
C000
C000
7000
ENDCHAR
STARTCHAR uni1DF06
ENCODING 122630
SWIDTH 509 0
DWIDTH 8 0
BBX 8 12 0 0
BITMAP
07
7C
58
7E
3E
3C
24
24
66
42
43
C3
ENDCHAR
STARTCHAR uni1DF07
ENCODING 122631
SWIDTH 618 0
DWIDTH 10 0
BBX 8 13 1 -4
BITMAP
3B
6F
C3
C3
C3
C3
C3
C3
C3
C0
C0
C0
70
ENDCHAR
STARTCHAR uni1DF08
ENCODING 122632
SWIDTH 424 0
DWIDTH 7 0
BBX 7 16 0 -4
BITMAP
08
08
08
08
08
08
08
08
08
08
18
E8
08
08
0C
06
ENDCHAR
STARTCHAR uni1DF09
ENCODING 122633
SWIDTH 344 0
DWIDTH 6 0
BBX 5 16 0 -4
BITMAP
38
20
60
78
F8
60
60
60
60
60
60
60
60
60
20
18
ENDCHAR
STARTCHAR uni1DF0A
ENCODING 122634
SWIDTH 269 0
DWIDTH 4 0
BBX 4 15 1 -4
BITMAP
C0
C0
C0
C0
40
40
40
40
00
C0
C0
40
40
60
30
ENDCHAR
STARTCHAR uni1DF0B
ENCODING 122635
SWIDTH 258 0
DWIDTH 4 0
BBX 5 16 0 -4
BITMAP
38
60
60
60
60
60
F0
60
F0
60
60
60
60
60
60
C0
ENDCHAR
STARTCHAR uni1DF0C
ENCODING 122636
SWIDTH 258 0
DWIDTH 4 0
BBX 7 16 -2 -4
BITMAP
0E
18
18
18
18
18
3C
18
3C
18
18
18
7C
D8
D8
70
ENDCHAR
STARTCHAR uni1DF0D
ENCODING 122637
SWIDTH 361 0
DWIDTH 6 0
BBX 6 13 0 -4
BITMAP
E0
B0
10
10
10
10
10
10
FC
10
FC
90
F0
ENDCHAR
STARTCHAR uni1DF0E
ENCODING 122638
SWIDTH 481 0
DWIDTH 8 0
BBX 7 13 0 -1
BITMAP
10
10
10
10
10
18
04
02
72
DA
C6
7E
02
ENDCHAR
STARTCHAR uni1DF0F
ENCODING 122639
SWIDTH 518 0
DWIDTH 8 0
BBX 7 13 1 -4
BITMAP
1C
7C
40
40
C0
C0
C0
C0
C0
FE
62
66
9C
ENDCHAR
STARTCHAR uni1DF10
ENCODING 122640
SWIDTH 534 0
DWIDTH 9 0
BBX 7 9 0 0
BITMAP
C2
62
22
32
1E
1A
12
22
E2
ENDCHAR
STARTCHAR uni1DF11
ENCODING 122641
SWIDTH 413 0
DWIDTH 7 0
BBX 5 12 1 0
BITMAP
C0
C0
C0
D8
F8
C0
C0
C0
C0
C0
C0
C0
ENDCHAR
STARTCHAR uni1DF12
ENCODING 122642
SWIDTH 1177 0
DWIDTH 19 0
BBX 18 16 1 -4
BITMAP
020000
020000
020000
3BFC00
6FFC00
C21800
823000
826000
826000
C23800
C60C00
7A07C0
0004C0
000CC0
011980
00F000
ENDCHAR
STARTCHAR uni1DF13
ENCODING 122643
SWIDTH 350 0
DWIDTH 6 0
BBX 5 15 0 -3
BITMAP
30
30
30
30
F0
B0
F8
30
30
30
30
30
10
10
30
ENDCHAR
STARTCHAR uni1DF14
ENCODING 122644
SWIDTH 782 0
DWIDTH 13 0
BBX 11 13 1 -4
BITMAP
DC00
F600
C300
C300
C300
C300
C300
C300
C3E0
0320
0320
02E0
0E00
ENDCHAR
STARTCHAR uni1DF15
ENCODING 122645
SWIDTH 460 0
DWIDTH 7 0
BBX 6 12 0 -3
BITMAP
08
08
08
08
08
08
18
18
EC
04
04
1C
ENDCHAR
STARTCHAR uni1DF16
ENCODING 122646
SWIDTH 343 0
DWIDTH 5 0
BBX 4 12 1 -3
BITMAP
30
70
C0
C0
C0
C0
C0
C0
C0
40
40
C0
ENDCHAR
STARTCHAR uni1DF17
ENCODING 122647
SWIDTH 668 0
DWIDTH 11 0
BBX 10 16 0 -4
BITMAP
0380
2600
2600
7E00
FE00
6600
6600
6600
6600
6600
2600
3FC0
0640
0640
06C0
0C00
ENDCHAR
STARTCHAR uni1DF18
ENCODING 122648
SWIDTH 700 0
DWIDTH 11 0
BBX 11 13 0 -4
BITMAP
FE00
FE00
0400
0800
1000
3000
1C00
0200
03E0
0220
0220
CEE0
7800
ENDCHAR
STARTCHAR u1DF19
ENCODING 122649
SWIDTH 981 0
DWIDTH 16 0
BBX 14 17 1 -5
BITMAP
0200
0200
0200
3BFC
6FFC
C218
8230
8240
8278
C20C
C604
7A04
000C
01F8
0100
01C0
00C0
ENDCHAR
STARTCHAR uni1DF1A
ENCODING 122650
SWIDTH 258 0
DWIDTH 4 0
BBX 5 15 0 -3
BITMAP
60
60
00
60
60
60
60
F0
60
60
60
60
20
30
18
ENDCHAR
STARTCHAR uni1DF1B
ENCODING 122651
SWIDTH 606 0
DWIDTH 10 0
BBX 8 13 1 -4
BITMAP
38
6E
C2
83
83
83
C3
46
3C
20
20
30
1C
ENDCHAR
STARTCHAR uni1DF1C
ENCODING 122652
SWIDTH 509 0
DWIDTH 8 0
BBX 9 16 0 -4
BITMAP
0380
2600
2600
7E00
FE00
6600
6600
6600
6600
6600
2600
3E00
0600
0C00
0800
0C00
ENDCHAR
STARTCHAR u1DF1D
ENCODING 122653
SWIDTH 481 0
DWIDTH 8 0
BBX 8 13 1 -4
BITMAP
3C
7C
C0
80
80
80
C0
44
7C
04
04
05
07
ENDCHAR
STARTCHAR u1DF1E
ENCODING 122654
SWIDTH 506 0
DWIDTH 8 0
BBX 7 10 0 -1
BITMAP
1C
66
60
30
1C
26
7A
CE
7E
02
ENDCHAR
STARTCHAR .notdef
ENCODING -1
SWIDTH 600 0
DWIDTH 10 0
BBX 7 11 1 0
BITMAP
FE
82
82
82
82
82
82
82
82
82
FE
ENDCHAR
STARTCHAR cyrillicbreve
ENCODING -1
SWIDTH 0 0
DWIDTH 0 0
BBX 5 2 0 10
BITMAP
88
70
ENDCHAR
STARTCHAR Eng.alt1
ENCODING -1
SWIDTH 721 0
DWIDTH 12 0
BBX 8 15 2 -3
BITMAP
18
FE
C3
81
81
81
81
81
81
81
81
81
01
03
0E
ENDCHAR
STARTCHAR Eng.alt2
ENCODING -1
SWIDTH 760 0
DWIDTH 12 0
BBX 9 14 2 -3
BITMAP
C180
C180
E180
B180
9180
8980
8D80
8580
8380
8380
8180
0180
0100
0F00
ENDCHAR
STARTCHAR Eng.alt3
ENCODING -1
SWIDTH 710 0
DWIDTH 11 0
BBX 9 12 1 0
BITMAP
0C00
FF00
E180
C180
C080
C080
0080
0080
C080
4180
6300
3E00
ENDCHAR
STARTCHAR uni030103060308
ENCODING -1
SWIDTH 0 0
DWIDTH 0 0
BBX 5 5 1 10
BITMAP
30
C8
F0
00
90
ENDCHAR
STARTCHAR uni030003060308
ENCODING -1
SWIDTH 0 0
DWIDTH 0 0
BBX 5 5 1 10
BITMAP
C0
A8
F0
00
90
ENDCHAR
STARTCHAR uni030103040308
ENCODING -1
SWIDTH 0 0
DWIDTH 0 0
BBX 5 5 1 10
BITMAP
30
40
F8
00
90
ENDCHAR
STARTCHAR uni030003040308
ENCODING -1
SWIDTH 0 0
DWIDTH 0 0
BBX 5 5 1 10
BITMAP
C0
20
F8
00
90
ENDCHAR
STARTCHAR uni013B.loclMAH
ENCODING -1
SWIDTH 524 0
DWIDTH 8 0
BBX 6 15 2 -4
BITMAP
80
80
80
80
80
80
80
80
80
80
FC
20
30
10
70
ENDCHAR
STARTCHAR uni0145.loclMAH
ENCODING -1
SWIDTH 760 0
DWIDTH 12 0
BBX 9 15 2 -4
BITMAP
C180
C180
E180
B180
9180
9980
8D80
8580
8780
8380
8180
1000
1800
0800
3800
ENDCHAR
STARTCHAR Aogonek.loclNAV
ENCODING -1
SWIDTH 639 0
DWIDTH 10 0
BBX 10 15 0 -4
BITMAP
0C00
0E00
1A00
1200
1300
3100
3F00
6180
4080
40C0
C040
0C00
0800
0A00
0400
ENDCHAR
STARTCHAR Eogonek.loclNAV
ENCODING -1
SWIDTH 556 0
DWIDTH 9 0
BBX 6 15 2 -4
BITMAP
FC
80
80
80
FC
FC
80
80
80
80
FC
20
20
28
10
ENDCHAR
STARTCHAR Iogonek.loclNAV
ENCODING -1
SWIDTH 339 0
DWIDTH 5 0
BBX 4 15 1 -4
BITMAP
F0
40
40
40
40
40
40
40
40
40
F0
40
40
50
20
ENDCHAR
STARTCHAR Uogonek.loclNAV
ENCODING -1
SWIDTH 731 0
DWIDTH 12 0
BBX 9 15 1 -4
BITMAP
C080
C080
C080
C080
C080
C080
C080
C080
4080
6180
3E00
0800
0800
0A00
0400
ENDCHAR
STARTCHAR I.salt
ENCODING -1
SWIDTH 285 0
DWIDTH 5 0
BBX 1 11 2 0
BITMAP
80
80
80
80
80
80
80
80
80
80
80
ENDCHAR
STARTCHAR IJ.salt
ENCODING -1
SWIDTH 698 0
DWIDTH 11 0
BBX 8 11 2 0
BITMAP
81
81
81
81
81
81
81
81
81
83
9E
ENDCHAR
STARTCHAR Iacute.salt
ENCODING -1
SWIDTH 285 0
DWIDTH 5 0
BBX 3 15 2 0
BITMAP
60
80
00
00
80
80
80
80
80
80
80
80
80
80
80
ENDCHAR
STARTCHAR Ibreve.salt
ENCODING -1
SWIDTH 285 0
DWIDTH 5 0
BBX 5 15 0 0
BITMAP
88
F0
00
00
20
20
20
20
20
20
20
20
20
20
20
ENDCHAR
STARTCHAR uni01CF.salt
ENCODING -1
SWIDTH 285 0
DWIDTH 5 0
BBX 5 15 0 0
BITMAP
D8
70
00
00
20
20
20
20
20
20
20
20
20
20
20
ENDCHAR
STARTCHAR Icircumflex.salt
ENCODING -1
SWIDTH 285 0
DWIDTH 5 0
BBX 5 15 0 0
BITMAP
70
D8
00
00
20
20
20
20
20
20
20
20
20
20
20
ENDCHAR
STARTCHAR uni0208.salt
ENCODING -1
SWIDTH 285 0
DWIDTH 5 0
BBX 5 15 -1 0
BITMAP
D0
48
20
00
10
10
10
10
10
10
10
10
10
10
10
ENDCHAR
STARTCHAR Idieresis.salt
ENCODING -1
SWIDTH 285 0
DWIDTH 5 0
BBX 5 15 0 0
BITMAP
48
D8
00
00
20
20
20
20
20
20
20
20
20
20
20
ENDCHAR
STARTCHAR uni1E2E.salt
ENCODING -1
SWIDTH 285 0
DWIDTH 5 0
BBX 5 17 0 0
BITMAP
18
30
40
90
90
00
20
20
20
20
20
20
20
20
20
20
20
ENDCHAR
STARTCHAR Idotaccent.salt
ENCODING -1
SWIDTH 285 0
DWIDTH 5 0
BBX 1 15 2 0
BITMAP
80
80
00
00
80
80
80
80
80
80
80
80
80
80
80
ENDCHAR
STARTCHAR uni1ECA.salt
ENCODING -1
SWIDTH 285 0
DWIDTH 5 0
BBX 2 14 1 -3
BITMAP
40
40
40
40
40
40
40
40
40
40
40
00
C0
40
ENDCHAR
STARTCHAR Igrave.salt
ENCODING -1
SWIDTH 285 0
DWIDTH 5 0
BBX 3 15 1 0
BITMAP
C0
60
00
00
40
40
40
40
40
40
40
40
40
40
40
ENDCHAR
STARTCHAR uni1EC8.salt
ENCODING -1
SWIDTH 285 0
DWIDTH 5 0
BBX 3 16 1 0
BITMAP
C0
20
60
40
00
40
40
40
40
40
40
40
40
40
40
40
ENDCHAR
STARTCHAR uni020A.salt
ENCODING -1
SWIDTH 285 0
DWIDTH 5 0
BBX 5 15 -1 0
BITMAP
38
48
80
00
10
10
10
10
10
10
10
10
10
10
10
ENDCHAR
STARTCHAR Imacron.salt
ENCODING -1
SWIDTH 285 0
DWIDTH 5 0
BBX 4 14 0 0
BITMAP
F0
00
00
20
20
20
20
20
20
20
20
20
20
20
ENDCHAR
STARTCHAR Iogonek.salt
ENCODING -1
SWIDTH 285 0
DWIDTH 5 0
BBX 2 15 1 -4
BITMAP
40
40
40
40
40
40
40
40
40
40
40
80
80
C0
40
ENDCHAR
STARTCHAR Iogonek_loclNAV.salt
ENCODING -1
SWIDTH 285 0
DWIDTH 5 0
BBX 2 15 1 -4
BITMAP
40
40
40
40
40
40
40
40
40
40
40
80
80
C0
40
ENDCHAR
STARTCHAR Itilde.salt
ENCODING -1
SWIDTH 285 0
DWIDTH 5 0
BBX 6 15 0 0
BITMAP
44
B8
00
00
20
20
20
20
20
20
20
20
20
20
20
ENDCHAR
STARTCHAR uni1E2C.salt
ENCODING -1
SWIDTH 285 0
DWIDTH 5 0
BBX 6 14 0 -3
BITMAP
20
20
20
20
20
20
20
20
20
20
20
00
44
B8
ENDCHAR
STARTCHAR J.salt
ENCODING -1
SWIDTH 413 0
DWIDTH 7 0
BBX 5 11 0 0
BITMAP
08
08
08
08
08
08
08
08
08
18
F0
ENDCHAR
STARTCHAR Jcircumflex.salt
ENCODING -1
SWIDTH 413 0
DWIDTH 7 0
BBX 7 15 0 0
BITMAP
1C
36
00
00
08
08
08
08
08
08
08
08
08
18
F0
ENDCHAR
STARTCHAR uni01C7.salt
ENCODING -1
SWIDTH 937 0
DWIDTH 15 0
BBX 11 11 2 0
BITMAP
8020
8020
8020
8020
8020
8020
8020
8020
8020
8060
FFC0
ENDCHAR
STARTCHAR uni01CA.salt
ENCODING -1
SWIDTH 1173 0
DWIDTH 19 0
BBX 15 11 2 0
BITMAP
C182
C182
E182
B182
9182
9982
8D82
8582
8782
8386
81BC
ENDCHAR
STARTCHAR uni013C.loclMAH
ENCODING -1
SWIDTH 258 0
DWIDTH 4 0
BBX 3 16 0 -4
BITMAP
60
60
60
60
60
60
60
60
60
60
60
60
40
60
20
E0
ENDCHAR
STARTCHAR uni0146.loclMAH
ENCODING -1
SWIDTH 618 0
DWIDTH 10 0
BBX 8 13 1 -4
BITMAP
DC
F6
C3
C3
C3
C3
C3
C3
C3
10
18
08
38
ENDCHAR
STARTCHAR aogonek.loclNAV
ENCODING -1
SWIDTH 561 0
DWIDTH 9 0
BBX 7 13 1 -4
BITMAP
38
6C
06
06
7E
C6
86
8E
FA
10
20
38
10
ENDCHAR
STARTCHAR eogonek.loclNAV
ENCODING -1
SWIDTH 564 0
DWIDTH 9 0
BBX 7 13 1 -4
BITMAP
38
6C
C6
82
FE
80
C0
42
3E
10
10
14
08
ENDCHAR
STARTCHAR uogonek.loclNAV
ENCODING -1
SWIDTH 618 0
DWIDTH 10 0
BBX 8 13 1 -4
BITMAP
C3
C3
C3
C3
C3
C3
C3
C7
7F
10
10
14
08
ENDCHAR
STARTCHAR i_sc.salt
ENCODING -1
SWIDTH 237 0
DWIDTH 4 0
BBX 2 9 1 0
BITMAP
C0
C0
C0
C0
C0
C0
C0
C0
C0
ENDCHAR
STARTCHAR iacute_sc.salt
ENCODING -1
SWIDTH 237 0
DWIDTH 4 0
BBX 4 13 1 0
BITMAP
30
60
C0
00
C0
C0
C0
C0
C0
C0
C0
C0
C0
ENDCHAR
STARTCHAR ibreve_sc.salt
ENCODING -1
SWIDTH 237 0
DWIDTH 4 0
BBX 5 12 -1 0
BITMAP
88
70
00
30
30
30
30
30
30
30
30
30
ENDCHAR
STARTCHAR icircumflex_sc.salt
ENCODING -1
SWIDTH 237 0
DWIDTH 4 0
BBX 5 13 -1 0
BITMAP
30
70
C8
00
30
30
30
30
30
30
30
30
30
ENDCHAR
STARTCHAR idieresis_sc.salt
ENCODING -1
SWIDTH 237 0
DWIDTH 4 0
BBX 5 12 -1 0
BITMAP
D8
48
00
30
30
30
30
30
30
30
30
30
ENDCHAR
STARTCHAR idotaccent_sc.salt
ENCODING -1
SWIDTH 237 0
DWIDTH 4 0
BBX 2 12 1 0
BITMAP
C0
40
00
C0
C0
C0
C0
C0
C0
C0
C0
C0
ENDCHAR
STARTCHAR igrave_sc.salt
ENCODING -1
SWIDTH 237 0
DWIDTH 4 0
BBX 4 13 -1 0
BITMAP
C0
60
30
00
30
30
30
30
30
30
30
30
30
ENDCHAR
STARTCHAR ij_sc.salt
ENCODING -1
SWIDTH 592 0
DWIDTH 9 0
BBX 8 9 1 0
BITMAP
C3
C3
C3
C3
C3
C3
C3
C2
DE
ENDCHAR
STARTCHAR imacron_sc.salt
ENCODING -1
SWIDTH 237 0
DWIDTH 4 0
BBX 5 11 -1 0
BITMAP
F8
00
30
30
30
30
30
30
30
30
30
ENDCHAR
STARTCHAR iogonek_sc.salt
ENCODING -1
SWIDTH 237 0
DWIDTH 4 0
BBX 3 13 0 -4
BITMAP
60
60
60
60
60
60
60
60
60
40
80
E0
40
ENDCHAR
STARTCHAR itilde_sc.salt
ENCODING -1
SWIDTH 237 0
DWIDTH 4 0
BBX 6 12 -1 0
BITMAP
E4
98
00
30
30
30
30
30
30
30
30
30
ENDCHAR
STARTCHAR j_sc.salt
ENCODING -1
SWIDTH 355 0
DWIDTH 6 0
BBX 5 9 0 0
BITMAP
18
18
18
18
18
18
18
10
F0
ENDCHAR
STARTCHAR jcircumflex_sc.salt
ENCODING -1
SWIDTH 355 0
DWIDTH 6 0
BBX 6 13 0 0
BITMAP
18
38
64
00
18
18
18
18
18
18
18
10
F0
ENDCHAR
STARTCHAR a.sc
ENCODING -1
SWIDTH 528 0
DWIDTH 8 0
BBX 8 9 0 0
BITMAP
18
1C
34
24
26
7E
43
43
C1
ENDCHAR
STARTCHAR aacute.sc
ENCODING -1
SWIDTH 528 0
DWIDTH 8 0
BBX 8 13 0 0
BITMAP
06
0C
18
00
18
1C
34
24
26
7E
43
43
C1
ENDCHAR
STARTCHAR abreve.sc
ENCODING -1
SWIDTH 528 0
DWIDTH 8 0
BBX 8 13 0 0
BITMAP
22
3C
00
00
18
1C
34
24
26
7E
43
43
C1
ENDCHAR
STARTCHAR acircumflex.sc
ENCODING -1
SWIDTH 528 0
DWIDTH 8 0
BBX 8 13 0 0
BITMAP
1C
36
00
00
18
1C
34
24
26
7E
43
43
C1
ENDCHAR
STARTCHAR adieresis.sc
ENCODING -1
SWIDTH 528 0
DWIDTH 8 0
BBX 8 12 0 0
BITMAP
36
12
00
18
1C
34
24
26
7E
43
43
C1
ENDCHAR
STARTCHAR agrave.sc
ENCODING -1
SWIDTH 528 0
DWIDTH 8 0
BBX 8 13 0 0
BITMAP
30
18
0C
00
18
1C
34
24
26
7E
43
43
C1
ENDCHAR
STARTCHAR amacron.sc
ENCODING -1
SWIDTH 528 0
DWIDTH 8 0
BBX 8 12 0 0
BITMAP
3C
00
00
18
1C
34
24
26
7E
43
43
C1
ENDCHAR
STARTCHAR aogonek.sc
ENCODING -1
SWIDTH 528 0
DWIDTH 8 0
BBX 8 13 0 -4
BITMAP
18
1C
34
24
26
7E
43
43
C1
02
02
03
01
ENDCHAR
STARTCHAR aring.sc
ENCODING -1
SWIDTH 528 0
DWIDTH 8 0
BBX 8 14 0 0
BITMAP
1C
14
1C
00
00
18
1C
34
24
26
7E
43
43
C1
ENDCHAR
STARTCHAR aringacute.sc
ENCODING -1
SWIDTH 528 0
DWIDTH 8 0
BBX 8 15 0 0
BITMAP
06
0C
08
1C
14
14
18
1C
34
24
26
7E
43
43
C1
ENDCHAR
STARTCHAR atilde.sc
ENCODING -1
SWIDTH 528 0
DWIDTH 8 0
BBX 8 13 0 0
BITMAP
11
2E
00
00
18
1C
34
24
26
7E
43
43
C1
ENDCHAR
STARTCHAR ae.sc
ENCODING -1
SWIDTH 699 0
DWIDTH 11 0
BBX 10 9 0 0
BITMAP
0FC0
1A00
1200
3200
23C0
3E00
6200
4200
C3C0
ENDCHAR
STARTCHAR aeacute.sc
ENCODING -1
SWIDTH 699 0
DWIDTH 11 0
BBX 10 13 0 0
BITMAP
0300
0600
0C00
0000
0FC0
1A00
1200
3200
23C0
3E00
6200
4200
C3C0
ENDCHAR
STARTCHAR b.sc
ENCODING -1
SWIDTH 525 0
DWIDTH 8 0
BBX 7 9 1 0
BITMAP
FC
C4
C6
CC
FC
C6
C6
C4
FC
ENDCHAR
STARTCHAR c.sc
ENCODING -1
SWIDTH 514 0
DWIDTH 8 0
BBX 7 9 1 0
BITMAP
3E
40
C0
80
80
80
C0
42
3C
ENDCHAR
STARTCHAR cacute.sc
ENCODING -1
SWIDTH 514 0
DWIDTH 8 0
BBX 7 13 1 0
BITMAP
06
0C
18
00
3E
40
C0
80
80
80
C0
42
3C
ENDCHAR
STARTCHAR ccaron.sc
ENCODING -1
SWIDTH 514 0
DWIDTH 8 0
BBX 7 13 1 0
BITMAP
36
1C
00
00
3E
40
C0
80
80
80
C0
42
3C
ENDCHAR
STARTCHAR ccedilla.sc
ENCODING -1
SWIDTH 514 0
DWIDTH 8 0
BBX 7 13 1 -4
BITMAP
3E
40
C0
80
80
80
C0
42
3C
10
18
08
38
ENDCHAR
STARTCHAR ccircumflex.sc
ENCODING -1
SWIDTH 514 0
DWIDTH 8 0
BBX 7 13 1 0
BITMAP
1C
36
00
00
3E
40
C0
80
80
80
C0
42
3C
ENDCHAR
STARTCHAR cdotaccent.sc
ENCODING -1
SWIDTH 514 0
DWIDTH 8 0
BBX 7 12 1 0
BITMAP
18
08
00
3E
40
C0
80
80
80
C0
42
3C
ENDCHAR
STARTCHAR d.sc
ENCODING -1
SWIDTH 582 0
DWIDTH 9 0
BBX 8 9 1 0
BITMAP
FC
C6
C2
C3
C3
C2
C2
C6
F8
ENDCHAR
STARTCHAR eth.sc
ENCODING -1
SWIDTH 582 0
DWIDTH 9 0
BBX 9 9 0 0
BITMAP
7E00
6300
6100
6180
F180
6100
6100
6300
7C00
ENDCHAR
STARTCHAR dcaron.sc
ENCODING -1
SWIDTH 582 0
DWIDTH 9 0
BBX 8 13 1 0
BITMAP
6C
38
00
00
FC
C6
C2
C3
C3
C2
C2
C6
F8
ENDCHAR
STARTCHAR dcroat.sc
ENCODING -1
SWIDTH 582 0
DWIDTH 9 0
BBX 9 9 0 0
BITMAP
7E00
6300
6100
6180
F180
6100
6100
6300
7C00
ENDCHAR
STARTCHAR e.sc
ENCODING -1
SWIDTH 447 0
DWIDTH 7 0
BBX 5 9 1 0
BITMAP
F8
C0
C0
C0
F8
C0
C0
C0
F8
ENDCHAR
STARTCHAR eacute.sc
ENCODING -1
SWIDTH 447 0
DWIDTH 7 0
BBX 6 13 1 0
BITMAP
0C
18
30
00
F8
C0
C0
C0
F8
C0
C0
C0
F8
ENDCHAR
STARTCHAR ebreve.sc
ENCODING -1
SWIDTH 447 0
DWIDTH 7 0
BBX 6 13 1 0
BITMAP
44
78
00
00
F8
C0
C0
C0
F8
C0
C0
C0
F8
ENDCHAR
STARTCHAR ecaron.sc
ENCODING -1
SWIDTH 447 0
DWIDTH 7 0
BBX 6 13 1 0
BITMAP
6C
38
00
00
F8
C0
C0
C0
F8
C0
C0
C0
F8
ENDCHAR
STARTCHAR ecircumflex.sc
ENCODING -1
SWIDTH 447 0
DWIDTH 7 0
BBX 6 13 1 0
BITMAP
38
6C
00
00
F8
C0
C0
C0
F8
C0
C0
C0
F8
ENDCHAR
STARTCHAR edieresis.sc
ENCODING -1
SWIDTH 447 0
DWIDTH 7 0
BBX 5 12 1 0
BITMAP
D8
48
00
F8
C0
C0
C0
F8
C0
C0
C0
F8
ENDCHAR
STARTCHAR edotaccent.sc
ENCODING -1
SWIDTH 447 0
DWIDTH 7 0
BBX 5 13 1 0
BITMAP
20
20
00
00
F8
C0
C0
C0
F8
C0
C0
C0
F8
ENDCHAR
STARTCHAR egrave.sc
ENCODING -1
SWIDTH 447 0
DWIDTH 7 0
BBX 5 13 1 0
BITMAP
C0
60
30
00
F8
C0
C0
C0
F8
C0
C0
C0
F8
ENDCHAR
STARTCHAR emacron.sc
ENCODING -1
SWIDTH 447 0
DWIDTH 7 0
BBX 5 12 1 0
BITMAP
78
00
00
F8
C0
C0
C0
F8
C0
C0
C0
F8
ENDCHAR
STARTCHAR eogonek.sc
ENCODING -1
SWIDTH 447 0
DWIDTH 7 0
BBX 5 13 1 -4
BITMAP
F8
C0
C0
C0
F8
C0
C0
C0
F8
20
20
28
10
ENDCHAR
STARTCHAR f.sc
ENCODING -1
SWIDTH 420 0
DWIDTH 7 0
BBX 5 9 1 0
BITMAP
F8
C0
C0
C0
F8
C0
C0
C0
C0
ENDCHAR
STARTCHAR g.sc
ENCODING -1
SWIDTH 592 0
DWIDTH 9 0
BBX 8 9 1 0
BITMAP
3E
40
C0
80
8F
83
C3
63
3F
ENDCHAR
STARTCHAR gbreve.sc
ENCODING -1
SWIDTH 592 0
DWIDTH 9 0
BBX 8 13 1 0
BITMAP
22
3C
00
00
3E
40
C0
80
8F
83
C3
63
3F
ENDCHAR
STARTCHAR gcircumflex.sc
ENCODING -1
SWIDTH 592 0
DWIDTH 9 0
BBX 8 13 1 0
BITMAP
1C
36
00
00
3E
40
C0
80
8F
83
C3
63
3F
ENDCHAR
STARTCHAR uni0123.sc
ENCODING -1
SWIDTH 592 0
DWIDTH 9 0
BBX 8 13 1 -4
BITMAP
3E
40
C0
80
8F
83
C3
63
3F
00
08
10
10
ENDCHAR
STARTCHAR gdotaccent.sc
ENCODING -1
SWIDTH 592 0
DWIDTH 9 0
BBX 8 12 1 0
BITMAP
18
08
00
3E
40
C0
80
8F
83
C3
63
3F
ENDCHAR
STARTCHAR h.sc
ENCODING -1
SWIDTH 599 0
DWIDTH 10 0
BBX 7 9 1 0
BITMAP
C2
C2
C2
C2
FE
C2
C2
C2
C2
ENDCHAR
STARTCHAR hbar.sc
ENCODING -1
SWIDTH 599 0
DWIDTH 10 0
BBX 10 9 0 0
BITMAP
6100
FFC0
6100
6100
7F00
6100
6100
6100
6100
ENDCHAR
STARTCHAR hcircumflex.sc
ENCODING -1
SWIDTH 599 0
DWIDTH 10 0
BBX 7 13 1 0
BITMAP
38
6C
00
00
C2
C2
C2
C2
FE
C2
C2
C2
C2
ENDCHAR
STARTCHAR i.sc
ENCODING -1
SWIDTH 291 0
DWIDTH 5 0
BBX 3 9 1 0
BITMAP
E0
40
40
40
40
40
40
40
E0
ENDCHAR
STARTCHAR iacute.sc
ENCODING -1
SWIDTH 291 0
DWIDTH 5 0
BBX 4 13 1 0
BITMAP
30
60
C0
00
E0
40
40
40
40
40
40
40
E0
ENDCHAR
STARTCHAR ibreve.sc
ENCODING -1
SWIDTH 291 0
DWIDTH 5 0
BBX 5 13 0 0
BITMAP
88
F0
00
00
70
20
20
20
20
20
20
20
70
ENDCHAR
STARTCHAR icircumflex.sc
ENCODING -1
SWIDTH 291 0
DWIDTH 5 0
BBX 5 13 0 0
BITMAP
70
D8
00
00
70
20
20
20
20
20
20
20
70
ENDCHAR
STARTCHAR idieresis.sc
ENCODING -1
SWIDTH 291 0
DWIDTH 5 0
BBX 5 12 0 0
BITMAP
D8
48
00
70
20
20
20
20
20
20
20
70
ENDCHAR
STARTCHAR i.loclTRK.sc
ENCODING -1
SWIDTH 291 0
DWIDTH 5 0
BBX 3 13 1 0
BITMAP
40
40
00
00
E0
40
40
40
40
40
40
40
E0
ENDCHAR
STARTCHAR igrave.sc
ENCODING -1
SWIDTH 291 0
DWIDTH 5 0
BBX 4 13 0 0
BITMAP
C0
60
30
00
70
20
20
20
20
20
20
20
70
ENDCHAR
STARTCHAR ij.sc
ENCODING -1
SWIDTH 526 0
DWIDTH 8 0
BBX 7 12 1 -3
BITMAP
E6
46
46
46
46
46
46
46
E6
06
1C
10
ENDCHAR
STARTCHAR imacron.sc
ENCODING -1
SWIDTH 291 0
DWIDTH 5 0
BBX 4 12 0 0
BITMAP
F0
00
00
70
20
20
20
20
20
20
20
70
ENDCHAR
STARTCHAR iogonek.sc
ENCODING -1
SWIDTH 291 0
DWIDTH 5 0
BBX 3 13 1 -4
BITMAP
E0
40
40
40
40
40
40
40
E0
80
80
A0
40
ENDCHAR
STARTCHAR itilde.sc
ENCODING -1
SWIDTH 291 0
DWIDTH 5 0
BBX 6 13 0 0
BITMAP
44
B8
00
00
70
20
20
20
20
20
20
20
70
ENDCHAR
STARTCHAR j.sc
ENCODING -1
SWIDTH 235 0
DWIDTH 4 0
BBX 4 12 -1 -3
BITMAP
30
30
30
30
30
30
30
30
30
30
E0
80
ENDCHAR
STARTCHAR jcircumflex.sc
ENCODING -1
SWIDTH 235 0
DWIDTH 4 0
BBX 6 16 -1 -3
BITMAP
38
6C
00
00
30
30
30
30
30
30
30
30
30
30
E0
80
ENDCHAR
STARTCHAR k.sc
ENCODING -1
SWIDTH 506 0
DWIDTH 8 0
BBX 7 9 1 0
BITMAP
C6
CC
D8
F0
F0
D8
C8
CC
C6
ENDCHAR
STARTCHAR uni0137.sc
ENCODING -1
SWIDTH 506 0
DWIDTH 8 0
BBX 7 13 1 -4
BITMAP
C6
CC
D8
F0
F0
D8
C8
CC
C6
00
10
20
20
ENDCHAR
STARTCHAR l.sc
ENCODING -1
SWIDTH 439 0
DWIDTH 7 0
BBX 6 9 1 0
BITMAP
C0
C0
C0
C0
C0
C0
C0
C0
FC
ENDCHAR
STARTCHAR lacute.sc
ENCODING -1
SWIDTH 439 0
DWIDTH 7 0
BBX 6 13 1 0
BITMAP
30
60
C0
00
C0
C0
C0
C0
C0
C0
C0
C0
FC
ENDCHAR
STARTCHAR lcaron.sc
ENCODING -1
SWIDTH 439 0
DWIDTH 7 0
BBX 6 9 1 0
BITMAP
CC
C8
C0
C0
C0
C0
C0
C0
FC
ENDCHAR
STARTCHAR uni013C.sc
ENCODING -1
SWIDTH 439 0
DWIDTH 7 0
BBX 6 13 1 -4
BITMAP
C0
C0
C0
C0
C0
C0
C0
C0
FC
00
10
20
20
ENDCHAR
STARTCHAR ldot.sc
ENCODING -1
SWIDTH 439 0
DWIDTH 7 0
BBX 6 9 1 0
BITMAP
C0
C0
C0
C8
C8
C0
C0
C0
FC
ENDCHAR
STARTCHAR lslash.sc
ENCODING -1
SWIDTH 439 0
DWIDTH 7 0
BBX 7 9 0 0
BITMAP
60
60
68
70
60
E0
60
60
7E
ENDCHAR
STARTCHAR m.sc
ENCODING -1
SWIDTH 736 0
DWIDTH 12 0
BBX 10 9 1 0
BITMAP
C1C0
A1C0
A1C0
A2C0
92C0
92C0
9CC0
8CC0
8CC0
ENDCHAR
STARTCHAR n.sc
ENCODING -1
SWIDTH 623 0
DWIDTH 10 0
BBX 8 9 1 0
BITMAP
C3
E3
B3
93
9B
8B
8D
87
83
ENDCHAR
STARTCHAR nacute.sc
ENCODING -1
SWIDTH 623 0
DWIDTH 10 0
BBX 8 13 1 0
BITMAP
06
0C
18
00
C3
E3
B3
93
9B
8B
8D
87
83
ENDCHAR
STARTCHAR ncaron.sc
ENCODING -1
SWIDTH 623 0
DWIDTH 10 0
BBX 8 13 1 0
BITMAP
36
1C
00
00
C3
E3
B3
93
9B
8B
8D
87
83
ENDCHAR
STARTCHAR uni0146.sc
ENCODING -1
SWIDTH 623 0
DWIDTH 10 0
BBX 8 13 1 -4
BITMAP
C3
E3
B3
93
9B
8B
8D
87
83
00
08
10
10
ENDCHAR
STARTCHAR eng.sc
ENCODING -1
SWIDTH 623 0
DWIDTH 10 0
BBX 8 12 1 -3
BITMAP
C3
E3
B3
93
9B
8D
85
87
83
03
0E
04
ENDCHAR
STARTCHAR ntilde.sc
ENCODING -1
SWIDTH 623 0
DWIDTH 10 0
BBX 8 13 1 0
BITMAP
22
5C
00
00
C3
E3
B3
93
9B
8B
8D
87
83
ENDCHAR
STARTCHAR o.sc
ENCODING -1
SWIDTH 632 0
DWIDTH 10 0
BBX 8 9 1 0
BITMAP
7E
C3
C1
81
81
81
C3
43
3E
ENDCHAR
STARTCHAR oacute.sc
ENCODING -1
SWIDTH 632 0
DWIDTH 10 0
BBX 8 13 1 0
BITMAP
06
0C
18
00
7E
C3
C1
81
81
81
C3
43
3E
ENDCHAR
STARTCHAR obreve.sc
ENCODING -1
SWIDTH 632 0
DWIDTH 10 0
BBX 8 13 1 0
BITMAP
22
3C
00
00
7E
C3
C1
81
81
81
C3
43
3E
ENDCHAR
STARTCHAR ocircumflex.sc
ENCODING -1
SWIDTH 632 0
DWIDTH 10 0
BBX 8 13 1 0
BITMAP
1C
36
00
00
7E
C3
C1
81
81
81
C3
43
3E
ENDCHAR
STARTCHAR odieresis.sc
ENCODING -1
SWIDTH 632 0
DWIDTH 10 0
BBX 8 12 1 0
BITMAP
6C
24
00
7E
C3
C1
81
81
81
C3
43
3E
ENDCHAR
STARTCHAR ograve.sc
ENCODING -1
SWIDTH 632 0
DWIDTH 10 0
BBX 8 13 1 0
BITMAP
60
30
18
00
7E
C3
C1
81
81
81
C3
43
3E
ENDCHAR
STARTCHAR ohungarumlaut.sc
ENCODING -1
SWIDTH 632 0
DWIDTH 10 0
BBX 8 13 1 0
BITMAP
1E
24
08
00
7E
C3
C1
81
81
81
C3
43
3E
ENDCHAR
STARTCHAR omacron.sc
ENCODING -1
SWIDTH 632 0
DWIDTH 10 0
BBX 8 12 1 0
BITMAP
3C
00
00
7E
C3
C1
81
81
81
C3
43
3E
ENDCHAR
STARTCHAR oslash.sc
ENCODING -1
SWIDTH 632 0
DWIDTH 10 0
BBX 8 10 1 0
BITMAP
01
7E
C3
C5
89
99
91
E1
43
FE
ENDCHAR
STARTCHAR oslashacute.sc
ENCODING -1
SWIDTH 632 0
DWIDTH 10 0
BBX 8 13 1 0
BITMAP
06
0C
18
01
7E
C3
C5
89
99
91
E1
43
FE
ENDCHAR
STARTCHAR otilde.sc
ENCODING -1
SWIDTH 632 0
DWIDTH 10 0
BBX 8 13 1 0
BITMAP
22
5C
00
00
7E
C3
C1
81
81
81
C3
43
3E
ENDCHAR
STARTCHAR oe.sc
ENCODING -1
SWIDTH 748 0
DWIDTH 12 0
BBX 10 9 1 0
BITMAP
7FC0
C600
C600
8600
87C0
8600
C600
4600
3FC0
ENDCHAR
STARTCHAR p.sc
ENCODING -1
SWIDTH 491 0
DWIDTH 8 0
BBX 6 9 1 0
BITMAP
F8
CC
C4
C4
FC
E0
C0
C0
C0
ENDCHAR
STARTCHAR thorn.sc
ENCODING -1
SWIDTH 491 0
DWIDTH 8 0
BBX 6 9 1 0
BITMAP
C0
C0
FC
C4
C4
C4
F8
C0
C0
ENDCHAR
STARTCHAR q.sc
ENCODING -1
SWIDTH 632 0
DWIDTH 10 0
BBX 8 11 1 -2
BITMAP
7E
C3
C1
81
81
81
C1
43
3C
04
07
ENDCHAR
STARTCHAR r.sc
ENCODING -1
SWIDTH 510 0
DWIDTH 8 0
BBX 7 9 1 0
BITMAP
F8
CC
C4
C4
F8
D8
C8
C4
C6
ENDCHAR
STARTCHAR racute.sc
ENCODING -1
SWIDTH 510 0
DWIDTH 8 0
BBX 7 13 1 0
BITMAP
0C
18
30
00
F8
CC
C4
C4
F8
D8
C8
C4
C6
ENDCHAR
STARTCHAR rcaron.sc
ENCODING -1
SWIDTH 510 0
DWIDTH 8 0
BBX 7 13 1 0
BITMAP
6C
38
00
00
F8
CC
C4
C4
F8
D8
C8
C4
C6
ENDCHAR
STARTCHAR uni0157.sc
ENCODING -1
SWIDTH 510 0
DWIDTH 8 0
BBX 7 13 1 -4
BITMAP
F8
CC
C4
C4
F8
D8
C8
C4
C6
00
10
20
20
ENDCHAR
STARTCHAR s.sc
ENCODING -1
SWIDTH 453 0
DWIDTH 7 0
BBX 6 9 1 0
BITMAP
FC
80
80
C0
78
0C
0C
88
F8
ENDCHAR
STARTCHAR sacute.sc
ENCODING -1
SWIDTH 453 0
DWIDTH 7 0
BBX 6 13 1 0
BITMAP
18
30
60
00
FC
80
80
C0
78
0C
0C
88
F8
ENDCHAR
STARTCHAR scaron.sc
ENCODING -1
SWIDTH 453 0
DWIDTH 7 0
BBX 6 13 1 0
BITMAP
D8
70
00
00
FC
80
80
C0
78
0C
0C
88
F8
ENDCHAR
STARTCHAR scedilla.sc
ENCODING -1
SWIDTH 453 0
DWIDTH 7 0
BBX 6 13 1 -4
BITMAP
FC
80
80
C0
78
0C
0C
88
F8
20
30
10
70
ENDCHAR
STARTCHAR scircumflex.sc
ENCODING -1
SWIDTH 453 0
DWIDTH 7 0
BBX 6 13 1 0
BITMAP
38
6C
00
00
FC
80
80
C0
78
0C
0C
88
F8
ENDCHAR
STARTCHAR uni0219.sc
ENCODING -1
SWIDTH 453 0
DWIDTH 7 0
BBX 6 13 1 -4
BITMAP
FC
80
80
C0
78
0C
0C
88
F8
00
10
20
20
ENDCHAR
STARTCHAR germandbls.sc
ENCODING -1
SWIDTH 599 0
DWIDTH 10 0
BBX 8 9 1 0
BITMAP
7C
C6
C4
C8
CE
C3
C3
C3
FE
ENDCHAR
STARTCHAR t.sc
ENCODING -1
SWIDTH 448 0
DWIDTH 7 0
BBX 7 9 0 0
BITMAP
FE
10
10
10
10
10
10
10
10
ENDCHAR
STARTCHAR tbar.sc
ENCODING -1
SWIDTH 448 0
DWIDTH 7 0
BBX 7 9 0 0
BITMAP
FE
10
10
10
7C
10
10
10
10
ENDCHAR
STARTCHAR tcaron.sc
ENCODING -1
SWIDTH 448 0
DWIDTH 7 0
BBX 7 13 0 0
BITMAP
6C
38
00
00
FE
10
10
10
10
10
10
10
10
ENDCHAR
STARTCHAR uni0163.sc
ENCODING -1
SWIDTH 448 0
DWIDTH 7 0
BBX 7 13 0 -4
BITMAP
FE
10
10
10
10
10
10
10
10
10
18
08
38
ENDCHAR
STARTCHAR uni021B.sc
ENCODING -1
SWIDTH 448 0
DWIDTH 7 0
BBX 7 13 0 -4
BITMAP
FE
10
10
10
10
10
10
10
10
00
08
10
10
ENDCHAR
STARTCHAR u.sc
ENCODING -1
SWIDTH 596 0
DWIDTH 10 0
BBX 7 9 1 0
BITMAP
C2
C2
C2
C2
C2
C2
C2
46
7C
ENDCHAR
STARTCHAR uacute.sc
ENCODING -1
SWIDTH 596 0
DWIDTH 10 0
BBX 7 13 1 0
BITMAP
06
0C
18
00
C2
C2
C2
C2
C2
C2
C2
46
7C
ENDCHAR
STARTCHAR ubreve.sc
ENCODING -1
SWIDTH 596 0
DWIDTH 10 0
BBX 7 13 1 0
BITMAP
22
3C
00
00
C2
C2
C2
C2
C2
C2
C2
46
7C
ENDCHAR
STARTCHAR ucircumflex.sc
ENCODING -1
SWIDTH 596 0
DWIDTH 10 0
BBX 7 13 1 0
BITMAP
38
6C
00
00
C2
C2
C2
C2
C2
C2
C2
46
7C
ENDCHAR
STARTCHAR udieresis.sc
ENCODING -1
SWIDTH 596 0
DWIDTH 10 0
BBX 7 12 1 0
BITMAP
6C
24
00
C2
C2
C2
C2
C2
C2
C2
46
7C
ENDCHAR
STARTCHAR ugrave.sc
ENCODING -1
SWIDTH 596 0
DWIDTH 10 0
BBX 7 13 1 0
BITMAP
60
30
18
00
C2
C2
C2
C2
C2
C2
C2
46
7C
ENDCHAR
STARTCHAR uhungarumlaut.sc
ENCODING -1
SWIDTH 596 0
DWIDTH 10 0
BBX 7 13 1 0
BITMAP
1E
24
08
00
C2
C2
C2
C2
C2
C2
C2
46
7C
ENDCHAR
STARTCHAR umacron.sc
ENCODING -1
SWIDTH 596 0
DWIDTH 10 0
BBX 7 12 1 0
BITMAP
3C
00
00
C2
C2
C2
C2
C2
C2
C2
46
7C
ENDCHAR
STARTCHAR uogonek.sc
ENCODING -1
SWIDTH 596 0
DWIDTH 10 0
BBX 7 13 1 -4
BITMAP
C2
C2
C2
C2
C2
C2
C2
46
7C
08
08
0A
04
ENDCHAR
STARTCHAR uring.sc
ENCODING -1
SWIDTH 596 0
DWIDTH 10 0
BBX 7 14 1 0
BITMAP
38
28
38
00
00
C2
C2
C2
C2
C2
C2
C2
46
7C
ENDCHAR
STARTCHAR utilde.sc
ENCODING -1
SWIDTH 596 0
DWIDTH 10 0
BBX 7 13 1 0
BITMAP
22
5C
00
00
C2
C2
C2
C2
C2
C2
C2
46
7C
ENDCHAR
STARTCHAR v.sc
ENCODING -1
SWIDTH 507 0
DWIDTH 8 0
BBX 8 9 0 0
BITMAP
C3
43
42
66
24
24
3C
18
18
ENDCHAR
STARTCHAR w.sc
ENCODING -1
SWIDTH 773 0
DWIDTH 12 0
BBX 12 9 0 0
BITMAP
C610
4630
4720
6520
2920
2960
29C0
38C0
10C0
ENDCHAR
STARTCHAR wacute.sc
ENCODING -1
SWIDTH 773 0
DWIDTH 12 0
BBX 12 13 0 0
BITMAP
0180
0300
0600
0000
C610
4630
4720
6520
2920
2960
29C0
38C0
10C0
ENDCHAR
STARTCHAR wcircumflex.sc
ENCODING -1
SWIDTH 773 0
DWIDTH 12 0
BBX 12 13 0 0
BITMAP
0700
0D80
0000
0000
C610
4630
4720
6520
2920
2960
29C0
38C0
10C0
ENDCHAR
STARTCHAR wdieresis.sc
ENCODING -1
SWIDTH 773 0
DWIDTH 12 0
BBX 12 12 0 0
BITMAP
1B00
0900
0000
C610
4630
4720
6520
2920
2960
29C0
38C0
10C0
ENDCHAR
STARTCHAR wgrave.sc
ENCODING -1
SWIDTH 773 0
DWIDTH 12 0
BBX 12 13 0 0
BITMAP
0C00
0600
0300
0000
C610
4630
4720
6520
2920
2960
29C0
38C0
10C0
ENDCHAR
STARTCHAR x.sc
ENCODING -1
SWIDTH 497 0
DWIDTH 8 0
BBX 8 9 0 0
BITMAP
C3
66
24
18
18
3C
24
66
C3
ENDCHAR
STARTCHAR y.sc
ENCODING -1
SWIDTH 473 0
DWIDTH 8 0
BBX 8 9 0 0
BITMAP
C3
46
64
2C
18
18
18
18
18
ENDCHAR
STARTCHAR yacute.sc
ENCODING -1
SWIDTH 473 0
DWIDTH 8 0
BBX 8 13 0 0
BITMAP
06
0C
18
01
C2
46
64
2C
18
18
18
18
18
ENDCHAR
STARTCHAR ycircumflex.sc
ENCODING -1
SWIDTH 473 0
DWIDTH 8 0
BBX 8 13 0 0
BITMAP
38
6C
00
01
C2
46
64
2C
18
18
18
18
18
ENDCHAR
STARTCHAR ydieresis.sc
ENCODING -1
SWIDTH 473 0
DWIDTH 8 0
BBX 8 12 0 0
BITMAP
6C
24
01
C2
46
64
2C
18
18
18
18
18
ENDCHAR
STARTCHAR ygrave.sc
ENCODING -1
SWIDTH 473 0
DWIDTH 8 0
BBX 8 13 0 0
BITMAP
60
30
18
01
C2
46
64
2C
18
18
18
18
18
ENDCHAR
STARTCHAR z.sc
ENCODING -1
SWIDTH 479 0
DWIDTH 8 0
BBX 7 9 0 0
BITMAP
7E
06
0C
08
18
30
20
40
FE
ENDCHAR
STARTCHAR zacute.sc
ENCODING -1
SWIDTH 479 0
DWIDTH 8 0
BBX 7 13 0 0
BITMAP
06
0C
18
00
7E
06
0C
08
18
30
20
40
FE
ENDCHAR
STARTCHAR zcaron.sc
ENCODING -1
SWIDTH 479 0
DWIDTH 8 0
BBX 7 13 0 0
BITMAP
36
1C
00
00
7E
06
0C
08
18
30
20
40
FE
ENDCHAR
STARTCHAR zdotaccent.sc
ENCODING -1
SWIDTH 479 0
DWIDTH 8 0
BBX 7 13 0 0
BITMAP
10
10
00
00
7E
06
0C
08
18
30
20
40
FE
ENDCHAR
STARTCHAR uniA7F7.salt
ENCODING -1
SWIDTH 814 0
DWIDTH 13 0
BBX 11 2 1 5
BITMAP
FFE0
FFE0
ENDCHAR
STARTCHAR uni0406.salt
ENCODING -1
SWIDTH 285 0
DWIDTH 5 0
BBX 1 11 2 0
BITMAP
80
80
80
80
80
80
80
80
80
80
80
ENDCHAR
STARTCHAR uni0407.salt
ENCODING -1
SWIDTH 285 0
DWIDTH 5 0
BBX 5 15 0 0
BITMAP
48
D8
00
00
20
20
20
20
20
20
20
20
20
20
20
ENDCHAR
STARTCHAR uni0408.salt
ENCODING -1
SWIDTH 413 0
DWIDTH 7 0
BBX 5 11 0 0
BITMAP
08
08
08
08
08
08
08
08
08
18
F0
ENDCHAR
STARTCHAR uni04C0.salt
ENCODING -1
SWIDTH 285 0
DWIDTH 5 0
BBX 1 11 2 0
BITMAP
80
80
80
80
80
80
80
80
80
80
80
ENDCHAR
STARTCHAR uni0431.loclSRB
ENCODING -1
SWIDTH 604 0
DWIDTH 10 0
BBX 8 12 1 0
BITMAP
1F
70
40
60
18
6E
C2
83
83
C3
C6
7C
ENDCHAR
STARTCHAR uni04CF.salt
ENCODING -1
SWIDTH 285 0
DWIDTH 5 0
BBX 1 11 2 0
BITMAP
80
80
80
80
80
80
80
80
80
80
80
ENDCHAR
STARTCHAR Iota.salt
ENCODING -1
SWIDTH 285 0
DWIDTH 5 0
BBX 1 11 2 0
BITMAP
80
80
80
80
80
80
80
80
80
80
80
ENDCHAR
STARTCHAR Iotatonos.salt
ENCODING -1
SWIDTH 285 0
DWIDTH 5 0
BBX 5 11 -2 0
BITMAP
C8
88
08
08
08
08
08
08
08
08
08
ENDCHAR
STARTCHAR Iotadieresis.salt
ENCODING -1
SWIDTH 285 0
DWIDTH 5 0
BBX 5 15 0 0
BITMAP
48
D8
00
00
20
20
20
20
20
20
20
20
20
20
20
ENDCHAR
STARTCHAR uni1D35.salt
ENCODING -1
SWIDTH 185 0
DWIDTH 3 0
BBX 1 6 1 5
BITMAP
80
80
80
80
80
80
ENDCHAR
STARTCHAR uni1D36.salt
ENCODING -1
SWIDTH 272 0
DWIDTH 4 0
BBX 3 7 0 4
BITMAP
20
20
20
20
20
A0
40
ENDCHAR
STARTCHAR zero.tosf
ENCODING -1
SWIDTH 547 0
DWIDTH 9 0
BBX 8 9 1 0
BITMAP
38
6E
C2
82
83
82
C2
46
7C
ENDCHAR
STARTCHAR one.tosf
ENCODING -1
SWIDTH 547 0
DWIDTH 9 0
BBX 5 9 1 0
BITMAP
18
38
E8
48
08
08
08
08
08
ENDCHAR
STARTCHAR two.tosf
ENCODING -1
SWIDTH 547 0
DWIDTH 9 0
BBX 7 9 1 0
BITMAP
38
EC
86
04
0C
18
30
C0
FE
ENDCHAR
STARTCHAR three.tosf
ENCODING -1
SWIDTH 547 0
DWIDTH 9 0
BBX 8 12 0 -3
BITMAP
38
66
02
02
06
3C
0E
03
03
02
CE
78
ENDCHAR
STARTCHAR four.tosf
ENCODING -1
SWIDTH 547 0
DWIDTH 9 0
BBX 9 12 0 -3
BITMAP
0600
0600
0A00
1A00
1200
2200
6200
4200
FF80
0200
0200
0200
ENDCHAR
STARTCHAR five.tosf
ENCODING -1
SWIDTH 547 0
DWIDTH 9 0
BBX 7 12 1 -3
BITMAP
7C
7C
40
C0
C0
FC
06
02
02
06
CC
78
ENDCHAR
STARTCHAR six.tosf
ENCODING -1
SWIDTH 547 0
DWIDTH 9 0
BBX 7 12 1 0
BITMAP
0C
3E
60
C0
80
BC
C6
82
82
C2
46
3C
ENDCHAR
STARTCHAR seven.tosf
ENCODING -1
SWIDTH 547 0
DWIDTH 9 0
BBX 8 12 0 -3
BITMAP
FF
FF
02
02
06
04
0C
08
18
10
30
20
ENDCHAR
STARTCHAR eight.tosf
ENCODING -1
SWIDTH 547 0
DWIDTH 9 0
BBX 7 12 1 0
BITMAP
18
7C
C6
C2
C6
7C
7C
C6
82
82
C6
7C
ENDCHAR
STARTCHAR nine.tosf
ENCODING -1
SWIDTH 547 0
DWIDTH 9 0
BBX 7 12 1 -3
BITMAP
38
6C
86
82
82
C6
7E
32
06
04
9C
F0
ENDCHAR
STARTCHAR zero.osf
ENCODING -1
SWIDTH 587 0
DWIDTH 9 0
BBX 8 9 1 0
BITMAP
38
6E
C2
82
83
82
C2
46
7C
ENDCHAR
STARTCHAR one.osf
ENCODING -1
SWIDTH 399 0
DWIDTH 6 0
BBX 5 9 0 0
BITMAP
18
38
E8
48
08
08
08
08
08
ENDCHAR
STARTCHAR two.osf
ENCODING -1
SWIDTH 546 0
DWIDTH 9 0
BBX 7 9 1 0
BITMAP
38
EC
86
04
0C
18
30
C0
FE
ENDCHAR
STARTCHAR three.osf
ENCODING -1
SWIDTH 534 0
DWIDTH 9 0
BBX 8 12 0 -3
BITMAP
38
66
02
02
06
3C
0E
03
03
02
CE
78
ENDCHAR
STARTCHAR four.osf
ENCODING -1
SWIDTH 568 0
DWIDTH 9 0
BBX 9 12 0 -3
BITMAP
0600
0600
0A00
1A00
1200
2200
6200
4200
FF80
0200
0200
0200
ENDCHAR
STARTCHAR five.osf
ENCODING -1
SWIDTH 559 0
DWIDTH 9 0
BBX 7 12 1 -3
BITMAP
7C
7C
40
C0
C0
FC
06
02
02
06
CC
78
ENDCHAR
STARTCHAR six.osf
ENCODING -1
SWIDTH 575 0
DWIDTH 9 0
BBX 7 12 1 0
BITMAP
0C
3E
60
C0
80
BC
C6
82
82
C2
46
3C
ENDCHAR
STARTCHAR seven.osf
ENCODING -1
SWIDTH 522 0
DWIDTH 8 0
BBX 8 12 0 -3
BITMAP
FF
FF
02
02
06
04
0C
08
18
10
30
20
ENDCHAR
STARTCHAR eight.osf
ENCODING -1
SWIDTH 572 0
DWIDTH 9 0
BBX 7 12 1 0
BITMAP
18
7C
C6
C2
C6
7C
7C
C6
82
82
C6
7C
ENDCHAR
STARTCHAR nine.osf
ENCODING -1
SWIDTH 575 0
DWIDTH 9 0
BBX 7 12 1 -3
BITMAP
38
6C
86
82
82
C6
7E
32
06
04
9C
F0
ENDCHAR
STARTCHAR zero.lf
ENCODING -1
SWIDTH 584 0
DWIDTH 9 0
BBX 7 12 1 0
BITMAP
18
7C
C6
C2
82
82
82
82
82
C2
46
3C
ENDCHAR
STARTCHAR one.lf
ENCODING -1
SWIDTH 441 0
DWIDTH 7 0
BBX 5 11 0 0
BITMAP
38
78
D8
18
18
18
18
18
18
18
18
ENDCHAR
STARTCHAR two.lf
ENCODING -1
SWIDTH 555 0
DWIDTH 9 0
BBX 7 12 1 0
BITMAP
30
FC
86
06
06
04
08
18
30
60
C0
FE
ENDCHAR
STARTCHAR three.lf
ENCODING -1
SWIDTH 572 0
DWIDTH 9 0
BBX 7 12 1 0
BITMAP
30
FC
86
06
06
7C
7C
06
02
02
86
FC
ENDCHAR
STARTCHAR four.lf
ENCODING -1
SWIDTH 572 0
DWIDTH 9 0
BBX 9 11 0 0
BITMAP
0600
0E00
0A00
1200
3200
2200
4200
FF80
0200
0200
0200
ENDCHAR
STARTCHAR five.lf
ENCODING -1
SWIDTH 572 0
DWIDTH 9 0
BBX 7 11 1 0
BITMAP
7C
40
C0
C0
FC
06
02
02
02
86
FC
ENDCHAR
STARTCHAR six.lf
ENCODING -1
SWIDTH 572 0
DWIDTH 9 0
BBX 7 12 1 0
BITMAP
0C
3E
40
C0
C0
BC
C6
82
82
C2
46
3C
ENDCHAR
STARTCHAR seven.lf
ENCODING -1
SWIDTH 511 0
DWIDTH 8 0
BBX 8 11 0 0
BITMAP
FF
02
02
06
04
0C
08
18
10
30
20
ENDCHAR
STARTCHAR eight.lf
ENCODING -1
SWIDTH 589 0
DWIDTH 9 0
BBX 8 12 1 0
BITMAP
18
7E
C2
C2
46
3C
7C
C6
82
83
C6
7C
ENDCHAR
STARTCHAR nine.lf
ENCODING -1
SWIDTH 572 0
DWIDTH 9 0
BBX 7 12 1 0
BITMAP
10
7C
C6
82
82
82
EE
32
02
06
0C
78
ENDCHAR
STARTCHAR zero.slash
ENCODING -1
SWIDTH 572 0
DWIDTH 9 0
BBX 7 12 1 0
BITMAP
10
7C
C6
86
8E
9A
B2
E2
C2
C2
46
7C
ENDCHAR
STARTCHAR zero.dnom
ENCODING -1
SWIDTH 350 0
DWIDTH 6 0
BBX 5 7 0 0
BITMAP
30
58
C8
88
88
C8
78
ENDCHAR
STARTCHAR one.dnom
ENCODING -1
SWIDTH 350 0
DWIDTH 6 0
BBX 3 7 1 0
BITMAP
20
E0
A0
20
20
20
20
ENDCHAR
STARTCHAR two.dnom
ENCODING -1
SWIDTH 350 0
DWIDTH 6 0
BBX 5 7 0 0
BITMAP
30
D8
08
18
30
60
F8
ENDCHAR
STARTCHAR three.dnom
ENCODING -1
SWIDTH 350 0
DWIDTH 6 0
BBX 5 7 0 0
BITMAP
30
D8
08
70
08
08
F8
ENDCHAR
STARTCHAR four.dnom
ENCODING -1
SWIDTH 350 0
DWIDTH 6 0
BBX 5 7 0 0
BITMAP
10
10
30
50
D0
F8
10
ENDCHAR
STARTCHAR five.dnom
ENCODING -1
SWIDTH 350 0
DWIDTH 6 0
BBX 5 7 0 0
BITMAP
78
40
40
70
08
08
F8
ENDCHAR
STARTCHAR six.dnom
ENCODING -1
SWIDTH 350 0
DWIDTH 6 0
BBX 5 7 0 0
BITMAP
18
60
40
B8
C8
C8
78
ENDCHAR
STARTCHAR seven.dnom
ENCODING -1
SWIDTH 350 0
DWIDTH 6 0
BBX 5 7 0 0
BITMAP
F8
08
08
10
10
20
60
ENDCHAR
STARTCHAR eight.dnom
ENCODING -1
SWIDTH 350 0
DWIDTH 6 0
BBX 5 7 0 0
BITMAP
30
48
48
70
58
88
78
ENDCHAR
STARTCHAR nine.dnom
ENCODING -1
SWIDTH 350 0
DWIDTH 6 0
BBX 5 7 0 0
BITMAP
30
48
88
C8
78
08
70
ENDCHAR
STARTCHAR zero.numr
ENCODING -1
SWIDTH 350 0
DWIDTH 6 0
BBX 5 7 0 5
BITMAP
30
58
C8
88
88
C8
78
ENDCHAR
STARTCHAR one.numr
ENCODING -1
SWIDTH 350 0
DWIDTH 6 0
BBX 3 7 1 5
BITMAP
20
E0
A0
20
20
20
20
ENDCHAR
STARTCHAR two.numr
ENCODING -1
SWIDTH 350 0
DWIDTH 6 0
BBX 5 7 0 5
BITMAP
30
D8
08
18
30
60
F8
ENDCHAR
STARTCHAR three.numr
ENCODING -1
SWIDTH 350 0
DWIDTH 6 0
BBX 5 7 0 5
BITMAP
30
D8
08
70
08
08
F8
ENDCHAR
STARTCHAR four.numr
ENCODING -1
SWIDTH 350 0
DWIDTH 6 0
BBX 5 7 0 5
BITMAP
10
10
30
50
D0
F8
10
ENDCHAR
STARTCHAR five.numr
ENCODING -1
SWIDTH 350 0
DWIDTH 6 0
BBX 5 7 0 5
BITMAP
78
40
40
70
08
08
F8
ENDCHAR
STARTCHAR six.numr
ENCODING -1
SWIDTH 350 0
DWIDTH 6 0
BBX 5 7 0 5
BITMAP
18
60
40
B8
C8
C8
78
ENDCHAR
STARTCHAR seven.numr
ENCODING -1
SWIDTH 350 0
DWIDTH 6 0
BBX 5 7 0 5
BITMAP
F8
08
08
10
10
20
60
ENDCHAR
STARTCHAR eight.numr
ENCODING -1
SWIDTH 350 0
DWIDTH 6 0
BBX 5 7 0 5
BITMAP
30
48
48
70
58
88
78
ENDCHAR
STARTCHAR nine.numr
ENCODING -1
SWIDTH 350 0
DWIDTH 6 0
BBX 5 7 0 5
BITMAP
30
48
88
C8
78
08
70
ENDCHAR
STARTCHAR parenleft.sc
ENCODING -1
SWIDTH 249 0
DWIDTH 4 0
BBX 4 11 0 -2
BITMAP
30
60
40
40
40
C0
40
40
40
60
30
ENDCHAR
STARTCHAR parenright.sc
ENCODING -1
SWIDTH 249 0
DWIDTH 4 0
BBX 4 11 0 -2
BITMAP
C0
60
20
20
20
30
20
20
20
60
C0
ENDCHAR
STARTCHAR braceleft.sc
ENCODING -1
SWIDTH 312 0
DWIDTH 5 0
BBX 5 11 0 -2
BITMAP
38
20
20
20
20
C0
20
20
20
20
38
ENDCHAR
STARTCHAR braceright.sc
ENCODING -1
SWIDTH 313 0
DWIDTH 5 0
BBX 5 11 0 -2
BITMAP
E0
20
20
20
20
18
20
20
20
20
E0
ENDCHAR
STARTCHAR bracketleft.sc
ENCODING -1
SWIDTH 263 0
DWIDTH 4 0
BBX 3 11 1 -2
BITMAP
E0
80
80
80
80
80
80
80
80
80
E0
ENDCHAR
STARTCHAR bracketright.sc
ENCODING -1
SWIDTH 263 0
DWIDTH 4 0
BBX 3 11 0 -2
BITMAP
E0
20
20
20
20
20
20
20
20
20
E0
ENDCHAR
STARTCHAR exclam.sc
ENCODING -1
SWIDTH 211 0
DWIDTH 3 0
BBX 2 9 1 0
BITMAP
80
80
80
80
80
80
00
80
C0
ENDCHAR
STARTCHAR exclamdown.sc
ENCODING -1
SWIDTH 211 0
DWIDTH 3 0
BBX 2 9 1 -2
BITMAP
C0
80
00
80
80
80
80
80
80
ENDCHAR
STARTCHAR question.sc
ENCODING -1
SWIDTH 369 0
DWIDTH 6 0
BBX 6 9 0 0
BITMAP
F8
0C
08
18
30
20
00
20
20
ENDCHAR
STARTCHAR questiondown.sc
ENCODING -1
SWIDTH 369 0
DWIDTH 6 0
BBX 6 9 0 -2
BITMAP
10
10
00
10
30
60
C0
C0
7C
ENDCHAR
STARTCHAR exclamdbl.sc
ENCODING -1
SWIDTH 411 0
DWIDTH 7 0
BBX 5 9 1 0
BITMAP
90
90
90
90
90
90
00
90
D8
ENDCHAR
STARTCHAR guilsinglleft.sc
ENCODING -1
SWIDTH 255 0
DWIDTH 4 0
BBX 4 5 0 1
BITMAP
30
60
C0
60
30
ENDCHAR
STARTCHAR guilsinglright.sc
ENCODING -1
SWIDTH 255 0
DWIDTH 4 0
BBX 4 5 0 1
BITMAP
C0
60
30
60
C0
ENDCHAR
STARTCHAR fhook.ss03
ENCODING -1
SWIDTH 572 0
DWIDTH 9 0
BBX 7 16 1 -4
BITMAP
04
1E
10
10
3C
7C
10
10
10
10
10
10
10
10
30
E0
ENDCHAR
STARTCHAR summationDoubleStruck.mir
ENCODING -1
SWIDTH 620 0
DWIDTH 10 0
BBX 10 15 0 -4
BITMAP
FF80
0480
0500
0A00
0A00
1400
2800
1800
0800
0C00
0600
0200
FF00
8080
FFC0
ENDCHAR
STARTCHAR uni02E502E502E9
ENCODING -1
SWIDTH 542 0
DWIDTH 9 0
BBX 6 11 1 0
BITMAP
E4
34
14
14
14
0C
0C
0C
04
04
04
ENDCHAR
STARTCHAR uni02E502E502E6
ENCODING -1
SWIDTH 542 0
DWIDTH 9 0
BBX 6 11 1 0
BITMAP
F4
1C
0C
04
04
04
04
04
04
04
04
ENDCHAR
STARTCHAR uni02E502E502E8
ENCODING -1
SWIDTH 542 0
DWIDTH 9 0
BBX 6 11 1 0
BITMAP
E4
14
14
1C
0C
0C
04
04
04
04
04
ENDCHAR
STARTCHAR uni02E502E502E7
ENCODING -1
SWIDTH 542 0
DWIDTH 9 0
BBX 6 11 1 0
BITMAP
E4
14
1C
0C
04
04
04
04
04
04
04
ENDCHAR
STARTCHAR uni02E502E9
ENCODING -1
SWIDTH 383 0
DWIDTH 6 0
BBX 5 11 0 0
BITMAP
88
48
48
48
28
28
28
18
18
18
08
ENDCHAR
STARTCHAR uni02E502E902E5
ENCODING -1
SWIDTH 542 0
DWIDTH 9 0
BBX 7 11 0 0
BITMAP
82
42
42
46
26
26
2A
1A
1A
12
12
ENDCHAR
STARTCHAR uni02E502E902E9
ENCODING -1
SWIDTH 542 0
DWIDTH 9 0
BBX 7 11 0 0
BITMAP
C2
42
42
42
22
22
22
12
12
12
0E
ENDCHAR
STARTCHAR uni02E502E902E6
ENCODING -1
SWIDTH 542 0
DWIDTH 9 0
BBX 7 11 0 0
BITMAP
82
42
42
46
26
26
2A
1A
1A
12
12
ENDCHAR
STARTCHAR uni02E502E902E8
ENCODING -1
SWIDTH 542 0
DWIDTH 9 0
BBX 7 11 0 0
BITMAP
C2
42
42
62
22
22
22
12
16
1A
12
ENDCHAR
STARTCHAR uni02E502E902E7
ENCODING -1
SWIDTH 542 0
DWIDTH 9 0
BBX 7 11 0 0
BITMAP
C2
42
42
62
22
26
26
1E
1A
1A
12
ENDCHAR
STARTCHAR uni02E502E6
ENCODING -1
SWIDTH 383 0
DWIDTH 6 0
BBX 4 11 1 0
BITMAP
90
D0
70
10
10
10
10
10
10
10
10
ENDCHAR
STARTCHAR uni02E502E602E5
ENCODING -1
SWIDTH 542 0
DWIDTH 9 0
BBX 6 11 1 0
BITMAP
84
CC
74
24
04
04
04
04
04
04
04
ENDCHAR
STARTCHAR uni02E502E602E9
ENCODING -1
SWIDTH 542 0
DWIDTH 9 0
BBX 6 11 1 0
BITMAP
84
C4
64
34
14
14
0C
0C
0C
04
04
ENDCHAR
STARTCHAR uni02E502E602E6
ENCODING -1
SWIDTH 542 0
DWIDTH 9 0
BBX 6 11 1 0
BITMAP
84
C4
64
3C
04
04
04
04
04
04
04
ENDCHAR
STARTCHAR uni02E502E602E8
ENCODING -1
SWIDTH 542 0
DWIDTH 9 0
BBX 6 11 1 0
BITMAP
84
C4
64
34
14
0C
0C
04
04
04
04
ENDCHAR
STARTCHAR uni02E502E602E7
ENCODING -1
SWIDTH 542 0
DWIDTH 9 0
BBX 6 11 1 0
BITMAP
84
C4
64
34
1C
0C
04
04
04
04
04
ENDCHAR
STARTCHAR uni02E502E8
ENCODING -1
SWIDTH 383 0
DWIDTH 6 0
BBX 5 11 0 0
BITMAP
88
48
48
28
28
38
18
18
08
08
08
ENDCHAR
STARTCHAR uni02E502E802E5
ENCODING -1
SWIDTH 542 0
DWIDTH 9 0
BBX 7 11 0 0
BITMAP
82
42
46
26
26
3A
1A
12
12
02
02
ENDCHAR
STARTCHAR uni02E502E802E9
ENCODING -1
SWIDTH 542 0
DWIDTH 9 0
BBX 7 11 0 0
BITMAP
C2
42
42
22
22
12
12
1A
0A
06
02
ENDCHAR
STARTCHAR uni02E502E802E6
ENCODING -1
SWIDTH 542 0
DWIDTH 9 0
BBX 7 11 0 0
BITMAP
C2
42
42
26
26
3E
1A
1A
12
02
02
ENDCHAR
STARTCHAR uni02E502E802E8
ENCODING -1
SWIDTH 542 0
DWIDTH 9 0
BBX 7 11 0 0
BITMAP
82
42
42
22
22
32
12
1E
02
02
02
ENDCHAR
STARTCHAR uni02E502E802E7
ENCODING -1
SWIDTH 542 0
DWIDTH 9 0
BBX 7 11 0 0
BITMAP
82
42
42
22
22
32
16
1A
12
02
02
ENDCHAR
STARTCHAR uni02E502E7
ENCODING -1
SWIDTH 383 0
DWIDTH 6 0
BBX 5 11 0 0
BITMAP
C8
48
28
28
18
18
08
08
08
08
08
ENDCHAR
STARTCHAR uni02E502E702E5
ENCODING -1
SWIDTH 542 0
DWIDTH 9 0
BBX 7 11 0 0
BITMAP
C2
46
26
2E
1A
12
02
02
02
02
02
ENDCHAR
STARTCHAR uni02E502E702E9
ENCODING -1
SWIDTH 542 0
DWIDTH 9 0
BBX 6 11 1 0
BITMAP
84
84
44
44
24
34
14
1C
0C
04
04
ENDCHAR
STARTCHAR uni02E502E702E6
ENCODING -1
SWIDTH 542 0
DWIDTH 9 0
BBX 7 11 0 0
BITMAP
C2
42
22
26
1E
1A
02
02
02
02
02
ENDCHAR
STARTCHAR uni02E502E702E8
ENCODING -1
SWIDTH 542 0
DWIDTH 9 0
BBX 7 11 0 0
BITMAP
C2
42
62
22
12
12
0A
06
02
02
02
ENDCHAR
STARTCHAR uni02E502E702E7
ENCODING -1
SWIDTH 542 0
DWIDTH 9 0
BBX 6 11 1 0
BITMAP
84
84
44
64
24
1C
04
04
04
04
04
ENDCHAR
STARTCHAR uni02E902E5
ENCODING -1
SWIDTH 383 0
DWIDTH 6 0
BBX 5 11 0 0
BITMAP
08
18
18
18
28
28
28
48
48
48
88
ENDCHAR
STARTCHAR uni02E902E502E5
ENCODING -1
SWIDTH 542 0
DWIDTH 9 0
BBX 7 11 0 0
BITMAP
0E
12
12
12
22
22
22
42
42
42
C2
ENDCHAR
STARTCHAR uni02E902E502E9
ENCODING -1
SWIDTH 542 0
DWIDTH 9 0
BBX 7 11 0 0
BITMAP
12
12
1A
1A
2A
26
26
46
42
42
82
ENDCHAR
STARTCHAR uni02E902E502E6
ENCODING -1
SWIDTH 542 0
DWIDTH 9 0
BBX 7 11 0 0
BITMAP
12
1A
16
12
22
22
22
62
42
42
C2
ENDCHAR
STARTCHAR uni02E902E502E8
ENCODING -1
SWIDTH 542 0
DWIDTH 9 0
BBX 7 11 0 0
BITMAP
12
12
1A
1A
2E
26
26
42
42
42
82
ENDCHAR
STARTCHAR uni02E902E502E7
ENCODING -1
SWIDTH 542 0
DWIDTH 9 0
BBX 7 11 0 0
BITMAP
12
1A
1A
16
26
22
22
62
42
42
C2
ENDCHAR
STARTCHAR uni02E902E902E5
ENCODING -1
SWIDTH 542 0
DWIDTH 9 0
BBX 6 11 1 0
BITMAP
04
04
04
0C
0C
0C
14
14
14
34
E4
ENDCHAR
STARTCHAR uni02E902E902E6
ENCODING -1
SWIDTH 542 0
DWIDTH 9 0
BBX 6 11 1 0
BITMAP
04
04
04
04
0C
0C
0C
14
14
14
E4
ENDCHAR
STARTCHAR uni02E902E902E8
ENCODING -1
SWIDTH 542 0
DWIDTH 9 0
BBX 6 11 1 0
BITMAP
04
04
04
04
04
04
04
04
0C
1C
F4
ENDCHAR
STARTCHAR uni02E902E902E7
ENCODING -1
SWIDTH 542 0
DWIDTH 9 0
BBX 6 11 1 0
BITMAP
04
04
04
04
04
04
0C
0C
14
14
E4
ENDCHAR
STARTCHAR uni02E902E6
ENCODING -1
SWIDTH 383 0
DWIDTH 6 0
BBX 5 11 0 0
BITMAP
08
08
18
18
18
28
28
68
48
48
88
ENDCHAR
STARTCHAR uni02E902E602E5
ENCODING -1
SWIDTH 542 0
DWIDTH 9 0
BBX 7 11 0 0
BITMAP
02
06
0A
1A
12
12
22
22
42
42
C2
ENDCHAR
STARTCHAR uni02E902E602E9
ENCODING -1
SWIDTH 542 0
DWIDTH 9 0
BBX 7 11 0 0
BITMAP
02
02
12
12
1A
2A
26
26
46
42
82
ENDCHAR
STARTCHAR uni02E902E602E6
ENCODING -1
SWIDTH 542 0
DWIDTH 9 0
BBX 7 11 0 0
BITMAP
02
02
0E
12
12
32
22
22
42
42
82
ENDCHAR
STARTCHAR uni02E902E602E8
ENCODING -1
SWIDTH 542 0
DWIDTH 9 0
BBX 7 11 0 0
BITMAP
02
02
12
1A
1A
3E
26
26
42
42
82
ENDCHAR
STARTCHAR uni02E902E602E7
ENCODING -1
SWIDTH 542 0
DWIDTH 9 0
BBX 7 11 0 0
BITMAP
02
02
12
1A
16
32
22
22
42
42
82
ENDCHAR
STARTCHAR uni02E902E8
ENCODING -1
SWIDTH 383 0
DWIDTH 6 0
BBX 4 11 1 0
BITMAP
10
10
10
10
10
10
10
10
70
D0
90
ENDCHAR
STARTCHAR uni02E902E802E5
ENCODING -1
SWIDTH 542 0
DWIDTH 9 0
BBX 6 11 1 0
BITMAP
04
04
0C
0C
0C
14
14
34
64
C4
84
ENDCHAR
STARTCHAR uni02E902E802E9
ENCODING -1
SWIDTH 542 0
DWIDTH 9 0
BBX 6 11 1 0
BITMAP
04
04
04
04
04
04
04
24
74
CC
84
ENDCHAR
STARTCHAR uni02E902E802E6
ENCODING -1
SWIDTH 542 0
DWIDTH 9 0
BBX 6 11 1 0
BITMAP
04
04
04
04
0C
0C
14
34
64
C4
84
ENDCHAR
STARTCHAR uni02E902E802E8
ENCODING -1
SWIDTH 542 0
DWIDTH 9 0
BBX 6 11 1 0
BITMAP
04
04
04
04
04
04
04
3C
64
C4
84
ENDCHAR
STARTCHAR uni02E902E802E7
ENCODING -1
SWIDTH 542 0
DWIDTH 9 0
BBX 6 11 1 0
BITMAP
04
04
04
04
04
0C
1C
34
64
C4
84
ENDCHAR
STARTCHAR uni02E902E7
ENCODING -1
SWIDTH 383 0
DWIDTH 6 0
BBX 5 11 0 0
BITMAP
08
08
08
08
08
18
18
28
28
48
C8
ENDCHAR
STARTCHAR uni02E902E702E5
ENCODING -1
SWIDTH 542 0
DWIDTH 9 0
BBX 6 11 1 0
BITMAP
04
04
0C
1C
14
34
24
44
44
84
84
ENDCHAR
STARTCHAR uni02E902E702E9
ENCODING -1
SWIDTH 542 0
DWIDTH 9 0
BBX 7 11 0 0
BITMAP
02
02
02
02
02
12
1A
2E
26
46
C2
ENDCHAR
STARTCHAR uni02E902E702E6
ENCODING -1
SWIDTH 542 0
DWIDTH 9 0
BBX 7 11 0 0
BITMAP
02
02
02
06
0A
12
12
22
62
42
C2
ENDCHAR
STARTCHAR uni02E902E702E8
ENCODING -1
SWIDTH 542 0
DWIDTH 9 0
BBX 7 11 0 0
BITMAP
02
02
02
02
02
1A
1E
26
22
42
C2
ENDCHAR
STARTCHAR uni02E902E702E7
ENCODING -1
SWIDTH 542 0
DWIDTH 9 0
BBX 6 11 1 0
BITMAP
04
04
04
04
04
3C
24
44
44
84
84
ENDCHAR
STARTCHAR uni02E602E5
ENCODING -1
SWIDTH 383 0
DWIDTH 6 0
BBX 4 11 1 0
BITMAP
30
70
D0
90
10
10
10
10
10
10
10
ENDCHAR
STARTCHAR uni02E602E502E5
ENCODING -1
SWIDTH 542 0
DWIDTH 9 0
BBX 6 11 1 0
BITMAP
3C
64
C4
84
04
04
04
04
04
04
04
ENDCHAR
STARTCHAR uni02E602E502E9
ENCODING -1
SWIDTH 542 0
DWIDTH 9 0
BBX 6 11 1 0
BITMAP
24
64
D4
94
14
0C
0C
0C
04
04
04
ENDCHAR
STARTCHAR uni02E602E502E6
ENCODING -1
SWIDTH 542 0
DWIDTH 9 0
BBX 6 11 1 0
BITMAP
24
74
CC
84
04
04
04
04
04
04
04
ENDCHAR
STARTCHAR uni02E602E502E8
ENCODING -1
SWIDTH 542 0
DWIDTH 9 0
BBX 6 11 1 0
BITMAP
24
64
D4
94
1C
0C
0C
04
04
04
04
ENDCHAR
STARTCHAR uni02E602E502E7
ENCODING -1
SWIDTH 542 0
DWIDTH 9 0
BBX 6 11 1 0
BITMAP
24
74
D4
8C
0C
04
04
04
04
04
04
ENDCHAR
STARTCHAR uni02E602E9
ENCODING -1
SWIDTH 383 0
DWIDTH 6 0
BBX 5 11 0 0
BITMAP
08
C8
48
48
28
28
28
18
18
18
08
ENDCHAR
STARTCHAR uni02E602E902E5
ENCODING -1
SWIDTH 542 0
DWIDTH 9 0
BBX 7 11 0 0
BITMAP
02
C2
42
46
26
26
2A
1A
1A
12
12
ENDCHAR
STARTCHAR uni02E602E902E9
ENCODING -1
SWIDTH 542 0
DWIDTH 9 0
BBX 7 11 0 0
BITMAP
02
C2
42
42
22
22
22
12
12
12
0E
ENDCHAR
STARTCHAR uni02E602E902E6
ENCODING -1
SWIDTH 542 0
DWIDTH 9 0
BBX 7 11 0 0
BITMAP
02
C2
42
46
26
26
2A
1A
1A
12
12
ENDCHAR
STARTCHAR uni02E602E902E8
ENCODING -1
SWIDTH 542 0
DWIDTH 9 0
BBX 7 11 0 0
BITMAP
02
C2
42
42
22
22
22
12
16
1A
12
ENDCHAR
STARTCHAR uni02E602E902E7
ENCODING -1
SWIDTH 542 0
DWIDTH 9 0
BBX 7 11 0 0
BITMAP
02
C2
42
42
22
26
26
1E
1A
1A
12
ENDCHAR
STARTCHAR uni02E602E602E5
ENCODING -1
SWIDTH 542 0
DWIDTH 9 0
BBX 6 11 1 0
BITMAP
04
0C
F4
04
04
04
04
04
04
04
04
ENDCHAR
STARTCHAR uni02E602E602E9
ENCODING -1
SWIDTH 542 0
DWIDTH 9 0
BBX 6 11 1 0
BITMAP
04
04
F4
14
14
1C
0C
0C
04
04
04
ENDCHAR
STARTCHAR uni02E602E602E8
ENCODING -1
SWIDTH 542 0
DWIDTH 9 0
BBX 6 11 1 0
BITMAP
04
04
E4
14
14
0C
0C
04
04
04
04
ENDCHAR
STARTCHAR uni02E602E602E7
ENCODING -1
SWIDTH 542 0
DWIDTH 9 0
BBX 6 11 1 0
BITMAP
04
04
E4
14
0C
04
04
04
04
04
04
ENDCHAR
STARTCHAR uni02E602E8
ENCODING -1
SWIDTH 383 0
DWIDTH 6 0
BBX 5 11 0 0
BITMAP
08
08
C8
48
28
28
18
18
08
08
08
ENDCHAR
STARTCHAR uni02E602E802E5
ENCODING -1
SWIDTH 542 0
DWIDTH 9 0
BBX 7 11 0 0
BITMAP
02
02
C6
46
26
2A
1A
12
12
02
02
ENDCHAR
STARTCHAR uni02E602E802E9
ENCODING -1
SWIDTH 542 0
DWIDTH 9 0
BBX 7 11 0 0
BITMAP
02
02
C2
42
22
22
12
12
0A
06
02
ENDCHAR
STARTCHAR uni02E602E802E6
ENCODING -1
SWIDTH 542 0
DWIDTH 9 0
BBX 7 11 0 0
BITMAP
02
02
C2
46
26
2E
1A
1A
12
02
02
ENDCHAR
STARTCHAR uni02E602E802E8
ENCODING -1
SWIDTH 542 0
DWIDTH 9 0
BBX 7 11 0 0
BITMAP
02
02
C2
42
22
22
12
1E
02
02
02
ENDCHAR
STARTCHAR uni02E602E802E7
ENCODING -1
SWIDTH 542 0
DWIDTH 9 0
BBX 7 11 0 0
BITMAP
02
02
C2
42
22
22
16
1A
12
02
02
ENDCHAR
STARTCHAR uni02E602E7
ENCODING -1
SWIDTH 383 0
DWIDTH 6 0
BBX 4 11 1 0
BITMAP
10
10
90
D0
70
30
10
10
10
10
10
ENDCHAR
STARTCHAR uni02E602E702E5
ENCODING -1
SWIDTH 542 0
DWIDTH 9 0
BBX 6 11 1 0
BITMAP
04
0C
8C
9C
54
24
04
04
04
04
04
ENDCHAR
STARTCHAR uni02E602E702E9
ENCODING -1
SWIDTH 542 0
DWIDTH 9 0
BBX 6 11 1 0
BITMAP
04
04
84
C4
64
34
14
0C
0C
04
04
ENDCHAR
STARTCHAR uni02E602E702E6
ENCODING -1
SWIDTH 542 0
DWIDTH 9 0
BBX 6 11 1 0
BITMAP
04
04
84
CC
7C
34
04
04
04
04
04
ENDCHAR
STARTCHAR uni02E602E702E8
ENCODING -1
SWIDTH 542 0
DWIDTH 9 0
BBX 6 11 1 0
BITMAP
04
04
84
C4
64
34
1C
0C
04
04
04
ENDCHAR
STARTCHAR uni02E602E702E7
ENCODING -1
SWIDTH 542 0
DWIDTH 9 0
BBX 6 11 1 0
BITMAP
04
04
84
C4
44
3C
04
04
04
04
04
ENDCHAR
STARTCHAR uni02E802E5
ENCODING -1
SWIDTH 383 0
DWIDTH 6 0
BBX 4 11 1 0
BITMAP
10
30
30
70
50
50
90
90
10
10
10
ENDCHAR
STARTCHAR uni02E802E502E5
ENCODING -1
SWIDTH 542 0
DWIDTH 9 0
BBX 6 11 1 0
BITMAP
1C
24
24
44
44
44
84
84
04
04
04
ENDCHAR
STARTCHAR uni02E802E502E9
ENCODING -1
SWIDTH 542 0
DWIDTH 9 0
BBX 6 11 1 0
BITMAP
24
24
34
74
54
4C
8C
8C
04
04
04
ENDCHAR
STARTCHAR uni02E802E502E6
ENCODING -1
SWIDTH 542 0
DWIDTH 9 0
BBX 6 11 1 0
BITMAP
24
34
2C
44
44
44
84
84
04
04
04
ENDCHAR
STARTCHAR uni02E802E502E8
ENCODING -1
SWIDTH 542 0
DWIDTH 9 0
BBX 6 11 1 0
BITMAP
24
24
34
74
5C
4C
8C
84
04
04
04
ENDCHAR
STARTCHAR uni02E802E502E7
ENCODING -1
SWIDTH 542 0
DWIDTH 9 0
BBX 6 11 1 0
BITMAP
24
34
34
6C
4C
44
84
84
04
04
04
ENDCHAR
STARTCHAR uni02E802E9
ENCODING -1
SWIDTH 383 0
DWIDTH 6 0
BBX 4 11 1 0
BITMAP
10
10
10
10
10
10
10
90
D0
70
30
ENDCHAR
STARTCHAR uni02E802E902E5
ENCODING -1
SWIDTH 542 0
DWIDTH 9 0
BBX 6 11 1 0
BITMAP
04
04
04
0C
0C
0C
14
94
D4
64
24
ENDCHAR
STARTCHAR uni02E802E902E9
ENCODING -1
SWIDTH 542 0
DWIDTH 9 0
BBX 6 11 1 0
BITMAP
04
04
04
04
04
04
04
84
C4
64
3C
ENDCHAR
STARTCHAR uni02E802E902E6
ENCODING -1
SWIDTH 542 0
DWIDTH 9 0
BBX 6 11 1 0
BITMAP
04
04
04
04
0C
0C
1C
94
D4
64
24
ENDCHAR
STARTCHAR uni02E802E902E8
ENCODING -1
SWIDTH 542 0
DWIDTH 9 0
BBX 6 11 1 0
BITMAP
04
04
04
04
04
04
04
84
CC
74
24
ENDCHAR
STARTCHAR uni02E802E902E7
ENCODING -1
SWIDTH 542 0
DWIDTH 9 0
BBX 6 11 1 0
BITMAP
04
04
04
04
04
04
0C
8C
D4
74
24
ENDCHAR
STARTCHAR uni02E802E6
ENCODING -1
SWIDTH 383 0
DWIDTH 6 0
BBX 5 11 0 0
BITMAP
08
08
18
18
28
28
48
C8
08
08
08
ENDCHAR
STARTCHAR uni02E802E602E5
ENCODING -1
SWIDTH 542 0
DWIDTH 9 0
BBX 6 11 1 0
BITMAP
04
0C
14
24
24
44
44
84
04
04
04
ENDCHAR
STARTCHAR uni02E802E602E9
ENCODING -1
SWIDTH 542 0
DWIDTH 9 0
BBX 7 11 0 0
BITMAP
02
12
12
1A
2A
2A
46
C6
06
02
02
ENDCHAR
STARTCHAR uni02E802E602E6
ENCODING -1
SWIDTH 542 0
DWIDTH 9 0
BBX 6 11 1 0
BITMAP
04
04
1C
24
24
44
44
84
04
04
04
ENDCHAR
STARTCHAR uni02E802E602E8
ENCODING -1
SWIDTH 542 0
DWIDTH 9 0
BBX 7 11 0 0
BITMAP
02
12
12
1A
2A
26
46
C6
02
02
02
ENDCHAR
STARTCHAR uni02E802E602E7
ENCODING -1
SWIDTH 542 0
DWIDTH 9 0
BBX 7 11 0 0
BITMAP
02
12
1A
1E
26
22
42
C2
02
02
02
ENDCHAR
STARTCHAR uni02E802E802E5
ENCODING -1
SWIDTH 542 0
DWIDTH 9 0
BBX 6 11 1 0
BITMAP
04
04
04
0C
0C
1C
14
F4
04
04
04
ENDCHAR
STARTCHAR uni02E802E802E9
ENCODING -1
SWIDTH 542 0
DWIDTH 9 0
BBX 6 11 1 0
BITMAP
04
04
04
04
04
04
04
E4
14
0C
04
ENDCHAR
STARTCHAR uni02E802E802E6
ENCODING -1
SWIDTH 542 0
DWIDTH 9 0
BBX 6 11 1 0
BITMAP
04
04
04
04
0C
0C
14
F4
04
04
04
ENDCHAR
STARTCHAR uni02E802E802E7
ENCODING -1
SWIDTH 542 0
DWIDTH 9 0
BBX 6 11 1 0
BITMAP
04
04
04
04
04
0C
1C
F4
04
04
04
ENDCHAR
STARTCHAR uni02E802E7
ENCODING -1
SWIDTH 383 0
DWIDTH 6 0
BBX 4 11 1 0
BITMAP
10
10
10
10
10
30
50
90
10
10
10
ENDCHAR
STARTCHAR uni02E802E702E5
ENCODING -1
SWIDTH 542 0
DWIDTH 9 0
BBX 6 11 1 0
BITMAP
04
04
0C
0C
14
34
64
C4
04
04
04
ENDCHAR
STARTCHAR uni02E802E702E9
ENCODING -1
SWIDTH 542 0
DWIDTH 9 0
BBX 6 11 1 0
BITMAP
04
04
04
04
04
24
74
DC
0C
0C
04
ENDCHAR
STARTCHAR uni02E802E702E6
ENCODING -1
SWIDTH 542 0
DWIDTH 9 0
BBX 6 11 1 0
BITMAP
04
04
04
0C
14
24
44
C4
04
04
04
ENDCHAR
STARTCHAR uni02E802E702E8
ENCODING -1
SWIDTH 542 0
DWIDTH 9 0
BBX 6 11 1 0
BITMAP
04
04
04
04
04
34
5C
CC
04
04
04
ENDCHAR
STARTCHAR uni02E802E702E7
ENCODING -1
SWIDTH 542 0
DWIDTH 9 0
BBX 6 11 1 0
BITMAP
04
04
04
04
04
3C
44
C4
04
04
04
ENDCHAR
STARTCHAR uni02E702E5
ENCODING -1
SWIDTH 383 0
DWIDTH 6 0
BBX 4 11 1 0
BITMAP
10
30
70
50
90
90
10
10
10
10
10
ENDCHAR
STARTCHAR uni02E702E502E5
ENCODING -1
SWIDTH 542 0
DWIDTH 9 0
BBX 6 11 1 0
BITMAP
3C
24
44
C4
84
84
04
04
04
04
04
ENDCHAR
STARTCHAR uni02E702E502E9
ENCODING -1
SWIDTH 542 0
DWIDTH 9 0
BBX 6 11 1 0
BITMAP
24
24
54
54
94
8C
0C
0C
04
04
04
ENDCHAR
STARTCHAR uni02E702E502E6
ENCODING -1
SWIDTH 542 0
DWIDTH 9 0
BBX 6 11 1 0
BITMAP
24
34
4C
44
84
84
04
04
04
04
04
ENDCHAR
STARTCHAR uni02E702E502E8
ENCODING -1
SWIDTH 542 0
DWIDTH 9 0
BBX 6 11 1 0
BITMAP
24
24
54
54
9C
8C
0C
04
04
04
04
ENDCHAR
STARTCHAR uni02E702E502E7
ENCODING -1
SWIDTH 542 0
DWIDTH 9 0
BBX 6 11 1 0
BITMAP
24
34
54
4C
8C
84
04
04
04
04
04
ENDCHAR
STARTCHAR uni02E702E9
ENCODING -1
SWIDTH 383 0
DWIDTH 6 0
BBX 5 11 0 0
BITMAP
08
08
08
08
08
C8
48
28
38
18
08
ENDCHAR
STARTCHAR uni02E702E902E5
ENCODING -1
SWIDTH 542 0
DWIDTH 9 0
BBX 7 11 0 0
BITMAP
02
02
02
06
06
C6
4A
2A
3A
12
12
ENDCHAR
STARTCHAR uni02E702E902E9
ENCODING -1
SWIDTH 542 0
DWIDTH 9 0
BBX 7 11 0 0
BITMAP
02
02
02
02
02
C2
42
22
32
12
0E
ENDCHAR
STARTCHAR uni02E702E902E6
ENCODING -1
SWIDTH 542 0
DWIDTH 9 0
BBX 7 11 0 0
BITMAP
02
02
02
02
06
C6
4E
2A
3A
12
12
ENDCHAR
STARTCHAR uni02E702E902E8
ENCODING -1
SWIDTH 542 0
DWIDTH 9 0
BBX 7 11 0 0
BITMAP
02
02
02
02
02
C2
42
22
36
1A
12
ENDCHAR
STARTCHAR uni02E702E902E7
ENCODING -1
SWIDTH 542 0
DWIDTH 9 0
BBX 7 11 0 0
BITMAP
02
02
02
02
02
C2
46
26
3A
1A
12
ENDCHAR
STARTCHAR uni02E702E6
ENCODING -1
SWIDTH 383 0
DWIDTH 6 0
BBX 4 11 1 0
BITMAP
10
10
30
70
D0
90
10
10
10
10
10
ENDCHAR
STARTCHAR uni02E702E602E5
ENCODING -1
SWIDTH 542 0
DWIDTH 9 0
BBX 6 11 1 0
BITMAP
04
0C
34
64
C4
84
04
04
04
04
04
ENDCHAR
STARTCHAR uni02E702E602E9
ENCODING -1
SWIDTH 542 0
DWIDTH 9 0
BBX 6 11 1 0
BITMAP
04
04
24
64
94
94
1C
0C
0C
04
04
ENDCHAR
STARTCHAR uni02E702E602E6
ENCODING -1
SWIDTH 542 0
DWIDTH 9 0
BBX 6 11 1 0
BITMAP
04
04
3C
64
C4
84
04
04
04
04
04
ENDCHAR
STARTCHAR uni02E702E602E8
ENCODING -1
SWIDTH 542 0
DWIDTH 9 0
BBX 6 11 1 0
BITMAP
04
04
24
74
D4
8C
0C
04
04
04
04
ENDCHAR
STARTCHAR uni02E702E602E7
ENCODING -1
SWIDTH 542 0
DWIDTH 9 0
BBX 6 11 1 0
BITMAP
04
04
24
74
CC
84
04
04
04
04
04
ENDCHAR
STARTCHAR uni02E702E8
ENCODING -1
SWIDTH 383 0
DWIDTH 6 0
BBX 4 11 1 0
BITMAP
10
10
10
10
10
90
50
30
10
10
10
ENDCHAR
STARTCHAR uni02E702E802E5
ENCODING -1
SWIDTH 542 0
DWIDTH 9 0
BBX 6 11 1 0
BITMAP
04
04
0C
0C
1C
94
54
24
24
04
04
ENDCHAR
STARTCHAR uni02E702E802E9
ENCODING -1
SWIDTH 542 0
DWIDTH 9 0
BBX 6 11 1 0
BITMAP
04
04
04
04
04
84
44
24
14
0C
04
ENDCHAR
STARTCHAR uni02E702E802E6
ENCODING -1
SWIDTH 542 0
DWIDTH 9 0
BBX 6 11 1 0
BITMAP
04
04
04
0C
0C
9C
54
24
24
04
04
ENDCHAR
STARTCHAR uni02E702E802E8
ENCODING -1
SWIDTH 542 0
DWIDTH 9 0
BBX 6 11 1 0
BITMAP
04
04
04
04
04
84
44
3C
04
04
04
ENDCHAR
STARTCHAR uni02E702E802E7
ENCODING -1
SWIDTH 542 0
DWIDTH 9 0
BBX 6 11 1 0
BITMAP
04
04
04
04
04
84
5C
34
24
04
04
ENDCHAR
STARTCHAR uni02E702E702E5
ENCODING -1
SWIDTH 542 0
DWIDTH 9 0
BBX 6 11 1 0
BITMAP
04
04
0C
0C
14
F4
04
04
04
04
04
ENDCHAR
STARTCHAR uni02E702E702E9
ENCODING -1
SWIDTH 542 0
DWIDTH 9 0
BBX 6 11 1 0
BITMAP
04
04
04
04
04
F4
14
0C
0C
04
04
ENDCHAR
STARTCHAR uni02E702E702E6
ENCODING -1
SWIDTH 542 0
DWIDTH 9 0
BBX 6 11 1 0
BITMAP
04
04
04
0C
1C
F4
04
04
04
04
04
ENDCHAR
STARTCHAR uni02E702E702E8
ENCODING -1
SWIDTH 542 0
DWIDTH 9 0
BBX 6 11 1 0
BITMAP
04
04
04
04
04
F4
1C
0C
04
04
04
ENDCHAR
STARTCHAR ampersand.sc
ENCODING -1
SWIDTH 607 0
DWIDTH 10 0
BBX 9 9 1 0
BITMAP
7800
4800
4800
7800
7100
9B00
8E00
8600
7B80
ENDCHAR
STARTCHAR uni0308.sc
ENCODING -1
SWIDTH 0 0
DWIDTH 0 0
BBX 5 2 2 10
BITMAP
D8
48
ENDCHAR
STARTCHAR uni0307.sc
ENCODING -1
SWIDTH 0 0
DWIDTH 0 0
BBX 2 2 1 10
BITMAP
C0
40
ENDCHAR
STARTCHAR gravecomb.sc
ENCODING -1
SWIDTH 0 0
DWIDTH 0 0
BBX 4 3 2 10
BITMAP
C0
60
30
ENDCHAR
STARTCHAR acutecomb.sc
ENCODING -1
SWIDTH 0 0
DWIDTH 0 0
BBX 4 3 3 10
BITMAP
30
60
C0
ENDCHAR
STARTCHAR uni030B.sc
ENCODING -1
SWIDTH 0 0
DWIDTH 0 0
BBX 6 3 3 10
BITMAP
6C
D8
B0
ENDCHAR
STARTCHAR uni0302.sc
ENCODING -1
SWIDTH 0 0
DWIDTH 0 0
BBX 5 3 2 10
BITMAP
30
70
C8
ENDCHAR
STARTCHAR uni030C.sc
ENCODING -1
SWIDTH 0 0
DWIDTH 0 0
BBX 5 3 2 10
BITMAP
88
58
30
ENDCHAR
STARTCHAR uni0306.sc
ENCODING -1
SWIDTH 0 0
DWIDTH 0 0
BBX 5 2 2 10
BITMAP
88
70
ENDCHAR
STARTCHAR uni030A.sc
ENCODING -1
SWIDTH 0 0
DWIDTH 0 0
BBX 3 3 3 10
BITMAP
E0
A0
E0
ENDCHAR
STARTCHAR tildecomb.sc
ENCODING -1
SWIDTH 0 0
DWIDTH 0 0
BBX 6 2 2 10
BITMAP
E4
98
ENDCHAR
STARTCHAR uni0304.sc
ENCODING -1
SWIDTH 0 0
DWIDTH 0 0
BBX 5 1 2 10
BITMAP
F8
ENDCHAR
STARTCHAR uni0328.sc
ENCODING -1
SWIDTH 0 0
DWIDTH 0 0
BBX 3 4 0 -4
BITMAP
60
80
E0
40
ENDCHAR
STARTCHAR macron.sc
ENCODING -1
SWIDTH 500 0
DWIDTH 8 0
BBX 8 1 0 12
BITMAP
FF
ENDCHAR
STARTCHAR idotlesscy
ENCODING -1
SWIDTH 258 0
DWIDTH 4 0
BBX 2 9 1 0
BITMAP
C0
C0
C0
C0
C0
C0
C0
C0
C0
ENDCHAR
STARTCHAR jedotlesscy
ENCODING -1
SWIDTH 258 0
DWIDTH 4 0
BBX 4 13 -1 -4
BITMAP
30
30
30
30
30
30
30
30
30
30
30
30
E0
ENDCHAR
STARTCHAR iogonekdotless
ENCODING -1
SWIDTH 258 0
DWIDTH 4 0
BBX 2 13 1 -4
BITMAP
C0
C0
C0
C0
C0
C0
C0
C0
C0
80
80
C0
40
ENDCHAR
STARTCHAR jstrokedotless
ENCODING -1
SWIDTH 258 0
DWIDTH 4 0
BBX 5 13 -1 -4
BITMAP
30
30
30
30
78
30
30
30
30
30
30
30
E0
ENDCHAR
STARTCHAR jcrossedtaildotless
ENCODING -1
SWIDTH 258 0
DWIDTH 4 0
BBX 6 13 -2 -4
BITMAP
18
18
18
18
18
18
18
18
18
7C
D8
58
70
ENDCHAR
STARTCHAR jmoddotless
ENCODING -1
SWIDTH 168 0
DWIDTH 3 0
BBX 3 8 -1 2
BITMAP
20
20
20
20
20
20
20
C0
ENDCHAR
STARTCHAR yotdotless
ENCODING -1
SWIDTH 258 0
DWIDTH 4 0
BBX 4 13 -1 -4
BITMAP
30
30
30
30
30
30
30
30
30
30
30
30
E0
ENDCHAR
STARTCHAR isubscriptdotless
ENCODING -1
SWIDTH 168 0
DWIDTH 3 0
BBX 1 6 1 -2
BITMAP
80
80
80
80
80
80
ENDCHAR
STARTCHAR iretroflexhookdotless
ENCODING -1
SWIDTH 258 0
DWIDTH 4 0
BBX 4 12 1 -3
BITMAP
C0
C0
C0
C0
C0
C0
C0
C0
C0
40
60
30
ENDCHAR
STARTCHAR istrokemoddotless
ENCODING -1
SWIDTH 168 0
DWIDTH 3 0
BBX 3 5 0 5
BITMAP
40
40
E0
40
40
ENDCHAR
STARTCHAR jcrossedtailmoddotless
ENCODING -1
SWIDTH 168 0
DWIDTH 3 0
BBX 4 8 -1 2
BITMAP
20
20
20
20
20
70
A0
40
ENDCHAR
STARTCHAR itildebelowdotless
ENCODING -1
SWIDTH 258 0
DWIDTH 4 0
BBX 6 12 -1 -3
BITMAP
30
30
30
30
30
30
30
30
30
00
44
B8
ENDCHAR
STARTCHAR idotbelowdotless
ENCODING -1
SWIDTH 258 0
DWIDTH 4 0
BBX 2 12 1 -3
BITMAP
C0
C0
C0
C0
C0
C0
C0
C0
C0
00
C0
40
ENDCHAR
STARTCHAR istrokedotless
ENCODING -1
SWIDTH 258 0
DWIDTH 4 0
BBX 4 9 0 0
BITMAP
60
60
60
60
F0
60
60
60
60
ENDCHAR
STARTCHAR imoddotless
ENCODING -1
SWIDTH 168 0
DWIDTH 3 0
BBX 1 5 1 5
BITMAP
80
80
80
80
80
ENDCHAR
STARTCHAR iitalicDoubleStruckdotless
ENCODING -1
SWIDTH 343 0
DWIDTH 5 0
BBX 4 9 1 0
BITMAP
70
50
50
50
A0
A0
A0
A0
C0
ENDCHAR
STARTCHAR jitalicDoubleStruckdotless
ENCODING -1
SWIDTH 343 0
DWIDTH 5 0
BBX 7 13 -2 -4
BITMAP
0E
0A
0A
0A
14
14
14
14
18
28
28
30
E0
ENDCHAR
STARTCHAR jsubscriptdotless
ENCODING -1
SWIDTH 168 0
DWIDTH 3 0
BBX 3 8 -1 -4
BITMAP
20
20
20
20
20
20
20
C0
ENDCHAR
STARTCHAR uni1FBC.ad
ENCODING -1
SWIDTH 971 0
DWIDTH 16 0
BBX 15 11 0 0
BITMAP
0C00
0E00
1A00
1200
1300
3100
3F18
6198
4098
40D8
C04E
ENDCHAR
STARTCHAR uni1F88.ad
ENCODING -1
SWIDTH 1040 0
DWIDTH 17 0
BBX 15 11 1 0
BITMAP
CC00
CE00
1A00
1200
1300
3100
3F18
6198
4098
40D8
C04E
ENDCHAR
STARTCHAR uni1F89.ad
ENCODING -1
SWIDTH 1050 0
DWIDTH 17 0
BBX 16 11 0 0
BITMAP
C600
C700
0D00
0900
0980
1880
1F8C
30CC
204C
206C
6027
ENDCHAR
STARTCHAR uni1F8A.ad
ENCODING -1
SWIDTH 1235 0
DWIDTH 20 0
BBX 18 11 1 0
BITMAP
F18000
D1C000
034000
024000
026000
062000
07E300
0C3300
081300
081B00
1809C0
ENDCHAR
STARTCHAR uni1F8B.ad
ENCODING -1
SWIDTH 1235 0
DWIDTH 20 0
BBX 19 11 0 0
BITMAP
D8C000
C8E000
01A000
012000
013000
031000
03F180
061980
040980
040D80
0C04E0
ENDCHAR
STARTCHAR uni1F8C.ad
ENCODING -1
SWIDTH 1215 0
DWIDTH 19 0
BBX 18 11 1 0
BITMAP
F18000
E1C000
034000
024000
026000
062000
07E300
0C3300
081300
081B00
1809C0
ENDCHAR
STARTCHAR uni1F8D.ad
ENCODING -1
SWIDTH 1215 0
DWIDTH 19 0
BBX 19 11 0 0
BITMAP
D8C000
D0E000
01A000
012000
013000
031000
03F180
061980
040980
040D80
0C04E0
ENDCHAR
STARTCHAR uni1F8E.ad
ENCODING -1
SWIDTH 1286 0
DWIDTH 21 0
BBX 19 12 1 0
BITMAP
440000
B8C000
00E000
01A000
612000
613000
031000
03F180
061980
040980
040D80
0C04E0
ENDCHAR
STARTCHAR uni1F8F.ad
ENCODING -1
SWIDTH 1287 0
DWIDTH 21 0
BBX 19 12 1 0
BITMAP
440000
B8C000
00E000
01A000
612000
613000
031000
03F180
061980
040980
040D80
0C04E0
ENDCHAR
STARTCHAR uni1FCC.ad
ENCODING -1
SWIDTH 1073 0
DWIDTH 17 0
BBX 15 11 2 0
BITMAP
8100
8100
8100
8100
FF00
FF00
8118
8118
8118
8118
810E
ENDCHAR
STARTCHAR uni1F98.ad
ENCODING -1
SWIDTH 1237 0
DWIDTH 20 0
BBX 18 11 1 0
BITMAP
D02000
D02000
102000
102000
1FE000
1FE000
102300
102300
102300
102300
1021C0
ENDCHAR
STARTCHAR uni1F99.ad
ENCODING -1
SWIDTH 1247 0
DWIDTH 20 0
BBX 19 11 0 0
BITMAP
C40800
C40800
040800
040800
07F800
07F800
040980
040980
040980
040980
0408E0
ENDCHAR
STARTCHAR uni1F9A.ad
ENCODING -1
SWIDTH 1432 0
DWIDTH 23 0
BBX 21 11 1 0
BITMAP
F10200
D10200
010200
010200
01FE00
01FE00
010260
010260
010260
010260
010238
ENDCHAR
STARTCHAR uni1F9B.ad
ENCODING -1
SWIDTH 1432 0
DWIDTH 23 0
BBX 22 11 0 0
BITMAP
D88100
C88100
008100
008100
00FF00
00FF00
008130
008130
008130
008130
00811C
ENDCHAR
STARTCHAR uni1F9C.ad
ENCODING -1
SWIDTH 1412 0
DWIDTH 23 0
BBX 21 11 1 0
BITMAP
F20400
E20400
020400
020400
03FC00
03FC00
020460
020460
020460
020460
020438
ENDCHAR
STARTCHAR uni1F9D.ad
ENCODING -1
SWIDTH 1412 0
DWIDTH 23 0
BBX 22 11 0 0
BITMAP
D90200
D10200
010200
010200
01FE00
01FE00
010230
010230
010230
010230
01021C
ENDCHAR
STARTCHAR uni1F9E.ad
ENCODING -1
SWIDTH 1483 0
DWIDTH 24 0
BBX 22 12 1 0
BITMAP
440000
B90200
010200
010200
610200
61FE00
01FE00
010230
010230
010230
010230
01021C
ENDCHAR
STARTCHAR uni1F9F.ad
ENCODING -1
SWIDTH 1484 0
DWIDTH 24 0
BBX 22 12 1 0
BITMAP
440000
B90200
010200
010200
610200
61FE00
01FE00
010230
010230
010230
010230
01021C
ENDCHAR
STARTCHAR uni1FFC.ad
ENCODING -1
SWIDTH 1049 0
DWIDTH 17 0
BBX 16 12 0 0
BITMAP
0600
3F80
60C0
6060
4060
C060
4060
406C
604C
20CC
118C
F9E7
ENDCHAR
STARTCHAR uni1FA8.ad
ENCODING -1
SWIDTH 1173 0
DWIDTH 19 0
BBX 17 12 1 0
BITMAP
030000
DFC000
F06000
303000
203000
603000
203000
203600
302600
106600
08C600
7CF380
ENDCHAR
STARTCHAR uni1FA9.ad
ENCODING -1
SWIDTH 1183 0
DWIDTH 19 0
BBX 18 12 0 0
BITMAP
018000
CFE000
D83000
181800
101800
301800
101800
101B00
181300
083300
046300
3E79C0
ENDCHAR
STARTCHAR uni1FAA.ad
ENCODING -1
SWIDTH 1368 0
DWIDTH 22 0
BBX 20 12 1 0
BITMAP
006000
F3F800
D60C00
060600
040600
0C0600
040600
0406C0
0604C0
020CC0
0118C0
0F9E70
ENDCHAR
STARTCHAR uni1FAB.ad
ENCODING -1
SWIDTH 1368 0
DWIDTH 22 0
BBX 21 12 0 0
BITMAP
003000
D9FC00
CB0600
030300
020300
060300
020300
020360
030260
010660
008C60
07CF38
ENDCHAR
STARTCHAR uni1FAC.ad
ENCODING -1
SWIDTH 1348 0
DWIDTH 22 0
BBX 20 12 1 0
BITMAP
006000
F3F800
E60C00
060600
040600
0C0600
040600
0406C0
0604C0
020CC0
0118C0
0F9E70
ENDCHAR
STARTCHAR uni1FAD.ad
ENCODING -1
SWIDTH 1348 0
DWIDTH 22 0
BBX 21 12 0 0
BITMAP
003000
D9FC00
D30600
030300
020300
060300
020300
020360
030260
010660
008C60
07CF38
ENDCHAR
STARTCHAR uni1FAE.ad
ENCODING -1
SWIDTH 1419 0
DWIDTH 23 0
BBX 21 12 1 0
BITMAP
443000
B9FC00
030600
030300
620300
660300
020300
020360
030260
010660
008C60
07CF38
ENDCHAR
STARTCHAR uni1FAF.ad
ENCODING -1
SWIDTH 1420 0
DWIDTH 23 0
BBX 21 12 1 0
BITMAP
443000
B9FC00
030600
030300
620300
660300
020300
020360
030260
010660
008C60
07CF38
ENDCHAR
STARTCHAR uni037F.salt
ENCODING -1
SWIDTH 413 0
DWIDTH 7 0
BBX 5 11 0 0
BITMAP
08
08
08
08
08
08
08
08
08
18
F0
ENDCHAR
STARTCHAR uni1F38.salt
ENCODING -1
SWIDTH 435 0
DWIDTH 7 0
BBX 4 11 1 0
BITMAP
D0
D0
10
10
10
10
10
10
10
10
10
ENDCHAR
STARTCHAR uni1F39.salt
ENCODING -1
SWIDTH 445 0
DWIDTH 7 0
BBX 6 11 0 0
BITMAP
C4
C4
04
04
04
04
04
04
04
04
04
ENDCHAR
STARTCHAR uni1F3A.salt
ENCODING -1
SWIDTH 630 0
DWIDTH 10 0
BBX 8 11 1 0
BITMAP
F1
D1
01
01
01
01
01
01
01
01
01
ENDCHAR
STARTCHAR uni1F3B.salt
ENCODING -1
SWIDTH 630 0
DWIDTH 10 0
BBX 9 11 0 0
BITMAP
D880
C880
0080
0080
0080
0080
0080
0080
0080
0080
0080
ENDCHAR
STARTCHAR uni1F3C.salt
ENCODING -1
SWIDTH 610 0
DWIDTH 10 0
BBX 7 11 1 0
BITMAP
F2
E2
02
02
02
02
02
02
02
02
02
ENDCHAR
STARTCHAR uni1F3D.salt
ENCODING -1
SWIDTH 610 0
DWIDTH 10 0
BBX 8 11 0 0
BITMAP
D9
D1
01
01
01
01
01
01
01
01
01
ENDCHAR
STARTCHAR uni1F3E.salt
ENCODING -1
SWIDTH 681 0
DWIDTH 11 0
BBX 8 12 1 0
BITMAP
44
B9
01
01
61
61
01
01
01
01
01
01
ENDCHAR
STARTCHAR uni1F3F.salt
ENCODING -1
SWIDTH 682 0
DWIDTH 11 0
BBX 8 12 1 0
BITMAP
44
B9
01
01
61
61
01
01
01
01
01
01
ENDCHAR
STARTCHAR uni1FDA.salt
ENCODING -1
SWIDTH 469 0
DWIDTH 8 0
BBX 5 11 1 0
BITMAP
C8
48
08
08
08
08
08
08
08
08
08
ENDCHAR
STARTCHAR uni1FDB.salt
ENCODING -1
SWIDTH 449 0
DWIDTH 7 0
BBX 5 11 1 0
BITMAP
C8
88
08
08
08
08
08
08
08
08
08
ENDCHAR
STARTCHAR uni03B1030603130300
ENCODING -1
SWIDTH 623 0
DWIDTH 10 0
BBX 9 15 1 0
BITMAP
6800
2C00
6400
4400
3C00
0000
3A00
6E00
C200
8200
8200
8200
C200
C700
7B80
ENDCHAR
STARTCHAR uni03B1030603130301
ENCODING -1
SWIDTH 623 0
DWIDTH 10 0
BBX 9 15 1 0
BITMAP
3600
1C00
2800
4400
3C00
0000
3A00
6E00
C200
8200
8200
8200
C200
C700
7B80
ENDCHAR
STARTCHAR uni03B1030603140300
ENCODING -1
SWIDTH 623 0
DWIDTH 10 0
BBX 9 15 1 0
BITMAP
6800
4C00
2400
4400
3C00
0000
3A00
6E00
C200
8200
8200
8200
C200
C700
7B80
ENDCHAR
STARTCHAR uni03B1030603140301
ENCODING -1
SWIDTH 623 0
DWIDTH 10 0
BBX 9 15 1 0
BITMAP
3400
6C00
2800
4400
3C00
0000
3A00
6E00
C200
8200
8200
8200
C200
C700
7B80
ENDCHAR
STARTCHAR uni03B1030403130300
ENCODING -1
SWIDTH 623 0
DWIDTH 10 0
BBX 9 14 1 0
BITMAP
6C00
6400
0000
3C00
0000
3A00
6E00
C200
8200
8200
8200
C200
C700
7B80
ENDCHAR
STARTCHAR uni03B1030403130301
ENCODING -1
SWIDTH 623 0
DWIDTH 10 0
BBX 9 14 1 0
BITMAP
3C00
3800
0000
3C00
0000
3A00
6E00
C200
8200
8200
8200
C200
C700
7B80
ENDCHAR
STARTCHAR uni03B1030403140300
ENCODING -1
SWIDTH 623 0
DWIDTH 10 0
BBX 9 14 1 0
BITMAP
6C00
6400
0000
3C00
0000
3A00
6E00
C200
8200
8200
8200
C200
C700
7B80
ENDCHAR
STARTCHAR uni03B1030403140301
ENCODING -1
SWIDTH 623 0
DWIDTH 10 0
BBX 9 14 1 0
BITMAP
6C00
6800
0000
3C00
0000
3A00
6E00
C200
8200
8200
8200
C200
C700
7B80
ENDCHAR
STARTCHAR uni03B9030803060300
ENCODING -1
SWIDTH 332 0
DWIDTH 5 0
BBX 5 15 0 0
BITMAP
C0
A8
F0
00
90
00
60
60
60
60
60
60
60
60
38
ENDCHAR
STARTCHAR uni03B9030803060301
ENCODING -1
SWIDTH 332 0
DWIDTH 5 0
BBX 5 15 0 0
BITMAP
30
C8
F0
00
90
00
60
60
60
60
60
60
60
60
38
ENDCHAR
STARTCHAR uni03B9030803040300
ENCODING -1
SWIDTH 332 0
DWIDTH 5 0
BBX 5 15 0 0
BITMAP
C0
20
F8
00
90
00
60
60
60
60
60
60
60
60
38
ENDCHAR
STARTCHAR uni03B9030803040301
ENCODING -1
SWIDTH 332 0
DWIDTH 5 0
BBX 5 15 0 0
BITMAP
30
40
F8
00
90
00
60
60
60
60
60
60
60
60
38
ENDCHAR
STARTCHAR uni03B9030603130300
ENCODING -1
SWIDTH 346 0
DWIDTH 6 0
BBX 6 15 -1 0
BITMAP
F8
28
48
44
78
00
30
30
30
30
30
30
30
30
1C
ENDCHAR
STARTCHAR uni03B9030603130301
ENCODING -1
SWIDTH 346 0
DWIDTH 6 0
BBX 5 15 0 0
BITMAP
D8
50
50
88
F0
00
60
60
60
60
60
60
60
60
38
ENDCHAR
STARTCHAR uni03B9030603140300
ENCODING -1
SWIDTH 346 0
DWIDTH 6 0
BBX 6 15 -1 0
BITMAP
78
C8
48
44
78
00
30
30
30
30
30
30
30
30
1C
ENDCHAR
STARTCHAR uni03B9030603140301
ENCODING -1
SWIDTH 346 0
DWIDTH 6 0
BBX 5 15 0 0
BITMAP
D8
90
70
88
F0
00
60
60
60
60
60
60
60
60
38
ENDCHAR
STARTCHAR uni03B9030403130300
ENCODING -1
SWIDTH 346 0
DWIDTH 6 0
BBX 5 14 0 0
BITMAP
F0
D0
00
F0
00
60
60
60
60
60
60
60
60
38
ENDCHAR
STARTCHAR uni03B9030403130301
ENCODING -1
SWIDTH 346 0
DWIDTH 6 0
BBX 5 14 0 0
BITMAP
D8
D0
00
F0
00
60
60
60
60
60
60
60
60
38
ENDCHAR
STARTCHAR uni03B9030403140300
ENCODING -1
SWIDTH 346 0
DWIDTH 6 0
BBX 6 14 -1 0
BITMAP
D8
C8
00
78
00
30
30
30
30
30
30
30
30
1C
ENDCHAR
STARTCHAR uni03B9030403140301
ENCODING -1
SWIDTH 346 0
DWIDTH 6 0
BBX 5 14 0 0
BITMAP
D8
D0
00
F0
00
60
60
60
60
60
60
60
60
38
ENDCHAR
STARTCHAR uni03C5030803060300
ENCODING -1
SWIDTH 598 0
DWIDTH 10 0
BBX 7 15 1 0
BITMAP
60
54
78
00
48
00
C2
C2
C2
C2
C2
C2
C2
46
7C
ENDCHAR
STARTCHAR uni03C5030803040300
ENCODING -1
SWIDTH 598 0
DWIDTH 10 0
BBX 7 15 1 0
BITMAP
60
10
7C
00
48
00
C2
C2
C2
C2
C2
C2
C2
46
7C
ENDCHAR
STARTCHAR uni03C5030803040301
ENCODING -1
SWIDTH 598 0
DWIDTH 10 0
BBX 7 15 1 0
BITMAP
18
20
7C
00
48
00
C2
C2
C2
C2
C2
C2
C2
46
7C
ENDCHAR
STARTCHAR uni03C5030603130300
ENCODING -1
SWIDTH 613 0
DWIDTH 10 0
BBX 7 15 1 0
BITMAP
6C
2C
24
44
3C
00
C2
C2
C2
C2
C2
C2
C2
46
7C
ENDCHAR
STARTCHAR uni03C5030603130301
ENCODING -1
SWIDTH 613 0
DWIDTH 10 0
BBX 7 15 1 0
BITMAP
36
14
28
44
3C
00
C2
C2
C2
C2
C2
C2
C2
46
7C
ENDCHAR
STARTCHAR uni03C5030603140300
ENCODING -1
SWIDTH 613 0
DWIDTH 10 0
BBX 7 15 1 0
BITMAP
6C
4C
24
44
3C
00
C2
C2
C2
C2
C2
C2
C2
46
7C
ENDCHAR
STARTCHAR uni03C5030603140301
ENCODING -1
SWIDTH 613 0
DWIDTH 10 0
BBX 7 15 1 0
BITMAP
36
24
28
44
3C
00
C2
C2
C2
C2
C2
C2
C2
46
7C
ENDCHAR
STARTCHAR uni03C5030403130300
ENCODING -1
SWIDTH 613 0
DWIDTH 10 0
BBX 7 14 1 0
BITMAP
6C
64
00
3C
00
C2
C2
C2
C2
C2
C2
C2
46
7C
ENDCHAR
STARTCHAR uni03C5030403130301
ENCODING -1
SWIDTH 613 0
DWIDTH 10 0
BBX 7 14 1 0
BITMAP
3C
38
00
3C
00
C2
C2
C2
C2
C2
C2
C2
46
7C
ENDCHAR
STARTCHAR uni03C5030403140300
ENCODING -1
SWIDTH 613 0
DWIDTH 10 0
BBX 7 14 1 0
BITMAP
6C
64
00
3C
00
C2
C2
C2
C2
C2
C2
C2
46
7C
ENDCHAR
STARTCHAR uni03C5030403140301
ENCODING -1
SWIDTH 613 0
DWIDTH 10 0
BBX 7 14 1 0
BITMAP
66
64
00
3C
00
C2
C2
C2
C2
C2
C2
C2
46
7C
ENDCHAR
STARTCHAR uni03D0.alt
ENCODING -1
SWIDTH 621 0
DWIDTH 10 0
BBX 8 12 1 0
BITMAP
3E
62
43
C2
C6
9E
F3
81
C1
C3
42
3C
ENDCHAR
STARTCHAR phi.salt
ENCODING -1
SWIDTH 724 0
DWIDTH 12 0
BBX 10 13 1 -4
BITMAP
4700
6D80
C880
88C0
88C0
88C0
C880
6980
3F00
0800
0800
0800
0800
ENDCHAR
STARTCHAR alpha.sc
ENCODING -1
SWIDTH 528 0
DWIDTH 8 0
BBX 8 9 0 0
BITMAP
18
1C
34
24
26
7E
43
43
C1
ENDCHAR
STARTCHAR beta.sc
ENCODING -1
SWIDTH 525 0
DWIDTH 8 0
BBX 7 9 1 0
BITMAP
FC
C4
C6
CC
FC
C6
C6
C4
FC
ENDCHAR
STARTCHAR gamma.sc
ENCODING -1
SWIDTH 400 0
DWIDTH 6 0
BBX 5 9 1 0
BITMAP
F8
C0
C0
C0
C0
C0
C0
C0
C0
ENDCHAR
STARTCHAR delta.sc
ENCODING -1
SWIDTH 567 0
DWIDTH 9 0
BBX 9 9 0 0
BITMAP
0C00
1400
1400
3600
2200
2300
6300
4100
FF80
ENDCHAR
STARTCHAR epsilon.sc
ENCODING -1
SWIDTH 447 0
DWIDTH 7 0
BBX 5 9 1 0
BITMAP
F8
C0
C0
C0
F8
C0
C0
C0
F8
ENDCHAR
STARTCHAR zeta.sc
ENCODING -1
SWIDTH 479 0
DWIDTH 8 0
BBX 7 9 0 0
BITMAP
7E
06
0C
08
18
30
20
40
FE
ENDCHAR
STARTCHAR eta.sc
ENCODING -1
SWIDTH 599 0
DWIDTH 10 0
BBX 7 9 1 0
BITMAP
C2
C2
C2
C2
FE
C2
C2
C2
C2
ENDCHAR
STARTCHAR theta.sc
ENCODING -1
SWIDTH 632 0
DWIDTH 10 0
BBX 8 9 1 0
BITMAP
7E
C3
C1
81
BD
81
C3
43
3E
ENDCHAR
STARTCHAR iota.sc
ENCODING -1
SWIDTH 291 0
DWIDTH 5 0
BBX 3 9 1 0
BITMAP
E0
40
40
40
40
40
40
40
E0
ENDCHAR
STARTCHAR kappa.sc
ENCODING -1
SWIDTH 506 0
DWIDTH 8 0
BBX 7 9 1 0
BITMAP
C6
CC
D8
F0
F0
D8
C8
CC
C6
ENDCHAR
STARTCHAR lambda.sc
ENCODING -1
SWIDTH 508 0
DWIDTH 8 0
BBX 8 9 0 0
BITMAP
18
18
3C
24
26
66
42
43
C3
ENDCHAR
STARTCHAR uni03BC.sc
ENCODING -1
SWIDTH 736 0
DWIDTH 12 0
BBX 10 9 1 0
BITMAP
C1C0
A1C0
A1C0
A2C0
92C0
92C0
9CC0
8CC0
8CC0
ENDCHAR
STARTCHAR nu.sc
ENCODING -1
SWIDTH 623 0
DWIDTH 10 0
BBX 8 9 1 0
BITMAP
C3
E3
B3
93
9B
8B
8D
87
83
ENDCHAR
STARTCHAR xi.sc
ENCODING -1
SWIDTH 486 0
DWIDTH 8 0
BBX 6 9 1 0
BITMAP
FC
00
00
00
78
00
00
00
FC
ENDCHAR
STARTCHAR omicron.sc
ENCODING -1
SWIDTH 632 0
DWIDTH 10 0
BBX 8 9 1 0
BITMAP
7E
C3
C1
81
81
81
C3
43
3E
ENDCHAR
STARTCHAR pi.sc
ENCODING -1
SWIDTH 589 0
DWIDTH 9 0
BBX 7 9 1 0
BITMAP
FE
C2
C2
C2
C2
C2
C2
C2
C2
ENDCHAR
STARTCHAR rho.sc
ENCODING -1
SWIDTH 491 0
DWIDTH 8 0
BBX 6 9 1 0
BITMAP
F8
CC
C4
C4
FC
E0
C0
C0
C0
ENDCHAR
STARTCHAR uni03C2.sc
ENCODING -1
SWIDTH 478 0
DWIDTH 8 0
BBX 7 9 0 0
BITMAP
7E
60
30
10
18
30
20
40
FE
ENDCHAR
STARTCHAR sigma.sc
ENCODING -1
SWIDTH 478 0
DWIDTH 8 0
BBX 7 9 0 0
BITMAP
7E
60
30
10
18
30
20
40
FE
ENDCHAR
STARTCHAR tau.sc
ENCODING -1
SWIDTH 448 0
DWIDTH 7 0
BBX 7 9 0 0
BITMAP
FE
10
10
10
10
10
10
10
10
ENDCHAR
STARTCHAR upsilon.sc
ENCODING -1
SWIDTH 473 0
DWIDTH 8 0
BBX 8 9 0 0
BITMAP
C3
46
64
2C
18
18
18
18
18
ENDCHAR
STARTCHAR phi.sc
ENCODING -1
SWIDTH 705 0
DWIDTH 11 0
BBX 10 9 1 0
BITMAP
0800
7F00
C980
8880
88C0
8880
C980
3E00
0800
ENDCHAR
STARTCHAR chi.sc
ENCODING -1
SWIDTH 497 0
DWIDTH 8 0
BBX 8 9 0 0
BITMAP
C3
66
24
18
18
3C
24
66
C3
ENDCHAR
STARTCHAR psi.sc
ENCODING -1
SWIDTH 693 0
DWIDTH 11 0
BBX 9 9 1 0
BITMAP
C880
C880
C880
C880
C980
7F00
1C00
0800
0800
ENDCHAR
STARTCHAR omega.sc
ENCODING -1
SWIDTH 644 0
DWIDTH 10 0
BBX 9 9 1 0
BITMAP
7E00
4300
C100
8100
8100
C100
C300
6600
E780
ENDCHAR
STARTCHAR iotatonos.sc
ENCODING -1
SWIDTH 291 0
DWIDTH 5 0
BBX 3 9 1 0
BITMAP
E0
40
40
40
40
40
40
40
E0
ENDCHAR
STARTCHAR iotadieresis.sc
ENCODING -1
SWIDTH 291 0
DWIDTH 5 0
BBX 5 12 0 0
BITMAP
D8
48
00
70
20
20
20
20
20
20
20
70
ENDCHAR
STARTCHAR iotadieresistonos.sc
ENCODING -1
SWIDTH 291 0
DWIDTH 5 0
BBX 5 12 0 0
BITMAP
D8
48
00
70
20
20
20
20
20
20
20
70
ENDCHAR
STARTCHAR upsilontonos.sc
ENCODING -1
SWIDTH 473 0
DWIDTH 8 0
BBX 8 9 0 0
BITMAP
C3
46
64
2C
18
18
18
18
18
ENDCHAR
STARTCHAR upsilondieresis.sc
ENCODING -1
SWIDTH 473 0
DWIDTH 8 0
BBX 8 12 0 0
BITMAP
6C
24
01
C2
46
64
2C
18
18
18
18
18
ENDCHAR
STARTCHAR upsilondieresistonos.sc
ENCODING -1
SWIDTH 473 0
DWIDTH 8 0
BBX 8 12 0 0
BITMAP
6C
24
01
C2
46
64
2C
18
18
18
18
18
ENDCHAR
STARTCHAR omicrontonos.sc
ENCODING -1
SWIDTH 632 0
DWIDTH 10 0
BBX 8 9 1 0
BITMAP
7E
C3
C1
81
81
81
C3
43
3E
ENDCHAR
STARTCHAR omegatonos.sc
ENCODING -1
SWIDTH 644 0
DWIDTH 10 0
BBX 9 9 1 0
BITMAP
7E00
4300
C100
8100
8100
C100
C300
6600
E780
ENDCHAR
STARTCHAR alphatonos.sc
ENCODING -1
SWIDTH 528 0
DWIDTH 8 0
BBX 8 9 0 0
BITMAP
18
1C
34
24
26
7E
43
43
C1
ENDCHAR
STARTCHAR epsilontonos.sc
ENCODING -1
SWIDTH 447 0
DWIDTH 7 0
BBX 5 9 1 0
BITMAP
F8
C0
C0
C0
F8
C0
C0
C0
F8
ENDCHAR
STARTCHAR etatonos.sc
ENCODING -1
SWIDTH 599 0
DWIDTH 10 0
BBX 7 9 1 0
BITMAP
C2
C2
C2
C2
FE
C2
C2
C2
C2
ENDCHAR
STARTCHAR uni03D7.sc
ENCODING -1
SWIDTH 509 0
DWIDTH 8 0
BBX 7 12 1 -3
BITMAP
C6
CC
D8
F0
F0
D8
C8
C4
C6
02
06
FC
ENDCHAR
STARTCHAR uni1F00.sc
ENCODING -1
SWIDTH 528 0
DWIDTH 8 0
BBX 8 9 0 0
BITMAP
18
1C
34
24
26
7E
43
43
C1
ENDCHAR
STARTCHAR uni1F01.sc
ENCODING -1
SWIDTH 528 0
DWIDTH 8 0
BBX 8 9 0 0
BITMAP
18
1C
34
24
26
7E
43
43
C1
ENDCHAR
STARTCHAR uni1F02.sc
ENCODING -1
SWIDTH 528 0
DWIDTH 8 0
BBX 8 9 0 0
BITMAP
18
1C
34
24
26
7E
43
43
C1
ENDCHAR
STARTCHAR uni1F03.sc
ENCODING -1
SWIDTH 528 0
DWIDTH 8 0
BBX 8 9 0 0
BITMAP
18
1C
34
24
26
7E
43
43
C1
ENDCHAR
STARTCHAR uni1F04.sc
ENCODING -1
SWIDTH 528 0
DWIDTH 8 0
BBX 8 9 0 0
BITMAP
18
1C
34
24
26
7E
43
43
C1
ENDCHAR
STARTCHAR uni1F05.sc
ENCODING -1
SWIDTH 528 0
DWIDTH 8 0
BBX 8 9 0 0
BITMAP
18
1C
34
24
26
7E
43
43
C1
ENDCHAR
STARTCHAR uni1F06.sc
ENCODING -1
SWIDTH 528 0
DWIDTH 8 0
BBX 8 9 0 0
BITMAP
18
1C
34
24
26
7E
43
43
C1
ENDCHAR
STARTCHAR uni1F07.sc
ENCODING -1
SWIDTH 528 0
DWIDTH 8 0
BBX 8 9 0 0
BITMAP
18
1C
34
24
26
7E
43
43
C1
ENDCHAR
STARTCHAR uni1F70.sc
ENCODING -1
SWIDTH 528 0
DWIDTH 8 0
BBX 8 9 0 0
BITMAP
18
1C
34
24
26
7E
43
43
C1
ENDCHAR
STARTCHAR uni1F71.sc
ENCODING -1
SWIDTH 528 0
DWIDTH 8 0
BBX 8 9 0 0
BITMAP
18
1C
34
24
26
7E
43
43
C1
ENDCHAR
STARTCHAR uni1FB6.sc
ENCODING -1
SWIDTH 528 0
DWIDTH 8 0
BBX 8 9 0 0
BITMAP
18
1C
34
24
26
7E
43
43
C1
ENDCHAR
STARTCHAR uni1FB0.sc
ENCODING -1
SWIDTH 528 0
DWIDTH 8 0
BBX 8 9 0 0
BITMAP
18
1C
34
24
26
7E
43
43
C1
ENDCHAR
STARTCHAR uni1FB1.sc
ENCODING -1
SWIDTH 528 0
DWIDTH 8 0
BBX 8 9 0 0
BITMAP
18
1C
34
24
26
7E
43
43
C1
ENDCHAR
STARTCHAR uni1FB3.sc
ENCODING -1
SWIDTH 528 0
DWIDTH 8 0
BBX 8 13 0 -4
BITMAP
18
1C
34
24
26
7E
43
43
C1
00
18
18
0C
ENDCHAR
STARTCHAR uni1FB2.sc
ENCODING -1
SWIDTH 528 0
DWIDTH 8 0
BBX 8 13 0 -4
BITMAP
18
1C
34
24
26
7E
43
43
C1
00
18
18
0C
ENDCHAR
STARTCHAR uni1FB4.sc
ENCODING -1
SWIDTH 528 0
DWIDTH 8 0
BBX 8 13 0 -4
BITMAP
18
1C
34
24
26
7E
43
43
C1
00
18
18
0C
ENDCHAR
STARTCHAR uni1F80.sc
ENCODING -1
SWIDTH 528 0
DWIDTH 8 0
BBX 8 13 0 -4
BITMAP
18
1C
34
24
26
7E
43
43
C1
00
18
18
0C
ENDCHAR
STARTCHAR uni1F81.sc
ENCODING -1
SWIDTH 528 0
DWIDTH 8 0
BBX 8 13 0 -4
BITMAP
18
1C
34
24
26
7E
43
43
C1
00
18
18
0C
ENDCHAR
STARTCHAR uni1F82.sc
ENCODING -1
SWIDTH 528 0
DWIDTH 8 0
BBX 8 13 0 -4
BITMAP
18
1C
34
24
26
7E
43
43
C1
00
18
18
0C
ENDCHAR
STARTCHAR uni1F83.sc
ENCODING -1
SWIDTH 528 0
DWIDTH 8 0
BBX 8 13 0 -4
BITMAP
18
1C
34
24
26
7E
43
43
C1
00
18
18
0C
ENDCHAR
STARTCHAR uni1F84.sc
ENCODING -1
SWIDTH 528 0
DWIDTH 8 0
BBX 8 13 0 -4
BITMAP
18
1C
34
24
26
7E
43
43
C1
00
18
18
0C
ENDCHAR
STARTCHAR uni1F85.sc
ENCODING -1
SWIDTH 528 0
DWIDTH 8 0
BBX 8 13 0 -4
BITMAP
18
1C
34
24
26
7E
43
43
C1
00
18
18
0C
ENDCHAR
STARTCHAR uni1F86.sc
ENCODING -1
SWIDTH 528 0
DWIDTH 8 0
BBX 8 13 0 -4
BITMAP
18
1C
34
24
26
7E
43
43
C1
00
18
18
0C
ENDCHAR
STARTCHAR uni1F87.sc
ENCODING -1
SWIDTH 528 0
DWIDTH 8 0
BBX 8 13 0 -4
BITMAP
18
1C
34
24
26
7E
43
43
C1
00
18
18
0C
ENDCHAR
STARTCHAR uni1FB7.sc
ENCODING -1
SWIDTH 528 0
DWIDTH 8 0
BBX 8 13 0 -4
BITMAP
18
1C
34
24
26
7E
43
43
C1
00
18
18
0C
ENDCHAR
STARTCHAR uni1F10.sc
ENCODING -1
SWIDTH 447 0
DWIDTH 7 0
BBX 5 9 1 0
BITMAP
F8
C0
C0
C0
F8
C0
C0
C0
F8
ENDCHAR
STARTCHAR uni1F11.sc
ENCODING -1
SWIDTH 447 0
DWIDTH 7 0
BBX 5 9 1 0
BITMAP
F8
C0
C0
C0
F8
C0
C0
C0
F8
ENDCHAR
STARTCHAR uni1F12.sc
ENCODING -1
SWIDTH 447 0
DWIDTH 7 0
BBX 5 9 1 0
BITMAP
F8
C0
C0
C0
F8
C0
C0
C0
F8
ENDCHAR
STARTCHAR uni1F13.sc
ENCODING -1
SWIDTH 447 0
DWIDTH 7 0
BBX 5 9 1 0
BITMAP
F8
C0
C0
C0
F8
C0
C0
C0
F8
ENDCHAR
STARTCHAR uni1F14.sc
ENCODING -1
SWIDTH 447 0
DWIDTH 7 0
BBX 5 9 1 0
BITMAP
F8
C0
C0
C0
F8
C0
C0
C0
F8
ENDCHAR
STARTCHAR uni1F15.sc
ENCODING -1
SWIDTH 447 0
DWIDTH 7 0
BBX 5 9 1 0
BITMAP
F8
C0
C0
C0
F8
C0
C0
C0
F8
ENDCHAR
STARTCHAR uni1F72.sc
ENCODING -1
SWIDTH 447 0
DWIDTH 7 0
BBX 5 9 1 0
BITMAP
F8
C0
C0
C0
F8
C0
C0
C0
F8
ENDCHAR
STARTCHAR uni1F73.sc
ENCODING -1
SWIDTH 447 0
DWIDTH 7 0
BBX 5 9 1 0
BITMAP
F8
C0
C0
C0
F8
C0
C0
C0
F8
ENDCHAR
STARTCHAR uni1F20.sc
ENCODING -1
SWIDTH 599 0
DWIDTH 10 0
BBX 7 9 1 0
BITMAP
C2
C2
C2
C2
FE
C2
C2
C2
C2
ENDCHAR
STARTCHAR uni1F21.sc
ENCODING -1
SWIDTH 599 0
DWIDTH 10 0
BBX 7 9 1 0
BITMAP
C2
C2
C2
C2
FE
C2
C2
C2
C2
ENDCHAR
STARTCHAR uni1F22.sc
ENCODING -1
SWIDTH 599 0
DWIDTH 10 0
BBX 7 9 1 0
BITMAP
C2
C2
C2
C2
FE
C2
C2
C2
C2
ENDCHAR
STARTCHAR uni1F23.sc
ENCODING -1
SWIDTH 599 0
DWIDTH 10 0
BBX 7 9 1 0
BITMAP
C2
C2
C2
C2
FE
C2
C2
C2
C2
ENDCHAR
STARTCHAR uni1F24.sc
ENCODING -1
SWIDTH 599 0
DWIDTH 10 0
BBX 7 9 1 0
BITMAP
C2
C2
C2
C2
FE
C2
C2
C2
C2
ENDCHAR
STARTCHAR uni1F25.sc
ENCODING -1
SWIDTH 599 0
DWIDTH 10 0
BBX 7 9 1 0
BITMAP
C2
C2
C2
C2
FE
C2
C2
C2
C2
ENDCHAR
STARTCHAR uni1F26.sc
ENCODING -1
SWIDTH 599 0
DWIDTH 10 0
BBX 7 9 1 0
BITMAP
C2
C2
C2
C2
FE
C2
C2
C2
C2
ENDCHAR
STARTCHAR uni1F27.sc
ENCODING -1
SWIDTH 599 0
DWIDTH 10 0
BBX 7 9 1 0
BITMAP
C2
C2
C2
C2
FE
C2
C2
C2
C2
ENDCHAR
STARTCHAR uni1F74.sc
ENCODING -1
SWIDTH 599 0
DWIDTH 10 0
BBX 7 9 1 0
BITMAP
C2
C2
C2
C2
FE
C2
C2
C2
C2
ENDCHAR
STARTCHAR uni1F75.sc
ENCODING -1
SWIDTH 599 0
DWIDTH 10 0
BBX 7 9 1 0
BITMAP
C2
C2
C2
C2
FE
C2
C2
C2
C2
ENDCHAR
STARTCHAR uni1FC6.sc
ENCODING -1
SWIDTH 599 0
DWIDTH 10 0
BBX 7 9 1 0
BITMAP
C2
C2
C2
C2
FE
C2
C2
C2
C2
ENDCHAR
STARTCHAR uni1FC3.sc
ENCODING -1
SWIDTH 599 0
DWIDTH 10 0
BBX 7 13 1 -4
BITMAP
C2
C2
C2
C2
FE
C2
C2
C2
C2
00
18
18
0C
ENDCHAR
STARTCHAR uni1FC2.sc
ENCODING -1
SWIDTH 599 0
DWIDTH 10 0
BBX 7 13 1 -4
BITMAP
C2
C2
C2
C2
FE
C2
C2
C2
C2
00
18
18
0C
ENDCHAR
STARTCHAR uni1FC4.sc
ENCODING -1
SWIDTH 599 0
DWIDTH 10 0
BBX 7 13 1 -4
BITMAP
C2
C2
C2
C2
FE
C2
C2
C2
C2
00
18
18
0C
ENDCHAR
STARTCHAR uni1F90.sc
ENCODING -1
SWIDTH 599 0
DWIDTH 10 0
BBX 7 13 1 -4
BITMAP
C2
C2
C2
C2
FE
C2
C2
C2
C2
00
18
18
0C
ENDCHAR
STARTCHAR uni1F91.sc
ENCODING -1
SWIDTH 599 0
DWIDTH 10 0
BBX 7 13 1 -4
BITMAP
C2
C2
C2
C2
FE
C2
C2
C2
C2
00
18
18
0C
ENDCHAR
STARTCHAR uni1F92.sc
ENCODING -1
SWIDTH 599 0
DWIDTH 10 0
BBX 7 13 1 -4
BITMAP
C2
C2
C2
C2
FE
C2
C2
C2
C2
00
18
18
0C
ENDCHAR
STARTCHAR uni1F93.sc
ENCODING -1
SWIDTH 599 0
DWIDTH 10 0
BBX 7 13 1 -4
BITMAP
C2
C2
C2
C2
FE
C2
C2
C2
C2
00
18
18
0C
ENDCHAR
STARTCHAR uni1F94.sc
ENCODING -1
SWIDTH 599 0
DWIDTH 10 0
BBX 7 13 1 -4
BITMAP
C2
C2
C2
C2
FE
C2
C2
C2
C2
00
18
18
0C
ENDCHAR
STARTCHAR uni1F95.sc
ENCODING -1
SWIDTH 599 0
DWIDTH 10 0
BBX 7 13 1 -4
BITMAP
C2
C2
C2
C2
FE
C2
C2
C2
C2
00
18
18
0C
ENDCHAR
STARTCHAR uni1F96.sc
ENCODING -1
SWIDTH 599 0
DWIDTH 10 0
BBX 7 13 1 -4
BITMAP
C2
C2
C2
C2
FE
C2
C2
C2
C2
00
18
18
0C
ENDCHAR
STARTCHAR uni1F97.sc
ENCODING -1
SWIDTH 599 0
DWIDTH 10 0
BBX 7 13 1 -4
BITMAP
C2
C2
C2
C2
FE
C2
C2
C2
C2
00
18
18
0C
ENDCHAR
STARTCHAR uni1FC7.sc
ENCODING -1
SWIDTH 599 0
DWIDTH 10 0
BBX 7 13 1 -4
BITMAP
C2
C2
C2
C2
FE
C2
C2
C2
C2
00
18
18
0C
ENDCHAR
STARTCHAR uni1F30.sc
ENCODING -1
SWIDTH 291 0
DWIDTH 5 0
BBX 3 9 1 0
BITMAP
E0
40
40
40
40
40
40
40
E0
ENDCHAR
STARTCHAR uni1F31.sc
ENCODING -1
SWIDTH 291 0
DWIDTH 5 0
BBX 3 9 1 0
BITMAP
E0
40
40
40
40
40
40
40
E0
ENDCHAR
STARTCHAR uni1F32.sc
ENCODING -1
SWIDTH 291 0
DWIDTH 5 0
BBX 3 9 1 0
BITMAP
E0
40
40
40
40
40
40
40
E0
ENDCHAR
STARTCHAR uni1F33.sc
ENCODING -1
SWIDTH 291 0
DWIDTH 5 0
BBX 3 9 1 0
BITMAP
E0
40
40
40
40
40
40
40
E0
ENDCHAR
STARTCHAR uni1F34.sc
ENCODING -1
SWIDTH 291 0
DWIDTH 5 0
BBX 3 9 1 0
BITMAP
E0
40
40
40
40
40
40
40
E0
ENDCHAR
STARTCHAR uni1F35.sc
ENCODING -1
SWIDTH 291 0
DWIDTH 5 0
BBX 3 9 1 0
BITMAP
E0
40
40
40
40
40
40
40
E0
ENDCHAR
STARTCHAR uni1F36.sc
ENCODING -1
SWIDTH 291 0
DWIDTH 5 0
BBX 3 9 1 0
BITMAP
E0
40
40
40
40
40
40
40
E0
ENDCHAR
STARTCHAR uni1F37.sc
ENCODING -1
SWIDTH 291 0
DWIDTH 5 0
BBX 3 9 1 0
BITMAP
E0
40
40
40
40
40
40
40
E0
ENDCHAR
STARTCHAR uni1F76.sc
ENCODING -1
SWIDTH 291 0
DWIDTH 5 0
BBX 3 9 1 0
BITMAP
E0
40
40
40
40
40
40
40
E0
ENDCHAR
STARTCHAR uni1F77.sc
ENCODING -1
SWIDTH 291 0
DWIDTH 5 0
BBX 3 9 1 0
BITMAP
E0
40
40
40
40
40
40
40
E0
ENDCHAR
STARTCHAR uni1FD6.sc
ENCODING -1
SWIDTH 291 0
DWIDTH 5 0
BBX 3 9 1 0
BITMAP
E0
40
40
40
40
40
40
40
E0
ENDCHAR
STARTCHAR uni1FD0.sc
ENCODING -1
SWIDTH 291 0
DWIDTH 5 0
BBX 3 9 1 0
BITMAP
E0
40
40
40
40
40
40
40
E0
ENDCHAR
STARTCHAR uni1FD1.sc
ENCODING -1
SWIDTH 291 0
DWIDTH 5 0
BBX 3 9 1 0
BITMAP
E0
40
40
40
40
40
40
40
E0
ENDCHAR
STARTCHAR uni1FD2.sc
ENCODING -1
SWIDTH 291 0
DWIDTH 5 0
BBX 5 12 0 0
BITMAP
D8
48
00
70
20
20
20
20
20
20
20
70
ENDCHAR
STARTCHAR uni1FD3.sc
ENCODING -1
SWIDTH 291 0
DWIDTH 5 0
BBX 5 12 0 0
BITMAP
D8
48
00
70
20
20
20
20
20
20
20
70
ENDCHAR
STARTCHAR uni1FD7.sc
ENCODING -1
SWIDTH 291 0
DWIDTH 5 0
BBX 5 12 0 0
BITMAP
D8
48
00
70
20
20
20
20
20
20
20
70
ENDCHAR
STARTCHAR uni1F40.sc
ENCODING -1
SWIDTH 632 0
DWIDTH 10 0
BBX 8 9 1 0
BITMAP
7E
C3
C1
81
81
81
C3
43
3E
ENDCHAR
STARTCHAR uni1F41.sc
ENCODING -1
SWIDTH 632 0
DWIDTH 10 0
BBX 8 9 1 0
BITMAP
7E
C3
C1
81
81
81
C3
43
3E
ENDCHAR
STARTCHAR uni1F42.sc
ENCODING -1
SWIDTH 632 0
DWIDTH 10 0
BBX 8 9 1 0
BITMAP
7E
C3
C1
81
81
81
C3
43
3E
ENDCHAR
STARTCHAR uni1F43.sc
ENCODING -1
SWIDTH 632 0
DWIDTH 10 0
BBX 8 9 1 0
BITMAP
7E
C3
C1
81
81
81
C3
43
3E
ENDCHAR
STARTCHAR uni1F44.sc
ENCODING -1
SWIDTH 632 0
DWIDTH 10 0
BBX 8 9 1 0
BITMAP
7E
C3
C1
81
81
81
C3
43
3E
ENDCHAR
STARTCHAR uni1F45.sc
ENCODING -1
SWIDTH 632 0
DWIDTH 10 0
BBX 8 9 1 0
BITMAP
7E
C3
C1
81
81
81
C3
43
3E
ENDCHAR
STARTCHAR uni1F78.sc
ENCODING -1
SWIDTH 632 0
DWIDTH 10 0
BBX 8 9 1 0
BITMAP
7E
C3
C1
81
81
81
C3
43
3E
ENDCHAR
STARTCHAR uni1F79.sc
ENCODING -1
SWIDTH 632 0
DWIDTH 10 0
BBX 8 9 1 0
BITMAP
7E
C3
C1
81
81
81
C3
43
3E
ENDCHAR
STARTCHAR uni1FE4.sc
ENCODING -1
SWIDTH 491 0
DWIDTH 8 0
BBX 6 9 1 0
BITMAP
F8
CC
C4
C4
FC
E0
C0
C0
C0
ENDCHAR
STARTCHAR uni1FE5.sc
ENCODING -1
SWIDTH 491 0
DWIDTH 8 0
BBX 6 9 1 0
BITMAP
F8
CC
C4
C4
FC
E0
C0
C0
C0
ENDCHAR
STARTCHAR uni1F50.sc
ENCODING -1
SWIDTH 473 0
DWIDTH 8 0
BBX 8 9 0 0
BITMAP
C3
46
64
2C
18
18
18
18
18
ENDCHAR
STARTCHAR uni1F51.sc
ENCODING -1
SWIDTH 473 0
DWIDTH 8 0
BBX 8 9 0 0
BITMAP
C3
46
64
2C
18
18
18
18
18
ENDCHAR
STARTCHAR uni1F52.sc
ENCODING -1
SWIDTH 473 0
DWIDTH 8 0
BBX 8 9 0 0
BITMAP
C3
46
64
2C
18
18
18
18
18
ENDCHAR
STARTCHAR uni1F53.sc
ENCODING -1
SWIDTH 473 0
DWIDTH 8 0
BBX 8 9 0 0
BITMAP
C3
46
64
2C
18
18
18
18
18
ENDCHAR
STARTCHAR uni1F54.sc
ENCODING -1
SWIDTH 473 0
DWIDTH 8 0
BBX 8 9 0 0
BITMAP
C3
46
64
2C
18
18
18
18
18
ENDCHAR
STARTCHAR uni1F55.sc
ENCODING -1
SWIDTH 473 0
DWIDTH 8 0
BBX 8 9 0 0
BITMAP
C3
46
64
2C
18
18
18
18
18
ENDCHAR
STARTCHAR uni1F56.sc
ENCODING -1
SWIDTH 473 0
DWIDTH 8 0
BBX 8 9 0 0
BITMAP
C3
46
64
2C
18
18
18
18
18
ENDCHAR
STARTCHAR uni1F57.sc
ENCODING -1
SWIDTH 473 0
DWIDTH 8 0
BBX 8 9 0 0
BITMAP
C3
46
64
2C
18
18
18
18
18
ENDCHAR
STARTCHAR uni1F7A.sc
ENCODING -1
SWIDTH 473 0
DWIDTH 8 0
BBX 8 9 0 0
BITMAP
C3
46
64
2C
18
18
18
18
18
ENDCHAR
STARTCHAR uni1F7B.sc
ENCODING -1
SWIDTH 473 0
DWIDTH 8 0
BBX 8 9 0 0
BITMAP
C3
46
64
2C
18
18
18
18
18
ENDCHAR
STARTCHAR uni1FE6.sc
ENCODING -1
SWIDTH 473 0
DWIDTH 8 0
BBX 8 9 0 0
BITMAP
C3
46
64
2C
18
18
18
18
18
ENDCHAR
STARTCHAR uni1FE0.sc
ENCODING -1
SWIDTH 473 0
DWIDTH 8 0
BBX 8 9 0 0
BITMAP
C3
46
64
2C
18
18
18
18
18
ENDCHAR
STARTCHAR uni1FE1.sc
ENCODING -1
SWIDTH 473 0
DWIDTH 8 0
BBX 8 9 0 0
BITMAP
C3
46
64
2C
18
18
18
18
18
ENDCHAR
STARTCHAR uni1FE2.sc
ENCODING -1
SWIDTH 473 0
DWIDTH 8 0
BBX 8 12 0 0
BITMAP
6C
24
01
C2
46
64
2C
18
18
18
18
18
ENDCHAR
STARTCHAR uni1FE3.sc
ENCODING -1
SWIDTH 473 0
DWIDTH 8 0
BBX 8 12 0 0
BITMAP
6C
24
01
C2
46
64
2C
18
18
18
18
18
ENDCHAR
STARTCHAR uni1FE7.sc
ENCODING -1
SWIDTH 473 0
DWIDTH 8 0
BBX 8 12 0 0
BITMAP
6C
24
01
C2
46
64
2C
18
18
18
18
18
ENDCHAR
STARTCHAR uni1F60.sc
ENCODING -1
SWIDTH 644 0
DWIDTH 10 0
BBX 9 9 1 0
BITMAP
7E00
4300
C100
8100
8100
C100
C300
6600
E780
ENDCHAR
STARTCHAR uni1F61.sc
ENCODING -1
SWIDTH 644 0
DWIDTH 10 0
BBX 9 9 1 0
BITMAP
7E00
4300
C100
8100
8100
C100
C300
6600
E780
ENDCHAR
STARTCHAR uni1F62.sc
ENCODING -1
SWIDTH 644 0
DWIDTH 10 0
BBX 9 9 1 0
BITMAP
7E00
4300
C100
8100
8100
C100
C300
6600
E780
ENDCHAR
STARTCHAR uni1F63.sc
ENCODING -1
SWIDTH 644 0
DWIDTH 10 0
BBX 9 9 1 0
BITMAP
7E00
4300
C100
8100
8100
C100
C300
6600
E780
ENDCHAR
STARTCHAR uni1F64.sc
ENCODING -1
SWIDTH 644 0
DWIDTH 10 0
BBX 9 9 1 0
BITMAP
7E00
4300
C100
8100
8100
C100
C300
6600
E780
ENDCHAR
STARTCHAR uni1F65.sc
ENCODING -1
SWIDTH 644 0
DWIDTH 10 0
BBX 9 9 1 0
BITMAP
7E00
4300
C100
8100
8100
C100
C300
6600
E780
ENDCHAR
STARTCHAR uni1F66.sc
ENCODING -1
SWIDTH 644 0
DWIDTH 10 0
BBX 9 9 1 0
BITMAP
7E00
4300
C100
8100
8100
C100
C300
6600
E780
ENDCHAR
STARTCHAR uni1F67.sc
ENCODING -1
SWIDTH 644 0
DWIDTH 10 0
BBX 9 9 1 0
BITMAP
7E00
4300
C100
8100
8100
C100
C300
6600
E780
ENDCHAR
STARTCHAR uni1F7C.sc
ENCODING -1
SWIDTH 644 0
DWIDTH 10 0
BBX 9 9 1 0
BITMAP
7E00
4300
C100
8100
8100
C100
C300
6600
E780
ENDCHAR
STARTCHAR uni1F7D.sc
ENCODING -1
SWIDTH 644 0
DWIDTH 10 0
BBX 9 9 1 0
BITMAP
7E00
4300
C100
8100
8100
C100
C300
6600
E780
ENDCHAR
STARTCHAR uni1FF6.sc
ENCODING -1
SWIDTH 644 0
DWIDTH 10 0
BBX 9 9 1 0
BITMAP
7E00
4300
C100
8100
8100
C100
C300
6600
E780
ENDCHAR
STARTCHAR uni1FF3.sc
ENCODING -1
SWIDTH 644 0
DWIDTH 10 0
BBX 9 13 1 -4
BITMAP
7E00
4300
C100
8100
8100
C100
C300
6600
E780
0000
1800
1800
0C00
ENDCHAR
STARTCHAR uni1FF2.sc
ENCODING -1
SWIDTH 644 0
DWIDTH 10 0
BBX 9 13 1 -4
BITMAP
7E00
4300
C100
8100
8100
C100
C300
6600
E780
0000
1800
1800
0C00
ENDCHAR
STARTCHAR uni1FF4.sc
ENCODING -1
SWIDTH 644 0
DWIDTH 10 0
BBX 9 13 1 -4
BITMAP
7E00
4300
C100
8100
8100
C100
C300
6600
E780
0000
1800
1800
0C00
ENDCHAR
STARTCHAR uni1FA0.sc
ENCODING -1
SWIDTH 644 0
DWIDTH 10 0
BBX 9 13 1 -4
BITMAP
7E00
4300
C100
8100
8100
C100
C300
6600
E780
0000
1800
1800
0C00
ENDCHAR
STARTCHAR uni1FA1.sc
ENCODING -1
SWIDTH 644 0
DWIDTH 10 0
BBX 9 13 1 -4
BITMAP
7E00
4300
C100
8100
8100
C100
C300
6600
E780
0000
1800
1800
0C00
ENDCHAR
STARTCHAR uni1FA2.sc
ENCODING -1
SWIDTH 644 0
DWIDTH 10 0
BBX 9 13 1 -4
BITMAP
7E00
4300
C100
8100
8100
C100
C300
6600
E780
0000
1800
1800
0C00
ENDCHAR
STARTCHAR uni1FA3.sc
ENCODING -1
SWIDTH 644 0
DWIDTH 10 0
BBX 9 13 1 -4
BITMAP
7E00
4300
C100
8100
8100
C100
C300
6600
E780
0000
1800
1800
0C00
ENDCHAR
STARTCHAR uni1FA4.sc
ENCODING -1
SWIDTH 644 0
DWIDTH 10 0
BBX 9 13 1 -4
BITMAP
7E00
4300
C100
8100
8100
C100
C300
6600
E780
0000
1800
1800
0C00
ENDCHAR
STARTCHAR uni1FA5.sc
ENCODING -1
SWIDTH 644 0
DWIDTH 10 0
BBX 9 13 1 -4
BITMAP
7E00
4300
C100
8100
8100
C100
C300
6600
E780
0000
1800
1800
0C00
ENDCHAR
STARTCHAR uni1FA6.sc
ENCODING -1
SWIDTH 644 0
DWIDTH 10 0
BBX 9 13 1 -4
BITMAP
7E00
4300
C100
8100
8100
C100
C300
6600
E780
0000
1800
1800
0C00
ENDCHAR
STARTCHAR uni1FA7.sc
ENCODING -1
SWIDTH 644 0
DWIDTH 10 0
BBX 9 13 1 -4
BITMAP
7E00
4300
C100
8100
8100
C100
C300
6600
E780
0000
1800
1800
0C00
ENDCHAR
STARTCHAR uni1FF7.sc
ENCODING -1
SWIDTH 644 0
DWIDTH 10 0
BBX 9 13 1 -4
BITMAP
7E00
4300
C100
8100
8100
C100
C300
6600
E780
0000
1800
1800
0C00
ENDCHAR
STARTCHAR uni1FB3.sc.ad
ENCODING -1
SWIDTH 819 0
DWIDTH 13 0
BBX 12 9 0 0
BITMAP
1870
1C20
3420
2420
2620
7E20
4320
4320
C170
ENDCHAR
STARTCHAR uni1FB2.sc.ad
ENCODING -1
SWIDTH 819 0
DWIDTH 13 0
BBX 12 9 0 0
BITMAP
1870
1C20
3420
2420
2620
7E20
4320
4320
C170
ENDCHAR
STARTCHAR uni1FB4.sc.ad
ENCODING -1
SWIDTH 819 0
DWIDTH 13 0
BBX 12 9 0 0
BITMAP
1870
1C20
3420
2420
2620
7E20
4320
4320
C170
ENDCHAR
STARTCHAR uni1F80.sc.ad
ENCODING -1
SWIDTH 819 0
DWIDTH 13 0
BBX 12 9 0 0
BITMAP
1870
1C20
3420
2420
2620
7E20
4320
4320
C170
ENDCHAR
STARTCHAR uni1F81.sc.ad
ENCODING -1
SWIDTH 819 0
DWIDTH 13 0
BBX 12 9 0 0
BITMAP
1870
1C20
3420
2420
2620
7E20
4320
4320
C170
ENDCHAR
STARTCHAR uni1F82.sc.ad
ENCODING -1
SWIDTH 819 0
DWIDTH 13 0
BBX 12 9 0 0
BITMAP
1870
1C20
3420
2420
2620
7E20
4320
4320
C170
ENDCHAR
STARTCHAR uni1F83.sc.ad
ENCODING -1
SWIDTH 819 0
DWIDTH 13 0
BBX 12 9 0 0
BITMAP
1870
1C20
3420
2420
2620
7E20
4320
4320
C170
ENDCHAR
STARTCHAR uni1F84.sc.ad
ENCODING -1
SWIDTH 819 0
DWIDTH 13 0
BBX 12 9 0 0
BITMAP
1870
1C20
3420
2420
2620
7E20
4320
4320
C170
ENDCHAR
STARTCHAR uni1F85.sc.ad
ENCODING -1
SWIDTH 819 0
DWIDTH 13 0
BBX 12 9 0 0
BITMAP
1870
1C20
3420
2420
2620
7E20
4320
4320
C170
ENDCHAR
STARTCHAR uni1F86.sc.ad
ENCODING -1
SWIDTH 819 0
DWIDTH 13 0
BBX 12 9 0 0
BITMAP
1870
1C20
3420
2420
2620
7E20
4320
4320
C170
ENDCHAR
STARTCHAR uni1F87.sc.ad
ENCODING -1
SWIDTH 819 0
DWIDTH 13 0
BBX 12 9 0 0
BITMAP
1870
1C20
3420
2420
2620
7E20
4320
4320
C170
ENDCHAR
STARTCHAR uni1FB7.sc.ad
ENCODING -1
SWIDTH 819 0
DWIDTH 13 0
BBX 12 9 0 0
BITMAP
1870
1C20
3420
2420
2620
7E20
4320
4320
C170
ENDCHAR
STARTCHAR uni1FC3.sc.ad
ENCODING -1
SWIDTH 890 0
DWIDTH 14 0
BBX 13 9 1 0
BITMAP
C238
C210
C210
C210
FE10
C210
C210
C210
C238
ENDCHAR
STARTCHAR uni1FC2.sc.ad
ENCODING -1
SWIDTH 890 0
DWIDTH 14 0
BBX 13 9 1 0
BITMAP
C238
C210
C210
C210
FE10
C210
C210
C210
C238
ENDCHAR
STARTCHAR uni1FC4.sc.ad
ENCODING -1
SWIDTH 890 0
DWIDTH 14 0
BBX 13 9 1 0
BITMAP
C238
C210
C210
C210
FE10
C210
C210
C210
C238
ENDCHAR
STARTCHAR uni1F90.sc.ad
ENCODING -1
SWIDTH 890 0
DWIDTH 14 0
BBX 13 9 1 0
BITMAP
C238
C210
C210
C210
FE10
C210
C210
C210
C238
ENDCHAR
STARTCHAR uni1F91.sc.ad
ENCODING -1
SWIDTH 890 0
DWIDTH 14 0
BBX 13 9 1 0
BITMAP
C238
C210
C210
C210
FE10
C210
C210
C210
C238
ENDCHAR
STARTCHAR uni1F92.sc.ad
ENCODING -1
SWIDTH 890 0
DWIDTH 14 0
BBX 13 9 1 0
BITMAP
C238
C210
C210
C210
FE10
C210
C210
C210
C238
ENDCHAR
STARTCHAR uni1F93.sc.ad
ENCODING -1
SWIDTH 890 0
DWIDTH 14 0
BBX 13 9 1 0
BITMAP
C238
C210
C210
C210
FE10
C210
C210
C210
C238
ENDCHAR
STARTCHAR uni1F94.sc.ad
ENCODING -1
SWIDTH 890 0
DWIDTH 14 0
BBX 13 9 1 0
BITMAP
C238
C210
C210
C210
FE10
C210
C210
C210
C238
ENDCHAR
STARTCHAR uni1F95.sc.ad
ENCODING -1
SWIDTH 890 0
DWIDTH 14 0
BBX 13 9 1 0
BITMAP
C238
C210
C210
C210
FE10
C210
C210
C210
C238
ENDCHAR
STARTCHAR uni1F96.sc.ad
ENCODING -1
SWIDTH 890 0
DWIDTH 14 0
BBX 13 9 1 0
BITMAP
C238
C210
C210
C210
FE10
C210
C210
C210
C238
ENDCHAR
STARTCHAR uni1F97.sc.ad
ENCODING -1
SWIDTH 890 0
DWIDTH 14 0
BBX 13 9 1 0
BITMAP
C238
C210
C210
C210
FE10
C210
C210
C210
C238
ENDCHAR
STARTCHAR uni1FC7.sc.ad
ENCODING -1
SWIDTH 890 0
DWIDTH 14 0
BBX 13 9 1 0
BITMAP
C238
C210
C210
C210
FE10
C210
C210
C210
C238
ENDCHAR
STARTCHAR uni1FF3.sc.ad
ENCODING -1
SWIDTH 935 0
DWIDTH 15 0
BBX 13 9 1 0
BITMAP
7E38
4310
C110
8110
8110
C110
C310
6610
E7B8
ENDCHAR
STARTCHAR uni1FF2.sc.ad
ENCODING -1
SWIDTH 935 0
DWIDTH 15 0
BBX 13 9 1 0
BITMAP
7E38
4310
C110
8110
8110
C110
C310
6610
E7B8
ENDCHAR
STARTCHAR uni1FF4.sc.ad
ENCODING -1
SWIDTH 935 0
DWIDTH 15 0
BBX 13 9 1 0
BITMAP
7E38
4310
C110
8110
8110
C110
C310
6610
E7B8
ENDCHAR
STARTCHAR uni1FA0.sc.ad
ENCODING -1
SWIDTH 935 0
DWIDTH 15 0
BBX 13 9 1 0
BITMAP
7E38
4310
C110
8110
8110
C110
C310
6610
E7B8
ENDCHAR
STARTCHAR uni1FA1.sc.ad
ENCODING -1
SWIDTH 935 0
DWIDTH 15 0
BBX 13 9 1 0
BITMAP
7E38
4310
C110
8110
8110
C110
C310
6610
E7B8
ENDCHAR
STARTCHAR uni1FA2.sc.ad
ENCODING -1
SWIDTH 935 0
DWIDTH 15 0
BBX 13 9 1 0
BITMAP
7E38
4310
C110
8110
8110
C110
C310
6610
E7B8
ENDCHAR
STARTCHAR uni1FA3.sc.ad
ENCODING -1
SWIDTH 935 0
DWIDTH 15 0
BBX 13 9 1 0
BITMAP
7E38
4310
C110
8110
8110
C110
C310
6610
E7B8
ENDCHAR
STARTCHAR uni1FA4.sc.ad
ENCODING -1
SWIDTH 935 0
DWIDTH 15 0
BBX 13 9 1 0
BITMAP
7E38
4310
C110
8110
8110
C110
C310
6610
E7B8
ENDCHAR
STARTCHAR uni1FA5.sc.ad
ENCODING -1
SWIDTH 935 0
DWIDTH 15 0
BBX 13 9 1 0
BITMAP
7E38
4310
C110
8110
8110
C110
C310
6610
E7B8
ENDCHAR
STARTCHAR uni1FA6.sc.ad
ENCODING -1
SWIDTH 935 0
DWIDTH 15 0
BBX 13 9 1 0
BITMAP
7E38
4310
C110
8110
8110
C110
C310
6610
E7B8
ENDCHAR
STARTCHAR uni1FA7.sc.ad
ENCODING -1
SWIDTH 935 0
DWIDTH 15 0
BBX 13 9 1 0
BITMAP
7E38
4310
C110
8110
8110
C110
C310
6610
E7B8
ENDCHAR
STARTCHAR uni1FF7.sc.ad
ENCODING -1
SWIDTH 935 0
DWIDTH 15 0
BBX 13 9 1 0
BITMAP
7E38
4310
C110
8110
8110
C110
C310
6610
E7B8
ENDCHAR
STARTCHAR iotatonos.sc.ss06
ENCODING -1
SWIDTH 291 0
DWIDTH 5 0
BBX 3 13 1 0
BITMAP
60
40
00
00
E0
40
40
40
40
40
40
40
E0
ENDCHAR
STARTCHAR iotadieresis.sc.ss06
ENCODING -1
SWIDTH 291 0
DWIDTH 5 0
BBX 5 12 0 0
BITMAP
D8
48
00
70
20
20
20
20
20
20
20
70
ENDCHAR
STARTCHAR iotadieresistonos.sc.ss06
ENCODING -1
SWIDTH 291 0
DWIDTH 5 0
BBX 6 13 0 0
BITMAP
5C
FC
00
00
70
20
20
20
20
20
20
20
70
ENDCHAR
STARTCHAR upsilontonos.sc.ss06
ENCODING -1
SWIDTH 473 0
DWIDTH 8 0
BBX 8 13 0 0
BITMAP
0C
08
00
01
C2
46
64
2C
18
18
18
18
18
ENDCHAR
STARTCHAR upsilondieresis.sc.ss06
ENCODING -1
SWIDTH 473 0
DWIDTH 8 0
BBX 8 12 0 0
BITMAP
6C
24
01
C2
46
64
2C
18
18
18
18
18
ENDCHAR
STARTCHAR upsilondieresistonos.sc.ss06
ENCODING -1
SWIDTH 473 0
DWIDTH 8 0
BBX 8 13 0 0
BITMAP
2E
7E
00
01
C2
46
64
2C
18
18
18
18
18
ENDCHAR
STARTCHAR omicrontonos.sc.ss06
ENCODING -1
SWIDTH 632 0
DWIDTH 10 0
BBX 8 13 1 0
BITMAP
0C
08
00
00
7E
C3
C1
81
81
81
C3
43
3E
ENDCHAR
STARTCHAR omegatonos.sc.ss06
ENCODING -1
SWIDTH 644 0
DWIDTH 10 0
BBX 9 13 1 0
BITMAP
0C00
0800
0000
0000
7E00
4300
C100
8100
8100
C100
C300
6600
E780
ENDCHAR
STARTCHAR alphatonos.sc.ss06
ENCODING -1
SWIDTH 528 0
DWIDTH 8 0
BBX 8 13 0 0
BITMAP
0C
08
00
00
18
1C
34
24
26
7E
43
43
C1
ENDCHAR
STARTCHAR epsilontonos.sc.ss06
ENCODING -1
SWIDTH 447 0
DWIDTH 7 0
BBX 5 13 1 0
BITMAP
18
10
00
00
F8
C0
C0
C0
F8
C0
C0
C0
F8
ENDCHAR
STARTCHAR etatonos.sc.ss06
ENCODING -1
SWIDTH 599 0
DWIDTH 10 0
BBX 7 13 1 0
BITMAP
0C
08
00
00
C2
C2
C2
C2
FE
C2
C2
C2
C2
ENDCHAR
STARTCHAR uni1F00.sc.ss06
ENCODING -1
SWIDTH 528 0
DWIDTH 8 0
BBX 8 13 0 0
BITMAP
0C
0C
00
00
18
1C
34
24
26
7E
43
43
C1
ENDCHAR
STARTCHAR uni1F01.sc.ss06
ENCODING -1
SWIDTH 528 0
DWIDTH 8 0
BBX 8 13 0 0
BITMAP
18
18
00
00
18
1C
34
24
26
7E
43
43
C1
ENDCHAR
STARTCHAR uni1F02.sc.ss06
ENCODING -1
SWIDTH 528 0
DWIDTH 8 0
BBX 8 13 0 0
BITMAP
3C
34
00
00
18
1C
34
24
26
7E
43
43
C1
ENDCHAR
STARTCHAR uni1F03.sc.ss06
ENCODING -1
SWIDTH 528 0
DWIDTH 8 0
BBX 8 13 0 0
BITMAP
6C
64
00
00
18
1C
34
24
26
7E
43
43
C1
ENDCHAR
STARTCHAR uni1F04.sc.ss06
ENCODING -1
SWIDTH 528 0
DWIDTH 8 0
BBX 8 13 0 0
BITMAP
36
34
00
00
18
1C
34
24
26
7E
43
43
C1
ENDCHAR
STARTCHAR uni1F05.sc.ss06
ENCODING -1
SWIDTH 528 0
DWIDTH 8 0
BBX 8 13 0 0
BITMAP
66
64
00
00
18
1C
34
24
26
7E
43
43
C1
ENDCHAR
STARTCHAR uni1F06.sc.ss06
ENCODING -1
SWIDTH 528 0
DWIDTH 8 0
BBX 8 16 0 0
BITMAP
11
2E
00
18
18
00
00
18
1C
34
24
26
7E
43
43
C1
ENDCHAR
STARTCHAR uni1F07.sc.ss06
ENCODING -1
SWIDTH 528 0
DWIDTH 8 0
BBX 8 16 0 0
BITMAP
11
2E
00
18
18
00
00
18
1C
34
24
26
7E
43
43
C1
ENDCHAR
STARTCHAR uni1F70.sc.ss06
ENCODING -1
SWIDTH 528 0
DWIDTH 8 0
BBX 8 13 0 0
BITMAP
18
08
00
00
18
1C
34
24
26
7E
43
43
C1
ENDCHAR
STARTCHAR uni1F71.sc.ss06
ENCODING -1
SWIDTH 528 0
DWIDTH 8 0
BBX 8 13 0 0
BITMAP
0C
08
00
00
18
1C
34
24
26
7E
43
43
C1
ENDCHAR
STARTCHAR uni1FB6.sc.ss06
ENCODING -1
SWIDTH 528 0
DWIDTH 8 0
BBX 8 13 0 0
BITMAP
11
2E
00
00
18
1C
34
24
26
7E
43
43
C1
ENDCHAR
STARTCHAR uni1FB0.sc.ss06
ENCODING -1
SWIDTH 528 0
DWIDTH 8 0
BBX 8 12 0 0
BITMAP
22
1C
00
18
1C
34
24
26
7E
43
43
C1
ENDCHAR
STARTCHAR uni1FB1.sc.ss06
ENCODING -1
SWIDTH 528 0
DWIDTH 8 0
BBX 8 11 0 0
BITMAP
3E
00
18
1C
34
24
26
7E
43
43
C1
ENDCHAR
STARTCHAR uni1FB3.sc.ss06
ENCODING -1
SWIDTH 528 0
DWIDTH 8 0
BBX 8 13 0 -4
BITMAP
18
1C
34
24
26
7E
43
43
C1
00
18
18
0C
ENDCHAR
STARTCHAR uni1FB2.sc.ss06
ENCODING -1
SWIDTH 528 0
DWIDTH 8 0
BBX 8 17 0 -4
BITMAP
18
08
00
00
18
1C
34
24
26
7E
43
43
C1
00
18
18
0C
ENDCHAR
STARTCHAR uni1FB4.sc.ss06
ENCODING -1
SWIDTH 528 0
DWIDTH 8 0
BBX 8 17 0 -4
BITMAP
0C
08
00
00
18
1C
34
24
26
7E
43
43
C1
00
18
18
0C
ENDCHAR
STARTCHAR uni1F80.sc.ss06
ENCODING -1
SWIDTH 528 0
DWIDTH 8 0
BBX 8 17 0 -4
BITMAP
0C
0C
00
00
18
1C
34
24
26
7E
43
43
C1
00
18
18
0C
ENDCHAR
STARTCHAR uni1F81.sc.ss06
ENCODING -1
SWIDTH 528 0
DWIDTH 8 0
BBX 8 17 0 -4
BITMAP
18
18
00
00
18
1C
34
24
26
7E
43
43
C1
00
18
18
0C
ENDCHAR
STARTCHAR uni1F82.sc.ss06
ENCODING -1
SWIDTH 528 0
DWIDTH 8 0
BBX 8 17 0 -4
BITMAP
3C
34
00
00
18
1C
34
24
26
7E
43
43
C1
00
18
18
0C
ENDCHAR
STARTCHAR uni1F83.sc.ss06
ENCODING -1
SWIDTH 528 0
DWIDTH 8 0
BBX 8 17 0 -4
BITMAP
6C
64
00
00
18
1C
34
24
26
7E
43
43
C1
00
18
18
0C
ENDCHAR
STARTCHAR uni1F84.sc.ss06
ENCODING -1
SWIDTH 528 0
DWIDTH 8 0
BBX 8 17 0 -4
BITMAP
36
34
00
00
18
1C
34
24
26
7E
43
43
C1
00
18
18
0C
ENDCHAR
STARTCHAR uni1F85.sc.ss06
ENCODING -1
SWIDTH 528 0
DWIDTH 8 0
BBX 8 17 0 -4
BITMAP
66
64
00
00
18
1C
34
24
26
7E
43
43
C1
00
18
18
0C
ENDCHAR
STARTCHAR uni1F86.sc.ss06
ENCODING -1
SWIDTH 528 0
DWIDTH 8 0
BBX 8 20 0 -4
BITMAP
11
2E
00
18
18
00
00
18
1C
34
24
26
7E
43
43
C1
00
18
18
0C
ENDCHAR
STARTCHAR uni1F87.sc.ss06
ENCODING -1
SWIDTH 528 0
DWIDTH 8 0
BBX 8 20 0 -4
BITMAP
11
2E
00
18
18
00
00
18
1C
34
24
26
7E
43
43
C1
00
18
18
0C
ENDCHAR
STARTCHAR uni1FB7.sc.ss06
ENCODING -1
SWIDTH 528 0
DWIDTH 8 0
BBX 8 17 0 -4
BITMAP
11
2E
00
00
18
1C
34
24
26
7E
43
43
C1
00
18
18
0C
ENDCHAR
STARTCHAR uni1F10.sc.ss06
ENCODING -1
SWIDTH 447 0
DWIDTH 7 0
BBX 5 13 1 0
BITMAP
30
30
00
00
F8
C0
C0
C0
F8
C0
C0
C0
F8
ENDCHAR
STARTCHAR uni1F11.sc.ss06
ENCODING -1
SWIDTH 447 0
DWIDTH 7 0
BBX 5 13 1 0
BITMAP
60
60
00
00
F8
C0
C0
C0
F8
C0
C0
C0
F8
ENDCHAR
STARTCHAR uni1F12.sc.ss06
ENCODING -1
SWIDTH 447 0
DWIDTH 7 0
BBX 5 13 1 0
BITMAP
D8
C8
00
00
F8
C0
C0
C0
F8
C0
C0
C0
F8
ENDCHAR
STARTCHAR uni1F13.sc.ss06
ENCODING -1
SWIDTH 447 0
DWIDTH 7 0
BBX 5 13 1 0
BITMAP
D8
C8
00
00
F8
C0
C0
C0
F8
C0
C0
C0
F8
ENDCHAR
STARTCHAR uni1F14.sc.ss06
ENCODING -1
SWIDTH 447 0
DWIDTH 7 0
BBX 5 13 1 0
BITMAP
78
70
00
00
F8
C0
C0
C0
F8
C0
C0
C0
F8
ENDCHAR
STARTCHAR uni1F15.sc.ss06
ENCODING -1
SWIDTH 447 0
DWIDTH 7 0
BBX 5 13 1 0
BITMAP
D8
D0
00
00
F8
C0
C0
C0
F8
C0
C0
C0
F8
ENDCHAR
STARTCHAR uni1F72.sc.ss06
ENCODING -1
SWIDTH 447 0
DWIDTH 7 0
BBX 5 13 1 0
BITMAP
60
20
00
00
F8
C0
C0
C0
F8
C0
C0
C0
F8
ENDCHAR
STARTCHAR uni1F73.sc.ss06
ENCODING -1
SWIDTH 447 0
DWIDTH 7 0
BBX 5 13 1 0
BITMAP
18
10
00
00
F8
C0
C0
C0
F8
C0
C0
C0
F8
ENDCHAR
STARTCHAR uni1F20.sc.ss06
ENCODING -1
SWIDTH 599 0
DWIDTH 10 0
BBX 7 13 1 0
BITMAP
18
18
00
00
C2
C2
C2
C2
FE
C2
C2
C2
C2
ENDCHAR
STARTCHAR uni1F21.sc.ss06
ENCODING -1
SWIDTH 599 0
DWIDTH 10 0
BBX 7 13 1 0
BITMAP
30
30
00
00
C2
C2
C2
C2
FE
C2
C2
C2
C2
ENDCHAR
STARTCHAR uni1F22.sc.ss06
ENCODING -1
SWIDTH 599 0
DWIDTH 10 0
BBX 7 13 1 0
BITMAP
6C
64
00
00
C2
C2
C2
C2
FE
C2
C2
C2
C2
ENDCHAR
STARTCHAR uni1F23.sc.ss06
ENCODING -1
SWIDTH 599 0
DWIDTH 10 0
BBX 7 13 1 0
BITMAP
6C
64
00
00
C2
C2
C2
C2
FE
C2
C2
C2
C2
ENDCHAR
STARTCHAR uni1F24.sc.ss06
ENCODING -1
SWIDTH 599 0
DWIDTH 10 0
BBX 7 13 1 0
BITMAP
3C
38
00
00
C2
C2
C2
C2
FE
C2
C2
C2
C2
ENDCHAR
STARTCHAR uni1F25.sc.ss06
ENCODING -1
SWIDTH 599 0
DWIDTH 10 0
BBX 7 13 1 0
BITMAP
6C
68
00
00
C2
C2
C2
C2
FE
C2
C2
C2
C2
ENDCHAR
STARTCHAR uni1F26.sc.ss06
ENCODING -1
SWIDTH 599 0
DWIDTH 10 0
BBX 7 16 1 0
BITMAP
22
5C
00
18
18
00
00
C2
C2
C2
C2
FE
C2
C2
C2
C2
ENDCHAR
STARTCHAR uni1F27.sc.ss06
ENCODING -1
SWIDTH 599 0
DWIDTH 10 0
BBX 7 16 1 0
BITMAP
22
5C
00
30
30
00
00
C2
C2
C2
C2
FE
C2
C2
C2
C2
ENDCHAR
STARTCHAR uni1F74.sc.ss06
ENCODING -1
SWIDTH 599 0
DWIDTH 10 0
BBX 7 13 1 0
BITMAP
30
10
00
00
C2
C2
C2
C2
FE
C2
C2
C2
C2
ENDCHAR
STARTCHAR uni1F75.sc.ss06
ENCODING -1
SWIDTH 599 0
DWIDTH 10 0
BBX 7 13 1 0
BITMAP
0C
08
00
00
C2
C2
C2
C2
FE
C2
C2
C2
C2
ENDCHAR
STARTCHAR uni1FC6.sc.ss06
ENCODING -1
SWIDTH 599 0
DWIDTH 10 0
BBX 7 13 1 0
BITMAP
22
5C
00
00
C2
C2
C2
C2
FE
C2
C2
C2
C2
ENDCHAR
STARTCHAR uni1FC3.sc.ss06
ENCODING -1
SWIDTH 599 0
DWIDTH 10 0
BBX 7 13 1 -4
BITMAP
C2
C2
C2
C2
FE
C2
C2
C2
C2
00
18
18
0C
ENDCHAR
STARTCHAR uni1FC2.sc.ss06
ENCODING -1
SWIDTH 599 0
DWIDTH 10 0
BBX 7 17 1 -4
BITMAP
30
10
00
00
C2
C2
C2
C2
FE
C2
C2
C2
C2
00
18
18
0C
ENDCHAR
STARTCHAR uni1FC4.sc.ss06
ENCODING -1
SWIDTH 599 0
DWIDTH 10 0
BBX 7 17 1 -4
BITMAP
0C
08
00
00
C2
C2
C2
C2
FE
C2
C2
C2
C2
00
18
18
0C
ENDCHAR
STARTCHAR uni1F90.sc.ss06
ENCODING -1
SWIDTH 599 0
DWIDTH 10 0
BBX 7 17 1 -4
BITMAP
18
18
00
00
C2
C2
C2
C2
FE
C2
C2
C2
C2
00
18
18
0C
ENDCHAR
STARTCHAR uni1F91.sc.ss06
ENCODING -1
SWIDTH 599 0
DWIDTH 10 0
BBX 7 17 1 -4
BITMAP
30
30
00
00
C2
C2
C2
C2
FE
C2
C2
C2
C2
00
18
18
0C
ENDCHAR
STARTCHAR uni1F92.sc.ss06
ENCODING -1
SWIDTH 599 0
DWIDTH 10 0
BBX 7 17 1 -4
BITMAP
6C
64
00
00
C2
C2
C2
C2
FE
C2
C2
C2
C2
00
18
18
0C
ENDCHAR
STARTCHAR uni1F93.sc.ss06
ENCODING -1
SWIDTH 599 0
DWIDTH 10 0
BBX 7 17 1 -4
BITMAP
6C
64
00
00
C2
C2
C2
C2
FE
C2
C2
C2
C2
00
18
18
0C
ENDCHAR
STARTCHAR uni1F94.sc.ss06
ENCODING -1
SWIDTH 599 0
DWIDTH 10 0
BBX 7 17 1 -4
BITMAP
3C
38
00
00
C2
C2
C2
C2
FE
C2
C2
C2
C2
00
18
18
0C
ENDCHAR
STARTCHAR uni1F95.sc.ss06
ENCODING -1
SWIDTH 599 0
DWIDTH 10 0
BBX 7 17 1 -4
BITMAP
6C
68
00
00
C2
C2
C2
C2
FE
C2
C2
C2
C2
00
18
18
0C
ENDCHAR
STARTCHAR uni1F96.sc.ss06
ENCODING -1
SWIDTH 599 0
DWIDTH 10 0
BBX 7 20 1 -4
BITMAP
22
5C
00
18
18
00
00
C2
C2
C2
C2
FE
C2
C2
C2
C2
00
18
18
0C
ENDCHAR
STARTCHAR uni1F97.sc.ss06
ENCODING -1
SWIDTH 599 0
DWIDTH 10 0
BBX 7 20 1 -4
BITMAP
22
5C
00
30
30
00
00
C2
C2
C2
C2
FE
C2
C2
C2
C2
00
18
18
0C
ENDCHAR
STARTCHAR uni1FC7.sc.ss06
ENCODING -1
SWIDTH 599 0
DWIDTH 10 0
BBX 7 17 1 -4
BITMAP
22
5C
00
00
C2
C2
C2
C2
FE
C2
C2
C2
C2
00
18
18
0C
ENDCHAR
STARTCHAR uni1F30.sc.ss06
ENCODING -1
SWIDTH 291 0
DWIDTH 5 0
BBX 3 13 1 0
BITMAP
60
60
00
00
E0
40
40
40
40
40
40
40
E0
ENDCHAR
STARTCHAR uni1F31.sc.ss06
ENCODING -1
SWIDTH 291 0
DWIDTH 5 0
BBX 3 13 1 0
BITMAP
C0
C0
00
00
E0
40
40
40
40
40
40
40
E0
ENDCHAR
STARTCHAR uni1F32.sc.ss06
ENCODING -1
SWIDTH 291 0
DWIDTH 5 0
BBX 5 13 0 0
BITMAP
D8
C8
00
00
70
20
20
20
20
20
20
20
70
ENDCHAR
STARTCHAR uni1F33.sc.ss06
ENCODING -1
SWIDTH 291 0
DWIDTH 5 0
BBX 6 13 -1 0
BITMAP
CC
C4
00
00
38
10
10
10
10
10
10
10
38
ENDCHAR
STARTCHAR uni1F34.sc.ss06
ENCODING -1
SWIDTH 291 0
DWIDTH 5 0
BBX 5 13 0 0
BITMAP
D8
D0
00
00
70
20
20
20
20
20
20
20
70
ENDCHAR
STARTCHAR uni1F35.sc.ss06
ENCODING -1
SWIDTH 291 0
DWIDTH 5 0
BBX 5 13 0 0
BITMAP
D8
D0
00
00
70
20
20
20
20
20
20
20
70
ENDCHAR
STARTCHAR uni1F36.sc.ss06
ENCODING -1
SWIDTH 291 0
DWIDTH 5 0
BBX 6 16 0 0
BITMAP
44
B8
00
30
30
00
00
70
20
20
20
20
20
20
20
70
ENDCHAR
STARTCHAR uni1F37.sc.ss06
ENCODING -1
SWIDTH 291 0
DWIDTH 5 0
BBX 6 16 0 0
BITMAP
44
B8
00
60
60
00
00
70
20
20
20
20
20
20
20
70
ENDCHAR
STARTCHAR uni1F76.sc.ss06
ENCODING -1
SWIDTH 291 0
DWIDTH 5 0
BBX 3 13 1 0
BITMAP
C0
40
00
00
E0
40
40
40
40
40
40
40
E0
ENDCHAR
STARTCHAR uni1F77.sc.ss06
ENCODING -1
SWIDTH 291 0
DWIDTH 5 0
BBX 3 13 1 0
BITMAP
60
40
00
00
E0
40
40
40
40
40
40
40
E0
ENDCHAR
STARTCHAR uni1FD6.sc.ss06
ENCODING -1
SWIDTH 291 0
DWIDTH 5 0
BBX 6 13 0 0
BITMAP
44
B8
00
00
70
20
20
20
20
20
20
20
70
ENDCHAR
STARTCHAR uni1FD0.sc.ss06
ENCODING -1
SWIDTH 291 0
DWIDTH 5 0
BBX 5 12 0 0
BITMAP
88
70
00
70
20
20
20
20
20
20
20
70
ENDCHAR
STARTCHAR uni1FD1.sc.ss06
ENCODING -1
SWIDTH 291 0
DWIDTH 5 0
BBX 5 11 0 0
BITMAP
F8
00
70
20
20
20
20
20
20
20
70
ENDCHAR
STARTCHAR uni1FD2.sc.ss06
ENCODING -1
SWIDTH 291 0
DWIDTH 5 0
BBX 6 13 -2 0
BITMAP
74
DC
00
00
1C
08
08
08
08
08
08
08
1C
ENDCHAR
STARTCHAR uni1FD3.sc.ss06
ENCODING -1
SWIDTH 291 0
DWIDTH 5 0
BBX 6 13 0 0
BITMAP
5C
FC
00
00
70
20
20
20
20
20
20
20
70
ENDCHAR
STARTCHAR uni1FD7.sc.ss06
ENCODING -1
SWIDTH 291 0
DWIDTH 5 0
BBX 6 15 0 0
BITMAP
44
B8
48
D8
00
00
70
20
20
20
20
20
20
20
70
ENDCHAR
STARTCHAR uni1F40.sc.ss06
ENCODING -1
SWIDTH 632 0
DWIDTH 10 0
BBX 8 13 1 0
BITMAP
18
18
00
00
7E
C3
C1
81
81
81
C3
43
3E
ENDCHAR
STARTCHAR uni1F41.sc.ss06
ENCODING -1
SWIDTH 632 0
DWIDTH 10 0
BBX 8 13 1 0
BITMAP
18
18
00
00
7E
C3
C1
81
81
81
C3
43
3E
ENDCHAR
STARTCHAR uni1F42.sc.ss06
ENCODING -1
SWIDTH 632 0
DWIDTH 10 0
BBX 8 13 1 0
BITMAP
3C
34
00
00
7E
C3
C1
81
81
81
C3
43
3E
ENDCHAR
STARTCHAR uni1F43.sc.ss06
ENCODING -1
SWIDTH 632 0
DWIDTH 10 0
BBX 8 13 1 0
BITMAP
6C
64
00
00
7E
C3
C1
81
81
81
C3
43
3E
ENDCHAR
STARTCHAR uni1F44.sc.ss06
ENCODING -1
SWIDTH 632 0
DWIDTH 10 0
BBX 8 13 1 0
BITMAP
3C
38
00
00
7E
C3
C1
81
81
81
C3
43
3E
ENDCHAR
STARTCHAR uni1F45.sc.ss06
ENCODING -1
SWIDTH 632 0
DWIDTH 10 0
BBX 8 13 1 0
BITMAP
6C
68
00
00
7E
C3
C1
81
81
81
C3
43
3E
ENDCHAR
STARTCHAR uni1F78.sc.ss06
ENCODING -1
SWIDTH 632 0
DWIDTH 10 0
BBX 8 13 1 0
BITMAP
30
10
00
00
7E
C3
C1
81
81
81
C3
43
3E
ENDCHAR
STARTCHAR uni1F79.sc.ss06
ENCODING -1
SWIDTH 632 0
DWIDTH 10 0
BBX 8 13 1 0
BITMAP
0C
08
00
00
7E
C3
C1
81
81
81
C3
43
3E
ENDCHAR
STARTCHAR uni1FE4.sc.ss06
ENCODING -1
SWIDTH 491 0
DWIDTH 8 0
BBX 6 13 1 0
BITMAP
30
30
00
00
F8
CC
C4
C4
FC
E0
C0
C0
C0
ENDCHAR
STARTCHAR uni1FE5.sc.ss06
ENCODING -1
SWIDTH 491 0
DWIDTH 8 0
BBX 6 13 1 0
BITMAP
60
60
00
00
F8
CC
C4
C4
FC
E0
C0
C0
C0
ENDCHAR
STARTCHAR uni1F50.sc.ss06
ENCODING -1
SWIDTH 473 0
DWIDTH 8 0
BBX 8 13 0 0
BITMAP
18
18
00
01
C2
46
64
2C
18
18
18
18
18
ENDCHAR
STARTCHAR uni1F51.sc.ss06
ENCODING -1
SWIDTH 473 0
DWIDTH 8 0
BBX 8 13 0 0
BITMAP
30
30
00
01
C2
46
64
2C
18
18
18
18
18
ENDCHAR
STARTCHAR uni1F52.sc.ss06
ENCODING -1
SWIDTH 473 0
DWIDTH 8 0
BBX 8 13 0 0
BITMAP
6C
64
00
01
C2
46
64
2C
18
18
18
18
18
ENDCHAR
STARTCHAR uni1F53.sc.ss06
ENCODING -1
SWIDTH 473 0
DWIDTH 8 0
BBX 8 13 0 0
BITMAP
6C
64
00
01
C2
46
64
2C
18
18
18
18
18
ENDCHAR
STARTCHAR uni1F54.sc.ss06
ENCODING -1
SWIDTH 473 0
DWIDTH 8 0
BBX 8 13 0 0
BITMAP
3C
38
00
01
C2
46
64
2C
18
18
18
18
18
ENDCHAR
STARTCHAR uni1F55.sc.ss06
ENCODING -1
SWIDTH 473 0
DWIDTH 8 0
BBX 8 13 0 0
BITMAP
6C
68
00
01
C2
46
64
2C
18
18
18
18
18
ENDCHAR
STARTCHAR uni1F56.sc.ss06
ENCODING -1
SWIDTH 473 0
DWIDTH 8 0
BBX 8 16 0 0
BITMAP
22
5C
00
18
18
00
01
C2
46
64
2C
18
18
18
18
18
ENDCHAR
STARTCHAR uni1F57.sc.ss06
ENCODING -1
SWIDTH 473 0
DWIDTH 8 0
BBX 8 16 0 0
BITMAP
22
5C
00
30
30
00
01
C2
46
64
2C
18
18
18
18
18
ENDCHAR
STARTCHAR uni1F7A.sc.ss06
ENCODING -1
SWIDTH 473 0
DWIDTH 8 0
BBX 8 13 0 0
BITMAP
30
10
00
01
C2
46
64
2C
18
18
18
18
18
ENDCHAR
STARTCHAR uni1F7B.sc.ss06
ENCODING -1
SWIDTH 473 0
DWIDTH 8 0
BBX 8 13 0 0
BITMAP
0C
08
00
01
C2
46
64
2C
18
18
18
18
18
ENDCHAR
STARTCHAR uni1FE6.sc.ss06
ENCODING -1
SWIDTH 473 0
DWIDTH 8 0
BBX 8 13 0 0
BITMAP
22
5C
00
01
C2
46
64
2C
18
18
18
18
18
ENDCHAR
STARTCHAR uni1FE0.sc.ss06
ENCODING -1
SWIDTH 473 0
DWIDTH 8 0
BBX 8 12 0 0
BITMAP
44
38
01
C2
46
64
2C
18
18
18
18
18
ENDCHAR
STARTCHAR uni1FE1.sc.ss06
ENCODING -1
SWIDTH 473 0
DWIDTH 8 0
BBX 8 11 0 0
BITMAP
7C
01
C2
46
64
2C
18
18
18
18
18
ENDCHAR
STARTCHAR uni1FE2.sc.ss06
ENCODING -1
SWIDTH 473 0
DWIDTH 8 0
BBX 8 13 0 0
BITMAP
74
DC
00
01
C2
46
64
2C
18
18
18
18
18
ENDCHAR
STARTCHAR uni1FE3.sc.ss06
ENCODING -1
SWIDTH 473 0
DWIDTH 8 0
BBX 8 13 0 0
BITMAP
2E
7E
00
01
C2
46
64
2C
18
18
18
18
18
ENDCHAR
STARTCHAR uni1FE7.sc.ss06
ENCODING -1
SWIDTH 473 0
DWIDTH 8 0
BBX 8 15 0 0
BITMAP
22
5C
24
6C
00
01
C2
46
64
2C
18
18
18
18
18
ENDCHAR
STARTCHAR uni1F60.sc.ss06
ENCODING -1
SWIDTH 644 0
DWIDTH 10 0
BBX 9 13 1 0
BITMAP
1800
1800
0000
0000
7E00
4300
C100
8100
8100
C100
C300
6600
E780
ENDCHAR
STARTCHAR uni1F61.sc.ss06
ENCODING -1
SWIDTH 644 0
DWIDTH 10 0
BBX 9 13 1 0
BITMAP
1800
1800
0000
0000
7E00
4300
C100
8100
8100
C100
C300
6600
E780
ENDCHAR
STARTCHAR uni1F62.sc.ss06
ENCODING -1
SWIDTH 644 0
DWIDTH 10 0
BBX 9 13 1 0
BITMAP
3C00
3400
0000
0000
7E00
4300
C100
8100
8100
C100
C300
6600
E780
ENDCHAR
STARTCHAR uni1F63.sc.ss06
ENCODING -1
SWIDTH 644 0
DWIDTH 10 0
BBX 9 13 1 0
BITMAP
6C00
6400
0000
0000
7E00
4300
C100
8100
8100
C100
C300
6600
E780
ENDCHAR
STARTCHAR uni1F64.sc.ss06
ENCODING -1
SWIDTH 644 0
DWIDTH 10 0
BBX 9 13 1 0
BITMAP
3600
3400
0000
0000
7E00
4300
C100
8100
8100
C100
C300
6600
E780
ENDCHAR
STARTCHAR uni1F65.sc.ss06
ENCODING -1
SWIDTH 644 0
DWIDTH 10 0
BBX 9 13 1 0
BITMAP
6600
6400
0000
0000
7E00
4300
C100
8100
8100
C100
C300
6600
E780
ENDCHAR
STARTCHAR uni1F66.sc.ss06
ENCODING -1
SWIDTH 644 0
DWIDTH 10 0
BBX 9 16 1 0
BITMAP
1100
2E00
0000
1800
1800
0000
0000
7E00
4300
C100
8100
8100
C100
C300
6600
E780
ENDCHAR
STARTCHAR uni1F67.sc.ss06
ENCODING -1
SWIDTH 644 0
DWIDTH 10 0
BBX 9 16 1 0
BITMAP
1100
2E00
0000
1800
1800
0000
0000
7E00
4300
C100
8100
8100
C100
C300
6600
E780
ENDCHAR
STARTCHAR uni1F7C.sc.ss06
ENCODING -1
SWIDTH 644 0
DWIDTH 10 0
BBX 9 13 1 0
BITMAP
3000
1000
0000
0000
7E00
4300
C100
8100
8100
C100
C300
6600
E780
ENDCHAR
STARTCHAR uni1F7D.sc.ss06
ENCODING -1
SWIDTH 644 0
DWIDTH 10 0
BBX 9 13 1 0
BITMAP
0C00
0800
0000
0000
7E00
4300
C100
8100
8100
C100
C300
6600
E780
ENDCHAR
STARTCHAR uni1FF6.sc.ss06
ENCODING -1
SWIDTH 644 0
DWIDTH 10 0
BBX 9 13 1 0
BITMAP
1100
2E00
0000
0000
7E00
4300
C100
8100
8100
C100
C300
6600
E780
ENDCHAR
STARTCHAR uni1FF3.sc.ss06
ENCODING -1
SWIDTH 644 0
DWIDTH 10 0
BBX 9 13 1 -4
BITMAP
7E00
4300
C100
8100
8100
C100
C300
6600
E780
0000
1800
1800
0C00
ENDCHAR
STARTCHAR uni1FF2.sc.ss06
ENCODING -1
SWIDTH 644 0
DWIDTH 10 0
BBX 9 17 1 -4
BITMAP
3000
1000
0000
0000
7E00
4300
C100
8100
8100
C100
C300
6600
E780
0000
1800
1800
0C00
ENDCHAR
STARTCHAR uni1FF4.sc.ss06
ENCODING -1
SWIDTH 644 0
DWIDTH 10 0
BBX 9 17 1 -4
BITMAP
0C00
0800
0000
0000
7E00
4300
C100
8100
8100
C100
C300
6600
E780
0000
1800
1800
0C00
ENDCHAR
STARTCHAR uni1FA0.sc.ss06
ENCODING -1
SWIDTH 644 0
DWIDTH 10 0
BBX 9 17 1 -4
BITMAP
1800
1800
0000
0000
7E00
4300
C100
8100
8100
C100
C300
6600
E780
0000
1800
1800
0C00
ENDCHAR
STARTCHAR uni1FA1.sc.ss06
ENCODING -1
SWIDTH 644 0
DWIDTH 10 0
BBX 9 17 1 -4
BITMAP
1800
1800
0000
0000
7E00
4300
C100
8100
8100
C100
C300
6600
E780
0000
1800
1800
0C00
ENDCHAR
STARTCHAR uni1FA2.sc.ss06
ENCODING -1
SWIDTH 644 0
DWIDTH 10 0
BBX 9 17 1 -4
BITMAP
3C00
3400
0000
0000
7E00
4300
C100
8100
8100
C100
C300
6600
E780
0000
1800
1800
0C00
ENDCHAR
STARTCHAR uni1FA3.sc.ss06
ENCODING -1
SWIDTH 644 0
DWIDTH 10 0
BBX 9 17 1 -4
BITMAP
6C00
6400
0000
0000
7E00
4300
C100
8100
8100
C100
C300
6600
E780
0000
1800
1800
0C00
ENDCHAR
STARTCHAR uni1FA4.sc.ss06
ENCODING -1
SWIDTH 644 0
DWIDTH 10 0
BBX 9 17 1 -4
BITMAP
3600
3400
0000
0000
7E00
4300
C100
8100
8100
C100
C300
6600
E780
0000
1800
1800
0C00
ENDCHAR
STARTCHAR uni1FA5.sc.ss06
ENCODING -1
SWIDTH 644 0
DWIDTH 10 0
BBX 9 17 1 -4
BITMAP
6600
6400
0000
0000
7E00
4300
C100
8100
8100
C100
C300
6600
E780
0000
1800
1800
0C00
ENDCHAR
STARTCHAR uni1FA6.sc.ss06
ENCODING -1
SWIDTH 644 0
DWIDTH 10 0
BBX 9 20 1 -4
BITMAP
1100
2E00
0000
1800
1800
0000
0000
7E00
4300
C100
8100
8100
C100
C300
6600
E780
0000
1800
1800
0C00
ENDCHAR
STARTCHAR uni1FA7.sc.ss06
ENCODING -1
SWIDTH 644 0
DWIDTH 10 0
BBX 9 20 1 -4
BITMAP
1100
2E00
0000
1800
1800
0000
0000
7E00
4300
C100
8100
8100
C100
C300
6600
E780
0000
1800
1800
0C00
ENDCHAR
STARTCHAR uni1FF7.sc.ss06
ENCODING -1
SWIDTH 644 0
DWIDTH 10 0
BBX 9 17 1 -4
BITMAP
1100
2E00
0000
0000
7E00
4300
C100
8100
8100
C100
C300
6600
E780
0000
1800
1800
0C00
ENDCHAR
STARTCHAR uni1FB3.sc.ad.ss06
ENCODING -1
SWIDTH 819 0
DWIDTH 13 0
BBX 12 9 0 0
BITMAP
1870
1C20
3420
2420
2620
7E20
4320
4320
C170
ENDCHAR
STARTCHAR uni1FB2.sc.ad.ss06
ENCODING -1
SWIDTH 819 0
DWIDTH 13 0
BBX 12 13 0 0
BITMAP
1800
0800
0000
0000
1870
1C20
3420
2420
2620
7E20
4320
4320
C170
ENDCHAR
STARTCHAR uni1FB4.sc.ad.ss06
ENCODING -1
SWIDTH 819 0
DWIDTH 13 0
BBX 12 13 0 0
BITMAP
0C00
0800
0000
0000
1870
1C20
3420
2420
2620
7E20
4320
4320
C170
ENDCHAR
STARTCHAR uni1F80.sc.ad.ss06
ENCODING -1
SWIDTH 819 0
DWIDTH 13 0
BBX 12 13 0 0
BITMAP
0C00
0C00
0000
0000
1870
1C20
3420
2420
2620
7E20
4320
4320
C170
ENDCHAR
STARTCHAR uni1F81.sc.ad.ss06
ENCODING -1
SWIDTH 819 0
DWIDTH 13 0
BBX 12 13 0 0
BITMAP
1800
1800
0000
0000
1870
1C20
3420
2420
2620
7E20
4320
4320
C170
ENDCHAR
STARTCHAR uni1F82.sc.ad.ss06
ENCODING -1
SWIDTH 819 0
DWIDTH 13 0
BBX 12 13 0 0
BITMAP
3C00
3400
0000
0000
1870
1C20
3420
2420
2620
7E20
4320
4320
C170
ENDCHAR
STARTCHAR uni1F83.sc.ad.ss06
ENCODING -1
SWIDTH 819 0
DWIDTH 13 0
BBX 12 13 0 0
BITMAP
6C00
6400
0000
0000
1870
1C20
3420
2420
2620
7E20
4320
4320
C170
ENDCHAR
STARTCHAR uni1F84.sc.ad.ss06
ENCODING -1
SWIDTH 819 0
DWIDTH 13 0
BBX 12 13 0 0
BITMAP
3600
3400
0000
0000
1870
1C20
3420
2420
2620
7E20
4320
4320
C170
ENDCHAR
STARTCHAR uni1F85.sc.ad.ss06
ENCODING -1
SWIDTH 819 0
DWIDTH 13 0
BBX 12 13 0 0
BITMAP
6600
6400
0000
0000
1870
1C20
3420
2420
2620
7E20
4320
4320
C170
ENDCHAR
STARTCHAR uni1F86.sc.ad.ss06
ENCODING -1
SWIDTH 819 0
DWIDTH 13 0
BBX 12 16 0 0
BITMAP
1100
2E00
0000
1800
1800
0000
0000
1870
1C20
3420
2420
2620
7E20
4320
4320
C170
ENDCHAR
STARTCHAR uni1F87.sc.ad.ss06
ENCODING -1
SWIDTH 819 0
DWIDTH 13 0
BBX 12 16 0 0
BITMAP
1100
2E00
0000
1800
1800
0000
0000
1870
1C20
3420
2420
2620
7E20
4320
4320
C170
ENDCHAR
STARTCHAR uni1FB7.sc.ad.ss06
ENCODING -1
SWIDTH 819 0
DWIDTH 13 0
BBX 12 13 0 0
BITMAP
1100
2E00
0000
0000
1870
1C20
3420
2420
2620
7E20
4320
4320
C170
ENDCHAR
STARTCHAR uni1FC3.sc.ad.ss06
ENCODING -1
SWIDTH 890 0
DWIDTH 14 0
BBX 13 9 1 0
BITMAP
C238
C210
C210
C210
FE10
C210
C210
C210
C238
ENDCHAR
STARTCHAR uni1FC2.sc.ad.ss06
ENCODING -1
SWIDTH 890 0
DWIDTH 14 0
BBX 13 13 1 0
BITMAP
3000
1000
0000
0000
C238
C210
C210
C210
FE10
C210
C210
C210
C238
ENDCHAR
STARTCHAR uni1FC4.sc.ad.ss06
ENCODING -1
SWIDTH 890 0
DWIDTH 14 0
BBX 13 13 1 0
BITMAP
0C00
0800
0000
0000
C238
C210
C210
C210
FE10
C210
C210
C210
C238
ENDCHAR
STARTCHAR uni1F90.sc.ad.ss06
ENCODING -1
SWIDTH 890 0
DWIDTH 14 0
BBX 13 13 1 0
BITMAP
1800
1800
0000
0000
C238
C210
C210
C210
FE10
C210
C210
C210
C238
ENDCHAR
STARTCHAR uni1F91.sc.ad.ss06
ENCODING -1
SWIDTH 890 0
DWIDTH 14 0
BBX 13 13 1 0
BITMAP
3000
3000
0000
0000
C238
C210
C210
C210
FE10
C210
C210
C210
C238
ENDCHAR
STARTCHAR uni1F92.sc.ad.ss06
ENCODING -1
SWIDTH 890 0
DWIDTH 14 0
BBX 13 13 1 0
BITMAP
6C00
6400
0000
0000
C238
C210
C210
C210
FE10
C210
C210
C210
C238
ENDCHAR
STARTCHAR uni1F93.sc.ad.ss06
ENCODING -1
SWIDTH 890 0
DWIDTH 14 0
BBX 13 13 1 0
BITMAP
6C00
6400
0000
0000
C238
C210
C210
C210
FE10
C210
C210
C210
C238
ENDCHAR
STARTCHAR uni1F94.sc.ad.ss06
ENCODING -1
SWIDTH 890 0
DWIDTH 14 0
BBX 13 13 1 0
BITMAP
3C00
3800
0000
0000
C238
C210
C210
C210
FE10
C210
C210
C210
C238
ENDCHAR
STARTCHAR uni1F95.sc.ad.ss06
ENCODING -1
SWIDTH 890 0
DWIDTH 14 0
BBX 13 13 1 0
BITMAP
6C00
6800
0000
0000
C238
C210
C210
C210
FE10
C210
C210
C210
C238
ENDCHAR
STARTCHAR uni1F96.sc.ad.ss06
ENCODING -1
SWIDTH 890 0
DWIDTH 14 0
BBX 13 16 1 0
BITMAP
2200
5C00
0000
1800
1800
0000
0000
C238
C210
C210
C210
FE10
C210
C210
C210
C238
ENDCHAR
STARTCHAR uni1F97.sc.ad.ss06
ENCODING -1
SWIDTH 890 0
DWIDTH 14 0
BBX 13 16 1 0
BITMAP
2200
5C00
0000
3000
3000
0000
0000
C238
C210
C210
C210
FE10
C210
C210
C210
C238
ENDCHAR
STARTCHAR uni1FC7.sc.ad.ss06
ENCODING -1
SWIDTH 890 0
DWIDTH 14 0
BBX 13 13 1 0
BITMAP
2200
5C00
0000
0000
C238
C210
C210
C210
FE10
C210
C210
C210
C238
ENDCHAR
STARTCHAR uni1FF3.sc.ad.ss06
ENCODING -1
SWIDTH 935 0
DWIDTH 15 0
BBX 13 9 1 0
BITMAP
7E38
4310
C110
8110
8110
C110
C310
6610
E7B8
ENDCHAR
STARTCHAR uni1FF2.sc.ad.ss06
ENCODING -1
SWIDTH 935 0
DWIDTH 15 0
BBX 13 13 1 0
BITMAP
3000
1000
0000
0000
7E38
4310
C110
8110
8110
C110
C310
6610
E7B8
ENDCHAR
STARTCHAR uni1FF4.sc.ad.ss06
ENCODING -1
SWIDTH 935 0
DWIDTH 15 0
BBX 13 13 1 0
BITMAP
0C00
0800
0000
0000
7E38
4310
C110
8110
8110
C110
C310
6610
E7B8
ENDCHAR
STARTCHAR uni1FA0.sc.ad.ss06
ENCODING -1
SWIDTH 935 0
DWIDTH 15 0
BBX 13 13 1 0
BITMAP
1800
1800
0000
0000
7E38
4310
C110
8110
8110
C110
C310
6610
E7B8
ENDCHAR
STARTCHAR uni1FA1.sc.ad.ss06
ENCODING -1
SWIDTH 935 0
DWIDTH 15 0
BBX 13 13 1 0
BITMAP
1800
1800
0000
0000
7E38
4310
C110
8110
8110
C110
C310
6610
E7B8
ENDCHAR
STARTCHAR uni1FA2.sc.ad.ss06
ENCODING -1
SWIDTH 935 0
DWIDTH 15 0
BBX 13 13 1 0
BITMAP
3C00
3400
0000
0000
7E38
4310
C110
8110
8110
C110
C310
6610
E7B8
ENDCHAR
STARTCHAR uni1FA3.sc.ad.ss06
ENCODING -1
SWIDTH 935 0
DWIDTH 15 0
BBX 13 13 1 0
BITMAP
6C00
6400
0000
0000
7E38
4310
C110
8110
8110
C110
C310
6610
E7B8
ENDCHAR
STARTCHAR uni1FA4.sc.ad.ss06
ENCODING -1
SWIDTH 935 0
DWIDTH 15 0
BBX 13 13 1 0
BITMAP
3600
3400
0000
0000
7E38
4310
C110
8110
8110
C110
C310
6610
E7B8
ENDCHAR
STARTCHAR uni1FA5.sc.ad.ss06
ENCODING -1
SWIDTH 935 0
DWIDTH 15 0
BBX 13 13 1 0
BITMAP
6600
6400
0000
0000
7E38
4310
C110
8110
8110
C110
C310
6610
E7B8
ENDCHAR
STARTCHAR uni1FA6.sc.ad.ss06
ENCODING -1
SWIDTH 935 0
DWIDTH 15 0
BBX 13 16 1 0
BITMAP
1100
2E00
0000
1800
1800
0000
0000
7E38
4310
C110
8110
8110
C110
C310
6610
E7B8
ENDCHAR
STARTCHAR uni1FA7.sc.ad.ss06
ENCODING -1
SWIDTH 935 0
DWIDTH 15 0
BBX 13 16 1 0
BITMAP
1100
2E00
0000
1800
1800
0000
0000
7E38
4310
C110
8110
8110
C110
C310
6610
E7B8
ENDCHAR
STARTCHAR uni1FF7.sc.ad.ss06
ENCODING -1
SWIDTH 935 0
DWIDTH 15 0
BBX 13 13 1 0
BITMAP
1100
2E00
0000
0000
7E38
4310
C110
8110
8110
C110
C310
6610
E7B8
ENDCHAR
STARTCHAR anoteleia.sc
ENCODING -1
SWIDTH 268 0
DWIDTH 4 0
BBX 2 2 1 7
BITMAP
C0
C0
ENDCHAR
STARTCHAR tonos.case
ENCODING -1
SWIDTH 234 0
DWIDTH 4 0
BBX 2 2 1 9
BITMAP
C0
80
ENDCHAR
STARTCHAR uni1FBF.case
ENCODING -1
SWIDTH 257 0
DWIDTH 4 0
BBX 2 2 1 9
BITMAP
C0
C0
ENDCHAR
STARTCHAR uni1FBD.case
ENCODING -1
SWIDTH 257 0
DWIDTH 4 0
BBX 2 2 1 10
BITMAP
C0
C0
ENDCHAR
STARTCHAR uni1FFE.case
ENCODING -1
SWIDTH 257 0
DWIDTH 4 0
BBX 2 2 1 9
BITMAP
C0
C0
ENDCHAR
STARTCHAR uni1FDD.case
ENCODING -1
SWIDTH 431 0
DWIDTH 7 0
BBX 5 2 1 9
BITMAP
D8
C8
ENDCHAR
STARTCHAR uni1FCE.case
ENCODING -1
SWIDTH 396 0
DWIDTH 6 0
BBX 5 2 1 9
BITMAP
D8
D0
ENDCHAR
STARTCHAR uni1FDE.case
ENCODING -1
SWIDTH 431 0
DWIDTH 7 0
BBX 5 2 1 9
BITMAP
D8
D0
ENDCHAR
STARTCHAR uni1FCF.case
ENCODING -1
SWIDTH 447 0
DWIDTH 7 0
BBX 6 6 1 6
BITMAP
44
B8
00
00
30
30
ENDCHAR
STARTCHAR uni1FDF.case
ENCODING -1
SWIDTH 447 0
DWIDTH 7 0
BBX 6 6 1 6
BITMAP
44
B8
00
00
60
60
ENDCHAR
STARTCHAR uni1FED.case
ENCODING -1
SWIDTH 648 0
DWIDTH 10 0
BBX 6 2 2 10
BITMAP
74
DC
ENDCHAR
STARTCHAR uni1FEE.case
ENCODING -1
SWIDTH 648 0
DWIDTH 10 0
BBX 6 2 2 10
BITMAP
5C
FC
ENDCHAR
STARTCHAR uni1FC1.case
ENCODING -1
SWIDTH 447 0
DWIDTH 7 0
BBX 6 4 1 10
BITMAP
44
B8
48
D8
ENDCHAR
STARTCHAR uni1FEF.case
ENCODING -1
SWIDTH 234 0
DWIDTH 4 0
BBX 2 2 1 9
BITMAP
C0
40
ENDCHAR
STARTCHAR uni1FFD.case
ENCODING -1
SWIDTH 234 0
DWIDTH 4 0
BBX 2 2 1 9
BITMAP
C0
80
ENDCHAR
STARTCHAR uni1FC0.case
ENCODING -1
SWIDTH 447 0
DWIDTH 7 0
BBX 6 2 1 10
BITMAP
44
B8
ENDCHAR
STARTCHAR uni1FCD.case
ENCODING -1
SWIDTH 395 0
DWIDTH 6 0
BBX 5 2 1 9
BITMAP
D8
C8
ENDCHAR
STARTCHAR tonos.sc
ENCODING -1
SWIDTH 234 0
DWIDTH 4 0
BBX 2 2 1 10
BITMAP
C0
80
ENDCHAR
STARTCHAR dieresistonos.sc
ENCODING -1
SWIDTH 648 0
DWIDTH 10 0
BBX 6 2 2 10
BITMAP
5C
FC
ENDCHAR
STARTCHAR uni1FBF.sc
ENCODING -1
SWIDTH 257 0
DWIDTH 4 0
BBX 2 2 1 10
BITMAP
C0
C0
ENDCHAR
STARTCHAR uni1FBD.sc
ENCODING -1
SWIDTH 257 0
DWIDTH 4 0
BBX 2 2 1 10
BITMAP
C0
C0
ENDCHAR
STARTCHAR uni1FFE.sc
ENCODING -1
SWIDTH 257 0
DWIDTH 4 0
BBX 2 2 1 10
BITMAP
C0
C0
ENDCHAR
STARTCHAR uni1FCD.sc
ENCODING -1
SWIDTH 395 0
DWIDTH 6 0
BBX 5 2 1 10
BITMAP
D8
C8
ENDCHAR
STARTCHAR uni1FDD.sc
ENCODING -1
SWIDTH 431 0
DWIDTH 7 0
BBX 5 2 1 10
BITMAP
D8
C8
ENDCHAR
STARTCHAR uni1FCE.sc
ENCODING -1
SWIDTH 396 0
DWIDTH 6 0
BBX 5 2 1 10
BITMAP
D8
D0
ENDCHAR
STARTCHAR uni1FDE.sc
ENCODING -1
SWIDTH 431 0
DWIDTH 7 0
BBX 5 2 1 10
BITMAP
D8
D0
ENDCHAR
STARTCHAR uni1FCF.sc
ENCODING -1
SWIDTH 447 0
DWIDTH 7 0
BBX 6 5 1 10
BITMAP
44
B8
00
30
30
ENDCHAR
STARTCHAR uni1FDF.sc
ENCODING -1
SWIDTH 447 0
DWIDTH 7 0
BBX 6 5 1 10
BITMAP
44
B8
00
60
60
ENDCHAR
STARTCHAR uni1FED.sc
ENCODING -1
SWIDTH 648 0
DWIDTH 10 0
BBX 6 2 2 10
BITMAP
74
DC
ENDCHAR
STARTCHAR uni1FEE.sc
ENCODING -1
SWIDTH 648 0
DWIDTH 10 0
BBX 6 2 2 10
BITMAP
5C
FC
ENDCHAR
STARTCHAR uni1FC1.sc
ENCODING -1
SWIDTH 447 0
DWIDTH 7 0
BBX 6 4 1 10
BITMAP
44
B8
48
D8
ENDCHAR
STARTCHAR uni1FEF.sc
ENCODING -1
SWIDTH 234 0
DWIDTH 4 0
BBX 2 2 1 10
BITMAP
C0
40
ENDCHAR
STARTCHAR uni1FFD.sc
ENCODING -1
SWIDTH 234 0
DWIDTH 4 0
BBX 2 2 1 10
BITMAP
C0
80
ENDCHAR
STARTCHAR uni1FC0.sc
ENCODING -1
SWIDTH 447 0
DWIDTH 7 0
BBX 6 2 1 11
BITMAP
44
B8
ENDCHAR
STARTCHAR Fstroke.hist
ENCODING -1
SWIDTH 521 0
DWIDTH 8 0
BBX 8 14 0 -3
BITMAP
3F
20
20
20
20
FC
20
20
20
20
20
20
60
E0
ENDCHAR
STARTCHAR zero.osf.slash
ENCODING -1
SWIDTH 587 0
DWIDTH 9 0
BBX 8 9 1 0
BITMAP
38
6E
C6
8E
9B
B2
E2
46
7C
ENDCHAR
STARTCHAR uni2007.tosf
ENCODING -1
SWIDTH 547 0
DWIDTH 9 0
BBX 1 1 0 0
BITMAP
00
ENDCHAR
STARTCHAR cyrillicbreve.cap
ENCODING -1
SWIDTH 0 0
DWIDTH 0 0
BBX 5 2 0 12
BITMAP
D8
20
ENDCHAR
STARTCHAR uni0300.loclCYR
ENCODING -1
SWIDTH 0 0
DWIDTH 0 0
BBX 3 2 -2 10
BITMAP
C0
60
ENDCHAR
STARTCHAR uni0308.loclCYR
ENCODING -1
SWIDTH 0 0
DWIDTH 0 0
BBX 4 2 -2 10
BITMAP
90
90
ENDCHAR
STARTCHAR uni031A.nonspacing
ENCODING -1
SWIDTH 0 0
DWIDTH 0 0
BBX 4 4 -1 11
BITMAP
F0
10
10
10
ENDCHAR
STARTCHAR uni0308.loclCYR.cap
ENCODING -1
SWIDTH 0 0
DWIDTH 0 0
BBX 4 2 -2 10
BITMAP
90
90
ENDCHAR
STARTCHAR acutecomb.loclCYR
ENCODING -1
SWIDTH 0 0
DWIDTH 0 0
BBX 3 2 -1 10
BITMAP
60
C0
ENDCHAR
STARTCHAR uni1DF1Adotless
ENCODING -1
SWIDTH 258 0
DWIDTH 4 0
BBX 5 12 0 -3
BITMAP
60
60
60
60
F0
60
60
60
60
20
30
18
ENDCHAR
STARTCHAR eyelashRephdeva
ENCODING -1
SWIDTH 379 0
DWIDTH 6 0
BBX 7 6 0 4
BITMAP
FE
00
00
00
E2
3E
ENDCHAR
STARTCHAR uni09470902
ENCODING -1
SWIDTH 0 0
DWIDTH 0 0
BBX 7 4 -7 10
BITMAP
F6
1E
08
08
ENDCHAR
STARTCHAR uni09460902
ENCODING -1
SWIDTH 0 0
DWIDTH 0 0
BBX 8 4 -8 10
BITMAP
C3
7B
04
06
ENDCHAR
STARTCHAR uni09480902
ENCODING -1
SWIDTH 0 0
DWIDTH 0 0
BBX 7 4 -7 10
BITMAP
F6
16
F8
08
ENDCHAR
STARTCHAR uni09450902
ENCODING -1
SWIDTH 0 0
DWIDTH 0 0
BBX 6 3 -5 11
BITMAP
B4
88
78
ENDCHAR
STARTCHAR uni093A0902
ENCODING -1
SWIDTH 0 0
DWIDTH 0 0
BBX 4 4 -3 10
BITMAP
30
E0
C0
C0
ENDCHAR
STARTCHAR ayMatra_anusvaradeva
ENCODING -1
SWIDTH 0 0
DWIDTH 0 0
BBX 8 4 -7 10
BITMAP
23
9F
F4
0C
ENDCHAR
STARTCHAR uni09470901
ENCODING -1
SWIDTH 0 0
DWIDTH 0 0
BBX 9 4 -7 10
BITMAP
F680
1D80
0A00
0800
ENDCHAR
STARTCHAR uni09460901
ENCODING -1
SWIDTH 0 0
DWIDTH 0 0
BBX 10 4 -8 10
BITMAP
C340
7AC0
0500
0600
ENDCHAR
STARTCHAR uni09480901
ENCODING -1
SWIDTH 0 0
DWIDTH 0 0
BBX 9 4 -7 10
BITMAP
F680
1580
FA00
0800
ENDCHAR
STARTCHAR uni09450901
ENCODING -1
SWIDTH 0 0
DWIDTH 0 0
BBX 9 3 -8 11
BITMAP
CE80
4C80
7B00
ENDCHAR
STARTCHAR uni093A0901
ENCODING -1
SWIDTH 0 0
DWIDTH 0 0
BBX 6 4 -3 10
BITMAP
34
EC
D0
C0
ENDCHAR
STARTCHAR ayMatra_candraBindudeva
ENCODING -1
SWIDTH 0 0
DWIDTH 0 0
BBX 10 4 -7 10
BITMAP
2340
9EC0
F500
0C00
ENDCHAR
STARTCHAR uni0930094D0902
ENCODING -1
SWIDTH 0 0
DWIDTH 0 0
BBX 4 4 -4 10
BITMAP
70
C0
B0
40
ENDCHAR
STARTCHAR uni0930094D0901
ENCODING -1
SWIDTH 0 0
DWIDTH 0 0
BBX 5 4 -4 10
BITMAP
70
D0
A8
50
ENDCHAR
STARTCHAR uni093F.01
ENCODING -1
SWIDTH 259 0
DWIDTH 4 0
BBX 9 14 0 0
BITMAP
3C00
4200
4100
4180
F000
6000
6000
6000
6000
6000
6000
6000
6000
6000
ENDCHAR
STARTCHAR uni093F.02
ENCODING -1
SWIDTH 259 0
DWIDTH 4 0
BBX 10 14 0 0
BITMAP
3E00
4100
4080
4040
F000
6000
6000
6000
6000
6000
6000
6000
6000
6000
ENDCHAR
STARTCHAR uni093F.03
ENCODING -1
SWIDTH 259 0
DWIDTH 4 0
BBX 11 14 0 0
BITMAP
3F00
4180
4040
4060
F000
6000
6000
6000
6000
6000
6000
6000
6000
6000
ENDCHAR
STARTCHAR uni093F.04
ENCODING -1
SWIDTH 259 0
DWIDTH 4 0
BBX 12 14 0 0
BITMAP
3F00
6180
4040
4020
F010
6000
6000
6000
6000
6000
6000
6000
6000
6000
ENDCHAR
STARTCHAR uni093F.05
ENCODING -1
SWIDTH 259 0
DWIDTH 4 0
BBX 12 14 0 0
BITMAP
3F00
60C0
4060
4030
F000
6000
6000
6000
6000
6000
6000
6000
6000
6000
ENDCHAR
STARTCHAR uni093F.06
ENCODING -1
SWIDTH 259 0
DWIDTH 4 0
BBX 13 14 0 0
BITMAP
3F00
60C0
4020
4018
F000
6000
6000
6000
6000
6000
6000
6000
6000
6000
ENDCHAR
STARTCHAR uni093F.07
ENCODING -1
SWIDTH 259 0
DWIDTH 4 0
BBX 13 14 0 0
BITMAP
3F80
60C0
4020
4018
F000
6000
6000
6000
6000
6000
6000
6000
6000
6000
ENDCHAR
STARTCHAR uni093F.08
ENCODING -1
SWIDTH 259 0
DWIDTH 4 0
BBX 14 14 0 0
BITMAP
3F80
6060
4030
4008
F004
6000
6000
6000
6000
6000
6000
6000
6000
6000
ENDCHAR
STARTCHAR uni093F.09
ENCODING -1
SWIDTH 259 0
DWIDTH 4 0
BBX 14 14 0 0
BITMAP
3F80
6060
4010
400C
F000
6000
6000
6000
6000
6000
6000
6000
6000
6000
ENDCHAR
STARTCHAR uni093F.10
ENCODING -1
SWIDTH 259 0
DWIDTH 4 0
BBX 15 14 0 0
BITMAP
3FC0
6070
4018
400C
F002
6000
6000
6000
6000
6000
6000
6000
6000
6000
ENDCHAR
STARTCHAR uni093F.11
ENCODING -1
SWIDTH 259 0
DWIDTH 4 0
BBX 16 14 0 0
BITMAP
3FC0
6030
400C
4003
F000
6000
6000
6000
6000
6000
6000
6000
6000
6000
ENDCHAR
STARTCHAR uni093F.12
ENCODING -1
SWIDTH 259 0
DWIDTH 4 0
BBX 17 14 0 0
BITMAP
3FE000
601C00
400600
400180
F00000
600000
600000
600000
600000
600000
600000
600000
600000
600000
ENDCHAR
STARTCHAR uni093F.13
ENCODING -1
SWIDTH 259 0
DWIDTH 4 0
BBX 18 14 0 0
BITMAP
3FF000
601C00
400300
4000C0
F00000
600000
600000
600000
600000
600000
600000
600000
600000
600000
ENDCHAR
STARTCHAR uni093F.14
ENCODING -1
SWIDTH 259 0
DWIDTH 4 0
BBX 20 14 0 0
BITMAP
3FF800
600F00
4000C0
400030
F00000
600000
600000
600000
600000
600000
600000
600000
600000
600000
ENDCHAR
STARTCHAR uni093F.15
ENCODING -1
SWIDTH 259 0
DWIDTH 4 0
BBX 22 14 0 0
BITMAP
3FFC00
6003C0
400070
40000C
F00000
600000
600000
600000
600000
600000
600000
600000
600000
600000
ENDCHAR
STARTCHAR NullMark
ENCODING -1
SWIDTH 0 0
DWIDTH 0 0
BBX 1 1 0 0
BITMAP
00
ENDCHAR
STARTCHAR uni093F0902.01
ENCODING -1
SWIDTH 259 0
DWIDTH 4 0
BBX 10 14 0 0
BITMAP
3CC0
4280
4100
4180
F000
6000
6000
6000
6000
6000
6000
6000
6000
6000
ENDCHAR
STARTCHAR uni093F0902.02
ENCODING -1
SWIDTH 259 0
DWIDTH 4 0
BBX 12 14 0 0
BITMAP
3E30
4120
4080
4040
F000
6000
6000
6000
6000
6000
6000
6000
6000
6000
ENDCHAR
STARTCHAR uni093F0902.03
ENCODING -1
SWIDTH 259 0
DWIDTH 4 0
BBX 12 14 0 0
BITMAP
3F30
41A0
4040
4060
F000
6000
6000
6000
6000
6000
6000
6000
6000
6000
ENDCHAR
STARTCHAR uni093F0902.04
ENCODING -1
SWIDTH 259 0
DWIDTH 4 0
BBX 13 14 0 0
BITMAP
3F18
6190
4040
4020
F010
6000
6000
6000
6000
6000
6000
6000
6000
6000
ENDCHAR
STARTCHAR uni093F0902.05
ENCODING -1
SWIDTH 259 0
DWIDTH 4 0
BBX 13 14 0 0
BITMAP
3F18
60D0
4060
4030
F000
6000
6000
6000
6000
6000
6000
6000
6000
6000
ENDCHAR
STARTCHAR uni093F0902.06
ENCODING -1
SWIDTH 259 0
DWIDTH 4 0
BBX 14 14 0 0
BITMAP
3F0C
60C8
4020
4018
F000
6000
6000
6000
6000
6000
6000
6000
6000
6000
ENDCHAR
STARTCHAR uni093F0902.07
ENCODING -1
SWIDTH 259 0
DWIDTH 4 0
BBX 14 14 0 0
BITMAP
3F8C
60C8
4020
4018
F000
6000
6000
6000
6000
6000
6000
6000
6000
6000
ENDCHAR
STARTCHAR uni093F0902.08
ENCODING -1
SWIDTH 259 0
DWIDTH 4 0
BBX 15 14 0 0
BITMAP
3F86
6064
4030
4008
F004
6000
6000
6000
6000
6000
6000
6000
6000
6000
ENDCHAR
STARTCHAR uni093F0902.09
ENCODING -1
SWIDTH 259 0
DWIDTH 4 0
BBX 15 14 0 0
BITMAP
3F86
6064
4010
400C
F000
6000
6000
6000
6000
6000
6000
6000
6000
6000
ENDCHAR
STARTCHAR uni093F0902.10
ENCODING -1
SWIDTH 259 0
DWIDTH 4 0
BBX 15 14 0 0
BITMAP
3FC6
6074
4018
400C
F002
6000
6000
6000
6000
6000
6000
6000
6000
6000
ENDCHAR
STARTCHAR uni093F0902.11
ENCODING -1
SWIDTH 259 0
DWIDTH 4 0
BBX 16 14 0 0
BITMAP
3FC3
6032
400C
4003
F000
6000
6000
6000
6000
6000
6000
6000
6000
6000
ENDCHAR
STARTCHAR uni093F0902.12
ENCODING -1
SWIDTH 259 0
DWIDTH 4 0
BBX 18 14 0 0
BITMAP
3FE0C0
601C80
400600
400180
F00000
600000
600000
600000
600000
600000
600000
600000
600000
600000
ENDCHAR
STARTCHAR uni093F0902.13
ENCODING -1
SWIDTH 259 0
DWIDTH 4 0
BBX 19 14 0 0
BITMAP
3FF060
601C40
400300
4000C0
F00000
600000
600000
600000
600000
600000
600000
600000
600000
600000
ENDCHAR
STARTCHAR uni093F0902.14
ENCODING -1
SWIDTH 259 0
DWIDTH 4 0
BBX 21 14 0 0
BITMAP
3FF818
600F10
4000C0
400030
F00000
600000
600000
600000
600000
600000
600000
600000
600000
600000
ENDCHAR
STARTCHAR uni093F0902.15
ENCODING -1
SWIDTH 259 0
DWIDTH 4 0
BBX 23 14 0 0
BITMAP
3FFC06
6003C4
400070
40000C
F00000
600000
600000
600000
600000
600000
600000
600000
600000
600000
ENDCHAR
STARTCHAR uni093F0901.01
ENCODING -1
SWIDTH 259 0
DWIDTH 4 0
BBX 12 14 0 0
BITMAP
3CD0
42B0
4140
4180
F000
6000
6000
6000
6000
6000
6000
6000
6000
6000
ENDCHAR
STARTCHAR uni093F0901.02
ENCODING -1
SWIDTH 259 0
DWIDTH 4 0
BBX 13 14 0 0
BITMAP
3E68
4158
40A0
4040
F000
6000
6000
6000
6000
6000
6000
6000
6000
6000
ENDCHAR
STARTCHAR uni093F0901.03
ENCODING -1
SWIDTH 259 0
DWIDTH 4 0
BBX 14 14 0 0
BITMAP
3F34
41AC
4050
4060
F000
6000
6000
6000
6000
6000
6000
6000
6000
6000
ENDCHAR
STARTCHAR uni093F0901.04
ENCODING -1
SWIDTH 259 0
DWIDTH 4 0
BBX 14 14 0 0
BITMAP
3F34
61AC
4050
4020
F010
6000
6000
6000
6000
6000
6000
6000
6000
6000
ENDCHAR
STARTCHAR uni093F0901.05
ENCODING -1
SWIDTH 259 0
DWIDTH 4 0
BBX 15 14 0 0
BITMAP
3F1A
60D6
4068
4030
F000
6000
6000
6000
6000
6000
6000
6000
6000
6000
ENDCHAR
STARTCHAR uni093F0901.06
ENCODING -1
SWIDTH 259 0
DWIDTH 4 0
BBX 15 14 0 0
BITMAP
3F1A
60D6
4028
4018
F000
6000
6000
6000
6000
6000
6000
6000
6000
6000
ENDCHAR
STARTCHAR uni093F0901.07
ENCODING -1
SWIDTH 259 0
DWIDTH 4 0
BBX 15 14 0 0
BITMAP
3F9A
60D6
4028
4018
F000
6000
6000
6000
6000
6000
6000
6000
6000
6000
ENDCHAR
STARTCHAR uni093F0901.08
ENCODING -1
SWIDTH 259 0
DWIDTH 4 0
BBX 16 14 0 0
BITMAP
3F8D
606B
4034
4008
F004
6000
6000
6000
6000
6000
6000
6000
6000
6000
ENDCHAR
STARTCHAR uni093F0901.09
ENCODING -1
SWIDTH 259 0
DWIDTH 4 0
BBX 16 14 0 0
BITMAP
3F8D
606B
4014
400C
F000
6000
6000
6000
6000
6000
6000
6000
6000
6000
ENDCHAR
STARTCHAR uni093F0901.10
ENCODING -1
SWIDTH 259 0
DWIDTH 4 0
BBX 17 14 0 0
BITMAP
3FC680
607580
401A00
400C00
F00200
600000
600000
600000
600000
600000
600000
600000
600000
600000
ENDCHAR
STARTCHAR uni093F0901.11
ENCODING -1
SWIDTH 259 0
DWIDTH 4 0
BBX 18 14 0 0
BITMAP
3FC340
6032C0
400D00
400300
F00000
600000
600000
600000
600000
600000
600000
600000
600000
600000
ENDCHAR
STARTCHAR uni093F0901.12
ENCODING -1
SWIDTH 259 0
DWIDTH 4 0
BBX 20 14 0 0
BITMAP
3FE0D0
601CB0
400640
400180
F00000
600000
600000
600000
600000
600000
600000
600000
600000
600000
ENDCHAR
STARTCHAR uni093F0901.13
ENCODING -1
SWIDTH 259 0
DWIDTH 4 0
BBX 21 14 0 0
BITMAP
3FF068
601C58
400320
4000C0
F00000
600000
600000
600000
600000
600000
600000
600000
600000
600000
ENDCHAR
STARTCHAR uni093F0901.14
ENCODING -1
SWIDTH 259 0
DWIDTH 4 0
BBX 22 14 0 0
BITMAP
3FF834
600F2C
4000D0
400030
F00000
600000
600000
600000
600000
600000
600000
600000
600000
600000
ENDCHAR
STARTCHAR uni093F0901.15
ENCODING -1
SWIDTH 259 0
DWIDTH 4 0
BBX 24 14 0 0
BITMAP
3FFC0D
6003CB
400074
40000C
F00000
600000
600000
600000
600000
600000
600000
600000
600000
600000
ENDCHAR
STARTCHAR uni093F0930094D.01
ENCODING -1
SWIDTH 259 0
DWIDTH 4 0
BBX 11 14 0 0
BITMAP
3CE0
4300
4100
4180
F000
6000
6000
6000
6000
6000
6000
6000
6000
6000
ENDCHAR
STARTCHAR uni093F0930094D.02
ENCODING -1
SWIDTH 259 0
DWIDTH 4 0
BBX 12 14 0 0
BITMAP
3E70
41C0
4080
4040
F000
6000
6000
6000
6000
6000
6000
6000
6000
6000
ENDCHAR
STARTCHAR uni093F0930094D.03
ENCODING -1
SWIDTH 259 0
DWIDTH 4 0
BBX 13 14 0 0
BITMAP
3F38
41E0
4040
4060
F000
6000
6000
6000
6000
6000
6000
6000
6000
6000
ENDCHAR
STARTCHAR uni093F0930094D.04
ENCODING -1
SWIDTH 259 0
DWIDTH 4 0
BBX 13 14 0 0
BITMAP
3F38
61E0
4040
4020
F010
6000
6000
6000
6000
6000
6000
6000
6000
6000
ENDCHAR
STARTCHAR uni093F0930094D.05
ENCODING -1
SWIDTH 259 0
DWIDTH 4 0
BBX 14 14 0 0
BITMAP
3F1C
60F0
4060
4030
F000
6000
6000
6000
6000
6000
6000
6000
6000
6000
ENDCHAR
STARTCHAR uni093F0930094D.06
ENCODING -1
SWIDTH 259 0
DWIDTH 4 0
BBX 15 14 0 0
BITMAP
3F0E
60D8
4030
4018
F000
6000
6000
6000
6000
6000
6000
6000
6000
6000
ENDCHAR
STARTCHAR uni093F0930094D.07
ENCODING -1
SWIDTH 259 0
DWIDTH 4 0
BBX 15 14 0 0
BITMAP
3F8E
60D8
4030
4018
F000
6000
6000
6000
6000
6000
6000
6000
6000
6000
ENDCHAR
STARTCHAR uni093F0930094D.08
ENCODING -1
SWIDTH 259 0
DWIDTH 4 0
BBX 16 14 0 0
BITMAP
3F87
606C
4038
400C
F000
6000
6000
6000
6000
6000
6000
6000
6000
6000
ENDCHAR
STARTCHAR uni093F0930094D.09
ENCODING -1
SWIDTH 259 0
DWIDTH 4 0
BBX 16 14 0 0
BITMAP
3F87
606C
4018
400C
F000
6000
6000
6000
6000
6000
6000
6000
6000
6000
ENDCHAR
STARTCHAR uni093F0930094D.10
ENCODING -1
SWIDTH 259 0
DWIDTH 4 0
BBX 16 14 0 0
BITMAP
3FC7
607C
4018
400C
F002
6000
6000
6000
6000
6000
6000
6000
6000
6000
ENDCHAR
STARTCHAR uni093F0930094D.11
ENCODING -1
SWIDTH 259 0
DWIDTH 4 0
BBX 18 14 0 0
BITMAP
3FC1C0
603300
400E00
400300
F00000
600000
600000
600000
600000
600000
600000
600000
600000
600000
ENDCHAR
STARTCHAR uni093F0930094D.12
ENCODING -1
SWIDTH 259 0
DWIDTH 4 0
BBX 19 14 0 0
BITMAP
3FE0E0
601D80
400700
400180
F00000
600000
600000
600000
600000
600000
600000
600000
600000
600000
ENDCHAR
STARTCHAR uni093F0930094D.13
ENCODING -1
SWIDTH 259 0
DWIDTH 4 0
BBX 20 14 0 0
BITMAP
3FF070
601CC0
400380
4000C0
F00000
600000
600000
600000
600000
600000
600000
600000
600000
600000
ENDCHAR
STARTCHAR uni093F0930094D.14
ENCODING -1
SWIDTH 259 0
DWIDTH 4 0
BBX 22 14 0 0
BITMAP
3FF81C
600F30
4000E0
400030
F00000
600000
600000
600000
600000
600000
600000
600000
600000
600000
ENDCHAR
STARTCHAR uni093F0930094D.15
ENCODING -1
SWIDTH 259 0
DWIDTH 4 0
BBX 24 14 0 0
BITMAP
3FFC07
6003CC
400078
40000C
F00000
600000
600000
600000
600000
600000
600000
600000
600000
600000
ENDCHAR
STARTCHAR uni093F0930094D0902.01
ENCODING -1
SWIDTH 259 0
DWIDTH 4 0
BBX 11 14 0 0
BITMAP
3CE0
4300
4160
4180
F000
6000
6000
6000
6000
6000
6000
6000
6000
6000
ENDCHAR
STARTCHAR uni093F0930094D0902.02
ENCODING -1
SWIDTH 259 0
DWIDTH 4 0
BBX 12 14 0 0
BITMAP
3E70
41C0
40B0
4040
F000
6000
6000
6000
6000
6000
6000
6000
6000
6000
ENDCHAR
STARTCHAR uni093F0930094D0902.03
ENCODING -1
SWIDTH 259 0
DWIDTH 4 0
BBX 13 14 0 0
BITMAP
3F38
41E0
4058
4060
F000
6000
6000
6000
6000
6000
6000
6000
6000
6000
ENDCHAR
STARTCHAR uni093F0930094D0902.04
ENCODING -1
SWIDTH 259 0
DWIDTH 4 0
BBX 13 14 0 0
BITMAP
3F38
61E0
4058
4020
F010
6000
6000
6000
6000
6000
6000
6000
6000
6000
ENDCHAR
STARTCHAR uni093F0930094D0902.05
ENCODING -1
SWIDTH 259 0
DWIDTH 4 0
BBX 14 14 0 0
BITMAP
3F1C
60F0
406C
4030
F000
6000
6000
6000
6000
6000
6000
6000
6000
6000
ENDCHAR
STARTCHAR uni093F0930094D0902.06
ENCODING -1
SWIDTH 259 0
DWIDTH 4 0
BBX 15 14 0 0
BITMAP
3F0E
60D8
4036
4018
F000
6000
6000
6000
6000
6000
6000
6000
6000
6000
ENDCHAR
STARTCHAR uni093F0930094D0902.07
ENCODING -1
SWIDTH 259 0
DWIDTH 4 0
BBX 15 14 0 0
BITMAP
3F8E
60D8
4036
4018
F000
6000
6000
6000
6000
6000
6000
6000
6000
6000
ENDCHAR
STARTCHAR uni093F0930094D0902.08
ENCODING -1
SWIDTH 259 0
DWIDTH 4 0
BBX 16 14 0 0
BITMAP
3F87
606C
403B
400C
F000
6000
6000
6000
6000
6000
6000
6000
6000
6000
ENDCHAR
STARTCHAR uni093F0930094D0902.09
ENCODING -1
SWIDTH 259 0
DWIDTH 4 0
BBX 16 14 0 0
BITMAP
3F87
606C
401B
400C
F000
6000
6000
6000
6000
6000
6000
6000
6000
6000
ENDCHAR
STARTCHAR uni093F0930094D0902.10
ENCODING -1
SWIDTH 259 0
DWIDTH 4 0
BBX 16 14 0 0
BITMAP
3FC7
607C
401B
400C
F002
6000
6000
6000
6000
6000
6000
6000
6000
6000
ENDCHAR
STARTCHAR uni093F0930094D0902.11
ENCODING -1
SWIDTH 259 0
DWIDTH 4 0
BBX 18 14 0 0
BITMAP
3FC1C0
603300
400EC0
400300
F00000
600000
600000
600000
600000
600000
600000
600000
600000
600000
ENDCHAR
STARTCHAR uni093F0930094D0902.12
ENCODING -1
SWIDTH 259 0
DWIDTH 4 0
BBX 19 14 0 0
BITMAP
3FE0E0
601D80
400760
400180
F00000
600000
600000
600000
600000
600000
600000
600000
600000
600000
ENDCHAR
STARTCHAR uni093F0930094D0902.13
ENCODING -1
SWIDTH 259 0
DWIDTH 4 0
BBX 20 14 0 0
BITMAP
3FF070
601CC0
4003B0
4000C0
F00000
600000
600000
600000
600000
600000
600000
600000
600000
600000
ENDCHAR
STARTCHAR uni093F0930094D0902.14
ENCODING -1
SWIDTH 259 0
DWIDTH 4 0
BBX 22 14 0 0
BITMAP
3FF81C
600F30
4000EC
400030
F00000
600000
600000
600000
600000
600000
600000
600000
600000
600000
ENDCHAR
STARTCHAR uni093F0930094D0902.15
ENCODING -1
SWIDTH 259 0
DWIDTH 4 0
BBX 24 14 0 0
BITMAP
3FFC07
6003CC
40007B
40000C
F00000
600000
600000
600000
600000
600000
600000
600000
600000
600000
ENDCHAR
STARTCHAR uni093F0930094D0901.01
ENCODING -1
SWIDTH 259 0
DWIDTH 4 0
BBX 12 14 0 0
BITMAP
3CE0
4320
4150
41A0
F000
6000
6000
6000
6000
6000
6000
6000
6000
6000
ENDCHAR
STARTCHAR uni093F0930094D0901.02
ENCODING -1
SWIDTH 259 0
DWIDTH 4 0
BBX 13 14 0 0
BITMAP
3E70
41D0
40A8
4050
F000
6000
6000
6000
6000
6000
6000
6000
6000
6000
ENDCHAR
STARTCHAR uni093F0930094D0901.03
ENCODING -1
SWIDTH 259 0
DWIDTH 4 0
BBX 14 14 0 0
BITMAP
3F38
41E8
4054
4068
F000
6000
6000
6000
6000
6000
6000
6000
6000
6000
ENDCHAR
STARTCHAR uni093F0930094D0901.04
ENCODING -1
SWIDTH 259 0
DWIDTH 4 0
BBX 14 14 0 0
BITMAP
3F38
61E8
4054
4028
F010
6000
6000
6000
6000
6000
6000
6000
6000
6000
ENDCHAR
STARTCHAR uni093F0930094D0901.05
ENCODING -1
SWIDTH 259 0
DWIDTH 4 0
BBX 15 14 0 0
BITMAP
3F1C
60F4
406A
4034
F000
6000
6000
6000
6000
6000
6000
6000
6000
6000
ENDCHAR
STARTCHAR uni093F0930094D0901.06
ENCODING -1
SWIDTH 259 0
DWIDTH 4 0
BBX 16 14 0 0
BITMAP
3F0E
60DA
4035
401A
F000
6000
6000
6000
6000
6000
6000
6000
6000
6000
ENDCHAR
STARTCHAR uni093F0930094D0901.07
ENCODING -1
SWIDTH 259 0
DWIDTH 4 0
BBX 16 14 0 0
BITMAP
3F8E
60DA
4035
401A
F000
6000
6000
6000
6000
6000
6000
6000
6000
6000
ENDCHAR
STARTCHAR uni093F0930094D0901.08
ENCODING -1
SWIDTH 259 0
DWIDTH 4 0
BBX 17 14 0 0
BITMAP
3F8700
606D00
403A80
400D00
F00000
600000
600000
600000
600000
600000
600000
600000
600000
600000
ENDCHAR
STARTCHAR uni093F0930094D0901.09
ENCODING -1
SWIDTH 259 0
DWIDTH 4 0
BBX 17 14 0 0
BITMAP
3F8700
606D00
401A80
400D00
F00000
600000
600000
600000
600000
600000
600000
600000
600000
600000
ENDCHAR
STARTCHAR uni093F0930094D0901.10
ENCODING -1
SWIDTH 259 0
DWIDTH 4 0
BBX 17 14 0 0
BITMAP
3FC700
607D00
401A80
400D00
F00200
600000
600000
600000
600000
600000
600000
600000
600000
600000
ENDCHAR
STARTCHAR uni093F0930094D0901.11
ENCODING -1
SWIDTH 259 0
DWIDTH 4 0
BBX 19 14 0 0
BITMAP
3FC1C0
603340
400EA0
400340
F00000
600000
600000
600000
600000
600000
600000
600000
600000
600000
ENDCHAR
STARTCHAR uni093F0930094D0901.12
ENCODING -1
SWIDTH 259 0
DWIDTH 4 0
BBX 20 14 0 0
BITMAP
3FE0E0
601DA0
400750
4001A0
F00000
600000
600000
600000
600000
600000
600000
600000
600000
600000
ENDCHAR
STARTCHAR uni093F0930094D0901.13
ENCODING -1
SWIDTH 259 0
DWIDTH 4 0
BBX 21 14 0 0
BITMAP
3FF070
601CD0
4003A8
4000D0
F00000
600000
600000
600000
600000
600000
600000
600000
600000
600000
ENDCHAR
STARTCHAR uni093F0930094D0901.14
ENCODING -1
SWIDTH 259 0
DWIDTH 4 0
BBX 23 14 0 0
BITMAP
3FF81C
600F34
4000EA
400034
F00000
600000
600000
600000
600000
600000
600000
600000
600000
600000
ENDCHAR
STARTCHAR uni093F0930094D0901.15
ENCODING -1
SWIDTH 259 0
DWIDTH 4 0
BBX 25 14 0 0
BITMAP
3FFC0700
6003CD00
40007A80
40000D00
F0000000
60000000
60000000
60000000
60000000
60000000
60000000
60000000
60000000
60000000
ENDCHAR
STARTCHAR uni093C0941
ENCODING -1
SWIDTH 0 0
DWIDTH 0 0
BBX 8 4 -8 -4
BITMAP
0F
A1
B1
1F
ENDCHAR
STARTCHAR uni093C0942
ENCODING -1
SWIDTH 0 0
DWIDTH 0 0
BBX 9 4 -7 -4
BITMAP
3E00
A300
A100
3C80
ENDCHAR
STARTCHAR uni093C0943
ENCODING -1
SWIDTH 0 0
DWIDTH 0 0
BBX 6 4 -6 -4
BITMAP
38
A0
A0
3C
ENDCHAR
STARTCHAR uni093C0944
ENCODING -1
SWIDTH 0 0
DWIDTH 0 0
BBX 7 6 -6 -6
BITMAP
38
A0
A4
3C
20
3E
ENDCHAR
STARTCHAR uni093C0962
ENCODING -1
SWIDTH 0 0
DWIDTH 0 0
BBX 11 6 -9 -6
BITMAP
1FC0
B240
9240
1C80
0900
00E0
ENDCHAR
STARTCHAR uni093C0963
ENCODING -1
SWIDTH 0 0
DWIDTH 0 0
BBX 11 6 -9 -6
BITMAP
1FC0
B240
92C0
1DA0
08C0
00E0
ENDCHAR
STARTCHAR uni093C0956
ENCODING -1
SWIDTH 0 0
DWIDTH 0 0
BBX 8 2 -9 -3
BITMAP
F1
DE
ENDCHAR
STARTCHAR uni093C0957
ENCODING -1
SWIDTH 0 0
DWIDTH 0 0
BBX 8 4 -9 -4
BITMAP
21
FF
E1
1F
ENDCHAR
STARTCHAR uni093C094D
ENCODING -1
SWIDTH 0 0
DWIDTH 0 0
BBX 7 4 -5 -4
BITMAP
80
BC
04
02
ENDCHAR
STARTCHAR uni0919.alt
ENCODING -1
SWIDTH 623 0
DWIDTH 10 0
BBX 10 8 0 2
BITMAP
FFC0
0200
1E00
2080
24C0
1F00
C100
7F00
ENDCHAR
STARTCHAR uni091B.alt
ENCODING -1
SWIDTH 702 0
DWIDTH 11 0
BBX 11 8 0 2
BITMAP
FFE0
0180
7BC0
4240
6A40
3940
60C0
3F80
ENDCHAR
STARTCHAR uni091F.alt
ENCODING -1
SWIDTH 505 0
DWIDTH 8 0
BBX 8 8 0 2
BITMAP
FF
04
1C
60
40
40
77
1C
ENDCHAR
STARTCHAR uni0920.alt
ENCODING -1
SWIDTH 586 0
DWIDTH 9 0
BBX 10 8 0 2
BITMAP
FFC0
0400
1C00
7300
4180
4180
7300
1E00
ENDCHAR
STARTCHAR uni0921.alt
ENCODING -1
SWIDTH 542 0
DWIDTH 9 0
BBX 9 8 0 2
BITMAP
FF80
0200
1E00
2000
2400
1F00
C100
7F00
ENDCHAR
STARTCHAR uni0922.alt
ENCODING -1
SWIDTH 564 0
DWIDTH 9 0
BBX 9 8 0 2
BITMAP
FF80
0200
1E00
6000
4F00
4900
7B00
1E00
ENDCHAR
STARTCHAR uni0933.alt
ENCODING -1
SWIDTH 761 0
DWIDTH 12 0
BBX 12 8 0 2
BITMAP
FFF0
00C0
18C0
6F60
4220
4620
6F60
39C0
ENDCHAR
STARTCHAR uni0939.alt
ENCODING -1
SWIDTH 531 0
DWIDTH 9 0
BBX 9 11 0 -1
BITMAP
FF80
0200
0200
7E00
4000
3C00
6300
4300
4600
2000
1800
ENDCHAR
STARTCHAR uni093C.alt
ENCODING -1
SWIDTH 0 0
DWIDTH 0 0
BBX 1 2 -5 -2
BITMAP
80
80
ENDCHAR
STARTCHAR uni0941.alt
ENCODING -1
SWIDTH 0 0
DWIDTH 0 0
BBX 7 3 -7 -3
BITMAP
1E
C2
7E
ENDCHAR
STARTCHAR uni0942.alt
ENCODING -1
SWIDTH 0 0
DWIDTH 0 0
BBX 7 3 -5 -3
BITMAP
F8
8C
F6
ENDCHAR
STARTCHAR uni0956.alt
ENCODING -1
SWIDTH 0 0
DWIDTH 0 0
BBX 6 2 -8 -3
BITMAP
84
78
ENDCHAR
STARTCHAR uni0957.alt
ENCODING -1
SWIDTH 0 0
DWIDTH 0 0
BBX 6 3 -8 -4
BITMAP
CC
38
FC
ENDCHAR
STARTCHAR uni0944.alt
ENCODING -1
SWIDTH 0 0
DWIDTH 0 0
BBX 5 4 -4 -4
BITMAP
E0
90
60
F8
ENDCHAR
STARTCHAR uni0962.alt
ENCODING -1
SWIDTH 0 0
DWIDTH 0 0
BBX 7 4 -6 -4
BITMAP
7C
94
4C
2E
ENDCHAR
STARTCHAR uni0963.alt
ENCODING -1
SWIDTH 0 0
DWIDTH 0 0
BBX 7 4 -6 -4
BITMAP
7C
94
4E
2E
ENDCHAR
STARTCHAR uni093C0944.alt
ENCODING -1
SWIDTH 0 0
DWIDTH 0 0
BBX 7 4 -6 -4
BITMAP
38
A4
98
3E
ENDCHAR
STARTCHAR uni093C0962.alt
ENCODING -1
SWIDTH 0 0
DWIDTH 0 0
BBX 9 4 -8 -4
BITMAP
1F00
A500
9300
0B80
ENDCHAR
STARTCHAR uni093C0963.alt
ENCODING -1
SWIDTH 0 0
DWIDTH 0 0
BBX 8 4 -7 -4
BITMAP
3E
CA
A7
17
ENDCHAR
STARTCHAR uni0952.alt01
ENCODING -1
SWIDTH 0 0
DWIDTH 0 0
BBX 6 1 -7 -6
BITMAP
FC
ENDCHAR
STARTCHAR uni0936.MAR
ENCODING -1
SWIDTH 672 0
DWIDTH 11 0
BBX 11 11 0 -1
BITMAP
FFE0
1080
3080
7C80
0480
0480
CC80
7880
1080
1880
0800
ENDCHAR
STARTCHAR uni0932.MAR
ENCODING -1
SWIDTH 699 0
DWIDTH 11 0
BBX 11 10 0 0
BITMAP
FFE0
0080
0080
3B80
6640
4460
4440
6040
30C0
1980
ENDCHAR
STARTCHAR uni091D.NEP
ENCODING -1
SWIDTH 924 0
DWIDTH 15 0
BBX 14 10 1 0
BITMAP
F7FC
9080
9080
5080
10F8
3F88
3088
1098
0090
0080
ENDCHAR
STARTCHAR uni096B.NEP
ENCODING -1
SWIDTH 520 0
DWIDTH 8 0
BBX 6 12 1 -2
BITMAP
84
84
84
C4
7C
24
04
CC
F8
30
18
10
ENDCHAR
STARTCHAR uni096E.NEP
ENCODING -1
SWIDTH 520 0
DWIDTH 8 0
BBX 7 9 1 0
BITMAP
FE
60
40
C0
40
78
1C
04
04
ENDCHAR
STARTCHAR uni096F.NEP
ENCODING -1
SWIDTH 520 0
DWIDTH 8 0
BBX 7 10 1 0
BITMAP
06
66
5C
C0
C0
C0
7C
1E
06
04
ENDCHAR
STARTCHAR uni093C.sat
ENCODING -1
SWIDTH 0 0
DWIDTH 0 0
BBX 1 2 -5 -3
BITMAP
80
80
ENDCHAR
STARTCHAR uni0915094D0937
ENCODING -1
SWIDTH 717 0
DWIDTH 11 0
BBX 11 11 1 -1
BITMAP
7BE0
C880
4880
7880
7F80
C080
8080
8C80
FC80
0880
0C00
ENDCHAR
STARTCHAR uni091C094D091E
ENCODING -1
SWIDTH 641 0
DWIDTH 10 0
BBX 10 11 0 -1
BITMAP
FFC0
0080
0080
7F80
1880
0C80
0480
6C80
7080
1080
0800
ENDCHAR
STARTCHAR uni0930094D
ENCODING -1
SWIDTH 0 0
DWIDTH 0 0
BBX 4 4 -4 10
BITMAP
70
80
80
40
ENDCHAR
STARTCHAR uni0915094D0930
ENCODING -1
SWIDTH 768 0
DWIDTH 12 0
BBX 13 10 0 0
BITMAP
FFF8
0200
0200
7A00
43E0
4330
4630
3E20
3260
6200
ENDCHAR
STARTCHAR uni0916094D0930
ENCODING -1
SWIDTH 819 0
DWIDTH 13 0
BBX 13 12 0 -2
BITMAP
FFF8
1830
18B0
1BF0
7230
6230
63F0
3030
1CF0
07B0
1E00
0800
ENDCHAR
STARTCHAR uni0917094D0930
ENCODING -1
SWIDTH 564 0
DWIDTH 9 0
BBX 9 10 0 0
BITMAP
FF80
2300
2300
2300
6300
6300
6300
0700
1B00
3300
ENDCHAR
STARTCHAR uni0918094D0930
ENCODING -1
SWIDTH 591 0
DWIDTH 9 0
BBX 10 10 0 0
BITMAP
FFC0
4100
4100
7900
7100
4100
6300
3F00
1900
6100
ENDCHAR
STARTCHAR uni091A094D0930
ENCODING -1
SWIDTH 635 0
DWIDTH 10 0
BBX 10 10 0 0
BITMAP
FFC0
0180
0180
7D80
1180
2180
3180
1F80
0D80
3180
ENDCHAR
STARTCHAR uni091C094D0930
ENCODING -1
SWIDTH 747 0
DWIDTH 12 0
BBX 12 10 0 0
BITMAP
FFF0
0060
0060
CFE0
4460
6260
3660
1CE0
03E0
0660
ENDCHAR
STARTCHAR uni091D094D0930
ENCODING -1
SWIDTH 818 0
DWIDTH 13 0
BBX 13 13 0 -3
BITMAP
FFF8
0430
0430
7C30
4030
7C70
37F0
0230
66F0
7DB0
1000
0C00
0800
ENDCHAR
STARTCHAR uni091E094D0930
ENCODING -1
SWIDTH 772 0
DWIDTH 12 0
BBX 13 10 0 0
BITMAP
FFF8
0020
0C20
1E20
C1E0
61A0
3620
0CE0
01A0
0620
ENDCHAR
STARTCHAR uni0923094D0930
ENCODING -1
SWIDTH 723 0
DWIDTH 12 0
BBX 12 10 0 0
BITMAP
FFF0
6640
6640
6640
6640
6640
3C40
18C0
0340
0640
ENDCHAR
STARTCHAR uni0924094D0930
ENCODING -1
SWIDTH 552 0
DWIDTH 9 0
BBX 9 10 0 0
BITMAP
FF80
0200
0200
FA00
8E00
0600
1E00
7200
4200
0200
ENDCHAR
STARTCHAR uni0925094D0930
ENCODING -1
SWIDTH 639 0
DWIDTH 10 0
BBX 9 10 1 0
BITMAP
F780
9B00
DB00
5300
7300
C300
4300
3F00
3B00
6300
ENDCHAR
STARTCHAR uni0926094D0930
ENCODING -1
SWIDTH 531 0
DWIDTH 9 0
BBX 9 11 0 -1
BITMAP
FF80
0200
0200
3E00
6000
4000
4600
7700
1E00
7200
4300
ENDCHAR
STARTCHAR uni0927094D0930
ENCODING -1
SWIDTH 615 0
DWIDTH 10 0
BBX 9 11 1 -1
BITMAP
F780
9200
9200
C200
7200
4200
4200
7E00
3A00
E200
4000
ENDCHAR
STARTCHAR uni0928094D0930
ENCODING -1
SWIDTH 555 0
DWIDTH 9 0
BBX 9 10 0 0
BITMAP
FF80
0200
0200
0200
7E00
6200
6200
0E00
1A00
3200
ENDCHAR
STARTCHAR uni092A094D0930
ENCODING -1
SWIDTH 569 0
DWIDTH 9 0
BBX 9 10 0 0
BITMAP
FF80
6300
6300
6300
6300
6300
3F00
0B00
3300
4300
ENDCHAR
STARTCHAR uni092B094D0930
ENCODING -1
SWIDTH 771 0
DWIDTH 12 0
BBX 13 10 0 0
BITMAP
FFF8
6200
6200
6200
63E0
6330
3E30
1A20
3260
4200
ENDCHAR
STARTCHAR uni092C094D0930
ENCODING -1
SWIDTH 571 0
DWIDTH 9 0
BBX 9 10 0 0
BITMAP
FF80
0300
0300
7F00
5300
4B00
4700
3F00
1B00
6300
ENDCHAR
STARTCHAR uni092D094D0930
ENCODING -1
SWIDTH 703 0
DWIDTH 11 0
BBX 10 10 1 0
BITMAP
F7C0
9080
9080
5080
1080
3F80
3080
1380
0680
1880
ENDCHAR
STARTCHAR uni092E094D0930
ENCODING -1
SWIDTH 598 0
DWIDTH 10 0
BBX 10 10 0 0
BITMAP
FFC0
2100
2100
2100
2100
7F00
6100
2300
0D00
1900
ENDCHAR
STARTCHAR uni092F094D0930
ENCODING -1
SWIDTH 580 0
DWIDTH 9 0
BBX 10 10 0 0
BITMAP
FFC0
3100
1100
1100
6100
4100
6700
1D00
3900
6100
ENDCHAR
STARTCHAR uni0932094D0930
ENCODING -1
SWIDTH 689 0
DWIDTH 11 0
BBX 11 10 0 0
BITMAP
FFE0
00C0
00C0
3BC0
66C0
44C0
4CC0
63C0
36C0
18C0
ENDCHAR
STARTCHAR uni0935094D0930
ENCODING -1
SWIDTH 556 0
DWIDTH 9 0
BBX 9 10 0 0
BITMAP
FF80
0200
0200
7E00
4200
4200
4200
3E00
3A00
6200
ENDCHAR
STARTCHAR uni0936094D0930
ENCODING -1
SWIDTH 708 0
DWIDTH 11 0
BBX 12 10 0 0
BITMAP
3CF0
2640
2640
3440
1C40
E3C0
8340
0E40
1840
0040
ENDCHAR
STARTCHAR uni0937094D0930
ENCODING -1
SWIDTH 578 0
DWIDTH 9 0
BBX 9 10 0 0
BITMAP
FF80
7100
7100
6900
6500
6700
3F00
0D00
3100
6100
ENDCHAR
STARTCHAR uni0938094D0930
ENCODING -1
SWIDTH 686 0
DWIDTH 11 0
BBX 11 10 0 0
BITMAP
FFE0
18C0
08C0
18C0
7FC0
70C0
63C0
36C0
18C0
0CC0
ENDCHAR
STARTCHAR uni0939094D0930
ENCODING -1
SWIDTH 531 0
DWIDTH 9 0
BBX 9 12 0 -2
BITMAP
FF80
0200
0200
7E00
4000
3C00
3700
6700
4D00
6300
3000
1800
ENDCHAR
STARTCHAR gg_radeva
ENCODING -1
SWIDTH 564 0
DWIDTH 9 0
BBX 9 11 0 -1
BITMAP
FF80
2300
2300
2300
6300
6300
0F00
3B00
1300
7F00
7F00
ENDCHAR
STARTCHAR jj_radeva
ENCODING -1
SWIDTH 747 0
DWIDTH 12 0
BBX 12 11 0 -1
BITMAP
FFF0
0060
0060
CFE0
4460
2260
3E60
09E0
0760
0460
7FE0
ENDCHAR
STARTCHAR bb_radeva
ENCODING -1
SWIDTH 571 0
DWIDTH 9 0
BBX 9 11 0 -1
BITMAP
FF80
0300
1F00
7300
5B00
4B00
6700
3F00
7300
2300
7F00
ENDCHAR
STARTCHAR uni0915094D0937094D0930
ENCODING -1
SWIDTH 743 0
DWIDTH 12 0
BBX 11 11 1 -1
BITMAP
7BE0
C880
C880
7880
7F80
C080
8080
9980
FB80
0A80
0C00
ENDCHAR
STARTCHAR uni091C094D091E094D0930
ENCODING -1
SWIDTH 712 0
DWIDTH 11 0
BBX 12 11 0 -1
BITMAP
FFF0
0040
0040
7FC0
1840
0C40
04C0
6DC0
7340
1240
0800
ENDCHAR
STARTCHAR marwaridd_radeva
ENCODING -1
SWIDTH 555 0
DWIDTH 9 0
BBX 9 10 0 0
BITMAP
FF80
2000
2000
2000
7E00
6300
6700
1900
0B00
0200
ENDCHAR
STARTCHAR uni0958094D0930
ENCODING -1
SWIDTH 768 0
DWIDTH 12 0
BBX 13 12 0 -2
BITMAP
FFF8
0200
0200
7A00
43E0
4330
4630
3E20
3260
6200
1000
1000
ENDCHAR
STARTCHAR uni0959094D0930
ENCODING -1
SWIDTH 818 0
DWIDTH 13 0
BBX 13 12 0 -2
BITMAP
FFF8
1830
18B0
1BF0
7230
6230
63F0
3030
5CF0
67B0
1E00
0800
ENDCHAR
STARTCHAR uni095A094D0930
ENCODING -1
SWIDTH 564 0
DWIDTH 9 0
BBX 9 13 0 -3
BITMAP
FF80
2300
2300
2300
6300
6300
6300
0700
1B00
3300
0000
1000
1000
ENDCHAR
STARTCHAR uni0918094D0930093C
ENCODING -1
SWIDTH 591 0
DWIDTH 9 0
BBX 10 12 0 -2
BITMAP
FFC0
4100
4100
7900
7100
4100
6300
3F00
1900
6100
0800
0800
ENDCHAR
STARTCHAR uni091A094D0930093C
ENCODING -1
SWIDTH 635 0
DWIDTH 10 0
BBX 10 12 0 -2
BITMAP
FFC0
0180
0180
7D80
1180
2180
3180
1F80
0D80
3180
0400
0400
ENDCHAR
STARTCHAR uni095B094D0930
ENCODING -1
SWIDTH 747 0
DWIDTH 12 0
BBX 12 10 0 0
BITMAP
FFF0
0060
0060
CFE0
4460
6260
3660
1CE0
13E0
1660
ENDCHAR
STARTCHAR uni091D094D0930093C
ENCODING -1
SWIDTH 818 0
DWIDTH 13 0
BBX 13 13 0 -3
BITMAP
FFF8
0430
0430
7C30
4030
7C70
37F0
0230
66F0
7DB0
1000
4C00
4800
ENDCHAR
STARTCHAR uni091E094D0930093C
ENCODING -1
SWIDTH 772 0
DWIDTH 12 0
BBX 13 11 0 -1
BITMAP
FFF8
0020
0C20
1E20
C1E0
61A0
3620
0CE0
01A0
1620
1000
ENDCHAR
STARTCHAR uni0923094D0930093C
ENCODING -1
SWIDTH 723 0
DWIDTH 12 0
BBX 12 11 0 -1
BITMAP
FFF0
6640
6640
6640
6640
6640
3C40
18C0
0340
2640
2000
ENDCHAR
STARTCHAR uni0924094D0930093C
ENCODING -1
SWIDTH 552 0
DWIDTH 9 0
BBX 9 12 0 -2
BITMAP
FF80
0200
0200
FA00
8E00
0600
1E00
7200
4200
0200
1000
1000
ENDCHAR
STARTCHAR uni0925094D0930093C
ENCODING -1
SWIDTH 639 0
DWIDTH 10 0
BBX 9 12 1 -2
BITMAP
F780
9B00
DB00
5300
7300
C300
4300
3F00
3B00
6300
0800
0800
ENDCHAR
STARTCHAR uni0926094D0930093C
ENCODING -1
SWIDTH 531 0
DWIDTH 9 0
BBX 9 13 0 -3
BITMAP
FF80
0200
0200
3E00
6000
4000
4600
7700
1E00
7200
4300
0800
0800
ENDCHAR
STARTCHAR uni0927094D0930093C
ENCODING -1
SWIDTH 615 0
DWIDTH 10 0
BBX 9 13 1 -3
BITMAP
F780
9200
9200
C200
7200
4200
4200
7E00
3A00
E200
4000
0800
0800
ENDCHAR
STARTCHAR uni0929094D0930
ENCODING -1
SWIDTH 555 0
DWIDTH 9 0
BBX 9 13 0 -3
BITMAP
FF80
0200
0200
0200
7E00
6200
6200
0E00
1A00
3200
0000
0800
0800
ENDCHAR
STARTCHAR uni092A094D0930093C
ENCODING -1
SWIDTH 569 0
DWIDTH 9 0
BBX 9 12 0 -2
BITMAP
FF80
6300
6300
6300
6300
6300
3F00
0B00
3300
4300
0800
0800
ENDCHAR
STARTCHAR uni095E094D0930
ENCODING -1
SWIDTH 771 0
DWIDTH 12 0
BBX 13 12 0 -2
BITMAP
FFF8
6200
6200
6200
63E0
6330
3E30
1A20
3260
4200
0800
0800
ENDCHAR
STARTCHAR uni092C094D0930093C
ENCODING -1
SWIDTH 571 0
DWIDTH 9 0
BBX 9 12 0 -2
BITMAP
FF80
0300
0300
7F00
5300
4B00
4700
3F00
1B00
6300
0800
0800
ENDCHAR
STARTCHAR uni092D094D0930093C
ENCODING -1
SWIDTH 703 0
DWIDTH 11 0
BBX 10 13 1 -3
BITMAP
F7C0
9080
9080
5080
1080
3F80
3080
1380
0680
1880
0000
0200
0200
ENDCHAR
STARTCHAR uni092E094D0930093C
ENCODING -1
SWIDTH 598 0
DWIDTH 10 0
BBX 10 13 0 -3
BITMAP
FFC0
2100
2100
2100
2100
7F00
6100
2300
0D00
1900
0000
0400
0400
ENDCHAR
STARTCHAR uni095F094D0930
ENCODING -1
SWIDTH 580 0
DWIDTH 9 0
BBX 10 12 0 -2
BITMAP
FFC0
3100
1100
1100
6100
4100
6700
1D00
3900
6100
0800
0800
ENDCHAR
STARTCHAR uni0932094D0930093C
ENCODING -1
SWIDTH 689 0
DWIDTH 11 0
BBX 11 12 0 -2
BITMAP
FFE0
00C0
00C0
3BC0
66C0
44C0
4CC0
63C0
36C0
18C0
2000
2000
ENDCHAR
STARTCHAR uni0935094D0930093C
ENCODING -1
SWIDTH 556 0
DWIDTH 9 0
BBX 9 12 0 -2
BITMAP
FF80
0200
0200
7E00
4200
4200
4200
3E00
3A00
6200
0800
0800
ENDCHAR
STARTCHAR uni0936094D0930093C
ENCODING -1
SWIDTH 708 0
DWIDTH 11 0
BBX 12 12 0 -2
BITMAP
3CF0
2640
2640
3440
1C40
E3C0
8340
0E40
1840
0040
0200
0200
ENDCHAR
STARTCHAR uni0937094D0930093C
ENCODING -1
SWIDTH 578 0
DWIDTH 9 0
BBX 9 12 0 -2
BITMAP
FF80
7100
7100
6900
6500
6700
3F00
0D00
3100
6100
0800
0800
ENDCHAR
STARTCHAR uni0938094D0930093C
ENCODING -1
SWIDTH 686 0
DWIDTH 11 0
BBX 11 11 0 -1
BITMAP
FFE0
18C0
08C0
18C0
7FC0
70C0
63C0
36C0
18C0
4CC0
4000
ENDCHAR
STARTCHAR uni0939094D0930093C
ENCODING -1
SWIDTH 531 0
DWIDTH 9 0
BBX 9 13 0 -3
BITMAP
FF80
0200
0200
7E00
4000
3C00
3700
6700
4D00
6300
3000
3800
2000
ENDCHAR
STARTCHAR zh_radeva
ENCODING -1
SWIDTH 733 0
DWIDTH 12 0
BBX 12 11 0 -1
BITMAP
FFF0
0040
0040
CFC0
4640
2240
3E40
0CC0
25C0
2740
1800
ENDCHAR
STARTCHAR y_ra_heavydeva
ENCODING -1
SWIDTH 581 0
DWIDTH 9 0
BBX 10 10 0 0
BITMAP
FFC0
3100
1900
1900
6500
4300
6700
1D00
3900
6100
ENDCHAR
STARTCHAR uni0932094D0930.MAR
ENCODING -1
SWIDTH 699 0
DWIDTH 11 0
BBX 11 10 0 0
BITMAP
FFE0
0080
0080
3B80
6640
44E0
4540
6040
30C0
1980
ENDCHAR
STARTCHAR uni0932094D0930093C.MAR
ENCODING -1
SWIDTH 699 0
DWIDTH 11 0
BBX 11 13 0 -3
BITMAP
FFE0
0080
0080
3B80
6640
44E0
4540
6040
30C0
1980
0000
1000
1000
ENDCHAR
STARTCHAR uni091D094D0930.NEP
ENCODING -1
SWIDTH 924 0
DWIDTH 15 0
BBX 14 10 1 0
BITMAP
F7FC
9080
9080
5080
10F8
3F88
3088
1398
0690
1880
ENDCHAR
STARTCHAR uni091D094D0930093C.NEP
ENCODING -1
SWIDTH 924 0
DWIDTH 15 0
BBX 14 13 1 -3
BITMAP
F7FC
9080
9080
5080
10F8
3F88
3088
1398
0690
1880
0000
0400
0400
ENDCHAR
STARTCHAR uni0915094D0924094D0930.SAN
ENCODING -1
SWIDTH 769 0
DWIDTH 12 0
BBX 13 10 0 0
BITMAP
FFF8
0200
0200
7A00
07E0
3F30
6630
1A20
7260
2200
ENDCHAR
STARTCHAR uni0915094D0930.SAN
ENCODING -1
SWIDTH 766 0
DWIDTH 12 0
BBX 13 10 0 0
BITMAP
FFF8
0200
0200
7A00
8FE0
0730
1E30
3220
4260
0200
ENDCHAR
STARTCHAR uni094D0930
ENCODING -1
SWIDTH 0 0
DWIDTH 0 0
BBX 7 3 -7 -3
BITMAP
18
2C
C6
ENDCHAR
STARTCHAR uni0915094D
ENCODING -1
SWIDTH 609 0
DWIDTH 10 0
BBX 10 10 0 0
BITMAP
FFC0
0200
0200
7A00
42C0
4300
4600
3E00
0200
0200
ENDCHAR
STARTCHAR uni0916094D
ENCODING -1
SWIDTH 648 0
DWIDTH 10 0
BBX 11 10 0 0
BITMAP
FFC0
1800
1880
1BC0
7200
6200
63E0
3000
1C60
07C0
ENDCHAR
STARTCHAR uni0917094D
ENCODING -1
SWIDTH 281 0
DWIDTH 5 0
BBX 5 7 0 3
BITMAP
F8
20
20
20
60
60
60
ENDCHAR
STARTCHAR uni0918094D
ENCODING -1
SWIDTH 351 0
DWIDTH 6 0
BBX 7 8 0 2
BITMAP
FC
40
40
78
70
40
62
3E
ENDCHAR
STARTCHAR uni091A094D
ENCODING -1
SWIDTH 396 0
DWIDTH 6 0
BBX 8 8 0 2
BITMAP
FE
00
00
7C
10
20
31
1E
ENDCHAR
STARTCHAR uni091B094D
ENCODING -1
SWIDTH 701 0
DWIDTH 11 0
BBX 11 10 0 0
BITMAP
FFE0
0000
3980
6240
4240
7B40
3940
60C0
2180
1F00
ENDCHAR
STARTCHAR uni091C094D
ENCODING -1
SWIDTH 572 0
DWIDTH 9 0
BBX 9 9 0 1
BITMAP
FF80
0000
0000
CF80
4600
6200
2200
1E00
0C00
ENDCHAR
STARTCHAR uni091D094D
ENCODING -1
SWIDTH 497 0
DWIDTH 8 0
BBX 10 13 0 -3
BITMAP
FF00
0400
0400
7C00
4000
7C40
37C0
0200
6600
7C00
1000
0C00
0800
ENDCHAR
STARTCHAR uni091E094D
ENCODING -1
SWIDTH 530 0
DWIDTH 8 0
BBX 9 8 0 2
BITMAP
FF80
0000
0000
1E00
C300
4180
2300
1E00
ENDCHAR
STARTCHAR uni0923094D
ENCODING -1
SWIDTH 475 0
DWIDTH 8 0
BBX 8 8 0 2
BITMAP
FF
66
66
66
66
66
3C
18
ENDCHAR
STARTCHAR uni0924094D
ENCODING -1
SWIDTH 349 0
DWIDTH 6 0
BBX 6 10 0 0
BITMAP
FC
00
00
00
7C
40
40
40
20
30
ENDCHAR
STARTCHAR uni0925094D
ENCODING -1
SWIDTH 386 0
DWIDTH 6 0
BBX 7 8 1 2
BITMAP
F0
98
D8
50
70
C0
42
3C
ENDCHAR
STARTCHAR uni0927094D
ENCODING -1
SWIDTH 376 0
DWIDTH 6 0
BBX 7 8 1 2
BITMAP
F0
90
90
C0
70
40
42
7C
ENDCHAR
STARTCHAR uni0928094D
ENCODING -1
SWIDTH 358 0
DWIDTH 6 0
BBX 6 7 0 3
BITMAP
FC
00
00
00
7C
60
60
ENDCHAR
STARTCHAR uni092A094D
ENCODING -1
SWIDTH 308 0
DWIDTH 5 0
BBX 7 8 0 2
BITMAP
FC
60
60
60
60
62
3E
18
ENDCHAR
STARTCHAR uni092B094D
ENCODING -1
SWIDTH 612 0
DWIDTH 10 0
BBX 10 10 0 0
BITMAP
FFC0
6200
6200
6200
62C0
6300
3E00
0200
0200
0200
ENDCHAR
STARTCHAR uni092C094D
ENCODING -1
SWIDTH 401 0
DWIDTH 6 0
BBX 7 8 0 2
BITMAP
FE
00
00
7C
50
48
46
3C
ENDCHAR
STARTCHAR uni092D094D
ENCODING -1
SWIDTH 439 0
DWIDTH 7 0
BBX 8 8 1 2
BITMAP
F7
90
90
50
10
3F
30
10
ENDCHAR
STARTCHAR uni092E094D
ENCODING -1
SWIDTH 350 0
DWIDTH 6 0
BBX 7 8 0 2
BITMAP
FC
20
20
20
20
7E
60
20
ENDCHAR
STARTCHAR uni092F094D
ENCODING -1
SWIDTH 328 0
DWIDTH 5 0
BBX 7 8 0 2
BITMAP
F8
30
10
10
60
40
66
1C
ENDCHAR
STARTCHAR uni0932094D
ENCODING -1
SWIDTH 500 0
DWIDTH 8 0
BBX 9 10 0 0
BITMAP
FF00
0000
0000
3B80
6600
4400
4C00
6000
3000
1800
ENDCHAR
STARTCHAR uni0935094D
ENCODING -1
SWIDTH 392 0
DWIDTH 6 0
BBX 7 8 0 2
BITMAP
FE
00
00
7C
40
40
42
3C
ENDCHAR
STARTCHAR uni0936094D
ENCODING -1
SWIDTH 425 0
DWIDTH 7 0
BBX 6 10 0 0
BITMAP
38
44
64
34
04
68
F0
10
08
0C
ENDCHAR
STARTCHAR uni0937094D
ENCODING -1
SWIDTH 376 0
DWIDTH 6 0
BBX 7 8 0 2
BITMAP
FC
70
70
68
64
66
3E
08
ENDCHAR
STARTCHAR uni0938094D
ENCODING -1
SWIDTH 389 0
DWIDTH 6 0
BBX 8 10 0 0
BITMAP
FF
18
08
18
70
7F
60
30
18
0C
ENDCHAR
STARTCHAR uni0939094D
ENCODING -1
SWIDTH 452 0
DWIDTH 7 0
BBX 8 12 0 -2
BITMAP
FF
04
04
7C
40
3F
30
60
40
60
38
0C
ENDCHAR
STARTCHAR uni0933094D
ENCODING -1
SWIDTH 741 0
DWIDTH 12 0
BBX 12 9 0 1
BITMAP
FFF0
0000
0000
39C0
6760
4220
4620
4620
7FE0
ENDCHAR
STARTCHAR uni0915094D0937094D
ENCODING -1
SWIDTH 465 0
DWIDTH 7 0
BBX 8 11 1 -1
BITMAP
78
C8
48
78
7F
C0
80
8C
FC
08
0C
ENDCHAR
STARTCHAR uni091C094D091E094D
ENCODING -1
SWIDTH 418 0
DWIDTH 7 0
BBX 8 11 0 -1
BITMAP
FE
00
00
7F
18
0C
04
6C
70
10
08
ENDCHAR
STARTCHAR uni0926094D092F094D
ENCODING -1
SWIDTH 379 0
DWIDTH 6 0
BBX 8 10 0 0
BITMAP
FF
0C
0C
7C
40
78
70
41
63
3C
ENDCHAR
STARTCHAR ggdeva
ENCODING -1
SWIDTH 281 0
DWIDTH 5 0
BBX 5 10 0 0
BITMAP
F8
20
20
20
60
60
20
00
00
78
ENDCHAR
STARTCHAR jjdeva
ENCODING -1
SWIDTH 572 0
DWIDTH 9 0
BBX 9 10 0 0
BITMAP
FF80
0000
0000
CF80
4200
2200
3E00
0C00
0000
7F80
ENDCHAR
STARTCHAR bbdeva
ENCODING -1
SWIDTH 401 0
DWIDTH 6 0
BBX 7 10 0 0
BITMAP
FE
00
1C
74
58
4A
66
3C
00
7E
ENDCHAR
STARTCHAR uni0958094D
ENCODING -1
SWIDTH 609 0
DWIDTH 10 0
BBX 10 11 0 -1
BITMAP
FFC0
0200
0200
7A00
42C0
4300
4600
3E00
0200
2200
2000
ENDCHAR
STARTCHAR uni0959094D
ENCODING -1
SWIDTH 648 0
DWIDTH 10 0
BBX 11 10 0 0
BITMAP
FFC0
1800
1880
1BC0
7200
6200
63E0
3000
5C60
47C0
ENDCHAR
STARTCHAR uni095B094D
ENCODING -1
SWIDTH 572 0
DWIDTH 9 0
BBX 9 11 0 -1
BITMAP
FF80
0000
0000
CF80
4600
6200
2200
1E00
0C00
0800
0800
ENDCHAR
STARTCHAR uni0929094D
ENCODING -1
SWIDTH 358 0
DWIDTH 6 0
BBX 6 10 0 0
BITMAP
FC
00
00
00
7C
60
60
00
20
20
ENDCHAR
STARTCHAR uni095E094D
ENCODING -1
SWIDTH 612 0
DWIDTH 10 0
BBX 10 10 0 0
BITMAP
FFC0
6200
6200
6200
62C0
6300
3E00
0200
2200
2200
ENDCHAR
STARTCHAR uni095F094D
ENCODING -1
SWIDTH 328 0
DWIDTH 5 0
BBX 7 11 0 -1
BITMAP
F8
30
10
10
60
40
66
1C
00
20
20
ENDCHAR
STARTCHAR zhdeva
ENCODING -1
SWIDTH 572 0
DWIDTH 9 0
BBX 9 11 0 -1
BITMAP
FF80
0000
0000
CF80
4200
2200
3200
1E00
1200
1200
0C00
ENDCHAR
STARTCHAR y_heavydeva
ENCODING -1
SWIDTH 328 0
DWIDTH 5 0
BBX 7 8 0 2
BITMAP
F8
30
18
18
64
42
66
1C
ENDCHAR
STARTCHAR uni0915094D094D0930
ENCODING -1
SWIDTH 609 0
DWIDTH 10 0
BBX 10 10 0 0
BITMAP
FFC0
0200
0200
7A00
42C0
4300
4600
3E00
3200
6200
ENDCHAR
STARTCHAR uni0916094D094D0930
ENCODING -1
SWIDTH 648 0
DWIDTH 10 0
BBX 11 12 0 -2
BITMAP
FFE0
1800
1880
1BC0
7200
6200
63E0
3020
1CE0
0780
0E00
0800
ENDCHAR
STARTCHAR uni0917094D094D0930
ENCODING -1
SWIDTH 336 0
DWIDTH 5 0
BBX 7 10 0 0
BITMAP
FC
20
20
20
60
60
60
06
1C
30
ENDCHAR
STARTCHAR uni0918094D094D0930
ENCODING -1
SWIDTH 351 0
DWIDTH 6 0
BBX 7 10 0 0
BITMAP
FC
40
40
78
70
40
62
3E
18
30
ENDCHAR
STARTCHAR uni091A094D094D0930
ENCODING -1
SWIDTH 396 0
DWIDTH 6 0
BBX 8 10 0 0
BITMAP
FE
00
00
7C
10
20
31
1E
0C
30
ENDCHAR
STARTCHAR uni091B094D094D0930
ENCODING -1
SWIDTH 701 0
DWIDTH 11 0
BBX 11 13 0 -3
BITMAP
FFE0
0000
3980
6240
4240
7B40
3940
60C0
2180
1F00
0600
0B00
3180
ENDCHAR
STARTCHAR uni091C094D094D0930
ENCODING -1
SWIDTH 606 0
DWIDTH 10 0
BBX 10 10 0 0
BITMAP
FFC0
0000
0000
CFC0
4600
6200
3200
1EC0
0180
0700
ENDCHAR
STARTCHAR uni091D094D094D0930
ENCODING -1
SWIDTH 648 0
DWIDTH 10 0
BBX 11 13 0 -3
BITMAP
FFE0
0400
0400
7C00
4000
7C20
37C0
0220
66C0
7D80
1000
0C00
0800
ENDCHAR
STARTCHAR uni091E094D094D0930
ENCODING -1
SWIDTH 601 0
DWIDTH 10 0
BBX 10 10 0 0
BITMAP
FFC0
0000
0C00
1E00
C1C0
6180
3600
0CC0
0180
0600
ENDCHAR
STARTCHAR uni0923094D094D0930
ENCODING -1
SWIDTH 495 0
DWIDTH 8 0
BBX 10 10 0 0
BITMAP
FF00
6600
6600
6600
6600
6600
3C00
18C0
0300
0600
ENDCHAR
STARTCHAR uni0924094D094D0930
ENCODING -1
SWIDTH 382 0
DWIDTH 6 0
BBX 6 9 0 1
BITMAP
FC
00
00
F8
8C
04
1C
70
40
ENDCHAR
STARTCHAR uni0925094D094D0930
ENCODING -1
SWIDTH 389 0
DWIDTH 6 0
BBX 7 10 1 0
BITMAP
F0
98
D8
50
70
C0
42
3C
38
60
ENDCHAR
STARTCHAR uni0927094D094D0930
ENCODING -1
SWIDTH 362 0
DWIDTH 6 0
BBX 7 11 1 -1
BITMAP
F0
90
90
C0
70
40
42
7C
18
60
40
ENDCHAR
STARTCHAR uni0928094D094D0930
ENCODING -1
SWIDTH 385 0
DWIDTH 6 0
BBX 7 10 0 0
BITMAP
FC
00
00
00
7C
60
60
06
18
30
ENDCHAR
STARTCHAR uni092A094D094D0930
ENCODING -1
SWIDTH 308 0
DWIDTH 5 0
BBX 7 10 0 0
BITMAP
FC
60
60
60
60
62
3E
18
30
40
ENDCHAR
STARTCHAR uni092B094D094D0930
ENCODING -1
SWIDTH 612 0
DWIDTH 10 0
BBX 10 10 0 0
BITMAP
FFC0
6200
6200
6200
62C0
6300
3E00
1A00
3200
4200
ENDCHAR
STARTCHAR uni092C094D094D0930
ENCODING -1
SWIDTH 401 0
DWIDTH 6 0
BBX 7 10 0 0
BITMAP
FE
00
00
7C
50
48
46
3C
18
60
ENDCHAR
STARTCHAR uni092D094D094D0930
ENCODING -1
SWIDTH 533 0
DWIDTH 9 0
BBX 8 10 1 0
BITMAP
F7
90
90
50
10
3F
30
13
06
18
ENDCHAR
STARTCHAR uni092E094D094D0930
ENCODING -1
SWIDTH 428 0
DWIDTH 7 0
BBX 8 10 0 0
BITMAP
FE
20
20
20
20
7E
60
23
0C
18
ENDCHAR
STARTCHAR uni092F094D094D0930
ENCODING -1
SWIDTH 328 0
DWIDTH 5 0
BBX 7 10 0 0
BITMAP
F8
30
10
10
60
40
66
1C
30
60
ENDCHAR
STARTCHAR uni0932094D094D0930
ENCODING -1
SWIDTH 500 0
DWIDTH 8 0
BBX 9 10 0 0
BITMAP
FF00
0000
0000
3B80
6600
4400
4C80
6300
3600
1800
ENDCHAR
STARTCHAR uni0935094D094D0930
ENCODING -1
SWIDTH 392 0
DWIDTH 6 0
BBX 7 10 0 0
BITMAP
FE
00
00
7C
40
40
42
3C
38
60
ENDCHAR
STARTCHAR uni0936094D094D0930
ENCODING -1
SWIDTH 537 0
DWIDTH 9 0
BBX 9 9 0 1
BITMAP
3D80
2600
2600
3400
1C00
E380
8300
0E00
1800
ENDCHAR
STARTCHAR uni0937094D094D0930
ENCODING -1
SWIDTH 376 0
DWIDTH 6 0
BBX 7 10 0 0
BITMAP
FC
70
70
68
64
66
3E
0C
30
60
ENDCHAR
STARTCHAR uni0938094D094D0930
ENCODING -1
SWIDTH 555 0
DWIDTH 9 0
BBX 10 10 0 0
BITMAP
FF80
1800
0800
1800
7F80
7080
61C0
3300
1800
0C00
ENDCHAR
STARTCHAR uni0933094D094D0930
ENCODING -1
SWIDTH 741 0
DWIDTH 12 0
BBX 12 12 0 -2
BITMAP
FFF0
0000
0000
39C0
6760
4220
4620
4620
7FE0
0180
02C0
0C60
ENDCHAR
STARTCHAR gg_rdeva
ENCODING -1
SWIDTH 292 0
DWIDTH 5 0
BBX 7 11 0 -1
BITMAP
F8
20
20
20
60
62
0C
38
10
7C
7C
ENDCHAR
STARTCHAR jj_rdeva
ENCODING -1
SWIDTH 507 0
DWIDTH 8 0
BBX 10 11 0 -1
BITMAP
FF00
0000
0000
CF80
4400
2200
3E40
0980
0700
0400
7F80
ENDCHAR
STARTCHAR bb_rdeva
ENCODING -1
SWIDTH 339 0
DWIDTH 5 0
BBX 7 11 0 -1
BITMAP
FC
00
1C
74
58
48
66
3C
70
20
7C
ENDCHAR
STARTCHAR uni0915094D0937094D094D0930
ENCODING -1
SWIDTH 586 0
DWIDTH 9 0
BBX 9 11 1 -1
BITMAP
7800
C800
4800
7800
7F00
C000
8080
8D80
FF00
0A00
0C00
ENDCHAR
STARTCHAR uni091C094D091E094D094D0930
ENCODING -1
SWIDTH 547 0
DWIDTH 9 0
BBX 9 11 0 -1
BITMAP
FF80
0000
0000
7F80
1800
0C00
0480
6D80
7300
1000
0800
ENDCHAR
STARTCHAR zh_rdeva
ENCODING -1
SWIDTH 606 0
DWIDTH 10 0
BBX 10 11 0 -1
BITMAP
FFC0
0000
0000
CFC0
4200
2200
3E40
0C40
3680
1D80
0800
ENDCHAR
STARTCHAR y_r_heavydeva
ENCODING -1
SWIDTH 328 0
DWIDTH 5 0
BBX 7 10 0 0
BITMAP
F8
30
10
18
6C
46
66
1C
30
60
ENDCHAR
STARTCHAR uni095A094D
ENCODING -1
SWIDTH 281 0
DWIDTH 5 0
BBX 5 10 0 0
BITMAP
F8
20
20
20
60
60
60
00
20
20
ENDCHAR
STARTCHAR uni0918094D093C
ENCODING -1
SWIDTH 351 0
DWIDTH 6 0
BBX 7 10 0 0
BITMAP
FC
40
40
78
70
40
62
3E
20
20
ENDCHAR
STARTCHAR uni091A094D093C
ENCODING -1
SWIDTH 396 0
DWIDTH 6 0
BBX 8 11 0 -1
BITMAP
FE
00
00
7C
10
20
31
1E
00
10
10
ENDCHAR
STARTCHAR uni091B094D093C
ENCODING -1
SWIDTH 701 0
DWIDTH 11 0
BBX 11 13 0 -3
BITMAP
FFE0
0000
3980
6240
4240
7B40
3940
60C0
2180
1F00
0000
0400
0400
ENDCHAR
STARTCHAR uni091D094D093C
ENCODING -1
SWIDTH 497 0
DWIDTH 8 0
BBX 10 13 0 -3
BITMAP
FF00
0400
0400
7C00
4000
7C40
37C0
0200
6600
7C00
1000
4C00
4800
ENDCHAR
STARTCHAR uni091E094D093C
ENCODING -1
SWIDTH 540 0
DWIDTH 9 0
BBX 9 11 0 -1
BITMAP
FF80
0000
0000
1E00
C300
4180
2300
1E00
0000
0800
0800
ENDCHAR
STARTCHAR uni0923094D093C
ENCODING -1
SWIDTH 467 0
DWIDTH 7 0
BBX 8 11 0 -1
BITMAP
FF
66
66
66
66
66
3C
18
00
08
08
ENDCHAR
STARTCHAR uni0924094D093C
ENCODING -1
SWIDTH 349 0
DWIDTH 6 0
BBX 6 13 0 -3
BITMAP
FC
00
00
00
7C
40
40
40
20
30
00
10
10
ENDCHAR
STARTCHAR uni0925094D093C
ENCODING -1
SWIDTH 389 0
DWIDTH 6 0
BBX 7 11 1 -1
BITMAP
F0
98
D8
50
70
C0
42
3C
00
20
20
ENDCHAR
STARTCHAR uni0927094D093C
ENCODING -1
SWIDTH 362 0
DWIDTH 6 0
BBX 7 11 1 -1
BITMAP
F0
90
90
C0
70
40
42
7C
00
20
20
ENDCHAR
STARTCHAR uni092A094D093C
ENCODING -1
SWIDTH 308 0
DWIDTH 5 0
BBX 7 10 0 0
BITMAP
FC
60
60
60
60
62
3E
18
20
20
ENDCHAR
STARTCHAR uni092C094D093C
ENCODING -1
SWIDTH 401 0
DWIDTH 6 0
BBX 7 11 0 -1
BITMAP
FE
00
00
7C
50
48
46
3C
00
20
20
ENDCHAR
STARTCHAR uni092D094D093C
ENCODING -1
SWIDTH 439 0
DWIDTH 7 0
BBX 8 11 1 -1
BITMAP
F7
90
90
50
10
3F
30
10
00
10
10
ENDCHAR
STARTCHAR uni092E094D093C
ENCODING -1
SWIDTH 350 0
DWIDTH 6 0
BBX 7 11 0 -1
BITMAP
FC
20
20
20
20
7E
60
20
00
20
20
ENDCHAR
STARTCHAR uni0932094D093C
ENCODING -1
SWIDTH 500 0
DWIDTH 8 0
BBX 9 13 0 -3
BITMAP
FF00
0000
0000
3B80
6600
4400
4C00
6000
3000
1800
0000
1000
1000
ENDCHAR
STARTCHAR uni0935094D093C
ENCODING -1
SWIDTH 392 0
DWIDTH 6 0
BBX 7 11 0 -1
BITMAP
FE
00
00
7C
40
40
42
3C
00
20
20
ENDCHAR
STARTCHAR uni0936094D093C
ENCODING -1
SWIDTH 407 0
DWIDTH 7 0
BBX 6 11 0 -1
BITMAP
38
44
64
34
04
68
F0
10
08
4C
40
ENDCHAR
STARTCHAR uni0937094D093C
ENCODING -1
SWIDTH 376 0
DWIDTH 6 0
BBX 7 10 0 0
BITMAP
FC
70
70
68
64
66
3E
08
20
20
ENDCHAR
STARTCHAR uni0938094D093C
ENCODING -1
SWIDTH 389 0
DWIDTH 6 0
BBX 8 10 0 0
BITMAP
FF
18
08
18
70
7F
60
30
58
4C
ENDCHAR
STARTCHAR uni0939094D093C
ENCODING -1
SWIDTH 432 0
DWIDTH 7 0
BBX 8 14 0 -4
BITMAP
FF
04
04
7C
40
3F
30
60
40
60
38
0C
20
20
ENDCHAR
STARTCHAR uni0933094D093C
ENCODING -1
SWIDTH 741 0
DWIDTH 12 0
BBX 12 12 0 -2
BITMAP
FFF0
0000
0000
39C0
6760
4220
4620
4620
7FE0
0000
0400
0400
ENDCHAR
STARTCHAR uni0958094D094D0930
ENCODING -1
SWIDTH 609 0
DWIDTH 10 0
BBX 10 12 0 -2
BITMAP
FFC0
0200
0200
7A00
42C0
4300
4600
3E00
3200
6200
1000
1000
ENDCHAR
STARTCHAR uni0959094D094D0930
ENCODING -1
SWIDTH 648 0
DWIDTH 10 0
BBX 11 12 0 -2
BITMAP
FFE0
1800
1880
1BC0
7200
6200
63E0
3020
5CE0
4780
0E00
0800
ENDCHAR
STARTCHAR uni095A094D094D0930
ENCODING -1
SWIDTH 336 0
DWIDTH 5 0
BBX 7 13 0 -3
BITMAP
FC
20
20
20
60
60
60
06
1C
30
00
10
10
ENDCHAR
STARTCHAR uni0918094D094D0930093C
ENCODING -1
SWIDTH 351 0
DWIDTH 6 0
BBX 7 12 0 -2
BITMAP
FC
40
40
78
70
40
62
3E
18
30
08
08
ENDCHAR
STARTCHAR uni091A094D094D0930093C
ENCODING -1
SWIDTH 396 0
DWIDTH 6 0
BBX 8 12 0 -2
BITMAP
FE
00
00
7C
10
20
31
1E
0C
30
04
04
ENDCHAR
STARTCHAR uni095B094D094D0930
ENCODING -1
SWIDTH 606 0
DWIDTH 10 0
BBX 10 13 0 -3
BITMAP
FFC0
0000
0000
CFC0
4600
6200
3200
1EC0
0180
0700
0000
0800
0800
ENDCHAR
STARTCHAR uni091D094D094D0930093C
ENCODING -1
SWIDTH 648 0
DWIDTH 10 0
BBX 11 13 0 -3
BITMAP
FFE0
0400
0400
7C00
4000
7C20
37C0
0220
66C0
7D80
1000
4C00
4800
ENDCHAR
STARTCHAR uni091E094D094D0930093C
ENCODING -1
SWIDTH 601 0
DWIDTH 10 0
BBX 10 11 0 -1
BITMAP
FFC0
0000
0C00
1E00
C1C0
6180
3600
0CC0
0180
1600
1000
ENDCHAR
STARTCHAR uni0923094D094D0930093C
ENCODING -1
SWIDTH 495 0
DWIDTH 8 0
BBX 10 11 0 -1
BITMAP
FF00
6600
6600
6600
6600
6600
3C00
18C0
0300
2600
2000
ENDCHAR
STARTCHAR uni0924094D094D0930093C
ENCODING -1
SWIDTH 382 0
DWIDTH 6 0
BBX 6 12 0 -2
BITMAP
FC
00
00
F8
8C
04
1C
70
40
00
10
10
ENDCHAR
STARTCHAR uni0925094D094D0930093C
ENCODING -1
SWIDTH 389 0
DWIDTH 6 0
BBX 7 12 1 -2
BITMAP
F0
98
D8
50
70
C0
42
3C
38
60
08
08
ENDCHAR
STARTCHAR uni0927094D094D0930093C
ENCODING -1
SWIDTH 362 0
DWIDTH 6 0
BBX 7 13 1 -3
BITMAP
F0
90
90
C0
70
40
42
7C
18
60
40
10
10
ENDCHAR
STARTCHAR uni0929094D094D0930
ENCODING -1
SWIDTH 385 0
DWIDTH 6 0
BBX 7 13 0 -3
BITMAP
FC
00
00
00
7C
60
60
06
18
30
00
10
10
ENDCHAR
STARTCHAR uni092A094D094D0930093C
ENCODING -1
SWIDTH 308 0
DWIDTH 5 0
BBX 7 12 0 -2
BITMAP
FC
60
60
60
60
62
3E
18
30
40
10
10
ENDCHAR
STARTCHAR uni095E094D094D0930
ENCODING -1
SWIDTH 612 0
DWIDTH 10 0
BBX 10 12 0 -2
BITMAP
FFC0
6200
6200
6200
62C0
6300
3E00
1A00
3200
4200
1000
1000
ENDCHAR
STARTCHAR uni092C094D094D0930093C
ENCODING -1
SWIDTH 401 0
DWIDTH 6 0
BBX 7 12 0 -2
BITMAP
FE
00
00
7C
50
48
46
3C
18
60
08
08
ENDCHAR
STARTCHAR uni092D094D094D0930093C
ENCODING -1
SWIDTH 533 0
DWIDTH 9 0
BBX 8 13 1 -3
BITMAP
F7
90
90
50
10
3F
30
13
06
18
00
02
02
ENDCHAR
STARTCHAR uni092E094D094D0930093C
ENCODING -1
SWIDTH 428 0
DWIDTH 7 0
BBX 8 13 0 -3
BITMAP
FE
20
20
20
20
7E
60
23
0C
18
00
04
04
ENDCHAR
STARTCHAR uni095F094D094D0930
ENCODING -1
SWIDTH 328 0
DWIDTH 5 0
BBX 7 12 0 -2
BITMAP
F8
30
10
10
60
40
66
1C
30
60
08
08
ENDCHAR
STARTCHAR uni0932094D094D0930093C
ENCODING -1
SWIDTH 500 0
DWIDTH 8 0
BBX 9 13 0 -3
BITMAP
FF00
0000
0000
3B80
6600
4400
4C80
6300
3600
1800
0000
0400
0400
ENDCHAR
STARTCHAR uni0935094D094D0930093C
ENCODING -1
SWIDTH 392 0
DWIDTH 6 0
BBX 7 12 0 -2
BITMAP
FE
00
00
7C
40
40
42
3C
38
60
08
08
ENDCHAR
STARTCHAR uni0936094D094D0930093C
ENCODING -1
SWIDTH 537 0
DWIDTH 9 0
BBX 9 12 0 -2
BITMAP
3D80
2600
2600
3400
1C00
E380
8300
0E00
1800
0000
0200
0200
ENDCHAR
STARTCHAR uni0937094D094D0930093C
ENCODING -1
SWIDTH 376 0
DWIDTH 6 0
BBX 7 12 0 -2
BITMAP
FC
70
70
68
64
66
3E
0C
30
60
08
08
ENDCHAR
STARTCHAR uni0938094D094D0930093C
ENCODING -1
SWIDTH 555 0
DWIDTH 9 0
BBX 10 11 0 -1
BITMAP
FF80
1800
0800
1800
7F80
7080
61C0
3300
1800
4C00
4000
ENDCHAR
STARTCHAR uni0933094D094D0930093C
ENCODING -1
SWIDTH 741 0
DWIDTH 12 0
BBX 12 12 0 -2
BITMAP
FFF0
0000
0000
39C0
6760
4220
4620
4620
7FE0
0D80
0740
0220
ENDCHAR
STARTCHAR uni0936094D.MAR
ENCODING -1
SWIDTH 432 0
DWIDTH 7 0
BBX 7 11 0 -1
BITMAP
FE
10
30
7C
04
04
CC
78
10
18
0C
ENDCHAR
STARTCHAR uni0936094D093C.MAR
ENCODING -1
SWIDTH 432 0
DWIDTH 7 0
BBX 7 11 0 -1
BITMAP
FE
10
30
7C
04
04
CC
78
10
58
4C
ENDCHAR
STARTCHAR uni091D094D.NEP
ENCODING -1
SWIDTH 765 0
DWIDTH 12 0
BBX 12 10 1 0
BITMAP
F7F0
9080
9080
5080
10F0
3F80
3080
1080
0080
0080
ENDCHAR
STARTCHAR uni091D094D093C.NEP
ENCODING -1
SWIDTH 765 0
DWIDTH 12 0
BBX 12 10 1 0
BITMAP
F7F0
9080
9080
5080
10F0
3F80
3080
1080
1080
1080
ENDCHAR
STARTCHAR uni0915094D0924094D.SAN
ENCODING -1
SWIDTH 682 0
DWIDTH 11 0
BBX 11 10 0 0
BITMAP
FFE0
0100
0100
0100
7F60
3180
3100
3100
1100
0900
ENDCHAR
STARTCHAR uni0919094D092F
ENCODING -1
SWIDTH 1190 0
DWIDTH 19 0
BBX 19 10 0 0
BITMAP
FFFFE0
0200C0
0200C0
3FFCC0
6006C0
2CCCC0
1318C0
4118C0
E307C0
3E00C0
ENDCHAR
STARTCHAR uni0919094D0915
ENCODING -1
SWIDTH 633 0
DWIDTH 10 0
BBX 10 13 0 -3
BITMAP
FFC0
0200
1E00
2040
20C0
1F00
C100
7F00
0800
7B00
4D00
7B00
0900
ENDCHAR
STARTCHAR uni0919094D0916
ENCODING -1
SWIDTH 633 0
DWIDTH 10 0
BBX 10 13 0 -3
BITMAP
FFC0
0200
1E00
2040
20C0
1F00
C100
7F00
2200
EE00
4E00
6200
1E00
ENDCHAR
STARTCHAR uni0919094D0917
ENCODING -1
SWIDTH 633 0
DWIDTH 10 0
BBX 10 13 0 -3
BITMAP
FFC0
0200
1E00
2040
20C0
1F00
C100
7F00
1200
1200
7200
3200
0200
ENDCHAR
STARTCHAR uni0919094D0918
ENCODING -1
SWIDTH 633 0
DWIDTH 10 0
BBX 10 13 0 -3
BITMAP
FFC0
0200
1E00
2040
20C0
1F00
C100
7F00
6200
3A00
2200
3E00
0200
ENDCHAR
STARTCHAR uni0919094D092E
ENCODING -1
SWIDTH 633 0
DWIDTH 10 0
BBX 10 13 0 -3
BITMAP
FFC0
0200
1E00
2040
20C0
1F00
C100
7F00
3200
3200
7E00
7200
0200
ENDCHAR
STARTCHAR uni091A094D091B094D0935
ENCODING -1
SWIDTH 1073 0
DWIDTH 17 0
BBX 17 13 0 -3
BITMAP
FFFF80
000600
01EF00
7D1900
11A900
20E500
318300
1FFE00
006400
004400
006C00
003400
000400
ENDCHAR
STARTCHAR uni091B094D092F
ENCODING -1
SWIDTH 1251 0
DWIDTH 20 0
BBX 20 10 0 0
BITMAP
FFFFF0
018060
398060
627E60
424260
7B4660
394C60
60CC60
2187E0
1F0060
ENDCHAR
STARTCHAR uni091B094D0935
ENCODING -1
SWIDTH 702 0
DWIDTH 11 0
BBX 11 13 0 -3
BITMAP
FFE0
0180
7BC0
4240
6A40
3940
60C0
3F80
1900
1100
1B00
0F00
0100
ENDCHAR
STARTCHAR uni091A094D091B
ENCODING -1
SWIDTH 1069 0
DWIDTH 17 0
BBX 17 10 0 0
BITMAP
FFFF80
000400
00E600
7D0900
111900
21E900
30E500
1F8300
048600
007800
ENDCHAR
STARTCHAR uni091F094D091F
ENCODING -1
SWIDTH 489 0
DWIDTH 8 0
BBX 8 14 0 -4
BITMAP
FF
04
0C
7C
40
40
7E
1C
04
7C
40
40
66
1C
ENDCHAR
STARTCHAR uni091F094D0920
ENCODING -1
SWIDTH 489 0
DWIDTH 8 0
BBX 8 14 0 -4
BITMAP
FF
04
0C
7C
40
40
7E
1C
04
3E
43
43
66
1C
ENDCHAR
STARTCHAR uni091F094D092F
ENCODING -1
SWIDTH 1015 0
DWIDTH 16 0
BBX 16 10 0 0
BITMAP
FFFF
0406
0406
1FE6
6036
4036
40E6
4046
637E
3E06
ENDCHAR
STARTCHAR uni0920094D0920
ENCODING -1
SWIDTH 571 0
DWIDTH 9 0
BBX 9 14 0 -4
BITMAP
FF80
0400
0C00
7F00
4100
4100
7700
1C00
0400
3E00
4100
4100
6300
1C00
ENDCHAR
STARTCHAR uni0920094D092F
ENCODING -1
SWIDTH 1129 0
DWIDTH 18 0
BBX 18 10 0 0
BITMAP
FFFFC0
040180
07E180
1FF980
730D80
411980
41A180
419380
630F80
3E0180
ENDCHAR
STARTCHAR uni0921094D0921
ENCODING -1
SWIDTH 542 0
DWIDTH 9 0
BBX 9 14 0 -4
BITMAP
FF80
0200
1E00
2000
2000
1F00
C100
7F00
3C00
2000
3F00
4100
F300
1E00
ENDCHAR
STARTCHAR uni0921094D0922
ENCODING -1
SWIDTH 542 0
DWIDTH 9 0
BBX 9 14 0 -4
BITMAP
FF80
0200
1E00
2000
2000
1F00
C100
7F00
3C00
4000
4F00
4900
7B00
1C00
ENDCHAR
STARTCHAR uni0921094D092F
ENCODING -1
SWIDTH 1087 0
DWIDTH 17 0
BBX 18 10 0 0
BITMAP
FFFFC0
020100
020100
3FF900
600900
2C3900
136100
412300
E31F00
3E0100
ENDCHAR
STARTCHAR uni0921094D094D0930092F
ENCODING -1
SWIDTH 1087 0
DWIDTH 17 0
BBX 18 13 0 -3
BITMAP
FFFFC0
020100
020100
3FF900
600900
2C3900
136100
412300
E31F00
3E0100
0C0000
160000
630000
ENDCHAR
STARTCHAR uni0922094D0922
ENCODING -1
SWIDTH 554 0
DWIDTH 9 0
BBX 9 14 0 -4
BITMAP
FF80
0200
1E00
7000
4600
4900
4900
3F00
3800
4200
4F00
4900
7B00
1C00
ENDCHAR
STARTCHAR uni0922094D092F
ENCODING -1
SWIDTH 1108 0
DWIDTH 18 0
BBX 18 10 0 0
BITMAP
FFFFC0
020100
020100
3FF900
600900
461900
4F3100
493100
691F00
1E0100
ENDCHAR
STARTCHAR uni0926094D0926094D092F
ENCODING -1
SWIDTH 1011 0
DWIDTH 16 0
BBX 16 13 0 -3
BITMAP
FFFF
0406
0406
7FE6
4036
7C66
60C6
4046
463E
7606
1C00
0200
0200
ENDCHAR
STARTCHAR uni0926094D0927094D092F
ENCODING -1
SWIDTH 1323 0
DWIDTH 21 0
BBX 21 13 0 -3
BITMAP
FFFFF8
002030
002030
03FF30
0601B0
740330
5E7630
4B3230
6DE1F0
186030
10F000
1F9000
041800
ENDCHAR
STARTCHAR uni0926094D0935094D092F
ENCODING -1
SWIDTH 1121 0
DWIDTH 18 0
BBX 18 13 0 -3
BITMAP
FFFFC0
030180
030180
1FF980
200D80
201980
233180
333180
4F1F80
430180
470000
3D8000
010000
ENDCHAR
STARTCHAR uni0926094D0917
ENCODING -1
SWIDTH 533 0
DWIDTH 9 0
BBX 9 13 0 -3
BITMAP
FF80
0200
0200
3E00
6000
4000
4700
3700
3E00
2200
6300
2100
0100
ENDCHAR
STARTCHAR uni0926094D0918
ENCODING -1
SWIDTH 692 0
DWIDTH 11 0
BBX 11 13 0 -3
BITMAP
FFE0
00C0
00C0
0FC0
0800
3800
48C0
4CC0
5380
38C0
11C0
1F60
0040
ENDCHAR
STARTCHAR uni0926094D0926
ENCODING -1
SWIDTH 484 0
DWIDTH 8 0
BBX 8 13 0 -3
BITMAP
FF
04
04
7C
40
7C
60
40
46
76
1C
02
02
ENDCHAR
STARTCHAR uni0926094D0927
ENCODING -1
SWIDTH 799 0
DWIDTH 13 0
BBX 13 13 0 -3
BITMAP
FFF8
0020
0020
03E0
0600
7400
5E70
4B30
6DE0
1860
10F0
1F90
0418
ENDCHAR
STARTCHAR uni0926094D092C
ENCODING -1
SWIDTH 580 0
DWIDTH 9 0
BBX 10 13 0 -3
BITMAP
FFC0
0100
0100
1F00
2000
2000
2300
3380
7F00
5300
4F00
3D80
0100
ENDCHAR
STARTCHAR uni0926094D092D
ENCODING -1
SWIDTH 789 0
DWIDTH 13 0
BBX 13 12 0 -2
BITMAP
FFF8
0020
0020
03E0
0600
0400
7670
DB70
D9E0
6BA0
1C30
0C10
ENDCHAR
STARTCHAR uni0926094D092E
ENCODING -1
SWIDTH 733 0
DWIDTH 12 0
BBX 12 10 0 0
BITMAP
FFF0
0440
1C40
7C40
4040
7C40
0440
0FC0
0E40
0440
ENDCHAR
STARTCHAR uni0926094D092F
ENCODING -1
SWIDTH 630 0
DWIDTH 10 0
BBX 10 10 0 0
BITMAP
FFC0
0D80
0D80
7D80
4180
7980
7180
4180
6380
3D80
ENDCHAR
STARTCHAR uni0926094D0935
ENCODING -1
SWIDTH 575 0
DWIDTH 9 0
BBX 9 13 0 -3
BITMAP
FF80
0300
0300
1F00
2000
2000
2300
3300
4F00
4300
4700
3D80
0100
ENDCHAR
STARTCHAR uni094D0930092F
ENCODING -1
SWIDTH 943 0
DWIDTH 15 0
BBX 15 10 0 0
BITMAP
FFFE
080C
080C
0FCC
784C
70CC
218C
318C
187C
0C0C
ENDCHAR
STARTCHAR marwaridd_ddadeva
ENCODING -1
SWIDTH 779 0
DWIDTH 12 0
BBX 13 10 0 0
BITMAP
FFF8
2000
3C00
6600
63C0
2760
0330
0030
0030
0020
ENDCHAR
STARTCHAR marwaridd_ddhadeva
ENCODING -1
SWIDTH 659 0
DWIDTH 11 0
BBX 11 12 0 -2
BITMAP
FFE0
2000
2800
7F00
6180
2080
0F80
1800
1380
3640
1640
0F80
ENDCHAR
STARTCHAR marwaridd_yadeva
ENCODING -1
SWIDTH 814 0
DWIDTH 13 0
BBX 13 10 0 0
BITMAP
FFF8
2030
2830
7F30
6130
2330
0630
0630
03F0
0030
ENDCHAR
STARTCHAR uni0937094D091F
ENCODING -1
SWIDTH 584 0
DWIDTH 9 0
BBX 10 10 0 0
BITMAP
FFC0
7100
7900
6D00
2700
3E00
6000
6000
2100
1E00
ENDCHAR
STARTCHAR uni0937094D0920
ENCODING -1
SWIDTH 589 0
DWIDTH 9 0
BBX 10 10 0 0
BITMAP
FFC0
7100
7900
6D00
2700
3F00
6100
4180
6100
1E00
ENDCHAR
STARTCHAR uni0937094D091F094D092F
ENCODING -1
SWIDTH 1101 0
DWIDTH 18 0
BBX 18 10 0 0
BITMAP
FFFFC0
710100
790100
6DF900
270900
3E1900
607100
602300
211F00
1E0100
ENDCHAR
STARTCHAR uni0937094D0920094D092F
ENCODING -1
SWIDTH 1127 0
DWIDTH 18 0
BBX 18 10 0 0
BITMAP
FFFFC0
710180
790180
6DF980
270980
3F1980
613180
41B180
611F80
1E0180
ENDCHAR
STARTCHAR uni0939094D0923
ENCODING -1
SWIDTH 623 0
DWIDTH 10 0
BBX 10 13 0 -3
BITMAP
FFC0
0100
0100
7F00
4000
7F00
7A80
5A80
4A80
6C80
2080
1080
0800
ENDCHAR
STARTCHAR uni0939094D0928
ENCODING -1
SWIDTH 622 0
DWIDTH 10 0
BBX 10 13 0 -3
BITMAP
FFC0
0100
0100
7F00
4000
7F00
6180
4080
4F80
4C80
2080
3080
0800
ENDCHAR
STARTCHAR uni0939094D092E
ENCODING -1
SWIDTH 801 0
DWIDTH 13 0
BBX 13 13 0 -3
BITMAP
FFF8
0220
0220
7E20
4020
7C20
6620
4220
47E0
4720
2220
1020
0800
ENDCHAR
STARTCHAR uni0939094D092F
ENCODING -1
SWIDTH 787 0
DWIDTH 13 0
BBX 13 13 0 -3
BITMAP
FFF8
0220
0220
7E20
4020
7E20
6320
4320
4E20
4420
23E0
3020
0800
ENDCHAR
STARTCHAR uni0939094D0932
ENCODING -1
SWIDTH 616 0
DWIDTH 10 0
BBX 10 13 0 -3
BITMAP
FFC0
0100
0100
7F00
4000
3F00
6180
4D80
4A80
4A80
2480
3000
1000
ENDCHAR
STARTCHAR uni0939094D0935
ENCODING -1
SWIDTH 623 0
DWIDTH 10 0
BBX 11 13 0 -3
BITMAP
FFE0
0100
0100
7F00
4000
7F00
3180
4280
4E80
4880
6F80
3080
1000
ENDCHAR
STARTCHAR uni0939094D092E094D092F
ENCODING -1
SWIDTH 1110 0
DWIDTH 18 0
BBX 18 13 0 -3
BITMAP
FFFFC0
021100
021900
7E1900
407100
7C6100
362100
63FF00
470100
630100
200000
100000
080000
ENDCHAR
STARTCHAR uni0928094D.alt
ENCODING -1
SWIDTH 267 0
DWIDTH 4 0
BBX 7 7 0 3
BITMAP
F8
00
00
00
7E
7E
60
ENDCHAR
STARTCHAR uni091C094D.alt
ENCODING -1
SWIDTH 572 0
DWIDTH 9 0
BBX 10 9 0 1
BITMAP
FF80
0000
0000
CF80
4640
6200
2200
1E00
0C00
ENDCHAR
STARTCHAR uni095B094D.alt
ENCODING -1
SWIDTH 572 0
DWIDTH 9 0
BBX 10 11 0 -1
BITMAP
FF80
0000
0000
CF80
4640
6200
2200
1E00
0C00
0800
0800
ENDCHAR
STARTCHAR uni092E094D.alt
ENCODING -1
SWIDTH 350 0
DWIDTH 6 0
BBX 8 8 0 2
BITMAP
FE
20
20
20
20
7F
60
20
ENDCHAR
STARTCHAR uni0924094D0924
ENCODING -1
SWIDTH 691 0
DWIDTH 11 0
BBX 11 10 0 0
BITMAP
FFE0
00C0
00C0
00C0
7FC0
10C0
10C0
10C0
18C0
0CC0
ENDCHAR
STARTCHAR uni0924094D0924094D
ENCODING -1
SWIDTH 470 0
DWIDTH 8 0
BBX 8 10 0 0
BITMAP
FF
00
00
00
7F
10
10
10
18
0C
ENDCHAR
STARTCHAR uni0928094D0928
ENCODING -1
SWIDTH 570 0
DWIDTH 9 0
BBX 9 10 0 0
BITMAP
FF80
0300
0300
FF00
6300
6300
0F00
1B00
7300
3300
ENDCHAR
STARTCHAR uni092A094D0928
ENCODING -1
SWIDTH 569 0
DWIDTH 9 0
BBX 9 10 0 0
BITMAP
FF80
6300
6300
6300
6300
2700
1F00
3300
6300
3300
ENDCHAR
STARTCHAR uni092C094D0927
ENCODING -1
SWIDTH 929 0
DWIDTH 15 0
BBX 15 10 0 0
BITMAP
FBDE
0248
0248
7B08
51C8
4908
4708
3DF8
0008
0008
ENDCHAR
STARTCHAR uni0935094D092F
ENCODING -1
SWIDTH 922 0
DWIDTH 15 0
BBX 15 10 0 0
BITMAP
FFFE
0088
00C8
7C88
4388
4308
4398
3CF8
0008
0008
ENDCHAR
STARTCHAR uni0936094D0932
ENCODING -1
SWIDTH 1090 0
DWIDTH 17 0
BBX 18 10 0 0
BITMAP
3CFFC0
260100
260100
3C7700
3E9D00
E19900
019100
008100
00C100
002100
ENDCHAR
STARTCHAR uni0936094D0928
ENCODING -1
SWIDTH 707 0
DWIDTH 11 0
BBX 12 10 0 0
BITMAP
3DF0
6440
6440
3C40
1C40
E3C0
4340
0C40
1C40
0C40
ENDCHAR
STARTCHAR uni0936094D0932.MAR
ENCODING -1
SWIDTH 1090 0
DWIDTH 17 0
BBX 18 10 0 0
BITMAP
3CFFC0
260200
260200
3CE700
3F9900
E11980
011180
018100
00C300
006600
ENDCHAR
STARTCHAR uni0915094D0924.SAN
ENCODING -1
SWIDTH 835 0
DWIDTH 13 0
BBX 14 10 0 0
BITMAP
FFFC
0100
0100
0100
7FF0
3198
3118
1110
1930
0900
ENDCHAR
STARTCHAR uni093A0930094D
ENCODING -1
SWIDTH 0 0
DWIDTH 0 0
BBX 6 4 -4 10
BITMAP
3C
A0
A0
B0
ENDCHAR
STARTCHAR uni093A0930094D0902
ENCODING -1
SWIDTH 0 0
DWIDTH 0 0
BBX 6 4 -4 10
BITMAP
3C
A0
AC
B0
ENDCHAR
STARTCHAR uni093A0930094D0901
ENCODING -1
SWIDTH 0 0
DWIDTH 0 0
BBX 7 4 -4 10
BITMAP
3C
A4
AA
B4
ENDCHAR
STARTCHAR uni09470930094D
ENCODING -1
SWIDTH 0 0
DWIDTH 0 0
BBX 8 4 -7 10
BITMAP
FF
18
08
0C
ENDCHAR
STARTCHAR uni09470930094D0902
ENCODING -1
SWIDTH 0 0
DWIDTH 0 0
BBX 8 4 -7 10
BITMAP
FF
18
0B
0C
ENDCHAR
STARTCHAR uni09470930094D0901
ENCODING -1
SWIDTH 0 0
DWIDTH 0 0
BBX 9 4 -7 10
BITMAP
FF00
1900
0A80
0D00
ENDCHAR
STARTCHAR uni09480930094D
ENCODING -1
SWIDTH 0 0
DWIDTH 0 0
BBX 8 4 -7 10
BITMAP
FF
18
F8
0C
ENDCHAR
STARTCHAR uni09480930094D0902
ENCODING -1
SWIDTH 0 0
DWIDTH 0 0
BBX 8 4 -7 10
BITMAP
FF
18
FB
0C
ENDCHAR
STARTCHAR uni09480930094D0901
ENCODING -1
SWIDTH 0 0
DWIDTH 0 0
BBX 9 4 -7 10
BITMAP
FF00
1900
FA80
0D00
ENDCHAR
STARTCHAR uni09450930094D
ENCODING -1
SWIDTH 0 0
DWIDTH 0 0
BBX 8 4 -8 10
BITMAP
8F
88
78
04
ENDCHAR
STARTCHAR uni09450930094D0902
ENCODING -1
SWIDTH 0 0
DWIDTH 0 0
BBX 8 4 -8 10
BITMAP
8F
8C
7B
04
ENDCHAR
STARTCHAR uni09450930094D0901
ENCODING -1
SWIDTH 0 0
DWIDTH 0 0
BBX 9 4 -8 10
BITMAP
8F00
8D00
7A80
0500
ENDCHAR
STARTCHAR uni09460930094D
ENCODING -1
SWIDTH 0 0
DWIDTH 0 0
BBX 9 4 -8 10
BITMAP
C780
7C00
0400
0600
ENDCHAR
STARTCHAR uni09460930094D0902
ENCODING -1
SWIDTH 0 0
DWIDTH 0 0
BBX 9 4 -8 10
BITMAP
C780
7C00
0500
0600
ENDCHAR
STARTCHAR uni09460930094D0901
ENCODING -1
SWIDTH 0 0
DWIDTH 0 0
BBX 10 4 -8 10
BITMAP
C780
7E80
0540
0680
ENDCHAR
STARTCHAR uni09400902
ENCODING -1
SWIDTH 259 0
DWIDTH 4 0
BBX 8 14 -4 0
BITMAP
7B
4E
C4
44
0F
06
06
06
06
06
06
06
06
06
ENDCHAR
STARTCHAR uni09400901
ENCODING -1
SWIDTH 259 0
DWIDTH 4 0
BBX 10 14 -4 0
BITMAP
7B40
4EC0
C500
4400
0F00
0600
0600
0600
0600
0600
0600
0600
0600
0600
ENDCHAR
STARTCHAR uni09400930094D
ENCODING -1
SWIDTH 259 0
DWIDTH 4 0
BBX 9 14 -4 0
BITMAP
7F80
4C00
C400
4400
0F00
0600
0600
0600
0600
0600
0600
0600
0600
0600
ENDCHAR
STARTCHAR uni09400930094D0902
ENCODING -1
SWIDTH 259 0
DWIDTH 4 0
BBX 9 14 -4 0
BITMAP
7F80
4C00
C500
4400
0F00
0600
0600
0600
0600
0600
0600
0600
0600
0600
ENDCHAR
STARTCHAR uni09400930094D0901
ENCODING -1
SWIDTH 259 0
DWIDTH 4 0
BBX 10 14 -4 0
BITMAP
7F80
4C80
C540
4480
0F00
0600
0600
0600
0600
0600
0600
0600
0600
0600
ENDCHAR
STARTCHAR ayMatra_rephdeva
ENCODING -1
SWIDTH 0 0
DWIDTH 0 0
BBX 9 4 -8 10
BITMAP
3780
8C00
7C00
0600
ENDCHAR
STARTCHAR ayMatra_reph_anusvaradeva
ENCODING -1
SWIDTH 0 0
DWIDTH 0 0
BBX 9 4 -8 10
BITMAP
3380
8C00
7D80
0600
ENDCHAR
STARTCHAR ayMatra_reph_candraBindudeva
ENCODING -1
SWIDTH 0 0
DWIDTH 0 0
BBX 10 4 -8 10
BITMAP
3380
8C80
7D40
0680
ENDCHAR
STARTCHAR uni0902.alt
ENCODING -1
SWIDTH 0 0
DWIDTH 0 0
BBX 2 2 -3 11
BITMAP
C0
80
ENDCHAR
STARTCHAR uni09300941
ENCODING -1
SWIDTH 598 0
DWIDTH 10 0
BBX 10 10 0 0
BITMAP
FFC0
0800
0800
0F00
7980
7180
2180
3300
1800
0C00
ENDCHAR
STARTCHAR uni09300942
ENCODING -1
SWIDTH 777 0
DWIDTH 12 0
BBX 13 10 0 0
BITMAP
FFF8
0800
0800
0BC0
7E60
7220
23D0
3010
1800
0C00
ENDCHAR
STARTCHAR uni09300941093C
ENCODING -1
SWIDTH 563 0
DWIDTH 9 0
BBX 10 10 0 0
BITMAP
FFC0
0800
0800
0F00
7980
7180
2180
3300
5800
4C00
ENDCHAR
STARTCHAR uni09300942093C
ENCODING -1
SWIDTH 787 0
DWIDTH 13 0
BBX 13 10 0 0
BITMAP
FFF8
0800
0800
0BC0
7E60
7220
23D0
3010
5800
4C00
ENDCHAR
STARTCHAR uni09260941
ENCODING -1
SWIDTH 531 0
DWIDTH 9 0
BBX 9 15 0 -5
BITMAP
FF80
0200
0200
3E00
6000
4000
4600
7700
1E00
0200
0700
2480
3080
1F80
0600
ENDCHAR
STARTCHAR uni09260942
ENCODING -1
SWIDTH 531 0
DWIDTH 9 0
BBX 11 15 0 -5
BITMAP
FF80
0200
0200
3E00
6000
4000
4600
7700
1E00
0200
0700
0880
0840
0F60
0620
ENDCHAR
STARTCHAR uni09260943
ENCODING -1
SWIDTH 531 0
DWIDTH 9 0
BBX 9 14 0 -4
BITMAP
FF80
0200
0200
3E00
6000
4000
4600
7700
1E00
0200
0700
0400
0400
0780
ENDCHAR
STARTCHAR uni09360943
ENCODING -1
SWIDTH 696 0
DWIDTH 11 0
BBX 12 14 0 -4
BITMAP
3DE0
26C0
26C0
3CC0
1CC0
E7C0
80C0
00C0
00C0
00C0
01C0
0100
0100
01F0
ENDCHAR
STARTCHAR uni09390941
ENCODING -1
SWIDTH 531 0
DWIDTH 9 0
BBX 9 15 0 -5
BITMAP
FF80
0200
0200
7E00
4000
3C00
3600
6300
4300
6600
3000
1E00
4100
6300
1E00
ENDCHAR
STARTCHAR uni09390942
ENCODING -1
SWIDTH 531 0
DWIDTH 9 0
BBX 9 15 0 -5
BITMAP
FF80
0200
0200
7E00
4000
3C00
3600
6300
4300
6600
3000
3E00
2300
2100
3C80
ENDCHAR
STARTCHAR uni09390943
ENCODING -1
SWIDTH 550 0
DWIDTH 9 0
BBX 9 13 0 -3
BITMAP
FF80
0200
0200
7E00
4000
3C00
6200
4100
4600
6400
2480
1B80
1000
ENDCHAR
STARTCHAR uni09390944
ENCODING -1
SWIDTH 550 0
DWIDTH 9 0
BBX 10 14 0 -4
BITMAP
FF80
0200
0200
7E00
4000
3C00
6200
4100
4600
6400
2780
1F00
1600
03C0
ENDCHAR
STARTCHAR uni09390941093C
ENCODING -1
SWIDTH 531 0
DWIDTH 9 0
BBX 9 14 0 -4
BITMAP
FF80
0200
0200
7E00
4000
3C00
6300
4300
6600
2000
5E00
C300
2100
1E00
ENDCHAR
STARTCHAR uni09390942093C
ENCODING -1
SWIDTH 531 0
DWIDTH 9 0
BBX 10 14 0 -4
BITMAP
FF80
0200
0200
7E00
4000
3C00
6300
4300
6600
2000
DE00
F300
3080
1CC0
ENDCHAR
STARTCHAR uni0939094D09300941
ENCODING -1
SWIDTH 531 0
DWIDTH 9 0
BBX 9 15 0 -5
BITMAP
FF80
0200
0200
7E00
4000
3C00
3700
6700
4D00
6300
3000
1E00
4100
6300
1E00
ENDCHAR
STARTCHAR uni0939094D09300942
ENCODING -1
SWIDTH 531 0
DWIDTH 9 0
BBX 9 15 0 -5
BITMAP
FF80
0200
0200
7E00
4000
3C00
3700
6700
4D00
2300
3800
3E00
2100
2580
1C80
ENDCHAR
STARTCHAR uni094D09300941
ENCODING -1
SWIDTH 0 0
DWIDTH 0 0
BBX 7 6 -7 -6
BITMAP
18
6C
42
1C
C4
3C
ENDCHAR
STARTCHAR uni094D09300942
ENCODING -1
SWIDTH 0 0
DWIDTH 0 0
BBX 6 6 -6 -6
BITMAP
30
D8
84
78
4C
74
ENDCHAR
STARTCHAR uni094D09300943
ENCODING -1
SWIDTH 0 0
DWIDTH 0 0
BBX 6 6 -6 -6
BITMAP
30
D8
94
60
40
78
ENDCHAR
STARTCHAR uni094D09300944
ENCODING -1
SWIDTH 0 0
DWIDTH 0 0
BBX 6 8 -6 -8
BITMAP
30
D8
B4
40
48
38
40
3C
ENDCHAR
STARTCHAR uni094D09300962
ENCODING -1
SWIDTH 0 0
DWIDTH 0 0
BBX 6 8 -6 -8
BITMAP
30
D8
84
F8
A4
8C
50
0C
ENDCHAR
STARTCHAR uni094D09300963
ENCODING -1
SWIDTH 0 0
DWIDTH 0 0
BBX 6 8 -6 -8
BITMAP
30
D8
84
F8
A4
D8
0C
0C
ENDCHAR
STARTCHAR uni094D09300956
ENCODING -1
SWIDTH 0 0
DWIDTH 0 0
BBX 6 5 -6 -5
BITMAP
30
D8
84
84
F8
ENDCHAR
STARTCHAR uni094D09300957
ENCODING -1
SWIDTH 0 0
DWIDTH 0 0
BBX 6 6 -6 -6
BITMAP
30
DC
88
CC
70
FC
ENDCHAR
STARTCHAR uni094D0930094D
ENCODING -1
SWIDTH 0 0
DWIDTH 0 0
BBX 6 6 -6 -6
BITMAP
30
D8
84
70
08
04
ENDCHAR
STARTCHAR uni093C094D0930
ENCODING -1
SWIDTH 0 0
DWIDTH 0 0
BBX 7 3 -7 -3
BITMAP
D8
74
22
ENDCHAR
STARTCHAR uni093C094D09300941
ENCODING -1
SWIDTH 0 0
DWIDTH 0 0
BBX 7 6 -7 -6
BITMAP
D8
F6
22
5C
64
3C
ENDCHAR
STARTCHAR uni093C094D09300942
ENCODING -1
SWIDTH 0 0
DWIDTH 0 0
BBX 8 6 -7 -6
BITMAP
D8
F6
22
3E
22
1F
ENDCHAR
STARTCHAR uni093C094D09300943
ENCODING -1
SWIDTH 0 0
DWIDTH 0 0
BBX 7 6 -7 -6
BITMAP
D8
F6
2A
18
10
1E
ENDCHAR
STARTCHAR uni093C094D09300944
ENCODING -1
SWIDTH 0 0
DWIDTH 0 0
BBX 7 8 -7 -8
BITMAP
D8
F6
2A
10
12
1C
10
1E
ENDCHAR
STARTCHAR uni093C094D09300962
ENCODING -1
SWIDTH 0 0
DWIDTH 0 0
BBX 8 8 -7 -8
BITMAP
D8
F6
22
3E
6A
26
14
03
ENDCHAR
STARTCHAR uni093C094D09300963
ENCODING -1
SWIDTH 0 0
DWIDTH 0 0
BBX 8 8 -7 -8
BITMAP
D8
F6
22
3E
2A
35
16
03
ENDCHAR
STARTCHAR uni093C094D09300956
ENCODING -1
SWIDTH 0 0
DWIDTH 0 0
BBX 8 5 -7 -5
BITMAP
D8
F6
22
42
3F
ENDCHAR
STARTCHAR uni093C094D09300957
ENCODING -1
SWIDTH 0 0
DWIDTH 0 0
BBX 7 6 -7 -6
BITMAP
D8
74
22
62
1C
7E
ENDCHAR
STARTCHAR uni093C094D0930094D
ENCODING -1
SWIDTH 0 0
DWIDTH 0 0
BBX 8 6 -7 -6
BITMAP
D8
F6
22
1C
02
03
ENDCHAR
STARTCHAR uMatra_Narrowdeva
ENCODING -1
SWIDTH 0 0
DWIDTH 0 0
BBX 6 4 -6 -4
BITMAP
3C
84
C4
7C
ENDCHAR
STARTCHAR uni0939094D0930.alt
ENCODING -1
SWIDTH 532 0
DWIDTH 9 0
BBX 9 11 0 -1
BITMAP
FF80
0200
0200
7E00
4000
3E00
6300
4D00
6B00
2100
1800
ENDCHAR
STARTCHAR uni0926094D092D.alt
ENCODING -1
SWIDTH 793 0
DWIDTH 13 0
BBX 13 11 0 -1
BITMAP
FFF8
0020
00E0
03E0
0600
7620
DA70
D9E0
6BA0
1C30
0C10
ENDCHAR
STARTCHAR uni0926094D0926.alt
ENCODING -1
SWIDTH 484 0
DWIDTH 8 0
BBX 8 11 0 -1
BITMAP
FF
04
3C
40
40
7C
40
46
3E
06
02
ENDCHAR
STARTCHAR rakar_rrVocalicMatra_UIdeva
ENCODING -1
SWIDTH 0 0
DWIDTH 0 0
BBX 6 6 -6 -6
BITMAP
30
DC
78
48
38
7C
ENDCHAR
STARTCHAR rakar_lVocalicMatra_UIdeva
ENCODING -1
SWIDTH 0 0
DWIDTH 0 0
BBX 7 7 -6 -7
BITMAP
30
CC
F8
A4
8C
4A
04
ENDCHAR
STARTCHAR rakar_llVocalicMatra_UIdeva
ENCODING -1
SWIDTH 0 0
DWIDTH 0 0
BBX 7 7 -6 -7
BITMAP
30
CC
F8
A4
CE
48
06
ENDCHAR
STARTCHAR ha_uMatra_UIdeva
ENCODING -1
SWIDTH 531 0
DWIDTH 9 0
BBX 9 14 0 -4
BITMAP
FF80
0200
0200
7E00
4000
3C00
6300
4300
6600
2000
1E00
4300
6100
3E00
ENDCHAR
STARTCHAR ha_uuMatra_UIdeva
ENCODING -1
SWIDTH 531 0
DWIDTH 9 0
BBX 9 14 0 -4
BITMAP
FF80
0200
0200
7E00
4000
3C00
6300
4300
6600
2000
1C00
2300
2180
3C80
ENDCHAR
STARTCHAR h_ra_uMatra_UIdeva
ENCODING -1
SWIDTH 531 0
DWIDTH 9 0
BBX 9 14 0 -4
BITMAP
FF80
0200
0200
7E00
4000
3E00
6300
4D00
6B00
2100
1E00
4300
6100
3E00
ENDCHAR
STARTCHAR h_ra_uuMatra_UIdeva
ENCODING -1
SWIDTH 531 0
DWIDTH 9 0
BBX 9 14 0 -4
BITMAP
FF80
0200
0200
7E00
4000
3E00
6300
4D00
6B00
2100
1C00
2300
2180
3C80
ENDCHAR
STARTCHAR uni0951.alt01
ENCODING -1
SWIDTH 0 0
DWIDTH 0 0
BBX 1 3 -2 11
BITMAP
80
80
80
ENDCHAR
STARTCHAR uni0951.alt02
ENCODING -1
SWIDTH 0 0
DWIDTH 0 0
BBX 1 3 0 11
BITMAP
80
80
80
ENDCHAR
STARTCHAR uni0951.alt03
ENCODING -1
SWIDTH 0 0
DWIDTH 0 0
BBX 1 3 2 11
BITMAP
80
80
80
ENDCHAR
STARTCHAR uni0951.alt04
ENCODING -1
SWIDTH 0 0
DWIDTH 0 0
BBX 1 3 1 11
BITMAP
80
80
80
ENDCHAR
STARTCHAR uni0951.alt05
ENCODING -1
SWIDTH 0 0
DWIDTH 0 0
BBX 1 3 2 11
BITMAP
80
80
80
ENDCHAR
STARTCHAR uni0940.01
ENCODING -1
SWIDTH 259 0
DWIDTH 4 0
BBX 8 14 -4 0
BITMAP
F8
88
84
84
0F
06
06
06
06
06
06
06
06
06
ENDCHAR
STARTCHAR uni09400902.01
ENCODING -1
SWIDTH 259 0
DWIDTH 4 0
BBX 8 14 -4 0
BITMAP
FB
8A
84
84
0F
06
06
06
06
06
06
06
06
06
ENDCHAR
STARTCHAR uni09400901.01
ENCODING -1
SWIDTH 259 0
DWIDTH 4 0
BBX 10 14 -4 0
BITMAP
FB40
8AC0
8500
8400
0F00
0600
0600
0600
0600
0600
0600
0600
0600
0600
ENDCHAR
STARTCHAR uni09400930094D.01
ENCODING -1
SWIDTH 259 0
DWIDTH 4 0
BBX 9 14 -4 0
BITMAP
FF80
8C00
8400
8400
0F00
0600
0600
0600
0600
0600
0600
0600
0600
0600
ENDCHAR
STARTCHAR uni09400930094D0902.01
ENCODING -1
SWIDTH 259 0
DWIDTH 4 0
BBX 9 14 -4 0
BITMAP
FF80
8C00
8500
8400
0F00
0600
0600
0600
0600
0600
0600
0600
0600
0600
ENDCHAR
STARTCHAR uni09400930094D0901.01
ENCODING -1
SWIDTH 259 0
DWIDTH 4 0
BBX 10 14 -4 0
BITMAP
FF80
8C80
8540
8480
0F00
0600
0600
0600
0600
0600
0600
0600
0600
0600
ENDCHAR
STARTCHAR uni0940.02
ENCODING -1
SWIDTH 259 0
DWIDTH 4 0
BBX 9 14 -5 0
BITMAP
7800
C400
C200
C200
0780
0300
0300
0300
0300
0300
0300
0300
0300
0300
ENDCHAR
STARTCHAR uni09400902.02
ENCODING -1
SWIDTH 259 0
DWIDTH 4 0
BBX 9 14 -5 0
BITMAP
7980
C500
C200
C200
0780
0300
0300
0300
0300
0300
0300
0300
0300
0300
ENDCHAR
STARTCHAR uni09400901.02
ENCODING -1
SWIDTH 259 0
DWIDTH 4 0
BBX 11 14 -5 0
BITMAP
79A0
C560
C280
C200
0780
0300
0300
0300
0300
0300
0300
0300
0300
0300
ENDCHAR
STARTCHAR uni09400930094D.02
ENCODING -1
SWIDTH 259 0
DWIDTH 4 0
BBX 10 14 -5 0
BITMAP
7BC0
C600
C200
C200
0780
0300
0300
0300
0300
0300
0300
0300
0300
0300
ENDCHAR
STARTCHAR uni09400930094D0902.02
ENCODING -1
SWIDTH 259 0
DWIDTH 4 0
BBX 10 14 -5 0
BITMAP
7BC0
C600
C280
C200
0780
0300
0300
0300
0300
0300
0300
0300
0300
0300
ENDCHAR
STARTCHAR uni09400930094D0901.02
ENCODING -1
SWIDTH 259 0
DWIDTH 4 0
BBX 11 14 -5 0
BITMAP
7BC0
C640
C2A0
C240
0780
0300
0300
0300
0300
0300
0300
0300
0300
0300
ENDCHAR
STARTCHAR uni0940.03
ENCODING -1
SWIDTH 259 0
DWIDTH 4 0
BBX 11 14 -7 0
BITMAP
7E00
C300
8180
C080
01E0
00C0
00C0
00C0
00C0
00C0
00C0
00C0
00C0
00C0
ENDCHAR
STARTCHAR uni09400902.03
ENCODING -1
SWIDTH 259 0
DWIDTH 4 0
BBX 11 14 -7 0
BITMAP
7E60
C340
8180
C080
01E0
00C0
00C0
00C0
00C0
00C0
00C0
00C0
00C0
00C0
ENDCHAR
STARTCHAR uni09400901.03
ENCODING -1
SWIDTH 259 0
DWIDTH 4 0
BBX 13 14 -7 0
BITMAP
7E68
C358
81A0
C080
01E0
00C0
00C0
00C0
00C0
00C0
00C0
00C0
00C0
00C0
ENDCHAR
STARTCHAR uni09400930094D.03
ENCODING -1
SWIDTH 259 0
DWIDTH 4 0
BBX 12 14 -7 0
BITMAP
7EF0
C380
8180
C080
01E0
00C0
00C0
00C0
00C0
00C0
00C0
00C0
00C0
00C0
ENDCHAR
STARTCHAR uni09400930094D0902.03
ENCODING -1
SWIDTH 259 0
DWIDTH 4 0
BBX 12 14 -7 0
BITMAP
7EF0
C380
81A0
C080
01E0
00C0
00C0
00C0
00C0
00C0
00C0
00C0
00C0
00C0
ENDCHAR
STARTCHAR uni09400930094D0901.03
ENCODING -1
SWIDTH 259 0
DWIDTH 4 0
BBX 13 14 -7 0
BITMAP
7EF0
C390
81A8
C090
01E0
00C0
00C0
00C0
00C0
00C0
00C0
00C0
00C0
00C0
ENDCHAR
STARTCHAR _Comp_anusvaradeva
ENCODING -1
SWIDTH 0 0
DWIDTH 0 0
BBX 2 2 -3 12
BITMAP
C0
C0
ENDCHAR
STARTCHAR _Comp_candraBindudeva.01
ENCODING -1
SWIDTH 0 0
DWIDTH 0 0
BBX 4 3 -3 11
BITMAP
D0
B0
40
ENDCHAR
STARTCHAR _Comp_rephdeva
ENCODING -1
SWIDTH 278 0
DWIDTH 4 0
BBX 4 4 0 10
BITMAP
70
C0
80
40
ENDCHAR
STARTCHAR _Comp_reph_anusvaradeva
ENCODING -1
SWIDTH 278 0
DWIDTH 4 0
BBX 4 4 0 10
BITMAP
70
C0
B0
40
ENDCHAR
STARTCHAR _Comp_reph_candraBindudeva
ENCODING -1
SWIDTH 331 0
DWIDTH 5 0
BBX 5 4 0 10
BITMAP
70
D0
A8
50
ENDCHAR
ENDFONT
