#VRML V2.0 utf8
# 3D model generated by easyeda2kicad.py (https://github.com/uPesy/easyeda2kicad.py)

Shape{
    appearance Appearance {
        material  Material 	{
            diffuseColor 0.8509803921568627 0.8509803921568627 0.8509803921568627
            specularColor 0.4235294117647059 0.4235294117647059 0.4235294117647059
            ambientIntensity 0.851
            transparency 0.0
            shininess 0.5
        }
    }
    geometry IndexedFaceSet {
        ccw TRUE
        solid FALSE
        coord DEF co Coordinate {
            point [
                -0.2362 -0.1173 0.6575, -0.2362 -0.1173 0.6181, -0.1969 -0.1173 0.6575, -0.1969 -0.1173 0.6181, 0.7677 0.1832 0.6181, 0.7772 0.1793 0.6181, 0.7989 0.0089 0.6181, 0.5709 0.237 0.6181, 0.748 0.237 0.6181, 0.748 0.2173 0.6181, 0.5656 0.1976 0.6181, 0.5695 0.2071 0.6181, 0.5709 0.2173 0.6181, -0.7887 -0.0087 0.6181, -0.2703 -0.137 0.6181, -0.2742 -0.1465 0.6181, -0.7596 0.1895 0.6181, -0.7989 0.0089 0.6181, -0.8071 0.0152 0.6181, 0.7887 -0.0087 0.6181, 0.5512 0.1832 0.6181, 0.5593 0.1895 0.6181, 0.7887 -0.2062 0.6181, 0.2703 -0.6488 0.6181, 0.2742 -0.6393 0.6181, 0.748 -1.0228 0.6181, -0.748 -1.0228 0.6181, -0.748 -1.0031 0.6181, -0.7494 -0.993 0.6181, -0.7533 -0.9835 0.6181, -0.7596 -0.9753 0.6181, 0.1969 -0.2157 0.6181, -0.1969 -0.2157 0.6181, 0.1969 -0.1173 0.6181, -0.4047 0.3748 0.6181, -0.2464 -0.1187 0.6181, -0.5709 0.237 0.6181, -0.5709 0.2173 0.6181, -0.748 0.237 0.6181, -0.748 0.2173 0.6181, -0.7494 0.2071 0.6181, 0.7494 0.2071 0.6181, 0.7533 0.1976 0.6181, 0.7596 0.1895 0.6181, 0.2756 -0.1567 0.6181, 0.2742 -0.1465 0.6181, 0.7874 -0.0189 0.6181, 0.2703 -0.137 0.6181, 0.2641 -0.1289 0.6181, 0.7874 -0.1961 0.6181, 0.2756 -0.6291 0.6181, 0.8071 -0.2302 0.6181, 0.8166 -0.5517 0.6181, 0.7989 -0.2239 0.6181, 0.8071 -0.5557 0.6181, 0.7989 -0.5619 0.6181, 0.7927 -0.2157 0.6181, 0.2641 -0.657 0.6181, 0.2559 -0.6632 0.6181, -0.7772 -0.9651 0.6181, -0.7989 -0.7948 0.6181, -0.7677 -0.9691 0.6181, -0.7927 -0.7866 0.6181, -0.7887 -0.7771 0.6181, -0.2641 -0.1289 0.6181, -0.4878 0.1821 0.6181, -0.2559 -0.1226 0.6181, -0.4802 0.1872 0.6181, -0.4739 0.1938 0.6181, -0.2756 -0.6291 0.6181, -0.7887 -0.2062 0.6181, -0.2756 -0.1567 0.6181, -0.7874 -0.1961 0.6181, -0.7874 -0.0189 0.6181, -0.5417 0.1793 0.6181, -0.5315 0.178 0.6181, -0.7533 0.1976 0.6181, 0.7874 0.178 0.6181, 0.9252 0.178 0.6181, 0.9252 0.0205 0.6181, 0.4667 0.2105 0.6181, 0.4693 0.2017 0.6181, 0.4739 0.1938 0.6181, 0.5055 0.178 0.6181, 0.5315 0.178 0.6181, 0.5417 0.1793 0.6181, 0.7927 0.0008 0.6181, 0.7927 -0.5701 0.6181, 0.7887 -0.5796 0.6181, 0.2464 -0.6672 0.6181, 0.7596 -0.9753 0.6181, 0.7989 -0.7948 0.6181, 0.8071 -0.801 0.6181, -0.4224 0.3706 0.6181, -0.4408 0.351 0.6181, -0.43 0.3656 0.6181, -0.4363 0.3589 0.6181, -0.4138 0.3737 0.6181, -0.4435 0.3423 0.6181, -0.4667 0.2105 0.6181, -0.4693 0.2017 0.6181, -0.5695 0.2071 0.6181, -0.5656 0.1976 0.6181, -0.7927 0.0008 0.6181, -0.5593 0.1895 0.6181, -0.5512 0.1832 0.6181, -0.5055 0.178 0.6181, -0.4964 0.179 0.6181, 0.8268 0.0205 0.6181, 0.8166 0.0191 0.6181, 0.8071 0.0152 0.6181, 0.4138 0.3737 0.6181, 0.4224 0.3706 0.6181, 0.4435 0.3423 0.6181, 0.4802 0.1872 0.6181, 0.4878 0.1821 0.6181, 0.4964 0.179 0.6181, 0.2559 -0.1226 0.6181, 0.2464 -0.1187 0.6181, 0.2362 -0.1173 0.6181, 0.7887 -0.7771 0.6181, 0.7927 -0.7866 0.6181, -0.9252 0.0205 0.6181, -0.9252 0.178 0.6181, -0.8268 0.0205 0.6181, -0.7874 0.178 0.6181, -0.8166 0.0191 0.6181, -0.7772 0.1793 0.6181, -0.7677 0.1832 0.6181, 0.4047 0.3748 0.6181, 0.8268 -0.2354 0.6181, 0.8661 -0.2354 0.6181, 0.8661 -0.5504 0.6181, -0.7874 -0.9638 0.6181, -0.9252 -0.9638 0.6181, -0.9252 -0.8063 0.6181, -0.7874 -0.5898 0.6181, -0.7887 -0.5796 0.6181, -0.7927 -0.5701 0.6181, -0.8166 -0.2341 0.6181, -0.8071 -0.2302 0.6181, -0.8071 -0.5557 0.6181, -0.7989 -0.2239 0.6181, 0.7533 -0.9835 0.6181, 0.7494 -0.993 0.6181, 0.748 -1.0031 0.6181, 0.43 0.3656 0.6181, 0.4363 0.3589 0.6181, 0.4408 0.351 0.6181, 0.8166 -0.2341 0.6181, 0.8268 -0.5504 0.6181, -0.8268 -0.8063 0.6181, -0.8166 -0.805 0.6181, -0.8071 -0.801 0.6181, -0.7989 -0.5619 0.6181, -0.7927 -0.2157 0.6181, -0.1969 -0.6291 0.6181, -0.1969 -0.6094 0.6181, 0.1969 -0.6094 0.6181, 0.9252 -0.8063 0.6181, 0.9252 -0.9638 0.6181, 0.8268 -0.8063 0.6181, 0.7874 -0.9638 0.6181, 0.8166 -0.805 0.6181, 0.7772 -0.9651 0.6181, 0.7677 -0.9691 0.6181, -0.7874 -0.7669 0.6181, -0.2742 -0.6393 0.6181, -0.2703 -0.6488 0.6181, -0.2641 -0.657 0.6181, -0.2559 -0.6632 0.6181, -0.2464 -0.6672 0.6181, -0.2362 -0.6685 0.6181, -0.226 -0.6672 0.6181, -0.2165 -0.6632 0.6181, 0.2165 -0.6632 0.6181, -0.2084 -0.657 0.6181, 0.2021 -0.6488 0.6181, -0.1982 -0.6393 0.6181, 0.1982 -0.6393 0.6181, 0.1969 -0.6291 0.6181, -0.8268 -0.5504 0.6181, -0.8661 -0.5504 0.6181, -0.8661 -0.2354 0.6181, 0.7874 -0.5898 0.6181, 0.7874 -0.7669 0.6181, 0.2362 -0.6685 0.6181, 0.226 -0.6672 0.6181, 0.2084 -0.657 0.6181, -0.2021 -0.6488 0.6181, -0.8166 -0.5517 0.6181, -0.8268 -0.2354 0.6181, 0.748 0.2173 0.6575, 0.748 0.237 0.6575, 0.5709 0.237 0.6575, -0.5512 0.1832 0.6575, -0.5593 0.1895 0.6575, -0.7887 -0.0087 0.6575, -0.7677 0.1832 0.6575, -0.7772 0.1793 0.6575, -0.7989 0.0089 0.6575, 0.8071 -0.2302 0.6575, 0.7989 -0.2239 0.6575, 0.8166 -0.5517 0.6575, 0.7596 0.1895 0.6575, 0.7533 0.1976 0.6575, 0.8071 0.0152 0.6575, -0.5709 0.237 0.6575, -0.748 0.237 0.6575, -0.748 0.2173 0.6575, -0.5656 0.1976 0.6575, -0.5695 0.2071 0.6575, -0.5709 0.2173 0.6575, -0.2703 -0.6488 0.6575, -0.7874 -0.0189 0.6575, 0.2756 -0.6291 0.6575, 0.7927 -0.2157 0.6575, 0.7887 -0.0087 0.6575, 0.2703 -0.137 0.6575, 0.2742 -0.1465 0.6575, -0.7494 0.2071 0.6575, -0.7533 0.1976 0.6575, -0.7596 0.1895 0.6575, 0.7887 -0.5796 0.6575, 0.7927 -0.5701 0.6575, 0.8071 -0.5557 0.6575, 0.2756 -0.1567 0.6575, -0.1969 -0.2157 0.6575, 0.1969 -0.2157 0.6575, 0.1969 -0.1173 0.6575, 0.4047 0.3748 0.6575, 0.2362 -0.1173 0.6575, 0.2464 -0.1187 0.6575, 0.7989 0.0089 0.6575, 0.5709 0.2173 0.6575, 0.7494 0.2071 0.6575, -0.5055 0.178 0.6575, -0.5315 0.178 0.6575, -0.5417 0.1793 0.6575, -0.7927 0.0008 0.6575, -0.7874 -0.1961 0.6575, -0.7887 -0.2062 0.6575, -0.2641 -0.657 0.6575, -0.7596 -0.9753 0.6575, -0.7989 -0.7948 0.6575, -0.8071 -0.801 0.6575, 0.748 -1.0228 0.6575, -0.7533 -0.9835 0.6575, -0.7494 -0.993 0.6575, -0.748 -1.0031 0.6575, -0.748 -1.0228 0.6575, 0.7989 -0.5619 0.6575, 0.4739 0.1938 0.6575, 0.4693 0.2017 0.6575, 0.2559 -0.1226 0.6575, 0.4667 0.2105 0.6575, 0.4435 0.3423 0.6575, 0.4138 0.3737 0.6575, 0.4408 0.351 0.6575, 0.4363 0.3589 0.6575, 0.7887 -0.2062 0.6575, 0.7874 -0.1961 0.6575, 0.7874 -0.0189 0.6575, 0.5417 0.1793 0.6575, 0.5315 0.178 0.6575, -0.7874 0.178 0.6575, -0.9252 0.178 0.6575, -0.9252 0.0205 0.6575, -0.4739 0.1938 0.6575, -0.4802 0.1872 0.6575, -0.4878 0.1821 0.6575, -0.4964 0.179 0.6575, -0.2742 -0.6393 0.6575, -0.2756 -0.6291 0.6575, -0.2756 -0.1567 0.6575, -0.2742 -0.1465 0.6575, -0.2703 -0.137 0.6575, -0.2641 -0.1289 0.6575, -0.2559 -0.1226 0.6575, -0.2464 -0.1187 0.6575, -0.7927 -0.2157 0.6575, -0.7989 -0.2239 0.6575, -0.8071 -0.2302 0.6575, 0.43 0.3656 0.6575, 0.4224 0.3706 0.6575, 0.2641 -0.1289 0.6575, 0.4878 0.1821 0.6575, 0.4802 0.1872 0.6575, 0.5055 0.178 0.6575, 0.4964 0.179 0.6575, -0.8268 0.0205 0.6575, -0.8166 0.0191 0.6575, -0.8071 0.0152 0.6575, -0.4047 0.3748 0.6575, -0.4667 0.2105 0.6575, -0.4693 0.2017 0.6575, 0.7596 -0.9753 0.6575, 0.7677 -0.9691 0.6575, 0.7989 -0.7948 0.6575, 0.7772 -0.9651 0.6575, 0.8071 -0.801 0.6575, -0.7927 -0.7866 0.6575, -0.7887 -0.7771 0.6575, 0.748 -1.0031 0.6575, 0.7494 -0.993 0.6575, 0.2362 -0.6685 0.6575, 0.226 -0.6672 0.6575, 0.2084 -0.657 0.6575, 0.2021 -0.6488 0.6575, -0.1982 -0.6393 0.6575, 0.5695 0.2071 0.6575, 0.5656 0.1976 0.6575, 0.7927 0.0008 0.6575, 0.5593 0.1895 0.6575, 0.5512 0.1832 0.6575, 0.2703 -0.6488 0.6575, 0.2641 -0.657 0.6575, 0.7887 -0.7771 0.6575, 0.2559 -0.6632 0.6575, 0.2464 -0.6672 0.6575, 0.7927 -0.7866 0.6575, 0.7533 -0.9835 0.6575, 0.9252 0.0205 0.6575, 0.9252 0.178 0.6575, 0.8268 0.0205 0.6575, 0.7874 0.178 0.6575, 0.8166 0.0191 0.6575, 0.7772 0.1793 0.6575, 0.7677 0.1832 0.6575, 0.2165 -0.6632 0.6575, -0.2021 -0.6488 0.6575, -0.2084 -0.657 0.6575, -0.9252 -0.8063 0.6575, -0.9252 -0.9638 0.6575, -0.8268 -0.8063 0.6575, -0.7874 -0.9638 0.6575, -0.8166 -0.805 0.6575, -0.7772 -0.9651 0.6575, -0.7677 -0.9691 0.6575, 0.8661 -0.5504 0.6575, 0.8661 -0.2354 0.6575, 0.8268 -0.5504 0.6575, 0.8268 -0.2354 0.6575, 0.8166 -0.2341 0.6575, 0.9252 -0.9638 0.6575, 0.9252 -0.8063 0.6575, 0.7874 -0.9638 0.6575, 0.8268 -0.8063 0.6575, 0.8166 -0.805 0.6575, -0.8166 -0.5517 0.6575, -0.8071 -0.5557 0.6575, -0.7989 -0.5619 0.6575, -0.2559 -0.6632 0.6575, 0.1969 -0.6291 0.6575, 0.1969 -0.6094 0.6575, -0.1969 -0.6094 0.6575, -0.2165 -0.6632 0.6575, -0.226 -0.6672 0.6575, -0.2362 -0.6685 0.6575, -0.4138 0.3737 0.6575, -0.4408 0.351 0.6575, -0.4435 0.3423 0.6575, -0.4224 0.3706 0.6575, -0.43 0.3656 0.6575, -0.4363 0.3589 0.6575, -0.8268 -0.2354 0.6575, -0.8661 -0.2354 0.6575, -0.8661 -0.5504 0.6575, -0.7927 -0.5701 0.6575, -0.7887 -0.5796 0.6575, -0.2464 -0.6672 0.6575, 0.1982 -0.6393 0.6575, -0.1969 -0.6291 0.6575, -0.8166 -0.2341 0.6575, -0.8268 -0.5504 0.6575, -0.7874 -0.7669 0.6575, -0.7874 -0.5898 0.6575, 0.2742 -0.6393 0.6575, 0.7874 -0.7669 0.6575, 0.7874 -0.5898 0.6575, -0.748 0.2961 0.5984, -0.5709 0.2961 0.5984, -0.748 0.2961 0.3622, -0.5709 0.2961 0.2047, -0.75 0.2961 0.3469, -0.9055 0.2961 0.3031, -0.8071 0.2961 0.3031, -0.9252 0.2961 0.2835, -0.5882 0.2961 0.163, -0.6004 0.2961 0.1536, -0.7653 0.2961 0.3204, -0.6146 0.2961 0.1477, -0.7776 0.2961 0.3111, -0.6299 0.2961 0.1457, -0.7918 0.2961 0.3052, -0.7559 0.2961 0.3327, -0.5729 0.2961 0.1894, -0.5788 0.2961 0.1752, -0.9055 0.2961 0.1457, -0.9106 0.2961 0.1463, -0.9106 0.2961 0.3025, -0.9154 0.2961 0.1483, -0.9194 0.2961 0.1514, -0.9226 0.2961 0.1555, -0.9245 0.2961 0.1603, -0.9252 0.2961 0.1654, -0.9245 0.2961 0.2886, -0.9226 0.2961 0.2933, -0.9194 0.2961 0.2974, -0.9154 0.2961 0.3005, -0.748 0.2421 0.6174, -0.748 0.2523 0.6555, -0.748 0.2469 0.6155, -0.748 0.2665 0.6496, -0.748 0.2509 0.6123, -0.748 0.2788 0.6402, -0.748 0.2541 0.6083, -0.748 0.2882 0.6279, -0.748 0.256 0.6035, -0.748 0.2941 0.6137, -0.748 0.2567 0.5984, -0.748 0.2567 0.3622, -0.8858 -0.2354 0.5, -0.9252 -0.2354 0.5, -0.8858 -0.2354 0.5984, -0.9252 -0.2354 0.5984, -0.8852 -0.2354 0.6035, -0.9232 -0.2354 0.6137, -0.8832 -0.2354 0.6083, -0.9173 -0.2354 0.6279, -0.8801 -0.2354 0.6123, -0.9079 -0.2354 0.6402, -0.876 -0.2354 0.6155, -0.8957 -0.2354 0.6496, -0.8712 -0.2354 0.6174, -0.8814 -0.2354 0.6555, -0.9252 -0.5504 0.5, -0.9252 -0.5504 0.5984, -0.9252 -0.4913 0.4409, -0.9252 -0.2945 0.4409, -0.9252 -0.265 0.4489, -0.9252 -0.2792 0.443, -0.9252 -0.5209 0.4489, -0.9252 -0.5331 0.4582, -0.9252 -0.5425 0.4705, -0.9252 -0.2374 0.4847, -0.9252 -0.5066 0.443, -0.9252 -0.5484 0.4847, -0.9252 -0.2433 0.4705, -0.9252 -0.2527 0.4582, -0.8712 -0.5504 0.6174, -0.8814 -0.5504 0.6555, -0.876 -0.5504 0.6155, -0.8957 -0.5504 0.6496, -0.8801 -0.5504 0.6123, -0.9079 -0.5504 0.6402, -0.8832 -0.5504 0.6083, -0.9173 -0.5504 0.6279, -0.8852 -0.5504 0.6035, -0.9232 -0.5504 0.6137, -0.8858 -0.5504 0.5984, -0.8858 -0.5504 0.5, -0.748 -1.0425 0.3622, -0.748 -1.0819 0.3622, -0.748 -1.0425 0.5984, -0.748 -1.0819 0.5984, -0.748 -1.0418 0.6035, -0.748 -1.0799 0.6137, -0.748 -1.0399 0.6083, -0.748 -1.074 0.6279, -0.748 -1.0368 0.6123, -0.748 -1.0646 0.6402, -0.748 -1.0327 0.6155, -0.748 -1.0524 0.6496, -0.748 -1.0279 0.6174, -0.748 -1.0381 0.6555, 0.748 -1.0819 0.3622, 0.748 -1.0819 0.5984, 0.563 -1.0819 0.4114, 0.5271 -1.0819 0.4389, 0.5413 -1.0819 0.433, 0.5536 -1.0819 0.4236, -0.5536 -1.0819 0.4236, -0.5413 -1.0819 0.433, 0.5689 -1.0819 0.3972, 0.5709 -1.0819 0.3819, 0.75 -1.0819 0.3469, 0.5709 -1.0819 0.2047, 0.7559 -1.0819 0.3327, -0.5271 -1.0819 0.4389, -0.5118 -1.0819 0.4409, 0.5118 -1.0819 0.4409, 0.8071 -1.0819 0.3031, 0.7918 -1.0819 0.3052, 0.6299 -1.0819 0.1457, 0.7776 -1.0819 0.3111, 0.6146 -1.0819 0.1477, 0.7653 -1.0819 0.3204, 0.5788 -1.0819 0.1752, 0.5882 -1.0819 0.163, 0.6004 -1.0819 0.1536, 0.9245 -1.0819 0.1603, 0.9252 -1.0819 0.1654, 0.9252 -1.0819 0.2835, 0.9055 -1.0819 0.3031, 0.5729 -1.0819 0.1894, -0.5709 -1.0819 0.2047, -0.5709 -1.0819 0.3819, -0.5689 -1.0819 0.3972, -0.563 -1.0819 0.4114, -0.6299 -1.0819 0.1457, -0.6146 -1.0819 0.1477, -0.7653 -1.0819 0.3204, -0.6004 -1.0819 0.1536, -0.5882 -1.0819 0.163, -0.75 -1.0819 0.3469, -0.7559 -1.0819 0.3327, -0.5729 -1.0819 0.1894, -0.5788 -1.0819 0.1752, 0.9226 -1.0819 0.2933, 0.9194 -1.0819 0.2974, 0.9154 -1.0819 0.3005, 0.9055 -1.0819 0.1457, 0.9106 -1.0819 0.1463, 0.9154 -1.0819 0.1483, 0.9245 -1.0819 0.2886, 0.9106 -1.0819 0.3025, -0.7776 -1.0819 0.3111, -0.7918 -1.0819 0.3052, -0.9055 -1.0819 0.1457, -0.8071 -1.0819 0.3031, -0.9106 -1.0819 0.1463, -0.9154 -1.0819 0.1483, 0.9194 -1.0819 0.1514, 0.9226 -1.0819 0.1555, -0.9154 -1.0819 0.3005, -0.9194 -1.0819 0.2974, -0.9106 -1.0819 0.3025, -0.9226 -1.0819 0.2933, -0.9055 -1.0819 0.3031, -0.9245 -1.0819 0.1603, -0.9226 -1.0819 0.1555, -0.9194 -1.0819 0.1514, -0.9245 -1.0819 0.2886, -0.9252 -1.0819 0.2835, -0.9252 -1.0819 0.1654, 0.748 -1.0279 0.6174, 0.748 -1.0381 0.6555, 0.748 -1.0327 0.6155, 0.748 -1.0524 0.6496, 0.748 -1.0368 0.6123, 0.748 -1.0646 0.6402, 0.748 -1.0399 0.6083, 0.748 -1.074 0.6279, 0.748 -1.0418 0.6035, 0.748 -1.0799 0.6137, 0.748 -1.0425 0.5984, 0.748 -1.0425 0.3622, 0.8858 -0.5504 0.5, 0.9252 -0.5504 0.5, 0.8858 -0.5504 0.5984, 0.9252 -0.5504 0.5984, 0.8852 -0.5504 0.6035, 0.9232 -0.5504 0.6137, 0.8832 -0.5504 0.6083, 0.9173 -0.5504 0.6279, 0.8801 -0.5504 0.6123, 0.9079 -0.5504 0.6402, 0.876 -0.5504 0.6155, 0.8957 -0.5504 0.6496, 0.8712 -0.5504 0.6174, 0.8814 -0.5504 0.6555, 0.9252 -0.2354 0.5984, 0.9252 -0.5066 0.443, 0.9252 -0.4913 0.4409, 0.9252 -0.5484 0.4847, 0.9252 -0.5425 0.4705, 0.9252 -0.5331 0.4582, 0.9252 -0.2945 0.4409, 0.9252 -0.2354 0.5, 0.9252 -0.2792 0.443, 0.9252 -0.265 0.4489, 0.9252 -0.2527 0.4582, 0.9252 -0.2433 0.4705, 0.9252 -0.2374 0.4847, 0.9252 -0.5209 0.4489, 0.8712 -0.2354 0.6174, 0.8814 -0.2354 0.6555, 0.876 -0.2354 0.6155, 0.8957 -0.2354 0.6496, 0.8801 -0.2354 0.6123, 0.9079 -0.2354 0.6402, 0.8832 -0.2354 0.6083, 0.9173 -0.2354 0.6279, 0.8852 -0.2354 0.6035, 0.9232 -0.2354 0.6137, 0.8858 -0.2354 0.5984, 0.8858 -0.2354 0.5, 0.748 0.2567 0.3622, 0.748 0.2961 0.3622, 0.748 0.2567 0.5984, 0.748 0.2961 0.5984, 0.748 0.256 0.6035, 0.748 0.2941 0.6137, 0.748 0.2541 0.6083, 0.748 0.2882 0.6279, 0.748 0.2509 0.6123, 0.748 0.2788 0.6402, 0.748 0.2469 0.6155, 0.748 0.2665 0.6496, 0.748 0.2421 0.6174, 0.748 0.2523 0.6555, 0.6299 0.2961 0.1457, 0.6146 0.2961 0.1477, 0.7653 0.2961 0.3204, 0.6004 0.2961 0.1536, 0.7559 0.2961 0.3327, 0.5882 0.2961 0.163, 0.5788 0.2961 0.1752, 0.5709 0.2961 0.5984, 0.5709 0.2961 0.2047, 0.75 0.2961 0.3469, 0.5729 0.2961 0.1894, 0.9154 0.2961 0.3005, 0.9252 0.2961 0.2835, 0.9106 0.2961 0.3025, 0.9055 0.2961 0.3031, 0.7776 0.2961 0.3111, 0.7918 0.2961 0.3052, 0.9055 0.2961 0.1457, 0.8071 0.2961 0.3031, 0.9106 0.2961 0.1463, 0.9154 0.2961 0.1483, 0.9194 0.2961 0.2974, 0.9226 0.2961 0.2933, 0.9245 0.2961 0.2886, 0.9245 0.2961 0.1603, 0.9226 0.2961 0.1555, 0.9194 0.2961 0.1514, 0.9252 0.2961 0.1654, 0.5709 0.2421 0.6174, 0.5709 0.2523 0.6555, 0.5709 0.2469 0.6155, 0.5709 0.2665 0.6496, 0.5709 0.2509 0.6123, 0.5709 0.2788 0.6402, 0.5709 0.2541 0.6083, 0.5709 0.2882 0.6279, 0.5709 0.256 0.6035, 0.5709 0.2941 0.6137, 0.5709 0.2567 0.5984, 0.5709 0.2567 0.2047, -0.5709 0.2567 0.2047, -0.5709 0.2567 0.5984, -0.5709 0.256 0.6035, -0.5709 0.2941 0.6137, -0.5709 0.2541 0.6083, -0.5709 0.2882 0.6279, -0.5709 0.2509 0.6123, -0.5709 0.2788 0.6402, -0.5709 0.2469 0.6155, -0.5709 0.2665 0.6496, -0.5709 0.2421 0.6174, -0.5709 0.2523 0.6555
            ]
        }
        coordIndex [
            0,1,2,-1,2,1,3,-1,4,5,6,-1,7,8,9,-1,10,11,6,-1,6,11,12,-1,6,12,7,-1,13,14,15,-1,16,17,18,-1,19,20,21,-1,22,23,24,-1,25,26,27,-1,27,28,25,-1,25,28,29,-1,25,29,30,-1,31,32,33,-1,33,32,3,-1,33,3,34,-1,34,3,1,-1,34,1,35,-1,17,36,37,-1,38,36,39,-1,39,36,40,-1,9,41,7,-1,7,41,42,-1,7,42,6,-1,6,42,43,-1,6,43,4,-1,44,45,46,-1,46,45,19,-1,19,45,47,-1,19,47,48,-1,46,49,44,-1,44,49,22,-1,44,22,50,-1,50,22,24,-1,51,52,53,-1,53,52,54,-1,53,54,55,-1,22,56,23,-1,23,56,53,-1,23,53,57,-1,57,53,55,-1,57,55,58,-1,59,60,61,-1,61,60,30,-1,30,60,25,-1,25,60,62,-1,25,62,63,-1,14,13,64,-1,64,13,65,-1,64,65,66,-1,66,65,67,-1,66,67,68,-1,69,70,71,-1,71,70,72,-1,71,72,15,-1,15,72,73,-1,15,73,13,-1,13,74,75,-1,17,16,36,-1,36,16,76,-1,36,76,40,-1,77,78,79,-1,80,81,34,-1,34,81,82,-1,83,84,19,-1,19,84,85,-1,19,85,20,-1,10,6,21,-1,21,6,86,-1,21,86,19,-1,55,87,58,-1,58,87,88,-1,58,88,89,-1,90,91,92,-1,93,94,95,-1,95,94,96,-1,93,97,94,-1,94,97,34,-1,94,34,98,-1,98,34,35,-1,98,35,99,-1,99,35,66,-1,99,66,100,-1,100,66,68,-1,37,101,17,-1,17,101,102,-1,17,102,103,-1,103,102,104,-1,103,104,13,-1,13,104,105,-1,13,105,74,-1,75,106,13,-1,13,106,107,-1,13,107,65,-1,79,108,77,-1,77,108,109,-1,77,109,5,-1,5,109,110,-1,5,110,6,-1,111,112,113,-1,82,114,34,-1,34,114,115,-1,34,115,19,-1,19,115,116,-1,19,116,83,-1,48,117,19,-1,19,117,118,-1,19,118,34,-1,34,118,119,-1,34,119,33,-1,120,121,63,-1,63,121,91,-1,122,123,124,-1,124,123,125,-1,124,125,126,-1,126,125,127,-1,126,127,18,-1,18,127,128,-1,18,128,16,-1,80,34,113,-1,113,34,129,-1,113,129,111,-1,130,131,132,-1,133,134,135,-1,136,137,69,-1,69,137,138,-1,69,138,70,-1,139,140,141,-1,141,140,142,-1,90,143,91,-1,91,143,144,-1,91,144,63,-1,63,144,145,-1,63,145,25,-1,112,146,113,-1,113,146,147,-1,113,147,148,-1,51,149,52,-1,52,149,130,-1,52,130,150,-1,150,130,132,-1,135,151,133,-1,133,151,152,-1,133,152,59,-1,59,152,153,-1,59,153,60,-1,138,154,70,-1,70,154,141,-1,70,141,155,-1,155,141,142,-1,156,157,158,-1,159,160,161,-1,161,160,162,-1,161,162,163,-1,163,162,164,-1,163,164,92,-1,92,164,165,-1,92,165,90,-1,136,69,166,-1,166,69,167,-1,166,167,63,-1,63,167,168,-1,63,168,169,-1,169,170,63,-1,63,170,171,-1,63,171,172,-1,173,174,175,-1,175,174,176,-1,177,178,179,-1,179,178,156,-1,179,156,180,-1,180,156,158,-1,181,182,183,-1,88,184,89,-1,89,184,185,-1,89,185,186,-1,186,185,120,-1,186,120,187,-1,187,120,63,-1,187,63,175,-1,175,63,172,-1,175,172,173,-1,177,188,178,-1,178,188,175,-1,178,175,189,-1,189,175,176,-1,141,190,139,-1,139,190,181,-1,139,181,191,-1,191,181,183,-1,192,193,194,-1,195,196,197,-1,198,199,200,-1,201,202,203,-1,204,205,206,-1,207,208,209,-1,210,211,200,-1,200,211,212,-1,200,212,207,-1,213,197,214,-1,215,202,216,-1,217,218,219,-1,209,220,207,-1,207,220,221,-1,207,221,200,-1,200,221,222,-1,200,222,198,-1,215,223,224,-1,203,202,225,-1,215,216,226,-1,227,228,2,-1,2,228,229,-1,2,229,230,-1,230,229,231,-1,230,231,232,-1,233,194,234,-1,206,205,233,-1,233,205,194,-1,194,205,235,-1,194,235,192,-1,236,237,197,-1,197,237,238,-1,197,238,195,-1,210,200,196,-1,196,200,239,-1,196,239,197,-1,214,240,213,-1,213,240,241,-1,213,241,242,-1,243,244,245,-1,246,243,247,-1,247,248,246,-1,246,248,249,-1,246,249,250,-1,215,224,202,-1,202,224,251,-1,202,251,225,-1,252,253,254,-1,254,253,255,-1,254,255,232,-1,232,255,256,-1,232,256,230,-1,230,256,257,-1,256,258,259,-1,216,260,226,-1,226,260,261,-1,226,261,219,-1,219,261,262,-1,219,262,217,-1,217,263,264,-1,265,266,267,-1,268,269,230,-1,230,269,270,-1,230,270,197,-1,197,270,271,-1,197,271,236,-1,213,272,197,-1,197,272,273,-1,197,273,274,-1,274,275,197,-1,197,275,276,-1,197,276,277,-1,277,278,197,-1,197,278,279,-1,197,279,230,-1,230,279,0,-1,230,0,2,-1,241,280,242,-1,242,280,281,-1,242,281,282,-1,259,283,256,-1,256,283,284,-1,256,284,257,-1,218,217,285,-1,285,217,286,-1,285,286,254,-1,254,286,287,-1,254,287,252,-1,264,288,217,-1,217,288,289,-1,217,289,286,-1,267,290,265,-1,265,290,291,-1,265,291,199,-1,199,291,292,-1,199,292,200,-1,293,294,230,-1,230,294,295,-1,230,295,268,-1,296,297,298,-1,298,297,299,-1,298,299,300,-1,244,243,301,-1,301,243,246,-1,301,246,302,-1,302,246,303,-1,302,303,304,-1,305,306,302,-1,307,308,309,-1,234,310,233,-1,233,310,311,-1,233,311,312,-1,312,311,313,-1,312,313,217,-1,217,313,314,-1,217,314,263,-1,315,316,317,-1,317,316,318,-1,317,318,319,-1,319,305,317,-1,317,305,302,-1,317,302,320,-1,320,302,304,-1,320,304,298,-1,298,304,321,-1,298,321,296,-1,322,323,324,-1,324,323,325,-1,324,325,326,-1,326,325,327,-1,326,327,206,-1,206,327,328,-1,206,328,204,-1,307,309,329,-1,329,309,330,-1,329,330,331,-1,332,333,334,-1,334,333,335,-1,334,335,336,-1,336,335,337,-1,336,337,245,-1,245,337,338,-1,245,338,243,-1,339,340,341,-1,341,340,342,-1,341,342,203,-1,203,342,343,-1,203,343,201,-1,344,345,346,-1,346,345,347,-1,346,347,299,-1,299,347,348,-1,299,348,300,-1,349,350,282,-1,282,350,351,-1,282,351,242,-1,242,351,352,-1,353,354,355,-1,331,356,329,-1,329,356,357,-1,329,357,358,-1,359,360,293,-1,293,360,361,-1,293,361,294,-1,359,362,360,-1,360,362,363,-1,360,363,364,-1,365,366,367,-1,351,368,352,-1,352,368,369,-1,352,369,370,-1,308,371,309,-1,309,371,353,-1,309,353,372,-1,372,353,355,-1,282,373,349,-1,349,373,365,-1,349,365,374,-1,374,365,367,-1,306,329,302,-1,302,329,358,-1,302,358,375,-1,375,358,370,-1,375,370,376,-1,376,370,369,-1,315,317,377,-1,377,317,378,-1,377,378,215,-1,215,378,379,-1,215,379,223,-1,380,381,382,-1,382,381,383,-1,382,383,384,-1,385,386,387,-1,388,389,390,-1,390,389,391,-1,390,391,392,-1,392,391,393,-1,392,393,394,-1,384,383,395,-1,395,383,396,-1,395,396,390,-1,390,396,397,-1,390,397,388,-1,394,393,386,-1,386,393,398,-1,386,398,399,-1,385,387,400,-1,399,401,386,-1,386,401,402,-1,386,402,403,-1,403,404,386,-1,386,404,405,-1,386,405,387,-1,387,406,407,-1,407,408,387,-1,387,408,409,-1,387,409,400,-1,39,209,38,-1,38,209,208,-1,38,208,410,-1,410,208,411,-1,410,411,412,-1,412,411,413,-1,412,413,414,-1,414,413,415,-1,414,415,416,-1,416,415,417,-1,416,417,418,-1,418,417,419,-1,418,419,420,-1,420,419,380,-1,420,380,421,-1,421,380,382,-1,125,123,265,-1,265,123,266,-1,267,266,122,-1,122,266,123,-1,290,267,124,-1,124,267,122,-1,240,214,72,-1,72,214,73,-1,422,423,424,-1,424,423,425,-1,424,425,426,-1,426,425,427,-1,426,427,428,-1,428,427,429,-1,428,429,430,-1,430,429,431,-1,430,431,432,-1,432,431,433,-1,432,433,434,-1,434,433,435,-1,434,435,183,-1,183,435,366,-1,183,366,191,-1,191,366,365,-1,436,437,438,-1,438,437,439,-1,440,441,439,-1,442,443,444,-1,437,425,439,-1,439,425,423,-1,439,423,445,-1,438,446,436,-1,436,446,442,-1,436,442,447,-1,447,442,444,-1,445,448,439,-1,439,448,449,-1,439,449,440,-1,181,374,182,-1,182,374,367,-1,182,367,450,-1,450,367,451,-1,450,451,452,-1,452,451,453,-1,452,453,454,-1,454,453,455,-1,454,455,456,-1,456,455,457,-1,456,457,458,-1,458,457,459,-1,458,459,460,-1,460,459,437,-1,460,437,461,-1,461,437,436,-1,375,376,166,-1,166,376,136,-1,151,135,334,-1,334,135,332,-1,333,332,134,-1,134,332,135,-1,335,333,133,-1,133,333,134,-1,462,463,464,-1,464,463,465,-1,464,465,466,-1,466,465,467,-1,466,467,468,-1,468,467,469,-1,468,469,470,-1,470,469,471,-1,470,471,472,-1,472,471,473,-1,472,473,474,-1,474,473,475,-1,474,475,26,-1,26,475,250,-1,26,250,27,-1,27,250,249,-1,476,477,478,-1,479,480,477,-1,477,480,481,-1,477,481,478,-1,482,483,465,-1,478,484,476,-1,476,484,485,-1,476,485,486,-1,486,485,487,-1,486,487,488,-1,483,489,465,-1,465,489,490,-1,465,490,477,-1,477,490,491,-1,477,491,479,-1,492,493,494,-1,494,493,495,-1,494,495,496,-1,496,495,497,-1,498,499,497,-1,497,499,500,-1,497,500,496,-1,501,502,492,-1,492,502,503,-1,492,503,504,-1,488,487,497,-1,497,487,505,-1,497,505,498,-1,506,507,463,-1,463,507,508,-1,463,508,465,-1,465,508,509,-1,465,509,482,-1,510,511,512,-1,512,511,513,-1,512,513,514,-1,463,515,506,-1,506,515,516,-1,506,516,517,-1,517,516,512,-1,517,512,518,-1,518,512,514,-1,519,520,521,-1,494,522,492,-1,492,522,523,-1,492,523,524,-1,503,525,504,-1,504,525,519,-1,504,519,526,-1,526,519,521,-1,512,527,510,-1,510,527,528,-1,510,528,529,-1,529,528,530,-1,529,530,531,-1,531,530,532,-1,524,533,492,-1,492,533,534,-1,492,534,501,-1,535,536,537,-1,537,536,538,-1,537,538,539,-1,540,541,530,-1,530,541,542,-1,530,542,532,-1,538,543,539,-1,539,543,544,-1,539,544,530,-1,530,544,545,-1,530,545,540,-1,145,303,25,-1,25,303,246,-1,25,246,546,-1,546,246,547,-1,546,547,548,-1,548,547,549,-1,548,549,550,-1,550,549,551,-1,550,551,552,-1,552,551,553,-1,552,553,554,-1,554,553,555,-1,554,555,556,-1,556,555,477,-1,556,477,557,-1,557,477,476,-1,162,160,346,-1,346,160,344,-1,345,344,159,-1,159,344,160,-1,347,345,161,-1,161,345,159,-1,379,378,184,-1,184,378,185,-1,558,559,560,-1,560,559,561,-1,560,561,562,-1,562,561,563,-1,562,563,564,-1,564,563,565,-1,564,565,566,-1,566,565,567,-1,566,567,568,-1,568,567,569,-1,568,569,570,-1,570,569,571,-1,570,571,132,-1,132,571,339,-1,132,339,150,-1,150,339,341,-1,572,561,559,-1,573,574,559,-1,575,576,577,-1,559,574,572,-1,572,574,578,-1,572,578,579,-1,579,578,580,-1,579,580,581,-1,581,582,579,-1,579,582,583,-1,579,583,584,-1,575,577,559,-1,559,577,585,-1,559,585,573,-1,130,342,131,-1,131,342,340,-1,131,340,586,-1,586,340,587,-1,586,587,588,-1,588,587,589,-1,588,589,590,-1,590,589,591,-1,590,591,592,-1,592,591,593,-1,592,593,594,-1,594,593,595,-1,594,595,596,-1,596,595,572,-1,596,572,597,-1,597,572,579,-1,262,261,46,-1,46,261,49,-1,108,79,324,-1,324,79,322,-1,323,322,78,-1,78,322,79,-1,325,323,77,-1,77,323,78,-1,598,599,600,-1,600,599,601,-1,600,601,602,-1,602,601,603,-1,602,603,604,-1,604,603,605,-1,604,605,606,-1,606,605,607,-1,606,607,608,-1,608,607,609,-1,608,609,610,-1,610,609,611,-1,610,611,8,-1,8,611,193,-1,8,193,9,-1,9,193,192,-1,612,613,614,-1,614,613,615,-1,614,615,616,-1,616,615,617,-1,616,617,618,-1,619,601,620,-1,620,601,599,-1,599,621,620,-1,620,621,616,-1,620,616,622,-1,622,616,618,-1,623,624,625,-1,625,624,626,-1,614,627,612,-1,612,627,628,-1,612,628,629,-1,629,628,630,-1,629,630,631,-1,631,630,632,-1,623,633,624,-1,624,633,634,-1,624,634,635,-1,636,637,630,-1,630,637,638,-1,630,638,632,-1,626,624,630,-1,630,624,639,-1,630,639,636,-1,12,234,7,-1,7,234,194,-1,7,194,640,-1,640,194,641,-1,640,641,642,-1,642,641,643,-1,642,643,644,-1,644,643,645,-1,644,645,646,-1,646,645,647,-1,646,647,648,-1,648,647,649,-1,648,649,650,-1,650,649,619,-1,650,619,651,-1,651,619,620,-1,288,264,83,-1,83,264,84,-1,80,113,255,-1,255,113,256,-1,129,34,230,-1,230,34,293,-1,294,361,99,-1,99,361,98,-1,237,236,75,-1,75,236,106,-1,652,383,653,-1,653,383,381,-1,653,381,654,-1,654,381,655,-1,654,655,656,-1,656,655,657,-1,656,657,658,-1,658,657,659,-1,658,659,660,-1,660,659,661,-1,660,661,662,-1,662,661,663,-1,662,663,36,-1,36,663,207,-1,36,207,37,-1,37,207,212,-1,44,50,226,-1,226,50,215,-1,119,231,33,-1,33,231,229,-1,69,71,273,-1,273,71,274,-1,372,355,156,-1,156,355,157,-1,355,354,157,-1,157,354,158,-1,180,158,353,-1,353,158,354,-1,69,273,167,-1,167,273,272,-1,167,272,168,-1,168,272,213,-1,168,213,169,-1,169,213,242,-1,169,242,170,-1,170,242,352,-1,170,352,171,-1,171,352,370,-1,171,370,172,-1,172,370,358,-1,172,358,173,-1,173,358,357,-1,173,357,174,-1,174,357,356,-1,174,356,176,-1,176,356,331,-1,176,331,189,-1,189,331,330,-1,189,330,178,-1,178,330,309,-1,178,309,156,-1,156,309,372,-1,186,305,89,-1,89,305,319,-1,89,319,58,-1,58,319,318,-1,58,318,57,-1,57,318,316,-1,57,316,23,-1,23,316,315,-1,23,315,24,-1,24,315,377,-1,24,377,50,-1,50,377,215,-1,180,353,179,-1,179,353,371,-1,179,371,177,-1,177,371,308,-1,177,308,188,-1,188,308,307,-1,188,307,175,-1,175,307,329,-1,175,329,187,-1,187,329,306,-1,187,306,186,-1,186,306,305,-1,44,226,45,-1,45,226,219,-1,45,219,47,-1,47,219,218,-1,47,218,48,-1,48,218,285,-1,48,285,117,-1,117,285,254,-1,117,254,118,-1,118,254,232,-1,118,232,119,-1,119,232,231,-1,1,0,35,-1,35,0,279,-1,35,279,66,-1,66,279,278,-1,66,278,64,-1,64,278,277,-1,64,277,14,-1,14,277,276,-1,14,276,15,-1,15,276,275,-1,15,275,71,-1,71,275,274,-1,80,255,81,-1,81,255,253,-1,81,253,82,-1,82,253,252,-1,82,252,114,-1,114,252,287,-1,114,287,115,-1,115,287,286,-1,115,286,116,-1,116,286,289,-1,116,289,83,-1,83,289,288,-1,84,264,85,-1,85,264,263,-1,85,263,20,-1,20,263,314,-1,20,314,21,-1,21,314,313,-1,21,313,10,-1,10,313,311,-1,10,311,11,-1,11,311,310,-1,11,310,12,-1,12,310,234,-1,9,192,41,-1,41,192,235,-1,41,235,42,-1,42,235,205,-1,42,205,43,-1,43,205,204,-1,43,204,4,-1,4,204,328,-1,4,328,5,-1,5,328,327,-1,5,327,77,-1,77,327,325,-1,108,324,109,-1,109,324,326,-1,109,326,110,-1,110,326,206,-1,110,206,6,-1,6,206,233,-1,6,233,86,-1,86,233,312,-1,86,312,19,-1,19,312,217,-1,19,217,46,-1,46,217,262,-1,49,261,22,-1,22,261,260,-1,22,260,56,-1,56,260,216,-1,56,216,53,-1,53,216,202,-1,53,202,51,-1,51,202,201,-1,51,201,149,-1,149,201,343,-1,149,343,130,-1,130,343,342,-1,150,341,52,-1,52,341,203,-1,52,203,54,-1,54,203,225,-1,54,225,55,-1,55,225,251,-1,55,251,87,-1,87,251,224,-1,87,224,88,-1,88,224,223,-1,88,223,184,-1,184,223,379,-1,185,378,120,-1,120,378,317,-1,120,317,121,-1,121,317,320,-1,121,320,91,-1,91,320,298,-1,91,298,92,-1,92,298,300,-1,92,300,163,-1,163,300,348,-1,163,348,161,-1,161,348,347,-1,162,346,164,-1,164,346,299,-1,164,299,165,-1,165,299,297,-1,165,297,90,-1,90,297,296,-1,90,296,143,-1,143,296,321,-1,143,321,144,-1,144,321,304,-1,144,304,145,-1,145,304,303,-1,27,249,28,-1,28,249,248,-1,28,248,29,-1,29,248,247,-1,29,247,30,-1,30,247,243,-1,30,243,61,-1,61,243,338,-1,61,338,59,-1,59,338,337,-1,59,337,133,-1,133,337,335,-1,151,334,152,-1,152,334,336,-1,152,336,153,-1,153,336,245,-1,153,245,60,-1,60,245,244,-1,60,244,62,-1,62,244,301,-1,62,301,63,-1,63,301,302,-1,63,302,166,-1,166,302,375,-1,136,376,137,-1,137,376,369,-1,137,369,138,-1,138,369,368,-1,138,368,154,-1,154,368,351,-1,154,351,141,-1,141,351,350,-1,141,350,190,-1,190,350,349,-1,190,349,181,-1,181,349,374,-1,191,365,139,-1,139,365,373,-1,139,373,140,-1,140,373,282,-1,140,282,142,-1,142,282,281,-1,142,281,155,-1,155,281,280,-1,155,280,70,-1,70,280,241,-1,70,241,72,-1,72,241,240,-1,73,214,13,-1,13,214,197,-1,13,197,103,-1,103,197,239,-1,103,239,17,-1,17,239,200,-1,17,200,18,-1,18,200,292,-1,18,292,126,-1,126,292,291,-1,126,291,124,-1,124,291,290,-1,125,265,127,-1,127,265,199,-1,127,199,128,-1,128,199,198,-1,128,198,16,-1,16,198,222,-1,16,222,76,-1,76,222,221,-1,76,221,40,-1,40,221,220,-1,40,220,39,-1,39,220,209,-1,37,212,101,-1,101,212,211,-1,101,211,102,-1,102,211,210,-1,102,210,104,-1,104,210,196,-1,104,196,105,-1,105,196,195,-1,105,195,74,-1,74,195,238,-1,74,238,75,-1,75,238,237,-1,106,236,107,-1,107,236,271,-1,107,271,65,-1,65,271,270,-1,65,270,67,-1,67,270,269,-1,67,269,68,-1,68,269,268,-1,68,268,100,-1,100,268,295,-1,100,295,99,-1,99,295,294,-1,256,113,148,-1,256,148,258,-1,258,148,147,-1,258,147,259,-1,259,147,146,-1,259,146,283,-1,283,146,112,-1,283,112,284,-1,284,112,111,-1,284,111,257,-1,257,111,129,-1,257,129,230,-1,293,34,97,-1,293,97,359,-1,359,97,93,-1,359,93,362,-1,362,93,95,-1,362,95,363,-1,363,95,96,-1,363,96,364,-1,364,96,94,-1,364,94,360,-1,360,94,98,-1,360,98,361,-1,
        ]
    }
}
Shape{
    appearance Appearance {
        material  Material 	{
            diffuseColor 1.0 1.0 1.0
            specularColor 0.8784313725490196 0.8784313725490196 0.8784313725490196
            ambientIntensity 1.0
            transparency 0.0
            shininess 0.5
        }
    }
    geometry IndexedFaceSet {
        ccw TRUE
        solid FALSE
        coord DEF co Coordinate {
            point [
                -0.8858 -0.2945 0.4409, -0.8858 -0.4913 0.4409, -0.9252 -0.2945 0.4409, -0.9252 -0.4913 0.4409, -0.8858 -0.5066 0.443, -0.8858 -0.5504 0.5, -0.8858 -0.5504 0.5984, -0.8858 -0.5425 0.4705, -0.8858 -0.5331 0.4582, -0.8858 -0.5209 0.4489, -0.8858 -0.2354 0.5984, -0.8858 -0.2354 0.5, -0.8858 -0.5484 0.4847, -0.8858 -0.2527 0.4582, -0.8858 -0.265 0.4489, -0.8858 -0.2792 0.443, -0.8858 -0.2433 0.4705, -0.8858 -0.2374 0.4847, 0.9252 -0.2945 0.4409, 0.9252 -0.4913 0.4409, 0.8858 -0.2945 0.4409, 0.8858 -0.4913 0.4409, 0.8858 -0.5504 0.5984, 0.8858 -0.2354 0.5984, 0.8858 -0.5504 0.5, 0.8858 -0.2354 0.5, 0.8858 -0.2374 0.4847, 0.8858 -0.2433 0.4705, 0.8858 -0.2527 0.4582, 0.8858 -0.265 0.4489, 0.8858 -0.2792 0.443, 0.8858 -0.5425 0.4705, 0.8858 -0.5066 0.443, 0.8858 -0.5331 0.4582, 0.8858 -0.5209 0.4489, 0.8858 -0.5484 0.4847
            ]
        }
        coordIndex [
            0,1,2,-1,2,1,3,-1,4,1,5,-1,5,1,6,-1,7,8,9,-1,6,1,10,-1,10,1,0,-1,10,0,11,-1,4,5,9,-1,9,5,12,-1,9,12,7,-1,13,0,14,-1,14,0,15,-1,13,16,0,-1,0,16,17,-1,0,17,11,-1,18,19,20,-1,20,19,21,-1,22,23,24,-1,24,23,25,-1,24,25,20,-1,20,25,26,-1,20,26,27,-1,27,28,20,-1,20,28,29,-1,20,29,30,-1,31,32,33,-1,33,32,34,-1,20,21,24,-1,24,21,32,-1,24,32,35,-1,35,32,31,-1,
        ]
    }
}
Shape{
    appearance Appearance {
        material  Material 	{
            diffuseColor 0.8509803921568627 0.8509803921568627 0.8509803921568627
            specularColor 0.4235294117647059 0.4235294117647059 0.4235294117647059
            ambientIntensity 0.851
            transparency 0.0
            shininess 0.5
        }
    }
    geometry IndexedFaceSet {
        ccw TRUE
        solid FALSE
        coord DEF co Coordinate {
            point [
                0.748 -1.0425 0.3622, 0.748 -1.0819 0.3622, 0.75 -1.0425 0.3469, 0.75 -1.0819 0.3469, 0.7559 -1.0425 0.3327, 0.7559 -1.0819 0.3327, 0.7653 -1.0425 0.3204, 0.7653 -1.0819 0.3204, 0.7776 -1.0425 0.3111, 0.7776 -1.0819 0.3111, 0.7918 -1.0425 0.3052, 0.7918 -1.0819 0.3052, 0.8071 -1.0425 0.3031, 0.8071 -1.0819 0.3031, 0.9055 -1.0425 0.3031, 0.9055 -1.0819 0.3031, 0.9106 -1.0819 0.3025, 0.9106 -1.0425 0.3025, 0.9154 -1.0819 0.3005, 0.9154 -1.0425 0.3005, 0.9194 -1.0819 0.2974, 0.9194 -1.0425 0.2974, 0.9226 -1.0819 0.2933, 0.9226 -1.0425 0.2933, 0.9245 -1.0819 0.2886, 0.9245 -1.0425 0.2886, 0.9252 -1.0819 0.2835, 0.9252 -1.0425 0.2835, 0.9252 -1.0425 0.1654, 0.9252 -1.0819 0.1654, 0.9245 -1.0819 0.1603, 0.9245 -1.0425 0.1603, 0.9226 -1.0819 0.1555, 0.9226 -1.0425 0.1555, 0.9194 -1.0819 0.1514, 0.9194 -1.0425 0.1514, 0.9154 -1.0819 0.1483, 0.9154 -1.0425 0.1483, 0.9106 -1.0819 0.1463, 0.9106 -1.0425 0.1463, 0.9055 -1.0819 0.1457, 0.9055 -1.0425 0.1457, 0.6299 -1.0425 0.1457, 0.6299 -1.0819 0.1457, 0.6146 -1.0819 0.1477, 0.6146 -1.0425 0.1477, 0.6004 -1.0819 0.1536, 0.6004 -1.0425 0.1536, 0.5882 -1.0819 0.163, 0.5882 -1.0425 0.163, 0.5788 -1.0819 0.1752, 0.5788 -1.0425 0.1752, 0.5729 -1.0819 0.1894, 0.5729 -1.0425 0.1894, 0.5709 -1.0819 0.2047, 0.5709 -1.0425 0.2047, 0.5709 -1.0425 0.3819, 0.5709 -1.0819 0.3819, 0.5689 -1.0425 0.3972, 0.5689 -1.0819 0.3972, 0.563 -1.0425 0.4114, 0.563 -1.0819 0.4114, 0.5536 -1.0425 0.4236, 0.5536 -1.0819 0.4236, 0.5413 -1.0425 0.433, 0.5413 -1.0819 0.433, 0.5271 -1.0425 0.4389, 0.5271 -1.0819 0.4389, 0.5118 -1.0425 0.4409, 0.5118 -1.0819 0.4409, -0.5118 -1.0425 0.4409, -0.5118 -1.0819 0.4409, -0.5271 -1.0425 0.4389, -0.5271 -1.0819 0.4389, -0.5413 -1.0425 0.433, -0.5413 -1.0819 0.433, -0.5536 -1.0425 0.4236, -0.5536 -1.0819 0.4236, -0.563 -1.0425 0.4114, -0.563 -1.0819 0.4114, -0.5689 -1.0425 0.3972, -0.5689 -1.0819 0.3972, -0.5709 -1.0425 0.3819, -0.5709 -1.0819 0.3819, -0.5709 -1.0425 0.2047, -0.5709 -1.0819 0.2047, -0.5729 -1.0819 0.1894, -0.5729 -1.0425 0.1894, -0.5788 -1.0819 0.1752, -0.5788 -1.0425 0.1752, -0.5882 -1.0819 0.163, -0.5882 -1.0425 0.163, -0.6004 -1.0819 0.1536, -0.6004 -1.0425 0.1536, -0.6146 -1.0819 0.1477, -0.6146 -1.0425 0.1477, -0.6299 -1.0819 0.1457, -0.6299 -1.0425 0.1457, -0.9055 -1.0425 0.1457, -0.9055 -1.0819 0.1457, -0.9106 -1.0819 0.1463, -0.9106 -1.0425 0.1463, -0.9154 -1.0819 0.1483, -0.9154 -1.0425 0.1483, -0.9194 -1.0819 0.1514, -0.9194 -1.0425 0.1514, -0.9226 -1.0819 0.1555, -0.9226 -1.0425 0.1555, -0.9245 -1.0819 0.1603, -0.9245 -1.0425 0.1603, -0.9252 -1.0819 0.1654, -0.9252 -1.0425 0.1654, -0.9252 -1.0425 0.2835, -0.9252 -1.0819 0.2835, -0.9245 -1.0819 0.2886, -0.9245 -1.0425 0.2886, -0.9226 -1.0819 0.2933, -0.9226 -1.0425 0.2933, -0.9194 -1.0819 0.2974, -0.9194 -1.0425 0.2974, -0.9154 -1.0819 0.3005, -0.9154 -1.0425 0.3005, -0.9106 -1.0819 0.3025, -0.9106 -1.0425 0.3025, -0.9055 -1.0819 0.3031, -0.9055 -1.0425 0.3031, -0.8071 -1.0425 0.3031, -0.8071 -1.0819 0.3031, -0.7918 -1.0425 0.3052, -0.7918 -1.0819 0.3052, -0.7776 -1.0425 0.3111, -0.7776 -1.0819 0.3111, -0.7653 -1.0425 0.3204, -0.7653 -1.0819 0.3204, -0.7559 -1.0425 0.3327, -0.7559 -1.0819 0.3327, -0.75 -1.0425 0.3469, -0.75 -1.0819 0.3469, -0.748 -1.0425 0.3622, -0.748 -1.0819 0.3622, 0.748 -1.0425 0.5984, -0.748 -1.0425 0.5984, 0.5709 0.2567 0.2047, 0.5709 0.2961 0.2047, 0.5729 0.2961 0.1894, 0.5729 0.2567 0.1894, 0.5788 0.2961 0.1752, 0.5788 0.2567 0.1752, 0.5882 0.2961 0.163, 0.5882 0.2567 0.163, 0.6004 0.2961 0.1536, 0.6004 0.2567 0.1536, 0.6146 0.2961 0.1477, 0.6146 0.2567 0.1477, 0.6299 0.2961 0.1457, 0.6299 0.2567 0.1457, 0.9055 0.2567 0.1457, 0.9055 0.2961 0.1457, 0.9106 0.2961 0.1463, 0.9106 0.2567 0.1463, 0.9154 0.2961 0.1483, 0.9154 0.2567 0.1483, 0.9194 0.2961 0.1514, 0.9194 0.2567 0.1514, 0.9226 0.2961 0.1555, 0.9226 0.2567 0.1555, 0.9245 0.2961 0.1603, 0.9245 0.2567 0.1603, 0.9252 0.2961 0.1654, 0.9252 0.2567 0.1654, 0.9252 0.2567 0.2835, 0.9252 0.2961 0.2835, 0.9245 0.2961 0.2886, 0.9245 0.2567 0.2886, 0.9226 0.2961 0.2933, 0.9226 0.2567 0.2933, 0.9194 0.2961 0.2974, 0.9194 0.2567 0.2974, 0.9154 0.2961 0.3005, 0.9154 0.2567 0.3005, 0.9106 0.2961 0.3025, 0.9106 0.2567 0.3025, 0.9055 0.2961 0.3031, 0.9055 0.2567 0.3031, 0.8071 0.2567 0.3031, 0.8071 0.2961 0.3031, 0.7918 0.2567 0.3052, 0.7918 0.2961 0.3052, 0.7776 0.2567 0.3111, 0.7776 0.2961 0.3111, 0.7653 0.2567 0.3204, 0.7653 0.2961 0.3204, 0.7559 0.2567 0.3327, 0.7559 0.2961 0.3327, 0.75 0.2567 0.3469, 0.75 0.2961 0.3469, 0.748 0.2567 0.3622, 0.748 0.2961 0.3622, 0.748 0.2567 0.5984, 0.5709 0.2567 0.5984, -0.748 0.2567 0.3622, -0.748 0.2961 0.3622, -0.75 0.2567 0.3469, -0.75 0.2961 0.3469, -0.7559 0.2567 0.3327, -0.7559 0.2961 0.3327, -0.7653 0.2567 0.3204, -0.7653 0.2961 0.3204, -0.7776 0.2567 0.3111, -0.7776 0.2961 0.3111, -0.7918 0.2567 0.3052, -0.7918 0.2961 0.3052, -0.8071 0.2567 0.3031, -0.8071 0.2961 0.3031, -0.9055 0.2567 0.3031, -0.9055 0.2961 0.3031, -0.9106 0.2961 0.3025, -0.9106 0.2567 0.3025, -0.9154 0.2961 0.3005, -0.9154 0.2567 0.3005, -0.9194 0.2961 0.2974, -0.9194 0.2567 0.2974, -0.9226 0.2961 0.2933, -0.9226 0.2567 0.2933, -0.9245 0.2961 0.2886, -0.9245 0.2567 0.2886, -0.9252 0.2961 0.2835, -0.9252 0.2567 0.2835, -0.9252 0.2567 0.1654, -0.9252 0.2961 0.1654, -0.9245 0.2961 0.1603, -0.9245 0.2567 0.1603, -0.9226 0.2961 0.1555, -0.9226 0.2567 0.1555, -0.9194 0.2961 0.1514, -0.9194 0.2567 0.1514, -0.9154 0.2961 0.1483, -0.9154 0.2567 0.1483, -0.9106 0.2961 0.1463, -0.9106 0.2567 0.1463, -0.9055 0.2961 0.1457, -0.9055 0.2567 0.1457, -0.6299 0.2567 0.1457, -0.6299 0.2961 0.1457, -0.6146 0.2961 0.1477, -0.6146 0.2567 0.1477, -0.6004 0.2961 0.1536, -0.6004 0.2567 0.1536, -0.5882 0.2961 0.163, -0.5882 0.2567 0.163, -0.5788 0.2961 0.1752, -0.5788 0.2567 0.1752, -0.5729 0.2961 0.1894, -0.5729 0.2567 0.1894, -0.5709 0.2961 0.2047, -0.5709 0.2567 0.2047, -0.5709 0.2567 0.5984, -0.748 0.2567 0.5984, 0.8858 -0.2354 0.5, 0.9252 -0.2354 0.5, 0.9252 -0.2374 0.4847, 0.8858 -0.2374 0.4847, 0.9252 -0.2433 0.4705, 0.8858 -0.2433 0.4705, 0.9252 -0.2527 0.4582, 0.8858 -0.2527 0.4582, 0.9252 -0.265 0.4489, 0.8858 -0.265 0.4489, 0.9252 -0.2792 0.443, 0.8858 -0.2792 0.443, 0.9252 -0.2945 0.4409, 0.8858 -0.2945 0.4409, 0.8858 -0.4913 0.4409, 0.9252 -0.4913 0.4409, 0.9252 -0.5066 0.443, 0.8858 -0.5066 0.443, 0.9252 -0.5209 0.4489, 0.8858 -0.5209 0.4489, 0.9252 -0.5331 0.4582, 0.8858 -0.5331 0.4582, 0.9252 -0.5425 0.4705, 0.8858 -0.5425 0.4705, 0.9252 -0.5484 0.4847, 0.8858 -0.5484 0.4847, 0.9252 -0.5504 0.5, 0.8858 -0.5504 0.5, -0.9252 -0.2354 0.5, -0.8858 -0.2354 0.5, -0.8858 -0.2374 0.4847, -0.9252 -0.2374 0.4847, -0.8858 -0.2433 0.4705, -0.9252 -0.2433 0.4705, -0.8858 -0.2527 0.4582, -0.9252 -0.2527 0.4582, -0.8858 -0.265 0.4489, -0.9252 -0.265 0.4489, -0.8858 -0.2792 0.443, -0.9252 -0.2792 0.443, -0.8858 -0.2945 0.4409, -0.9252 -0.2945 0.4409, -0.9252 -0.4913 0.4409, -0.8858 -0.4913 0.4409, -0.8858 -0.5066 0.443, -0.9252 -0.5066 0.443, -0.8858 -0.5209 0.4489, -0.9252 -0.5209 0.4489, -0.8858 -0.5331 0.4582, -0.9252 -0.5331 0.4582, -0.8858 -0.5425 0.4705, -0.9252 -0.5425 0.4705, -0.8858 -0.5484 0.4847, -0.9252 -0.5484 0.4847, -0.8858 -0.5504 0.5, -0.9252 -0.5504 0.5, 0.8661 -0.2354 0.6575, 0.8661 -0.5504 0.6575, 0.8814 -0.5504 0.6555, 0.8814 -0.2354 0.6555, 0.8957 -0.5504 0.6496, 0.8957 -0.2354 0.6496, 0.9079 -0.5504 0.6402, 0.9079 -0.2354 0.6402, 0.9173 -0.5504 0.6279, 0.9173 -0.2354 0.6279, 0.9232 -0.5504 0.6137, 0.9232 -0.2354 0.6137, 0.9252 -0.5504 0.5984, 0.9252 -0.2354 0.5984, 0.5709 0.237 0.6575, 0.748 0.237 0.6575, 0.748 0.2523 0.6555, 0.5709 0.2523 0.6555, 0.748 0.2665 0.6496, 0.5709 0.2665 0.6496, 0.748 0.2788 0.6402, 0.5709 0.2788 0.6402, 0.748 0.2882 0.6279, 0.5709 0.2882 0.6279, 0.748 0.2941 0.6137, 0.5709 0.2941 0.6137, 0.748 0.2961 0.5984, 0.5709 0.2961 0.5984, -0.748 0.237 0.6575, -0.5709 0.237 0.6575, -0.5709 0.2523 0.6555, -0.748 0.2523 0.6555, -0.5709 0.2665 0.6496, -0.748 0.2665 0.6496, -0.5709 0.2788 0.6402, -0.748 0.2788 0.6402, -0.5709 0.2882 0.6279, -0.748 0.2882 0.6279, -0.5709 0.2941 0.6137, -0.748 0.2941 0.6137, -0.5709 0.2961 0.5984, -0.748 0.2961 0.5984, -0.8661 -0.5504 0.6575, -0.8661 -0.2354 0.6575, -0.8814 -0.2354 0.6555, -0.8814 -0.5504 0.6555, -0.8957 -0.2354 0.6496, -0.8957 -0.5504 0.6496, -0.9079 -0.2354 0.6402, -0.9079 -0.5504 0.6402, -0.9173 -0.2354 0.6279, -0.9173 -0.5504 0.6279, -0.9232 -0.2354 0.6137, -0.9232 -0.5504 0.6137, -0.9252 -0.2354 0.5984, -0.9252 -0.5504 0.5984, 0.748 -1.0228 0.6575, -0.748 -1.0228 0.6575, -0.748 -1.0381 0.6555, 0.748 -1.0381 0.6555, -0.748 -1.0524 0.6496, 0.748 -1.0524 0.6496, -0.748 -1.0646 0.6402, 0.748 -1.0646 0.6402, -0.748 -1.074 0.6279, 0.748 -1.074 0.6279, -0.748 -1.0799 0.6137, 0.748 -1.0799 0.6137, -0.748 -1.0819 0.5984, 0.748 -1.0819 0.5984
            ]
        }
        coordIndex [
            0,1,2,-1,2,1,3,-1,2,3,4,-1,4,3,5,-1,4,5,6,-1,6,5,7,-1,6,7,8,-1,8,7,9,-1,8,9,10,-1,10,9,11,-1,10,11,12,-1,12,11,13,-1,14,12,15,-1,15,12,13,-1,14,15,16,-1,14,16,17,-1,17,16,18,-1,17,18,19,-1,19,18,20,-1,19,20,21,-1,21,20,22,-1,21,22,23,-1,23,22,24,-1,23,24,25,-1,25,24,26,-1,25,26,27,-1,28,27,29,-1,29,27,26,-1,28,29,30,-1,28,30,31,-1,31,30,32,-1,31,32,33,-1,33,32,34,-1,33,34,35,-1,35,34,36,-1,35,36,37,-1,37,36,38,-1,37,38,39,-1,39,38,40,-1,39,40,41,-1,42,41,43,-1,43,41,40,-1,42,43,44,-1,42,44,45,-1,45,44,46,-1,45,46,47,-1,47,46,48,-1,47,48,49,-1,49,48,50,-1,49,50,51,-1,51,50,52,-1,51,52,53,-1,53,52,54,-1,53,54,55,-1,56,55,57,-1,57,55,54,-1,56,57,58,-1,58,57,59,-1,58,59,60,-1,60,59,61,-1,60,61,62,-1,62,61,63,-1,62,63,64,-1,64,63,65,-1,64,65,66,-1,66,65,67,-1,66,67,68,-1,68,67,69,-1,70,68,71,-1,71,68,69,-1,70,71,72,-1,72,71,73,-1,72,73,74,-1,74,73,75,-1,74,75,76,-1,76,75,77,-1,76,77,78,-1,78,77,79,-1,78,79,80,-1,80,79,81,-1,80,81,82,-1,82,81,83,-1,84,82,85,-1,85,82,83,-1,84,85,86,-1,84,86,87,-1,87,86,88,-1,87,88,89,-1,89,88,90,-1,89,90,91,-1,91,90,92,-1,91,92,93,-1,93,92,94,-1,93,94,95,-1,95,94,96,-1,95,96,97,-1,98,97,99,-1,99,97,96,-1,98,99,100,-1,98,100,101,-1,101,100,102,-1,101,102,103,-1,103,102,104,-1,103,104,105,-1,105,104,106,-1,105,106,107,-1,107,106,108,-1,107,108,109,-1,109,108,110,-1,109,110,111,-1,112,111,113,-1,113,111,110,-1,112,113,114,-1,112,114,115,-1,115,114,116,-1,115,116,117,-1,117,116,118,-1,117,118,119,-1,119,118,120,-1,119,120,121,-1,121,120,122,-1,121,122,123,-1,123,122,124,-1,123,124,125,-1,126,125,127,-1,127,125,124,-1,126,127,128,-1,128,127,129,-1,128,129,130,-1,130,129,131,-1,130,131,132,-1,132,131,133,-1,132,133,134,-1,134,133,135,-1,134,135,136,-1,136,135,137,-1,136,137,138,-1,138,137,139,-1,140,62,64,-1,141,72,74,-1,64,66,140,-1,140,66,68,-1,140,68,141,-1,141,68,70,-1,141,70,72,-1,49,51,6,-1,6,51,53,-1,6,53,4,-1,4,53,55,-1,4,55,2,-1,2,55,56,-1,2,56,0,-1,0,56,58,-1,0,58,140,-1,140,58,60,-1,140,60,62,-1,42,45,6,-1,6,45,47,-1,6,47,49,-1,125,126,98,-1,12,28,31,-1,98,126,97,-1,74,76,141,-1,141,76,78,-1,141,78,138,-1,28,12,27,-1,27,12,14,-1,27,14,17,-1,126,128,97,-1,97,128,130,-1,97,130,95,-1,95,130,132,-1,95,132,93,-1,93,132,91,-1,23,25,21,-1,21,25,27,-1,21,27,19,-1,19,27,17,-1,31,33,12,-1,12,33,35,-1,12,35,37,-1,109,111,98,-1,115,117,125,-1,78,80,138,-1,138,80,82,-1,138,82,136,-1,136,82,84,-1,136,84,134,-1,134,84,87,-1,134,87,132,-1,132,87,89,-1,132,89,91,-1,6,8,42,-1,42,8,10,-1,42,10,41,-1,41,10,12,-1,41,12,39,-1,39,12,37,-1,98,111,125,-1,125,111,112,-1,125,112,115,-1,98,101,103,-1,117,119,125,-1,125,119,121,-1,125,121,123,-1,103,105,98,-1,98,105,107,-1,98,107,109,-1,142,143,144,-1,142,144,145,-1,145,144,146,-1,145,146,147,-1,147,146,148,-1,147,148,149,-1,149,148,150,-1,149,150,151,-1,151,150,152,-1,151,152,153,-1,153,152,154,-1,153,154,155,-1,156,155,157,-1,157,155,154,-1,156,157,158,-1,156,158,159,-1,159,158,160,-1,159,160,161,-1,161,160,162,-1,161,162,163,-1,163,162,164,-1,163,164,165,-1,165,164,166,-1,165,166,167,-1,167,166,168,-1,167,168,169,-1,170,169,171,-1,171,169,168,-1,170,171,172,-1,170,172,173,-1,173,172,174,-1,173,174,175,-1,175,174,176,-1,175,176,177,-1,177,176,178,-1,177,178,179,-1,179,178,180,-1,179,180,181,-1,181,180,182,-1,181,182,183,-1,184,183,185,-1,185,183,182,-1,184,185,186,-1,186,185,187,-1,186,187,188,-1,188,187,189,-1,188,189,190,-1,190,189,191,-1,190,191,192,-1,192,191,193,-1,192,193,194,-1,194,193,195,-1,194,195,196,-1,196,195,197,-1,167,169,184,-1,184,169,170,-1,184,170,183,-1,183,170,181,-1,190,153,188,-1,188,153,155,-1,188,155,186,-1,192,149,190,-1,190,149,151,-1,190,151,153,-1,159,161,184,-1,170,173,175,-1,142,145,192,-1,192,145,147,-1,192,147,149,-1,198,199,196,-1,196,199,142,-1,196,142,194,-1,194,142,192,-1,186,155,184,-1,184,155,156,-1,184,156,159,-1,161,163,184,-1,184,163,165,-1,184,165,167,-1,175,177,170,-1,170,177,179,-1,170,179,181,-1,200,201,202,-1,202,201,203,-1,202,203,204,-1,204,203,205,-1,204,205,206,-1,206,205,207,-1,206,207,208,-1,208,207,209,-1,208,209,210,-1,210,209,211,-1,210,211,212,-1,212,211,213,-1,214,212,215,-1,215,212,213,-1,214,215,216,-1,214,216,217,-1,217,216,218,-1,217,218,219,-1,219,218,220,-1,219,220,221,-1,221,220,222,-1,221,222,223,-1,223,222,224,-1,223,224,225,-1,225,224,226,-1,225,226,227,-1,228,227,229,-1,229,227,226,-1,228,229,230,-1,228,230,231,-1,231,230,232,-1,231,232,233,-1,233,232,234,-1,233,234,235,-1,235,234,236,-1,235,236,237,-1,237,236,238,-1,237,238,239,-1,239,238,240,-1,239,240,241,-1,242,241,243,-1,243,241,240,-1,242,243,244,-1,242,244,245,-1,245,244,246,-1,245,246,247,-1,247,246,248,-1,247,248,249,-1,249,248,250,-1,249,250,251,-1,251,250,252,-1,251,252,253,-1,253,252,254,-1,253,254,255,-1,208,210,242,-1,256,257,255,-1,255,257,200,-1,242,210,241,-1,241,210,212,-1,241,212,239,-1,206,247,249,-1,208,242,206,-1,206,242,245,-1,206,245,247,-1,200,202,255,-1,255,202,204,-1,255,204,253,-1,253,204,206,-1,253,206,251,-1,251,206,249,-1,217,219,227,-1,233,212,231,-1,231,212,228,-1,233,235,212,-1,212,235,237,-1,212,237,239,-1,228,212,227,-1,227,212,214,-1,227,214,217,-1,219,221,227,-1,227,221,223,-1,227,223,225,-1,258,259,260,-1,258,260,261,-1,261,260,262,-1,261,262,263,-1,263,262,264,-1,263,264,265,-1,265,264,266,-1,265,266,267,-1,267,266,268,-1,267,268,269,-1,269,268,270,-1,269,270,271,-1,272,273,274,-1,272,274,275,-1,275,274,276,-1,275,276,277,-1,277,276,278,-1,277,278,279,-1,279,278,280,-1,279,280,281,-1,281,280,282,-1,281,282,283,-1,283,282,284,-1,283,284,285,-1,286,287,288,-1,286,288,289,-1,289,288,290,-1,289,290,291,-1,291,290,292,-1,291,292,293,-1,293,292,294,-1,293,294,295,-1,295,294,296,-1,295,296,297,-1,297,296,298,-1,297,298,299,-1,300,301,302,-1,300,302,303,-1,303,302,304,-1,303,304,305,-1,305,304,306,-1,305,306,307,-1,307,306,308,-1,307,308,309,-1,309,308,310,-1,309,310,311,-1,311,310,312,-1,311,312,313,-1,314,315,316,-1,314,316,317,-1,317,316,318,-1,317,318,319,-1,319,318,320,-1,319,320,321,-1,321,320,322,-1,321,322,323,-1,323,322,324,-1,323,324,325,-1,325,324,326,-1,325,326,327,-1,328,329,330,-1,328,330,331,-1,331,330,332,-1,331,332,333,-1,333,332,334,-1,333,334,335,-1,335,334,336,-1,335,336,337,-1,337,336,338,-1,337,338,339,-1,339,338,340,-1,339,340,341,-1,342,343,344,-1,342,344,345,-1,345,344,346,-1,345,346,347,-1,347,346,348,-1,347,348,349,-1,349,348,350,-1,349,350,351,-1,351,350,352,-1,351,352,353,-1,353,352,354,-1,353,354,355,-1,356,357,358,-1,356,358,359,-1,359,358,360,-1,359,360,361,-1,361,360,362,-1,361,362,363,-1,363,362,364,-1,363,364,365,-1,365,364,366,-1,365,366,367,-1,367,366,368,-1,367,368,369,-1,370,371,372,-1,370,372,373,-1,373,372,374,-1,373,374,375,-1,375,374,376,-1,375,376,377,-1,377,376,378,-1,377,378,379,-1,379,378,380,-1,379,380,381,-1,381,380,382,-1,381,382,383,-1,
        ]
    }
}
Shape{
    appearance Appearance {
        material  Material 	{
            diffuseColor 1.0 1.0 1.0
            specularColor 0.8784313725490196 0.8784313725490196 0.8784313725490196
            ambientIntensity 1.0
            transparency 0.0
            shininess 0.5
        }
    }
    geometry IndexedFaceSet {
        ccw TRUE
        solid FALSE
        coord DEF co Coordinate {
            point [
                -0.5709 0.237 0.6181, -0.748 0.237 0.6181, -0.5709 0.2421 0.6174, -0.748 0.2421 0.6174, -0.5709 0.2469 0.6155, -0.748 0.2469 0.6155, -0.5709 0.2509 0.6123, -0.748 0.2509 0.6123, -0.5709 0.2541 0.6083, -0.748 0.2541 0.6083, -0.5709 0.256 0.6035, -0.748 0.256 0.6035, -0.5709 0.2567 0.5984, -0.748 0.2567 0.5984, 0.5709 0.2567 0.5984, 0.748 0.2567 0.5984, 0.5709 0.256 0.6035, 0.748 0.256 0.6035, 0.5709 0.2541 0.6083, 0.748 0.2541 0.6083, 0.5709 0.2509 0.6123, 0.748 0.2509 0.6123, 0.5709 0.2469 0.6155, 0.748 0.2469 0.6155, 0.5709 0.2421 0.6174, 0.748 0.2421 0.6174, 0.5709 0.237 0.6181, 0.748 0.237 0.6181, 0.8661 -0.5504 0.6181, 0.8661 -0.2354 0.6181, 0.8712 -0.5504 0.6174, 0.8712 -0.2354 0.6174, 0.876 -0.5504 0.6155, 0.876 -0.2354 0.6155, 0.8801 -0.5504 0.6123, 0.8801 -0.2354 0.6123, 0.8832 -0.5504 0.6083, 0.8832 -0.2354 0.6083, 0.8852 -0.5504 0.6035, 0.8852 -0.2354 0.6035, 0.8858 -0.5504 0.5984, 0.8858 -0.2354 0.5984, -0.8858 -0.5504 0.5984, -0.8858 -0.2354 0.5984, -0.8852 -0.5504 0.6035, -0.8852 -0.2354 0.6035, -0.8832 -0.5504 0.6083, -0.8832 -0.2354 0.6083, -0.8801 -0.5504 0.6123, -0.8801 -0.2354 0.6123, -0.876 -0.5504 0.6155, -0.876 -0.2354 0.6155, -0.8712 -0.5504 0.6174, -0.8712 -0.2354 0.6174, -0.8661 -0.5504 0.6181, -0.8661 -0.2354 0.6181, 0.748 -1.0425 0.5984, -0.748 -1.0425 0.5984, 0.748 -1.0418 0.6035, -0.748 -1.0418 0.6035, 0.748 -1.0399 0.6083, -0.748 -1.0399 0.6083, 0.748 -1.0368 0.6123, -0.748 -1.0368 0.6123, 0.748 -1.0327 0.6155, -0.748 -1.0327 0.6155, 0.748 -1.0279 0.6174, -0.748 -1.0279 0.6174, 0.748 -1.0228 0.6181, -0.748 -1.0228 0.6181
            ]
        }
        coordIndex [
            0,1,2,-1,2,1,3,-1,2,3,4,-1,4,3,5,-1,4,5,6,-1,6,5,7,-1,6,7,8,-1,8,7,9,-1,8,9,10,-1,10,9,11,-1,10,11,12,-1,12,11,13,-1,14,15,16,-1,16,15,17,-1,16,17,18,-1,18,17,19,-1,18,19,20,-1,20,19,21,-1,20,21,22,-1,22,21,23,-1,22,23,24,-1,24,23,25,-1,24,25,26,-1,26,25,27,-1,28,29,30,-1,30,29,31,-1,30,31,32,-1,32,31,33,-1,32,33,34,-1,34,33,35,-1,34,35,36,-1,36,35,37,-1,36,37,38,-1,38,37,39,-1,38,39,40,-1,40,39,41,-1,42,43,44,-1,44,43,45,-1,44,45,46,-1,46,45,47,-1,46,47,48,-1,48,47,49,-1,48,49,50,-1,50,49,51,-1,50,51,52,-1,52,51,53,-1,52,53,54,-1,54,53,55,-1,56,57,58,-1,58,57,59,-1,58,59,60,-1,60,59,61,-1,60,61,62,-1,62,61,63,-1,62,63,64,-1,64,63,65,-1,64,65,66,-1,66,65,67,-1,66,67,68,-1,68,67,69,-1,
        ]
    }
}
Shape{
    appearance Appearance {
        material  Material 	{
            diffuseColor 0.8509803921568627 0.8509803921568627 0.8509803921568627
            specularColor 0.4235294117647059 0.4235294117647059 0.4235294117647059
            ambientIntensity 0.851
            transparency 0.0
            shininess 0.5
        }
    }
    geometry IndexedFaceSet {
        ccw TRUE
        solid FALSE
        coord DEF co Coordinate {
            point [
                0.1969 -0.5807 0.4432, 0.1969 -0.5989 0.4781, -0.1969 -0.5807 0.4432, -0.1969 -0.5989 0.4781, -0.1969 -0.2157 0.6575, -0.1969 -0.1173 0.6575, -0.1969 -0.2157 0.6181, -0.1969 -0.1173 0.6181, 0.1969 -0.2157 0.6181, 0.1969 -0.1173 0.6181, 0.1969 -0.2157 0.6575, 0.1969 -0.1173 0.6575, -0.1969 -0.2703 0.6048, -0.1969 -0.2885 0.6397, -0.1969 -0.2438 0.6147, -0.1969 -0.2532 0.653, 0.1969 -0.2438 0.6147, 0.1969 -0.2703 0.6048, 0.1969 -0.2532 0.653, 0.1969 -0.2885 0.6397
            ]
        }
        coordIndex [
            0,1,2,-1,2,1,3,-1,4,5,6,-1,6,5,7,-1,8,9,10,-1,10,9,11,-1,12,13,14,-1,14,13,15,-1,14,15,6,-1,6,15,4,-1,6,8,14,-1,14,8,16,-1,14,16,12,-1,12,16,17,-1,8,10,16,-1,16,10,18,-1,16,18,17,-1,17,18,19,-1,13,19,18,-1,13,18,15,-1,15,18,10,-1,15,10,4,-1,3,13,2,-1,2,13,12,-1,2,12,0,-1,0,12,17,-1,0,17,1,-1,1,17,19,-1,19,13,1,-1,1,13,3,-1,
        ]
    }
}
Shape{
    appearance Appearance {
        material  Material 	{
            diffuseColor 0.2235294117647059 0.2235294117647059 0.2235294117647059
            specularColor 0.11372549019607843 0.11372549019607843 0.11372549019607843
            ambientIntensity 0.2235
            transparency 0.0
            shininess 0.5
        }
    }
    geometry IndexedFaceSet {
        ccw TRUE
        solid FALSE
        coord DEF co Coordinate {
            point [
                -0.1668 -0.3543 0.0079, -0.2053 -0.4527 0.0079, -0.9252 -0.4533 0.0079, -0.1809 -0.4251 0.0079, -0.1666 -0.4251 0.0079, -0.1908 -0.4527 0.0079, -0.1666 -0.4533 0.0079, -0.1402 -0.4251 0.0079, -0.1308 -0.4527 0.0079, -0.1128 -0.4533 0.0079, -0.1164 -0.4527 0.0079, -0.1128 -0.3537 0.0079, -0.1536 -0.3543 0.0079, -0.1666 -0.3537 0.0079, -0.1666 -0.3543 0.0079, 0.1312 -1.072 0.0079, 0.0905 -1.0247 0.0079, 0.1108 -0.9982 0.0079, 0.1312 -0.6301 0.0079, 0.1108 -0.8703 0.0079, 0.0905 -0.8438 0.0079, -0.0204 -1.0595 0.0079, 0.0 -1.0622 0.0079, -0.0204 -1.072 0.0079, 0.0331 -1.0578 0.0079, 0.064 -1.0451 0.0079, 0.1236 -0.9674 0.0079, 0.128 -0.9342 0.0079, 0.1236 -0.9011 0.0079, 0.064 -0.8234 0.0079, 0.0331 -0.8107 0.0079, -0.0204 -0.6301 0.0079, -0.1108 -0.9982 0.0079, -0.0905 -1.0247 0.0079, -0.1128 -1.072 0.0079, -0.064 -1.0451 0.0079, -0.0331 -1.0578 0.0079, -0.1666 -1.072 0.0079, -0.1236 -0.9674 0.0079, -0.1128 -0.9934 0.0079, -0.1128 -0.6301 0.0079, -0.064 -0.8234 0.0079, -0.0905 -0.8438 0.0079, 0.0 -0.8063 0.0079, -0.0204 -0.809 0.0079, -0.0331 -0.8107 0.0079, -0.1108 -0.8703 0.0079, -0.1128 -0.8751 0.0079, -0.1666 -0.6301 0.0079, -0.1236 -0.9011 0.0079, -0.128 -0.9342 0.0079, 0.1108 0.0845 0.0079, 0.1236 0.1153 0.0079, 0.1312 -0.1663 0.0079, 0.128 0.1484 0.0079, -0.0204 -0.1663 0.0079, 0.0 0.0205 0.0079, 0.0331 0.0248 0.0079, 0.064 0.0376 0.0079, 0.0905 0.058 0.0079, 0.1236 0.1815 0.0079, 0.1312 0.2961 0.0079, 0.1108 0.2124 0.0079, 0.0905 0.2389 0.0079, 0.0 0.2764 0.0079, -0.0204 0.2961 0.0079, 0.0331 0.272 0.0079, 0.064 0.2592 0.0079, -0.1128 -0.1663 0.0079, -0.1128 0.0893 0.0079, -0.1108 0.0845 0.0079, -0.0331 0.0248 0.0079, -0.0204 0.0232 0.0079, -0.0905 0.058 0.0079, -0.064 0.0376 0.0079, -0.1236 0.1153 0.0079, -0.1666 -0.1663 0.0079, -0.128 0.1484 0.0079, -0.0905 0.2389 0.0079, -0.1108 0.2124 0.0079, -0.1128 0.2961 0.0079, -0.1128 0.2075 0.0079, -0.1666 0.2961 0.0079, -0.1236 0.1815 0.0079, -0.0204 0.2737 0.0079, -0.0331 0.272 0.0079, -0.064 0.2592 0.0079, -0.5512 -1.0228 0.0079, -0.9252 -1.0228 0.0079, -0.9252 -0.8457 0.0079, -0.5512 -1.072 0.0079, -0.6553 -0.8457 0.0079, 0.9252 -0.8457 0.0079, 0.9252 -1.0228 0.0079, 0.6553 -0.8457 0.0079, 0.5512 -1.0228 0.0079, 0.6553 -0.6094 0.0079, 0.6553 -0.6301 0.0079, 0.5512 -1.072 0.0079, 0.5512 0.2961 0.0079, 0.5512 0.237 0.0079, 0.9252 -0.1764 0.0079, 0.9252 -0.3537 0.0079, 0.6553 -0.1764 0.0079, 0.1312 -0.3537 0.0079, 0.6553 -0.1663 0.0079, 0.6553 0.0598 0.0079, 0.9252 0.0598 0.0079, 0.9252 0.237 0.0079, -0.5512 0.237 0.0079, -0.5512 0.2961 0.0079, -0.9252 0.0598 0.0079, -0.9252 0.237 0.0079, -0.6553 0.0598 0.0079, -0.6553 -0.1663 0.0079, -0.6553 -0.1764 0.0079, -0.9252 -0.3537 0.0079, -0.9252 -0.1764 0.0079, -0.6553 -0.6301 0.0079, -0.6553 -0.6094 0.0079, -0.9252 -0.6094 0.0079, -0.0084 -0.3543 0.0079, -0.0084 -0.3651 0.0079, -0.0204 -0.3537 0.0079, -0.0108 -0.4419 0.0079, -0.0204 -0.4533 0.0079, -0.0108 -0.4527 0.0079, 0.042 -0.4527 0.0079, 0.0612 -0.4476 0.0079, 0.0612 -0.4368 0.0079, 0.042 -0.3543 0.0079, 0.0726 -0.3539 0.0079, 0.0612 -0.357 0.0079, 0.0612 -0.3702 0.0079, 0.0723 -0.3655 0.0079, 0.063 -0.4378 0.0079, 0.0843 -0.3639 0.0079, 0.094 -0.365 0.0079, 0.0757 -0.3537 0.0079, 0.0288 -0.4083 0.0079, 0.0288 -0.4419 0.0079, -0.006 -0.4083 0.0079, -0.006 -0.3975 0.0079, 0.0288 -0.3975 0.0079, 0.0288 -0.3651 0.0079, 0.1013 -0.3676 0.0079, 0.1081 -0.3722 0.0079, 0.1141 -0.3788 0.0079, 0.1212 -0.4046 0.0079, 0.1202 -0.4152 0.0079, 0.1176 -0.4237 0.0079, 0.0957 -0.4421 0.0079, 0.0865 -0.4431 0.0079, 0.1028 -0.4394 0.0079, 0.1089 -0.4354 0.0079, 0.1135 -0.4305 0.0079, 0.0734 -0.4417 0.0079, 0.1181 -0.3864 0.0079, 0.1208 -0.3969 0.0079, 0.1292 -0.3802 0.0079, 0.1235 -0.371 0.0079, 0.1146 -0.3625 0.0079, 0.1052 -0.3571 0.0079, 0.0943 -0.3539 0.0079, 0.0917 -0.3537 0.0079, 0.1428 -0.4419 0.0079, 0.1428 -0.4527 0.0079, 0.1312 -0.4533 0.0079, 0.1932 -0.4527 0.0079, 0.18 -0.3543 0.0079, 0.1932 -0.3543 0.0079, 0.9252 -0.4533 0.0079, 0.1312 -0.4248 0.0079, 0.1335 -0.4168 0.0079, 0.18 -0.4419 0.0079, 0.1344 -0.4054 0.0079, 0.133 -0.3914 0.0079, 0.1312 -0.386 0.0079, 0.1179 -0.4443 0.0079, 0.1253 -0.4365 0.0079, 0.1305 -0.4272 0.0079, 0.0941 -0.4533 0.0079, 0.1004 -0.4527 0.0079, 0.11 -0.4494 0.0079, 0.0817 -0.4533 0.0079, 0.0856 -0.4539 0.0079, 0.0883 -0.4539 0.0079, 0.9252 -0.6094 0.0079, -0.5512 -1.0819 0.0079, -0.1666 -1.0819 0.0079, -0.1128 -1.0819 0.0079, -0.0204 -1.0819 0.0079, 0.1312 -1.0819 0.0079, 0.5512 -1.0819 0.0079, 0.0717 -0.4519 0.0079, -0.1043 -0.4257 0.0079, -0.0987 -0.4345 0.0079, -0.0906 -0.4423 0.0079, -0.0803 -0.4483 0.0079, -0.0578 -0.3543 0.0079, -0.072 -0.3558 0.0079, -0.0835 -0.3599 0.0079, -0.0942 -0.367 0.0079, -0.0943 -0.3671 0.0079, -0.1013 -0.3748 0.0079, -0.1059 -0.3833 0.0079, -0.0689 -0.4517 0.0079, -0.0568 -0.4527 0.0079, -0.03 -0.4527 0.0079, -0.03 -0.3543 0.0079, -0.1085 -0.393 0.0079, -0.1092 -0.4023 0.0079, -0.1078 -0.4154 0.0079, 0.0844 -0.3531 0.0079, 0.9252 0.2961 0.5591, 0.9252 0.2961 0.3228, 0.7677 0.2961 0.5591, 0.8268 0.2961 0.3228, 0.7677 0.2961 0.3819, 0.7697 0.2961 0.3666, 0.7972 0.2961 0.3307, 0.785 0.2961 0.3401, 0.7756 0.2961 0.3524, 0.8115 0.2961 0.3248, -0.5512 0.2961 0.0669, 0.5512 0.2961 0.0669, -0.9252 0.2961 0.3228, -0.9252 0.2961 0.5591, -0.8268 0.2961 0.3228, -0.7677 0.2961 0.5591, -0.7677 0.2961 0.3819, -0.7697 0.2961 0.3666, -0.7756 0.2961 0.3524, -0.785 0.2961 0.3401, -0.7972 0.2961 0.3307, -0.8115 0.2961 0.3248, 0.9252 0.237 0.3228, 0.9252 0.237 0.6181, 0.9252 -0.2157 0.6181, 0.9252 -0.2157 0.4213, 0.9252 -0.8457 0.0433, 0.9252 0.0598 0.0433, 0.9252 0.2882 0.5886, 0.9252 0.2788 0.6008, 0.9252 0.2665 0.6102, 0.9252 0.2523 0.6161, 0.9252 -0.5701 0.4213, 0.9252 -0.5701 0.6181, 0.9252 -1.0228 0.3228, 0.9252 0.2941 0.5743, 0.9252 -0.6094 0.0433, 0.9252 -1.0228 0.6181, 0.9252 -1.0819 0.5591, 0.9252 -1.0819 0.3228, 0.9252 -1.0646 0.6008, 0.9252 -1.0524 0.6102, 0.9252 -1.0381 0.6161, 0.9252 -0.1764 0.0433, 0.9252 -1.074 0.5886, 0.9252 -1.0799 0.5743, -0.9252 -1.0228 0.3228, -0.9252 -1.0819 0.3228, -0.9252 -1.0819 0.5591, -0.9252 -1.0228 0.6181, -0.9252 -0.5701 0.6181, -0.9252 -0.5701 0.4213, -0.9252 0.0598 0.0433, -0.9252 0.237 0.3228, -0.9252 -0.8457 0.0433, -0.9252 -1.0799 0.5743, -0.9252 -1.074 0.5886, -0.9252 -1.0646 0.6008, -0.9252 -1.0524 0.6102, -0.9252 -1.0381 0.6161, -0.9252 -0.1764 0.0433, -0.9252 -0.2157 0.4213, -0.9252 -0.2157 0.6181, -0.9252 0.237 0.6181, -0.9252 0.2523 0.6161, -0.9252 0.2665 0.6102, -0.9252 -0.6094 0.0433, -0.9252 0.2788 0.6008, -0.9252 0.2882 0.5886, -0.9252 0.2941 0.5743, 0.7677 -0.9638 0.6181, 0.7677 -1.0228 0.6181, 0.2953 -0.6882 0.6181, 0.8071 -0.5701 0.6181, 0.8071 -0.2157 0.6181, 0.2953 -0.0976 0.6181, -0.7677 -0.9638 0.6181, -0.2953 -0.6882 0.6181, 0.5118 0.6898 0.6181, -0.5118 0.6898 0.6181, 0.5118 0.178 0.6181, -0.5118 0.178 0.6181, 0.7677 0.237 0.6181, 0.7677 0.178 0.6181, -0.2953 -0.0976 0.6181, -0.7677 -1.0228 0.6181, -0.8071 -0.5701 0.6181, -0.8071 -0.2157 0.6181, -0.7677 0.178 0.6181, -0.7677 0.237 0.6181, -0.4921 -1.0819 0.4016, -0.5074 -1.0819 0.3996, -0.5217 -1.0819 0.3937, -0.5339 -1.0819 0.3843, -0.5433 -1.0819 0.372, -0.5492 -1.0819 0.3578, -0.5512 -1.0819 0.3425, 0.4921 -1.0819 0.4016, 0.5074 -1.0819 0.3996, 0.5512 -1.0819 0.3425, 0.5492 -1.0819 0.3578, 0.5433 -1.0819 0.372, 0.5339 -1.0819 0.3843, 0.5217 -1.0819 0.3937, -0.7677 -1.0819 0.5591, -0.8268 -1.0819 0.3228, -0.7677 -1.0819 0.3819, -0.7697 -1.0819 0.3666, -0.7972 -1.0819 0.3307, -0.785 -1.0819 0.3401, -0.7756 -1.0819 0.3524, -0.8115 -1.0819 0.3248, 0.7677 -1.0819 0.5591, 0.7677 -1.0819 0.3819, 0.8268 -1.0819 0.3228, 0.8115 -1.0819 0.3248, 0.7697 -1.0819 0.3666, 0.7756 -1.0819 0.3524, 0.785 -1.0819 0.3401, 0.7972 -1.0819 0.3307, -0.5118 0.6898 0.126, -0.5118 0.6307 0.0669, -0.5118 0.6878 0.1107, -0.5118 0.5343 0.1107, -0.5118 0.5323 0.126, -0.5118 0.5913 0.0669, -0.5118 0.5323 0.5, -0.5118 0.237 0.5, -0.5118 0.237 0.5591, -0.5118 0.235 0.5743, -0.5118 0.2291 0.5886, -0.5118 0.2197 0.6008, -0.5118 0.2075 0.6102, -0.5118 0.1932 0.6161, -0.5118 0.6819 0.0965, -0.5118 0.6725 0.0842, -0.5118 0.646 0.0689, -0.5118 0.6602 0.0748, -0.5118 0.5761 0.0689, -0.5118 0.5618 0.0748, -0.5118 0.5496 0.0842, -0.5118 0.5402 0.0965, 0.5118 0.5323 0.5, 0.5118 0.6898 0.126, 0.5118 0.5323 0.126, 0.5118 0.2197 0.6008, 0.5118 0.2291 0.5886, 0.5118 0.237 0.5, 0.5118 0.237 0.5591, 0.5118 0.235 0.5743, 0.5118 0.5913 0.0669, 0.5118 0.5343 0.1107, 0.5118 0.1932 0.6161, 0.5118 0.2075 0.6102, 0.5118 0.6307 0.0669, 0.5118 0.6878 0.1107, 0.5118 0.5402 0.0965, 0.5118 0.5496 0.0842, 0.5118 0.5761 0.0689, 0.5118 0.5618 0.0748, 0.5118 0.646 0.0689, 0.5118 0.6602 0.0748, 0.5118 0.6725 0.0842, 0.5118 0.6819 0.0965, 0.8582 -0.5701 0.5886, 0.8488 -0.5701 0.6008, 0.8641 -0.5701 0.5743, 0.8366 -0.5701 0.6102, 0.8224 -0.5701 0.6161, 0.8661 -0.5701 0.4213, 0.8661 -0.5701 0.5591, 0.8661 -0.2157 0.5591, 0.8661 -0.2157 0.4213, 0.8224 -0.2157 0.6161, 0.8366 -0.2157 0.6102, 0.8488 -0.2157 0.6008, 0.8582 -0.2157 0.5886, 0.8641 -0.2157 0.5743, -0.8224 -0.2157 0.6161, -0.8366 -0.2157 0.6102, -0.8641 -0.2157 0.5743, -0.8582 -0.2157 0.5886, -0.8488 -0.2157 0.6008, -0.8661 -0.2157 0.4213, -0.8661 -0.2157 0.5591, -0.8661 -0.5701 0.5591, -0.8661 -0.5701 0.4213, -0.8224 -0.5701 0.6161, -0.8366 -0.5701 0.6102, -0.8488 -0.5701 0.6008, -0.8582 -0.5701 0.5886, -0.8641 -0.5701 0.5743, 0.5512 -1.0228 0.3425, 0.4921 -1.0228 0.4016, -0.4921 -1.0228 0.4016, -0.5512 -1.0228 0.3425, -0.8268 -1.0228 0.3228, -0.7677 -1.0228 0.3819, -0.7677 -1.0228 0.5591, -0.7677 -1.0799 0.5743, -0.7677 -1.0208 0.5743, -0.7677 -1.074 0.5886, -0.7677 -1.0646 0.6008, -0.7677 -1.0149 0.5886, -0.7677 -1.0524 0.6102, -0.7677 -1.0055 0.6008, -0.7677 -0.9933 0.6102, -0.7677 -0.9791 0.6161, -0.7677 -1.0381 0.6161, 0.7677 -1.0228 0.5591, 0.7677 -1.0228 0.3819, 0.7677 -0.9791 0.6161, 0.7677 -1.0149 0.5886, 0.7677 -1.0208 0.5743, 0.7677 -1.0646 0.6008, 0.7677 -1.0799 0.5743, 0.7677 -1.074 0.5886, 0.7677 -0.9933 0.6102, 0.7677 -1.0055 0.6008, 0.7677 -1.0381 0.6161, 0.7677 -1.0524 0.6102, 0.8268 -1.0228 0.3228, -0.7756 -1.0228 0.3524, -0.785 -1.0228 0.3401, 0.8115 -1.0228 0.3248, 0.7972 -1.0228 0.3307, 0.5074 -1.0228 0.3996, 0.5217 -1.0228 0.3937, -0.5339 -1.0228 0.3843, -0.5217 -1.0228 0.3937, -0.7697 -1.0228 0.3666, -0.5492 -1.0228 0.3578, -0.5433 -1.0228 0.372, -0.7972 -1.0228 0.3307, -0.8115 -1.0228 0.3248, 0.785 -1.0228 0.3401, 0.7756 -1.0228 0.3524, 0.7697 -1.0228 0.3666, 0.5492 -1.0228 0.3578, 0.5433 -1.0228 0.372, 0.5339 -1.0228 0.3843, -0.5074 -1.0228 0.3996, 0.8268 0.237 0.3228, -0.8268 0.237 0.3228, 0.7677 0.237 0.3819, 0.7677 0.237 0.5591, 0.7677 0.2941 0.5743, 0.7677 0.235 0.5743, 0.7677 0.2882 0.5886, 0.7677 0.2788 0.6008, 0.7677 0.2291 0.5886, 0.7677 0.2665 0.6102, 0.7677 0.2197 0.6008, 0.7677 0.2075 0.6102, 0.7677 0.1932 0.6161, 0.7677 0.2523 0.6161, -0.7677 0.237 0.5591, -0.7677 0.237 0.3819, -0.7677 0.1932 0.6161, -0.7677 0.2291 0.5886, -0.7677 0.235 0.5743, -0.7677 0.2788 0.6008, -0.7677 0.2941 0.5743, -0.7677 0.2882 0.5886, -0.7677 0.2075 0.6102, -0.7677 0.2197 0.6008, -0.7677 0.2523 0.6161, -0.7677 0.2665 0.6102, 0.5512 0.237 0.0669, -0.5512 0.237 0.0669, 0.8115 0.237 0.3248, 0.7972 0.237 0.3307, -0.7972 0.237 0.3307, -0.785 0.237 0.3401, -0.7756 0.237 0.3524, 0.7756 0.237 0.3524, 0.785 0.237 0.3401, -0.8115 0.237 0.3248, 0.7697 0.237 0.3666, -0.7697 0.237 0.3666, -0.2953 -0.6882 0.4213, -0.2953 -0.0976 0.4213, 0.2953 -0.0976 0.4213, 0.2953 -0.6882 0.4213
            ]
        }
        coordIndex [
            0,1,2,-1,3,4,5,-1,5,4,6,-1,5,6,1,-1,4,7,6,-1,6,7,8,-1,6,8,9,-1,9,8,10,-1,9,10,11,-1,11,10,12,-1,11,12,13,-1,13,12,14,-1,13,14,0,-1,15,16,17,-1,18,19,20,-1,21,22,23,-1,23,22,24,-1,23,24,15,-1,15,24,25,-1,15,25,16,-1,17,26,15,-1,15,26,27,-1,15,27,18,-1,18,27,28,-1,18,28,19,-1,20,29,18,-1,18,29,30,-1,18,30,31,-1,32,33,34,-1,34,33,35,-1,34,35,23,-1,23,35,36,-1,23,36,21,-1,37,38,34,-1,34,38,39,-1,34,39,32,-1,40,41,42,-1,30,43,31,-1,31,43,44,-1,31,44,40,-1,40,44,45,-1,40,45,41,-1,42,46,40,-1,40,46,47,-1,40,47,48,-1,48,47,49,-1,48,49,50,-1,51,52,53,-1,53,52,54,-1,55,56,53,-1,53,56,57,-1,57,58,53,-1,53,58,59,-1,53,59,51,-1,54,60,61,-1,61,60,62,-1,61,62,63,-1,64,65,66,-1,66,65,61,-1,66,61,67,-1,67,61,63,-1,68,69,70,-1,68,71,55,-1,55,71,72,-1,55,72,56,-1,70,73,68,-1,68,73,74,-1,68,74,71,-1,69,68,75,-1,75,68,76,-1,75,76,77,-1,78,79,80,-1,80,79,81,-1,80,81,82,-1,82,81,83,-1,82,83,77,-1,64,84,65,-1,65,84,85,-1,65,85,80,-1,80,85,86,-1,80,86,78,-1,87,88,89,-1,37,90,87,-1,89,91,87,-1,87,91,48,-1,87,48,37,-1,37,48,50,-1,37,50,38,-1,92,93,94,-1,94,93,95,-1,96,97,18,-1,18,97,94,-1,18,94,15,-1,15,94,95,-1,15,95,98,-1,54,61,53,-1,53,61,99,-1,53,99,100,-1,101,102,103,-1,103,102,104,-1,103,104,105,-1,105,104,53,-1,105,53,106,-1,106,53,100,-1,106,100,107,-1,107,100,108,-1,77,76,82,-1,82,76,109,-1,82,109,110,-1,111,112,113,-1,113,112,109,-1,113,109,114,-1,114,109,76,-1,114,76,115,-1,0,2,13,-1,13,2,116,-1,13,116,117,-1,118,119,6,-1,1,6,2,-1,2,6,119,-1,2,119,120,-1,121,122,123,-1,123,122,124,-1,123,124,125,-1,125,124,126,-1,125,126,127,-1,128,127,129,-1,129,127,130,-1,131,132,130,-1,130,132,133,-1,130,133,129,-1,129,133,134,-1,129,134,135,-1,135,134,136,-1,135,136,137,-1,121,123,130,-1,130,123,138,-1,130,138,131,-1,139,140,141,-1,141,140,124,-1,141,124,142,-1,142,124,122,-1,142,122,143,-1,143,122,144,-1,137,145,135,-1,135,145,146,-1,135,146,147,-1,148,149,135,-1,135,149,150,-1,151,152,153,-1,153,152,154,-1,150,155,135,-1,135,155,154,-1,135,154,156,-1,156,154,152,-1,147,157,135,-1,135,157,158,-1,135,158,148,-1,159,160,104,-1,104,160,161,-1,104,161,162,-1,162,163,104,-1,104,163,164,-1,104,164,53,-1,165,166,167,-1,167,166,168,-1,169,104,170,-1,170,104,102,-1,170,102,168,-1,168,102,171,-1,168,171,167,-1,172,173,174,-1,174,173,175,-1,174,175,169,-1,169,175,176,-1,169,176,104,-1,104,176,177,-1,104,177,159,-1,178,179,167,-1,174,165,172,-1,172,165,167,-1,172,167,180,-1,180,167,179,-1,181,182,167,-1,167,182,183,-1,167,183,178,-1,31,184,18,-1,18,184,185,-1,18,185,186,-1,186,181,18,-1,18,181,167,-1,18,167,96,-1,96,167,171,-1,96,171,187,-1,188,90,189,-1,189,90,37,-1,189,37,190,-1,190,37,34,-1,190,34,191,-1,191,34,23,-1,191,23,192,-1,192,23,15,-1,192,15,193,-1,193,15,98,-1,91,118,48,-1,48,118,6,-1,48,6,40,-1,40,6,9,-1,40,9,31,-1,31,9,125,-1,31,125,184,-1,184,125,127,-1,184,127,194,-1,194,127,128,-1,195,196,9,-1,9,196,197,-1,9,197,198,-1,199,11,123,-1,199,200,11,-1,11,200,201,-1,11,201,202,-1,202,203,11,-1,11,203,204,-1,11,204,205,-1,198,206,9,-1,9,206,207,-1,9,207,125,-1,125,207,208,-1,125,208,123,-1,123,208,209,-1,123,209,199,-1,205,210,11,-1,11,210,211,-1,11,211,9,-1,9,211,212,-1,9,212,195,-1,117,115,13,-1,13,115,76,-1,13,76,11,-1,11,76,68,-1,11,68,123,-1,123,68,55,-1,123,55,138,-1,138,55,53,-1,138,53,213,-1,213,53,164,-1,214,215,216,-1,216,215,217,-1,216,217,218,-1,218,217,219,-1,220,221,222,-1,219,217,222,-1,222,217,223,-1,222,223,220,-1,82,110,224,-1,99,61,225,-1,225,61,65,-1,225,65,224,-1,224,65,80,-1,224,80,82,-1,226,227,228,-1,228,227,229,-1,229,230,228,-1,228,230,231,-1,228,231,232,-1,233,234,232,-1,232,234,235,-1,232,235,228,-1,236,215,214,-1,237,238,239,-1,93,92,240,-1,107,108,241,-1,241,108,236,-1,242,243,241,-1,241,243,244,-1,241,244,245,-1,246,247,248,-1,236,214,241,-1,241,214,249,-1,241,249,242,-1,250,239,240,-1,240,239,246,-1,240,246,93,-1,93,246,248,-1,247,251,248,-1,248,251,252,-1,248,252,253,-1,250,187,239,-1,239,187,171,-1,239,171,102,-1,254,251,255,-1,255,251,256,-1,245,237,241,-1,241,237,239,-1,241,239,257,-1,257,239,102,-1,257,102,101,-1,254,258,251,-1,251,258,259,-1,251,259,252,-1,260,261,262,-1,263,264,265,-1,112,111,266,-1,227,226,267,-1,89,88,268,-1,268,88,260,-1,260,262,268,-1,268,262,269,-1,268,269,270,-1,270,271,268,-1,268,271,272,-1,268,272,273,-1,274,265,266,-1,266,265,275,-1,266,275,112,-1,112,275,267,-1,274,117,265,-1,265,117,116,-1,265,116,2,-1,275,276,267,-1,267,276,277,-1,267,277,227,-1,227,277,278,-1,227,278,279,-1,273,263,268,-1,268,263,265,-1,268,265,280,-1,280,265,2,-1,280,2,120,-1,279,281,227,-1,227,281,282,-1,227,282,283,-1,284,285,251,-1,286,287,288,-1,286,288,289,-1,251,247,284,-1,284,247,287,-1,284,287,290,-1,290,287,286,-1,290,286,291,-1,292,293,294,-1,294,293,295,-1,237,296,238,-1,238,296,297,-1,238,297,288,-1,288,297,294,-1,288,294,289,-1,289,294,295,-1,289,295,298,-1,298,295,291,-1,263,299,264,-1,264,299,290,-1,264,290,300,-1,300,290,291,-1,300,291,301,-1,301,291,295,-1,301,295,276,-1,276,295,302,-1,276,302,277,-1,277,302,303,-1,189,304,305,-1,305,306,189,-1,189,306,307,-1,189,307,308,-1,308,309,189,-1,189,309,310,-1,189,310,188,-1,189,190,304,-1,304,190,191,-1,304,191,311,-1,311,191,192,-1,311,192,312,-1,193,313,192,-1,192,313,314,-1,192,314,315,-1,315,316,192,-1,192,316,317,-1,192,317,312,-1,262,261,318,-1,318,261,319,-1,318,319,320,-1,320,319,321,-1,322,323,324,-1,321,319,324,-1,324,319,325,-1,324,325,322,-1,252,326,253,-1,253,326,327,-1,253,327,328,-1,328,327,329,-1,330,331,332,-1,330,332,327,-1,327,332,333,-1,327,333,329,-1,293,334,335,-1,335,334,336,-1,337,338,339,-1,339,338,340,-1,339,340,335,-1,335,340,293,-1,293,340,341,-1,293,341,342,-1,342,343,293,-1,293,343,344,-1,293,344,345,-1,345,346,293,-1,293,346,347,-1,293,347,295,-1,336,348,335,-1,335,348,349,-1,335,349,350,-1,350,349,351,-1,352,353,354,-1,352,354,339,-1,339,354,355,-1,339,355,337,-1,292,356,357,-1,357,356,358,-1,292,359,360,-1,361,356,362,-1,362,356,292,-1,362,292,363,-1,363,292,360,-1,364,358,365,-1,294,366,292,-1,292,366,367,-1,292,367,359,-1,358,364,357,-1,357,364,368,-1,357,368,369,-1,365,370,364,-1,364,370,371,-1,364,371,372,-1,372,371,373,-1,374,375,376,-1,374,376,368,-1,368,376,377,-1,368,377,369,-1,368,364,335,-1,335,364,339,-1,334,293,357,-1,357,293,292,-1,378,379,247,-1,378,247,380,-1,379,381,247,-1,247,381,382,-1,247,382,287,-1,246,383,247,-1,247,383,384,-1,247,384,380,-1,384,383,385,-1,385,383,386,-1,238,288,387,-1,387,388,238,-1,238,388,389,-1,238,389,390,-1,386,239,385,-1,385,239,238,-1,385,238,391,-1,391,238,390,-1,386,383,239,-1,239,383,246,-1,392,301,276,-1,392,276,393,-1,394,395,276,-1,276,395,396,-1,276,396,393,-1,275,397,276,-1,276,397,398,-1,276,398,394,-1,398,397,399,-1,399,397,400,-1,264,300,401,-1,401,402,264,-1,264,402,403,-1,264,403,404,-1,400,265,399,-1,399,265,264,-1,399,264,405,-1,405,264,404,-1,400,397,265,-1,265,397,275,-1,95,406,98,-1,98,406,313,-1,98,313,193,-1,407,408,311,-1,311,408,304,-1,188,310,90,-1,90,310,409,-1,90,409,87,-1,319,261,410,-1,410,261,260,-1,320,411,318,-1,318,411,412,-1,318,412,413,-1,413,412,414,-1,413,414,415,-1,415,414,416,-1,416,414,417,-1,416,417,418,-1,419,420,299,-1,299,420,421,-1,299,421,290,-1,419,299,417,-1,417,299,422,-1,417,422,418,-1,423,424,327,-1,285,284,425,-1,426,427,428,-1,327,326,423,-1,423,326,429,-1,423,429,427,-1,427,429,430,-1,427,430,428,-1,425,431,285,-1,285,431,432,-1,285,432,433,-1,433,432,426,-1,433,426,434,-1,434,426,428,-1,435,248,328,-1,328,248,253,-1,436,437,87,-1,438,439,95,-1,440,441,423,-1,412,442,443,-1,436,87,444,-1,444,87,409,-1,444,409,411,-1,411,409,445,-1,411,445,412,-1,412,445,446,-1,412,446,442,-1,438,95,435,-1,435,95,93,-1,435,93,248,-1,437,447,87,-1,87,447,448,-1,87,448,88,-1,88,448,410,-1,88,410,260,-1,439,449,95,-1,95,449,450,-1,95,450,406,-1,406,450,451,-1,406,451,452,-1,452,451,424,-1,452,424,453,-1,453,424,423,-1,453,423,454,-1,454,423,441,-1,443,455,412,-1,412,455,408,-1,412,408,423,-1,423,408,407,-1,423,407,440,-1,217,215,456,-1,456,215,236,-1,457,267,228,-1,228,267,226,-1,218,458,216,-1,216,458,459,-1,216,459,460,-1,460,459,461,-1,460,461,462,-1,462,461,463,-1,463,461,464,-1,463,464,465,-1,466,467,296,-1,296,467,468,-1,296,468,297,-1,466,296,464,-1,464,296,469,-1,464,469,465,-1,470,471,230,-1,303,302,472,-1,473,474,475,-1,230,229,470,-1,470,229,476,-1,470,476,474,-1,474,476,477,-1,474,477,475,-1,472,478,303,-1,303,478,479,-1,303,479,480,-1,480,479,473,-1,480,473,481,-1,481,473,475,-1,482,100,225,-1,225,100,99,-1,109,483,110,-1,110,483,224,-1,224,483,225,-1,225,483,482,-1,358,356,338,-1,338,356,340,-1,356,361,340,-1,340,361,341,-1,108,100,482,-1,112,267,457,-1,236,108,456,-1,456,108,482,-1,456,482,484,-1,484,482,485,-1,486,487,341,-1,341,487,488,-1,489,490,361,-1,457,491,112,-1,112,491,483,-1,112,483,109,-1,489,361,492,-1,470,342,471,-1,471,342,341,-1,471,341,493,-1,493,341,488,-1,490,485,361,-1,361,485,482,-1,361,482,341,-1,341,482,483,-1,341,483,486,-1,486,483,491,-1,362,459,361,-1,361,459,458,-1,361,458,492,-1,230,471,493,-1,230,493,231,-1,231,493,488,-1,231,488,232,-1,232,488,487,-1,232,487,233,-1,233,487,486,-1,233,486,234,-1,234,486,491,-1,234,491,235,-1,235,491,457,-1,235,457,228,-1,217,456,484,-1,217,484,223,-1,223,484,485,-1,223,485,220,-1,220,485,490,-1,220,490,221,-1,221,490,489,-1,221,489,222,-1,222,489,492,-1,222,492,219,-1,219,492,458,-1,219,458,218,-1,435,328,329,-1,435,329,438,-1,438,329,333,-1,438,333,439,-1,439,333,332,-1,439,332,449,-1,449,332,331,-1,449,331,450,-1,450,331,330,-1,450,330,451,-1,451,330,327,-1,451,327,424,-1,411,320,321,-1,411,321,444,-1,444,321,324,-1,444,324,436,-1,436,324,323,-1,436,323,437,-1,437,323,322,-1,437,322,447,-1,447,322,325,-1,447,325,448,-1,448,325,319,-1,448,319,410,-1,334,357,369,-1,334,369,336,-1,336,369,377,-1,336,377,348,-1,348,377,376,-1,348,376,349,-1,349,376,375,-1,349,375,351,-1,351,375,374,-1,351,374,350,-1,350,374,368,-1,350,368,335,-1,358,338,337,-1,358,337,365,-1,365,337,355,-1,365,355,370,-1,370,355,354,-1,370,354,371,-1,371,354,353,-1,371,353,373,-1,373,353,352,-1,373,352,372,-1,372,352,339,-1,372,339,364,-1,407,311,312,-1,407,312,440,-1,440,312,317,-1,440,317,441,-1,441,317,316,-1,441,316,454,-1,454,316,315,-1,454,315,453,-1,453,315,314,-1,453,314,452,-1,452,314,313,-1,452,313,406,-1,409,310,309,-1,409,309,445,-1,445,309,308,-1,445,308,446,-1,446,308,307,-1,446,307,442,-1,442,307,306,-1,442,306,443,-1,443,306,305,-1,443,305,455,-1,455,305,304,-1,455,304,408,-1,384,385,391,-1,384,391,380,-1,380,391,390,-1,380,390,378,-1,378,390,389,-1,378,389,379,-1,379,389,388,-1,379,388,381,-1,381,388,387,-1,381,387,382,-1,382,387,288,-1,382,288,287,-1,398,399,405,-1,398,405,394,-1,394,405,404,-1,394,404,395,-1,395,404,403,-1,395,403,396,-1,396,403,402,-1,396,402,393,-1,393,402,401,-1,393,401,392,-1,392,401,300,-1,392,300,301,-1,294,297,468,-1,294,468,366,-1,366,468,467,-1,366,467,367,-1,367,467,466,-1,367,466,359,-1,359,466,464,-1,359,464,360,-1,360,464,461,-1,360,461,363,-1,363,461,459,-1,363,459,362,-1,302,295,347,-1,302,347,472,-1,472,347,346,-1,472,346,478,-1,478,346,345,-1,478,345,479,-1,479,345,344,-1,479,344,473,-1,473,344,343,-1,473,343,474,-1,474,343,342,-1,474,342,470,-1,284,290,421,-1,284,421,425,-1,425,421,420,-1,425,420,431,-1,431,420,419,-1,431,419,432,-1,432,419,417,-1,432,417,426,-1,426,417,414,-1,426,414,427,-1,427,414,412,-1,427,412,423,-1,277,303,480,-1,277,480,278,-1,278,480,481,-1,278,481,279,-1,279,481,475,-1,279,475,281,-1,281,475,477,-1,281,477,282,-1,282,477,476,-1,282,476,283,-1,283,476,229,-1,283,229,227,-1,296,237,245,-1,296,245,469,-1,469,245,244,-1,469,244,465,-1,465,244,243,-1,465,243,463,-1,463,243,242,-1,463,242,462,-1,462,242,249,-1,462,249,460,-1,460,249,214,-1,460,214,216,-1,251,285,433,-1,251,433,256,-1,256,433,434,-1,256,434,255,-1,255,434,428,-1,255,428,254,-1,254,428,430,-1,254,430,258,-1,258,430,429,-1,258,429,259,-1,259,429,326,-1,259,326,252,-1,299,263,273,-1,299,273,422,-1,422,273,272,-1,422,272,418,-1,418,272,271,-1,418,271,416,-1,416,271,270,-1,416,270,415,-1,415,270,269,-1,415,269,413,-1,413,269,262,-1,413,262,318,-1,494,495,291,-1,291,495,298,-1,495,496,298,-1,298,496,289,-1,496,497,289,-1,289,497,286,-1,497,494,286,-1,286,494,291,-1,497,496,494,-1,494,496,495,-1,
        ]
    }
}
Shape{
    appearance Appearance {
        material  Material 	{
            diffuseColor 0.8509803921568627 0.8509803921568627 0.8509803921568627
            specularColor 0.4235294117647059 0.4235294117647059 0.4235294117647059
            ambientIntensity 0.851
            transparency 0.0
            shininess 0.5
        }
    }
    geometry IndexedFaceSet {
        ccw TRUE
        solid FALSE
        coord DEF co Coordinate {
            point [
                1.2598 -0.8457 0.0433, 1.2598 -0.6094 0.0433, 0.9252 -0.8457 0.0433, 0.9252 -0.6094 0.0433, 0.6553 -0.8457 0.0079, 0.6553 -0.8457 0.0039, 0.9252 -0.8457 0.0079, 1.2598 -0.8457 0.0039, 0.6553 -0.6094 0.0079, 0.6553 -0.6094 0.0039, 0.6553 -0.6301 0.0079, 0.9252 -0.6094 0.0079, 1.2598 -0.6094 0.0039, 1.2598 -0.1764 0.0433, 1.2598 0.0598 0.0433, 0.9252 -0.1764 0.0433, 0.9252 0.0598 0.0433, 0.6553 0.0598 0.0039, 0.6553 0.0598 0.0079, 0.9252 0.0598 0.0079, 1.2598 0.0598 0.0039, 0.6553 -0.1764 0.0079, 0.6553 -0.1764 0.0039, 0.9252 -0.1764 0.0079, 1.2598 -0.1764 0.0039, 0.6553 -0.1663 0.0079, -1.2598 0.0598 0.0433, -1.2598 -0.1764 0.0433, -0.9252 0.0598 0.0433, -0.9252 -0.1764 0.0433, -0.6553 0.0598 0.0079, -0.6553 0.0598 0.0039, -0.9252 0.0598 0.0079, -1.2598 0.0598 0.0039, -0.6553 -0.1764 0.0039, -0.6553 -0.1663 0.0079, -0.6553 -0.1764 0.0079, -0.9252 -0.1764 0.0079, -1.2598 -0.1764 0.0039, -1.2598 -0.6094 0.0433, -1.2598 -0.8457 0.0433, -0.9252 -0.6094 0.0433, -0.9252 -0.8457 0.0433, -0.6553 -0.8457 0.0039, -0.6553 -0.8457 0.0079, -0.9252 -0.8457 0.0079, -1.2598 -0.8457 0.0039, -0.6553 -0.6094 0.0079, -0.6553 -0.6094 0.0039, -0.9252 -0.6094 0.0079, -1.2598 -0.6094 0.0039, -0.6553 -0.6301 0.0079
            ]
        }
        coordIndex [
            0,1,2,-1,2,1,3,-1,4,5,6,-1,6,5,7,-1,6,7,2,-1,2,7,0,-1,8,9,10,-1,10,9,5,-1,10,5,4,-1,9,8,11,-1,3,1,11,-1,11,1,12,-1,11,12,9,-1,0,7,1,-1,1,7,12,-1,5,9,7,-1,7,9,12,-1,13,14,15,-1,15,14,16,-1,17,18,19,-1,16,14,19,-1,19,14,20,-1,19,20,17,-1,21,22,23,-1,23,22,24,-1,23,24,15,-1,15,24,13,-1,18,17,25,-1,25,17,22,-1,25,22,21,-1,13,24,14,-1,14,24,20,-1,24,22,20,-1,20,22,17,-1,26,27,28,-1,28,27,29,-1,30,31,32,-1,32,31,33,-1,32,33,28,-1,28,33,26,-1,31,30,34,-1,34,30,35,-1,34,35,36,-1,34,36,37,-1,29,27,37,-1,37,27,38,-1,37,38,34,-1,26,33,27,-1,27,33,38,-1,31,34,33,-1,33,34,38,-1,39,40,41,-1,41,40,42,-1,43,44,45,-1,42,40,45,-1,45,40,46,-1,45,46,43,-1,47,48,49,-1,49,48,50,-1,49,50,41,-1,41,50,39,-1,44,43,51,-1,51,43,48,-1,51,48,47,-1,39,50,40,-1,40,50,46,-1,50,48,46,-1,46,48,43,-1,
        ]
    }
}
Shape{
    appearance Appearance {
        material  Material 	{
            diffuseColor 0.2235294117647059 0.2235294117647059 0.2235294117647059
            specularColor 0.11372549019607843 0.11372549019607843 0.11372549019607843
            ambientIntensity 0.2235
            transparency 0.0
            shininess 0.5
        }
    }
    geometry IndexedFaceSet {
        ccw TRUE
        solid FALSE
        coord DEF co Coordinate {
            point [
                0.1269 0.1317 -0.0536, 0.128 0.1484 0.0079, 0.1236 0.1153 0.0079, 0.1108 0.0845 0.0079, 0.1182 0.0995 -0.0536, 0.1236 0.1153 -0.0536, 0.0905 0.058 0.0079, 0.1015 0.0705 -0.0536, 0.1108 0.0845 -0.0536, 0.064 0.0376 0.0079, 0.0779 0.0469 -0.0536, 0.0905 0.058 -0.0536, 0.0331 0.0248 0.0079, 0.049 0.0302 -0.0536, 0.064 0.0376 -0.0536, 0.0 0.0205 0.0079, 0.0167 0.0216 -0.0536, 0.0331 0.0248 -0.0536, -0.064 0.0376 0.0079, -0.049 0.0302 -0.0536, -0.0331 0.0248 0.0079, -0.0331 0.0248 -0.0536, -0.0204 0.0232 0.0079, -0.0167 0.0216 -0.0536, 0.0 0.0205 -0.0536, -0.0905 0.058 0.0079, -0.0779 0.0469 -0.0536, -0.064 0.0376 -0.0536, -0.1108 0.0845 0.0079, -0.1015 0.0705 -0.0536, -0.0905 0.058 -0.0536, -0.128 0.1484 0.0079, -0.1269 0.1317 -0.0536, -0.1236 0.1153 0.0079, -0.1236 0.1153 -0.0536, -0.1128 0.0893 0.0079, -0.1182 0.0995 -0.0536, -0.1108 0.0845 -0.0536, -0.1236 0.1815 0.0079, -0.1269 0.1651 -0.0536, -0.128 0.1484 -0.0536, -0.0905 0.2389 0.0079, -0.1015 0.2263 -0.0536, -0.1108 0.2124 0.0079, -0.1108 0.2124 -0.0536, -0.1128 0.2075 0.0079, -0.1182 0.1974 -0.0536, -0.1236 0.1815 -0.0536, -0.064 0.2592 0.0079, -0.0779 0.2499 -0.0536, -0.0905 0.2389 -0.0536, -0.0331 0.272 0.0079, -0.049 0.2666 -0.0536, -0.064 0.2592 -0.0536, 0.0331 0.272 0.0079, 0.0167 0.2753 -0.0536, 0.0 0.2764 0.0079, 0.0 0.2764 -0.0536, -0.0204 0.2737 0.0079, -0.0167 0.2753 -0.0536, -0.0331 0.272 -0.0536, 0.064 0.2592 0.0079, 0.049 0.2666 -0.0536, 0.0331 0.272 -0.0536, 0.0905 0.2389 0.0079, 0.0779 0.2499 -0.0536, 0.064 0.2592 -0.0536, 0.1108 0.2124 0.0079, 0.1015 0.2263 -0.0536, 0.0905 0.2389 -0.0536, 0.1236 0.1815 0.0079, 0.1182 0.1974 -0.0536, 0.1108 0.2124 -0.0536, 0.128 0.1484 -0.0536, 0.1269 0.1651 -0.0536, 0.1236 0.1815 -0.0536, -0.0379 0.1265 -0.189, -0.0423 0.1371 -0.189, 0.0 0.1484 -0.189, -0.0438 0.1484 -0.189, -0.0423 0.1598 -0.189, -0.0113 0.1061 -0.189, -0.0219 0.1105 -0.189, -0.031 0.1174 -0.189, 0.0219 0.1105 -0.189, 0.0113 0.1061 -0.189, 0.0 0.1046 -0.189, 0.0423 0.1371 -0.189, 0.0379 0.1265 -0.189, 0.031 0.1174 -0.189, 0.0379 0.1703 -0.189, 0.0423 0.1598 -0.189, 0.0438 0.1484 -0.189, 0.0113 0.1908 -0.189, 0.0219 0.1864 -0.189, 0.031 0.1794 -0.189, -0.0219 0.1864 -0.189, -0.0113 0.1908 -0.189, 0.0 0.1922 -0.189, -0.0379 0.1703 -0.189, -0.031 0.1794 -0.189, 0.1269 -0.951 -0.0536, 0.128 -0.9342 0.0079, 0.1236 -0.9674 0.0079, 0.1108 -0.9982 0.0079, 0.1182 -0.9832 -0.0536, 0.1236 -0.9674 -0.0536, 0.0905 -1.0247 0.0079, 0.1015 -1.0121 -0.0536, 0.1108 -0.9982 -0.0536, 0.064 -1.0451 0.0079, 0.0779 -1.0358 -0.0536, 0.0905 -1.0247 -0.0536, 0.0331 -1.0578 0.0079, 0.049 -1.0525 -0.0536, 0.064 -1.0451 -0.0536, 0.0 -1.0622 0.0079, 0.0167 -1.0611 -0.0536, 0.0331 -1.0578 -0.0536, -0.064 -1.0451 0.0079, -0.049 -1.0525 -0.0536, -0.0331 -1.0578 0.0079, -0.0331 -1.0578 -0.0536, -0.0204 -1.0595 0.0079, -0.0167 -1.0611 -0.0536, 0.0 -1.0622 -0.0536, -0.0905 -1.0247 0.0079, -0.0779 -1.0358 -0.0536, -0.064 -1.0451 -0.0536, -0.1108 -0.9982 0.0079, -0.1015 -1.0121 -0.0536, -0.0905 -1.0247 -0.0536, -0.128 -0.9342 0.0079, -0.1269 -0.951 -0.0536, -0.1236 -0.9674 0.0079, -0.1236 -0.9674 -0.0536, -0.1128 -0.9934 0.0079, -0.1182 -0.9832 -0.0536, -0.1108 -0.9982 -0.0536, -0.1236 -0.9011 0.0079, -0.1269 -0.9175 -0.0536, -0.128 -0.9342 -0.0536, -0.0905 -0.8438 0.0079, -0.1015 -0.8564 -0.0536, -0.1108 -0.8703 0.0079, -0.1108 -0.8703 -0.0536, -0.1128 -0.8751 0.0079, -0.1182 -0.8853 -0.0536, -0.1236 -0.9011 -0.0536, -0.064 -0.8234 0.0079, -0.0779 -0.8327 -0.0536, -0.0905 -0.8438 -0.0536, -0.0331 -0.8107 0.0079, -0.049 -0.816 -0.0536, -0.064 -0.8234 -0.0536, 0.0331 -0.8107 0.0079, 0.0167 -0.8074 -0.0536, 0.0 -0.8063 0.0079, 0.0 -0.8063 -0.0536, -0.0204 -0.809 0.0079, -0.0167 -0.8074 -0.0536, -0.0331 -0.8107 -0.0536, 0.064 -0.8234 0.0079, 0.049 -0.816 -0.0536, 0.0331 -0.8107 -0.0536, 0.0905 -0.8438 0.0079, 0.0779 -0.8327 -0.0536, 0.064 -0.8234 -0.0536, 0.1108 -0.8703 0.0079, 0.1015 -0.8564 -0.0536, 0.0905 -0.8438 -0.0536, 0.1236 -0.9011 0.0079, 0.1182 -0.8853 -0.0536, 0.1108 -0.8703 -0.0536, 0.128 -0.9342 -0.0536, 0.1269 -0.9175 -0.0536, 0.1236 -0.9011 -0.0536, -0.0379 -0.9562 -0.189, -0.0423 -0.9456 -0.189, 0.0 -0.9342 -0.189, -0.0438 -0.9342 -0.189, -0.0423 -0.9229 -0.189, -0.0113 -0.9766 -0.189, -0.0219 -0.9722 -0.189, -0.031 -0.9652 -0.189, 0.0219 -0.9722 -0.189, 0.0113 -0.9766 -0.189, 0.0 -0.9781 -0.189, 0.0423 -0.9456 -0.189, 0.0379 -0.9562 -0.189, 0.031 -0.9652 -0.189, 0.0379 -0.9123 -0.189, 0.0423 -0.9229 -0.189, 0.0438 -0.9342 -0.189, 0.0113 -0.8919 -0.189, 0.0219 -0.8963 -0.189, 0.031 -0.9033 -0.189, -0.0219 -0.8963 -0.189, -0.0113 -0.8919 -0.189, 0.0 -0.8904 -0.189, -0.0379 -0.9123 -0.189, -0.031 -0.9033 -0.189, 0.1232 0.1322 -0.0702, 0.0768 0.1279 -0.1662, 0.0795 0.1484 -0.1662, 0.12 0.1163 -0.0702, 0.1148 0.1009 -0.0702, 0.0688 0.1087 -0.1662, 0.1076 0.0863 -0.0702, 0.0986 0.0728 -0.0702, 0.0562 0.0922 -0.1662, 0.0879 0.0606 -0.0702, 0.0756 0.0498 -0.0702, 0.0397 0.0796 -0.1662, 0.0621 0.0408 -0.0702, 0.0476 0.0336 -0.0702, 0.0206 0.0716 -0.1662, 0.0322 0.0284 -0.0702, 0.0162 0.0252 -0.0702, 0.0 0.0689 -0.1662, 0.0 0.0242 -0.0702, -0.0162 0.0252 -0.0702, -0.0206 0.0716 -0.1662, -0.0322 0.0284 -0.0702, -0.0476 0.0336 -0.0702, -0.0397 0.0796 -0.1662, -0.0621 0.0408 -0.0702, -0.0756 0.0498 -0.0702, -0.0562 0.0922 -0.1662, -0.0879 0.0606 -0.0702, -0.0986 0.0728 -0.0702, -0.0688 0.1087 -0.1662, -0.1076 0.0863 -0.0702, -0.1148 0.1009 -0.0702, -0.0768 0.1279 -0.1662, -0.12 0.1163 -0.0702, -0.1232 0.1322 -0.0702, -0.0795 0.1484 -0.1662, -0.1243 0.1484 -0.0702, -0.1232 0.1646 -0.0702, -0.0768 0.169 -0.1662, -0.12 0.1806 -0.0702, -0.1148 0.196 -0.0702, -0.0688 0.1882 -0.1662, -0.1076 0.2106 -0.0702, -0.0986 0.2241 -0.0702, -0.0562 0.2046 -0.1662, -0.0879 0.2363 -0.0702, -0.0756 0.247 -0.0702, -0.0397 0.2173 -0.1662, -0.0621 0.256 -0.0702, -0.0476 0.2632 -0.0702, -0.0206 0.2252 -0.1662, -0.0322 0.2685 -0.0702, -0.0162 0.2716 -0.0702, 0.0 0.2279 -0.1662, 0.0 0.2727 -0.0702, 0.0162 0.2716 -0.0702, 0.0206 0.2252 -0.1662, 0.0322 0.2685 -0.0702, 0.0476 0.2632 -0.0702, 0.0397 0.2173 -0.1662, 0.0621 0.256 -0.0702, 0.0756 0.247 -0.0702, 0.0562 0.2046 -0.1662, 0.0879 0.2363 -0.0702, 0.0986 0.2241 -0.0702, 0.0688 0.1882 -0.1662, 0.1076 0.2106 -0.0702, 0.1148 0.196 -0.0702, 0.0768 0.169 -0.1662, 0.12 0.1806 -0.0702, 0.1232 0.1646 -0.0702, 0.1243 0.1484 -0.0702, 0.1232 -0.9505 -0.0702, 0.0768 -0.9548 -0.1662, 0.0795 -0.9342 -0.1662, 0.12 -0.9664 -0.0702, 0.1148 -0.9818 -0.0702, 0.0688 -0.974 -0.1662, 0.1076 -0.9964 -0.0702, 0.0986 -1.0099 -0.0702, 0.0562 -0.9905 -0.1662, 0.0879 -1.0221 -0.0702, 0.0756 -1.0328 -0.0702, 0.0397 -1.0031 -0.1662, 0.0621 -1.0419 -0.0702, 0.0476 -1.0491 -0.0702, 0.0206 -1.011 -0.1662, 0.0322 -1.0543 -0.0702, 0.0162 -1.0575 -0.0702, 0.0 -1.0137 -0.1662, 0.0 -1.0585 -0.0702, -0.0162 -1.0575 -0.0702, -0.0206 -1.011 -0.1662, -0.0322 -1.0543 -0.0702, -0.0476 -1.0491 -0.0702, -0.0397 -1.0031 -0.1662, -0.0621 -1.0419 -0.0702, -0.0756 -1.0328 -0.0702, -0.0562 -0.9905 -0.1662, -0.0879 -1.0221 -0.0702, -0.0986 -1.0099 -0.0702, -0.0688 -0.974 -0.1662, -0.1076 -0.9964 -0.0702, -0.1148 -0.9818 -0.0702, -0.0768 -0.9548 -0.1662, -0.12 -0.9664 -0.0702, -0.1232 -0.9505 -0.0702, -0.0795 -0.9342 -0.1662, -0.1243 -0.9342 -0.0702, -0.1232 -0.918 -0.0702, -0.0768 -0.9137 -0.1662, -0.12 -0.9021 -0.0702, -0.1148 -0.8867 -0.0702, -0.0688 -0.8945 -0.1662, -0.1076 -0.8721 -0.0702, -0.0986 -0.8586 -0.0702, -0.0562 -0.878 -0.1662, -0.0879 -0.8464 -0.0702, -0.0756 -0.8357 -0.0702, -0.0397 -0.8654 -0.1662, -0.0621 -0.8266 -0.0702, -0.0476 -0.8194 -0.0702, -0.0206 -0.8575 -0.1662, -0.0322 -0.8142 -0.0702, -0.0162 -0.811 -0.0702, 0.0 -0.8548 -0.1662, 0.0 -0.81 -0.0702, 0.0162 -0.811 -0.0702, 0.0206 -0.8575 -0.1662, 0.0322 -0.8142 -0.0702, 0.0476 -0.8194 -0.0702, 0.0397 -0.8654 -0.1662, 0.0621 -0.8266 -0.0702, 0.0756 -0.8357 -0.0702, 0.0562 -0.878 -0.1662, 0.0879 -0.8464 -0.0702, 0.0986 -0.8586 -0.0702, 0.0688 -0.8945 -0.1662, 0.1076 -0.8721 -0.0702, 0.1148 -0.8867 -0.0702, 0.0768 -0.9137 -0.1662, 0.12 -0.9021 -0.0702, 0.1232 -0.918 -0.0702, 0.1243 -0.9342 -0.0702, -0.0509 -0.9206 -0.188, -0.0456 -0.9079 -0.188, -0.0372 -0.897 -0.188, -0.0263 -0.8886 -0.188, -0.0136 -0.8834 -0.188, 0.0 -0.8816 -0.188, 0.0136 -0.8834 -0.188, 0.0263 -0.8886 -0.188, 0.0372 -0.897 -0.188, 0.0456 -0.9079 -0.188, 0.0509 -0.9206 -0.188, 0.0527 -0.9342 -0.188, 0.0509 -0.9479 -0.188, 0.0456 -0.9606 -0.188, 0.0372 -0.9715 -0.188, 0.0263 -0.9799 -0.188, 0.0136 -0.9851 -0.188, 0.0 -0.9869 -0.188, -0.0136 -0.9851 -0.188, -0.0263 -0.9799 -0.188, -0.0372 -0.9715 -0.188, -0.0456 -0.9606 -0.188, -0.0509 -0.9479 -0.188, -0.0527 -0.9342 -0.188, -0.059 -0.9184 -0.185, -0.0529 -0.9037 -0.185, -0.0432 -0.8911 -0.185, -0.0305 -0.8814 -0.185, -0.0158 -0.8753 -0.185, 0.0 -0.8732 -0.185, 0.0158 -0.8753 -0.185, 0.0305 -0.8814 -0.185, 0.0432 -0.8911 -0.185, 0.0529 -0.9037 -0.185, 0.059 -0.9184 -0.185, 0.0611 -0.9342 -0.185, 0.059 -0.9501 -0.185, 0.0529 -0.9648 -0.185, 0.0432 -0.9774 -0.185, 0.0305 -0.9871 -0.185, 0.0158 -0.9932 -0.185, 0.0 -0.9953 -0.185, -0.0158 -0.9932 -0.185, -0.0305 -0.9871 -0.185, -0.0432 -0.9774 -0.185, -0.0529 -0.9648 -0.185, -0.059 -0.9501 -0.185, -0.0611 -0.9342 -0.185, -0.0663 -0.9165 -0.1802, -0.0594 -0.9 -0.1802, -0.0485 -0.8857 -0.1802, -0.0343 -0.8748 -0.1802, -0.0178 -0.868 -0.1802, 0.0 -0.8657 -0.1802, 0.0178 -0.868 -0.1802, 0.0343 -0.8748 -0.1802, 0.0485 -0.8857 -0.1802, 0.0594 -0.9 -0.1802, 0.0663 -0.9165 -0.1802, 0.0686 -0.9342 -0.1802, 0.0663 -0.952 -0.1802, 0.0594 -0.9685 -0.1802, 0.0485 -0.9828 -0.1802, 0.0343 -0.9937 -0.1802, 0.0178 -1.0005 -0.1802, 0.0 -1.0028 -0.1802, -0.0178 -1.0005 -0.1802, -0.0343 -0.9937 -0.1802, -0.0485 -0.9828 -0.1802, -0.0594 -0.9685 -0.1802, -0.0663 -0.952 -0.1802, -0.0686 -0.9342 -0.1802, -0.0723 -0.9149 -0.1738, -0.0648 -0.8968 -0.1738, -0.0529 -0.8813 -0.1738, -0.0374 -0.8694 -0.1738, -0.0194 -0.862 -0.1738, 0.0 -0.8594 -0.1738, 0.0194 -0.862 -0.1738, 0.0374 -0.8694 -0.1738, 0.0529 -0.8813 -0.1738, 0.0648 -0.8968 -0.1738, 0.0723 -0.9149 -0.1738, 0.0748 -0.9342 -0.1738, 0.0723 -0.9536 -0.1738, 0.0648 -0.9717 -0.1738, 0.0529 -0.9872 -0.1738, 0.0374 -0.9991 -0.1738, 0.0194 -1.0065 -0.1738, 0.0 -1.0091 -0.1738, -0.0194 -1.0065 -0.1738, -0.0374 -0.9991 -0.1738, -0.0529 -0.9872 -0.1738, -0.0648 -0.9717 -0.1738, -0.0723 -0.9536 -0.1738, -0.0748 -0.9342 -0.1738, -0.1259 -0.9177 -0.0621, -0.1227 -0.9014 -0.0621, -0.1174 -0.8856 -0.0621, -0.11 -0.8707 -0.0621, -0.1008 -0.8569 -0.0621, -0.0898 -0.8444 -0.0621, -0.0773 -0.8335 -0.0621, -0.0635 -0.8242 -0.0621, -0.0486 -0.8169 -0.0621, -0.0329 -0.8116 -0.0621, -0.0166 -0.8083 -0.0621, 0.0 -0.8072 -0.0621, 0.0166 -0.8083 -0.0621, 0.0329 -0.8116 -0.0621, 0.0486 -0.8169 -0.0621, 0.0635 -0.8242 -0.0621, 0.0773 -0.8335 -0.0621, 0.0898 -0.8444 -0.0621, 0.1008 -0.8569 -0.0621, 0.11 -0.8707 -0.0621, 0.1174 -0.8856 -0.0621, 0.1227 -0.9014 -0.0621, 0.1259 -0.9177 -0.0621, 0.127 -0.9342 -0.0621, 0.1259 -0.9508 -0.0621, 0.1227 -0.9671 -0.0621, 0.1174 -0.9829 -0.0621, 0.11 -0.9978 -0.0621, 0.1008 -1.0116 -0.0621, 0.0898 -1.0241 -0.0621, 0.0773 -1.035 -0.0621, 0.0635 -1.0443 -0.0621, 0.0486 -1.0516 -0.0621, 0.0329 -1.0569 -0.0621, 0.0166 -1.0602 -0.0621, 0.0 -1.0613 -0.0621, -0.0166 -1.0602 -0.0621, -0.0329 -1.0569 -0.0621, -0.0486 -1.0516 -0.0621, -0.0635 -1.0443 -0.0621, -0.0773 -1.035 -0.0621, -0.0898 -1.0241 -0.0621, -0.1008 -1.0116 -0.0621, -0.11 -0.9978 -0.0621, -0.1174 -0.9829 -0.0621, -0.1227 -0.9671 -0.0621, -0.1259 -0.9508 -0.0621, -0.127 -0.9342 -0.0621, -0.0509 0.1621 -0.188, -0.0456 0.1748 -0.188, -0.0372 0.1857 -0.188, -0.0263 0.194 -0.188, -0.0136 0.1993 -0.188, 0.0 0.2011 -0.188, 0.0136 0.1993 -0.188, 0.0263 0.194 -0.188, 0.0372 0.1857 -0.188, 0.0456 0.1748 -0.188, 0.0509 0.1621 -0.188, 0.0527 0.1484 -0.188, 0.0509 0.1348 -0.188, 0.0456 0.1221 -0.188, 0.0372 0.1112 -0.188, 0.0263 0.1028 -0.188, 0.0136 0.0976 -0.188, 0.0 0.0958 -0.188, -0.0136 0.0976 -0.188, -0.0263 0.1028 -0.188, -0.0372 0.1112 -0.188, -0.0456 0.1221 -0.188, -0.0509 0.1348 -0.188, -0.0527 0.1484 -0.188, -0.059 0.1642 -0.185, -0.0529 0.179 -0.185, -0.0432 0.1916 -0.185, -0.0305 0.2013 -0.185, -0.0158 0.2074 -0.185, 0.0 0.2095 -0.185, 0.0158 0.2074 -0.185, 0.0305 0.2013 -0.185, 0.0432 0.1916 -0.185, 0.0529 0.179 -0.185, 0.059 0.1642 -0.185, 0.0611 0.1484 -0.185, 0.059 0.1326 -0.185, 0.0529 0.1179 -0.185, 0.0432 0.1052 -0.185, 0.0305 0.0955 -0.185, 0.0158 0.0894 -0.185, 0.0 0.0874 -0.185, -0.0158 0.0894 -0.185, -0.0305 0.0955 -0.185, -0.0432 0.1052 -0.185, -0.0529 0.1179 -0.185, -0.059 0.1326 -0.185, -0.0611 0.1484 -0.185, -0.0663 0.1662 -0.1802, -0.0594 0.1827 -0.1802, -0.0485 0.1969 -0.1802, -0.0343 0.2078 -0.1802, -0.0178 0.2147 -0.1802, 0.0 0.217 -0.1802, 0.0178 0.2147 -0.1802, 0.0343 0.2078 -0.1802, 0.0485 0.1969 -0.1802, 0.0594 0.1827 -0.1802, 0.0663 0.1662 -0.1802, 0.0686 0.1484 -0.1802, 0.0663 0.1307 -0.1802, 0.0594 0.1141 -0.1802, 0.0485 0.0999 -0.1802, 0.0343 0.089 -0.1802, 0.0178 0.0822 -0.1802, 0.0 0.0798 -0.1802, -0.0178 0.0822 -0.1802, -0.0343 0.089 -0.1802, -0.0485 0.0999 -0.1802, -0.0594 0.1141 -0.1802, -0.0663 0.1307 -0.1802, -0.0686 0.1484 -0.1802, -0.0723 0.1678 -0.1738, -0.0648 0.1858 -0.1738, -0.0529 0.2013 -0.1738, -0.0374 0.2132 -0.1738, -0.0194 0.2207 -0.1738, 0.0 0.2233 -0.1738, 0.0194 0.2207 -0.1738, 0.0374 0.2132 -0.1738, 0.0529 0.2013 -0.1738, 0.0648 0.1858 -0.1738, 0.0723 0.1678 -0.1738, 0.0748 0.1484 -0.1738, 0.0723 0.1291 -0.1738, 0.0648 0.111 -0.1738, 0.0529 0.0955 -0.1738, 0.0374 0.0836 -0.1738, 0.0194 0.0761 -0.1738, 0.0 0.0736 -0.1738, -0.0194 0.0761 -0.1738, -0.0374 0.0836 -0.1738, -0.0529 0.0955 -0.1738, -0.0648 0.111 -0.1738, -0.0723 0.1291 -0.1738, -0.0748 0.1484 -0.1738, -0.1259 0.165 -0.0621, -0.1227 0.1813 -0.0621, -0.1174 0.197 -0.0621, -0.11 0.2119 -0.0621, -0.1008 0.2258 -0.0621, -0.0898 0.2382 -0.0621, -0.0773 0.2492 -0.0621, -0.0635 0.2584 -0.0621, -0.0486 0.2658 -0.0621, -0.0329 0.2711 -0.0621, -0.0166 0.2744 -0.0621, 0.0 0.2754 -0.0621, 0.0166 0.2744 -0.0621, 0.0329 0.2711 -0.0621, 0.0486 0.2658 -0.0621, 0.0635 0.2584 -0.0621, 0.0773 0.2492 -0.0621, 0.0898 0.2382 -0.0621, 0.1008 0.2258 -0.0621, 0.11 0.2119 -0.0621, 0.1174 0.197 -0.0621, 0.1227 0.1813 -0.0621, 0.1259 0.165 -0.0621, 0.127 0.1484 -0.0621, 0.1259 0.1318 -0.0621, 0.1227 0.1156 -0.0621, 0.1174 0.0998 -0.0621, 0.11 0.0849 -0.0621, 0.1008 0.0711 -0.0621, 0.0898 0.0586 -0.0621, 0.0773 0.0477 -0.0621, 0.0635 0.0384 -0.0621, 0.0486 0.0311 -0.0621, 0.0329 0.0257 -0.0621, 0.0166 0.0225 -0.0621, 0.0 0.0214 -0.0621, -0.0166 0.0225 -0.0621, -0.0329 0.0257 -0.0621, -0.0486 0.0311 -0.0621, -0.0635 0.0384 -0.0621, -0.0773 0.0477 -0.0621, -0.0898 0.0586 -0.0621, -0.1008 0.0711 -0.0621, -0.11 0.0849 -0.0621, -0.1174 0.0998 -0.0621, -0.1227 0.1156 -0.0621, -0.1259 0.1318 -0.0621, -0.127 0.1484 -0.0621
            ]
        }
        coordIndex [
            0,1,2,-1,3,4,2,-1,2,4,5,-1,2,5,0,-1,6,7,3,-1,3,7,8,-1,3,8,4,-1,9,10,6,-1,6,10,11,-1,6,11,7,-1,12,13,9,-1,9,13,14,-1,9,14,10,-1,15,16,12,-1,12,16,17,-1,12,17,13,-1,18,19,20,-1,20,19,21,-1,20,21,22,-1,22,21,23,-1,22,23,15,-1,15,23,24,-1,15,24,16,-1,25,26,18,-1,18,26,27,-1,18,27,19,-1,28,29,25,-1,25,29,30,-1,25,30,26,-1,31,32,33,-1,33,32,34,-1,33,34,35,-1,35,34,36,-1,35,36,28,-1,28,36,37,-1,28,37,29,-1,38,39,31,-1,31,39,40,-1,31,40,32,-1,41,42,43,-1,43,42,44,-1,43,44,45,-1,45,44,46,-1,45,46,38,-1,38,46,47,-1,38,47,39,-1,48,49,41,-1,41,49,50,-1,41,50,42,-1,51,52,48,-1,48,52,53,-1,48,53,49,-1,54,55,56,-1,56,55,57,-1,56,57,58,-1,58,57,59,-1,58,59,51,-1,51,59,60,-1,51,60,52,-1,61,62,54,-1,54,62,63,-1,54,63,55,-1,64,65,61,-1,61,65,66,-1,61,66,62,-1,67,68,64,-1,64,68,69,-1,64,69,65,-1,70,71,67,-1,67,71,72,-1,67,72,68,-1,0,73,1,-1,1,73,74,-1,1,74,70,-1,70,74,75,-1,70,75,71,-1,76,77,78,-1,78,77,79,-1,78,79,80,-1,81,82,78,-1,78,82,83,-1,78,83,76,-1,84,85,78,-1,78,85,86,-1,78,86,81,-1,87,88,78,-1,78,88,89,-1,78,89,84,-1,90,91,78,-1,78,91,92,-1,78,92,87,-1,93,94,78,-1,78,94,95,-1,78,95,90,-1,96,97,78,-1,78,97,98,-1,78,98,93,-1,80,99,78,-1,78,99,100,-1,78,100,96,-1,101,102,103,-1,104,105,103,-1,103,105,106,-1,103,106,101,-1,107,108,104,-1,104,108,109,-1,104,109,105,-1,110,111,107,-1,107,111,112,-1,107,112,108,-1,113,114,110,-1,110,114,115,-1,110,115,111,-1,116,117,113,-1,113,117,118,-1,113,118,114,-1,119,120,121,-1,121,120,122,-1,121,122,123,-1,123,122,124,-1,123,124,116,-1,116,124,125,-1,116,125,117,-1,126,127,119,-1,119,127,128,-1,119,128,120,-1,129,130,126,-1,126,130,131,-1,126,131,127,-1,132,133,134,-1,134,133,135,-1,134,135,136,-1,136,135,137,-1,136,137,129,-1,129,137,138,-1,129,138,130,-1,139,140,132,-1,132,140,141,-1,132,141,133,-1,142,143,144,-1,144,143,145,-1,144,145,146,-1,146,145,147,-1,146,147,139,-1,139,147,148,-1,139,148,140,-1,149,150,142,-1,142,150,151,-1,142,151,143,-1,152,153,149,-1,149,153,154,-1,149,154,150,-1,155,156,157,-1,157,156,158,-1,157,158,159,-1,159,158,160,-1,159,160,152,-1,152,160,161,-1,152,161,153,-1,162,163,155,-1,155,163,164,-1,155,164,156,-1,165,166,162,-1,162,166,167,-1,162,167,163,-1,168,169,165,-1,165,169,170,-1,165,170,166,-1,171,172,168,-1,168,172,173,-1,168,173,169,-1,101,174,102,-1,102,174,175,-1,102,175,171,-1,171,175,176,-1,171,176,172,-1,177,178,179,-1,179,178,180,-1,179,180,181,-1,182,183,179,-1,179,183,184,-1,179,184,177,-1,185,186,179,-1,179,186,187,-1,179,187,182,-1,188,189,179,-1,179,189,190,-1,179,190,185,-1,191,192,179,-1,179,192,193,-1,179,193,188,-1,194,195,179,-1,179,195,196,-1,179,196,191,-1,197,198,179,-1,179,198,199,-1,179,199,194,-1,181,200,179,-1,179,200,201,-1,179,201,197,-1,202,203,204,-1,202,205,203,-1,203,205,206,-1,203,206,207,-1,206,208,207,-1,207,208,209,-1,207,209,210,-1,209,211,210,-1,210,211,212,-1,210,212,213,-1,212,214,213,-1,213,214,215,-1,213,215,216,-1,215,217,216,-1,216,217,218,-1,216,218,219,-1,218,220,219,-1,219,220,221,-1,219,221,222,-1,221,223,222,-1,222,223,224,-1,222,224,225,-1,224,226,225,-1,225,226,227,-1,225,227,228,-1,227,229,228,-1,228,229,230,-1,228,230,231,-1,230,232,231,-1,231,232,233,-1,231,233,234,-1,233,235,234,-1,234,235,236,-1,234,236,237,-1,236,238,237,-1,237,238,239,-1,237,239,240,-1,239,241,240,-1,240,241,242,-1,240,242,243,-1,242,244,243,-1,243,244,245,-1,243,245,246,-1,245,247,246,-1,246,247,248,-1,246,248,249,-1,248,250,249,-1,249,250,251,-1,249,251,252,-1,251,253,252,-1,252,253,254,-1,252,254,255,-1,254,256,255,-1,255,256,257,-1,255,257,258,-1,257,259,258,-1,258,259,260,-1,258,260,261,-1,260,262,261,-1,261,262,263,-1,261,263,264,-1,263,265,264,-1,264,265,266,-1,264,266,267,-1,266,268,267,-1,267,268,269,-1,267,269,270,-1,269,271,270,-1,270,271,272,-1,270,272,204,-1,204,272,273,-1,204,273,202,-1,274,275,276,-1,274,277,275,-1,275,277,278,-1,275,278,279,-1,278,280,279,-1,279,280,281,-1,279,281,282,-1,281,283,282,-1,282,283,284,-1,282,284,285,-1,284,286,285,-1,285,286,287,-1,285,287,288,-1,287,289,288,-1,288,289,290,-1,288,290,291,-1,290,292,291,-1,291,292,293,-1,291,293,294,-1,293,295,294,-1,294,295,296,-1,294,296,297,-1,296,298,297,-1,297,298,299,-1,297,299,300,-1,299,301,300,-1,300,301,302,-1,300,302,303,-1,302,304,303,-1,303,304,305,-1,303,305,306,-1,305,307,306,-1,306,307,308,-1,306,308,309,-1,308,310,309,-1,309,310,311,-1,309,311,312,-1,311,313,312,-1,312,313,314,-1,312,314,315,-1,314,316,315,-1,315,316,317,-1,315,317,318,-1,317,319,318,-1,318,319,320,-1,318,320,321,-1,320,322,321,-1,321,322,323,-1,321,323,324,-1,323,325,324,-1,324,325,326,-1,324,326,327,-1,326,328,327,-1,327,328,329,-1,327,329,330,-1,329,331,330,-1,330,331,332,-1,330,332,333,-1,332,334,333,-1,333,334,335,-1,333,335,336,-1,335,337,336,-1,336,337,338,-1,336,338,339,-1,338,340,339,-1,339,340,341,-1,339,341,342,-1,341,343,342,-1,342,343,344,-1,342,344,276,-1,276,344,345,-1,276,345,274,-1,180,346,181,-1,181,346,347,-1,181,347,200,-1,200,347,348,-1,200,348,201,-1,201,348,349,-1,201,349,197,-1,197,349,350,-1,197,350,198,-1,198,350,351,-1,198,351,199,-1,199,351,352,-1,199,352,194,-1,194,352,353,-1,194,353,195,-1,195,353,354,-1,195,354,196,-1,196,354,355,-1,196,355,191,-1,191,355,356,-1,191,356,192,-1,192,356,357,-1,192,357,193,-1,193,357,358,-1,193,358,188,-1,188,358,359,-1,188,359,189,-1,189,359,360,-1,189,360,190,-1,190,360,361,-1,190,361,185,-1,185,361,362,-1,185,362,186,-1,186,362,363,-1,186,363,187,-1,187,363,364,-1,187,364,182,-1,182,364,365,-1,182,365,183,-1,183,365,366,-1,183,366,184,-1,184,366,367,-1,184,367,177,-1,177,367,368,-1,177,368,178,-1,178,368,369,-1,178,369,180,-1,180,369,346,-1,369,370,346,-1,346,370,371,-1,346,371,347,-1,347,371,372,-1,347,372,348,-1,348,372,373,-1,348,373,349,-1,349,373,374,-1,349,374,350,-1,350,374,375,-1,350,375,351,-1,351,375,376,-1,351,376,352,-1,352,376,377,-1,352,377,353,-1,353,377,378,-1,353,378,354,-1,354,378,379,-1,354,379,355,-1,355,379,380,-1,355,380,356,-1,356,380,381,-1,356,381,357,-1,357,381,382,-1,357,382,358,-1,358,382,383,-1,358,383,359,-1,359,383,384,-1,359,384,360,-1,360,384,385,-1,360,385,361,-1,361,385,386,-1,361,386,362,-1,362,386,387,-1,362,387,363,-1,363,387,388,-1,363,388,364,-1,364,388,389,-1,364,389,365,-1,365,389,390,-1,365,390,366,-1,366,390,391,-1,366,391,367,-1,367,391,392,-1,367,392,368,-1,368,392,393,-1,368,393,369,-1,369,393,370,-1,393,394,370,-1,370,394,395,-1,370,395,371,-1,371,395,396,-1,371,396,372,-1,372,396,397,-1,372,397,373,-1,373,397,398,-1,373,398,374,-1,374,398,399,-1,374,399,375,-1,375,399,400,-1,375,400,376,-1,376,400,401,-1,376,401,377,-1,377,401,402,-1,377,402,378,-1,378,402,403,-1,378,403,379,-1,379,403,404,-1,379,404,380,-1,380,404,405,-1,380,405,381,-1,381,405,406,-1,381,406,382,-1,382,406,407,-1,382,407,383,-1,383,407,408,-1,383,408,384,-1,384,408,409,-1,384,409,385,-1,385,409,410,-1,385,410,386,-1,386,410,411,-1,386,411,387,-1,387,411,412,-1,387,412,388,-1,388,412,413,-1,388,413,389,-1,389,413,414,-1,389,414,390,-1,390,414,415,-1,390,415,391,-1,391,415,416,-1,391,416,392,-1,392,416,417,-1,392,417,393,-1,393,417,394,-1,417,418,394,-1,394,418,419,-1,394,419,395,-1,395,419,420,-1,395,420,396,-1,396,420,421,-1,396,421,397,-1,397,421,422,-1,397,422,398,-1,398,422,423,-1,398,423,399,-1,399,423,424,-1,399,424,400,-1,400,424,425,-1,400,425,401,-1,401,425,426,-1,401,426,402,-1,402,426,427,-1,402,427,403,-1,403,427,428,-1,403,428,404,-1,404,428,429,-1,404,429,405,-1,405,429,430,-1,405,430,406,-1,406,430,431,-1,406,431,407,-1,407,431,432,-1,407,432,408,-1,408,432,433,-1,408,433,409,-1,409,433,434,-1,409,434,410,-1,410,434,435,-1,410,435,411,-1,411,435,436,-1,411,436,412,-1,412,436,437,-1,412,437,413,-1,413,437,438,-1,413,438,414,-1,414,438,439,-1,414,439,415,-1,415,439,440,-1,415,440,416,-1,416,440,441,-1,416,441,417,-1,417,441,418,-1,441,312,418,-1,418,312,315,-1,418,315,419,-1,419,315,318,-1,419,318,420,-1,420,318,321,-1,420,321,421,-1,421,321,324,-1,421,324,422,-1,422,324,327,-1,422,327,423,-1,423,327,330,-1,423,330,424,-1,424,330,333,-1,424,333,425,-1,425,333,336,-1,425,336,426,-1,426,336,339,-1,426,339,427,-1,427,339,342,-1,427,342,428,-1,428,342,276,-1,428,276,429,-1,429,276,275,-1,429,275,430,-1,430,275,279,-1,430,279,431,-1,431,279,282,-1,431,282,432,-1,432,282,285,-1,432,285,433,-1,433,285,288,-1,433,288,434,-1,434,288,291,-1,434,291,435,-1,435,291,294,-1,435,294,436,-1,436,294,297,-1,436,297,437,-1,437,297,300,-1,437,300,438,-1,438,300,303,-1,438,303,439,-1,439,303,306,-1,439,306,440,-1,440,306,309,-1,440,309,441,-1,441,309,312,-1,310,442,311,-1,311,442,443,-1,311,443,313,-1,313,443,444,-1,313,444,314,-1,314,444,445,-1,314,445,316,-1,316,445,446,-1,316,446,317,-1,317,446,447,-1,317,447,319,-1,319,447,448,-1,319,448,320,-1,320,448,449,-1,320,449,322,-1,322,449,450,-1,322,450,323,-1,323,450,451,-1,323,451,325,-1,325,451,452,-1,325,452,326,-1,326,452,453,-1,326,453,328,-1,328,453,454,-1,328,454,329,-1,329,454,455,-1,329,455,331,-1,331,455,456,-1,331,456,332,-1,332,456,457,-1,332,457,334,-1,334,457,458,-1,334,458,335,-1,335,458,459,-1,335,459,337,-1,337,459,460,-1,337,460,338,-1,338,460,461,-1,338,461,340,-1,340,461,462,-1,340,462,341,-1,341,462,463,-1,341,463,343,-1,343,463,464,-1,343,464,344,-1,344,464,465,-1,344,465,345,-1,345,465,466,-1,345,466,274,-1,274,466,467,-1,274,467,277,-1,277,467,468,-1,277,468,278,-1,278,468,469,-1,278,469,280,-1,280,469,470,-1,280,470,281,-1,281,470,471,-1,281,471,283,-1,283,471,472,-1,283,472,284,-1,284,472,473,-1,284,473,286,-1,286,473,474,-1,286,474,287,-1,287,474,475,-1,287,475,289,-1,289,475,476,-1,289,476,290,-1,290,476,477,-1,290,477,292,-1,292,477,478,-1,292,478,293,-1,293,478,479,-1,293,479,295,-1,295,479,480,-1,295,480,296,-1,296,480,481,-1,296,481,298,-1,298,481,482,-1,298,482,299,-1,299,482,483,-1,299,483,301,-1,301,483,484,-1,301,484,302,-1,302,484,485,-1,302,485,304,-1,304,485,486,-1,304,486,305,-1,305,486,487,-1,305,487,307,-1,307,487,488,-1,307,488,308,-1,308,488,489,-1,308,489,310,-1,310,489,442,-1,489,140,442,-1,442,140,148,-1,442,148,443,-1,443,148,147,-1,443,147,444,-1,444,147,145,-1,444,145,445,-1,445,145,143,-1,445,143,446,-1,446,143,151,-1,446,151,447,-1,447,151,150,-1,447,150,448,-1,448,150,154,-1,448,154,449,-1,449,154,153,-1,449,153,450,-1,450,153,161,-1,450,161,451,-1,451,161,160,-1,451,160,452,-1,452,160,158,-1,452,158,453,-1,453,158,156,-1,453,156,454,-1,454,156,164,-1,454,164,455,-1,455,164,163,-1,455,163,456,-1,456,163,167,-1,456,167,457,-1,457,167,166,-1,457,166,458,-1,458,166,170,-1,458,170,459,-1,459,170,169,-1,459,169,460,-1,460,169,173,-1,460,173,461,-1,461,173,172,-1,461,172,462,-1,462,172,176,-1,462,176,463,-1,463,176,175,-1,463,175,464,-1,464,175,174,-1,464,174,465,-1,465,174,101,-1,465,101,466,-1,466,101,106,-1,466,106,467,-1,467,106,105,-1,467,105,468,-1,468,105,109,-1,468,109,469,-1,469,109,108,-1,469,108,470,-1,470,108,112,-1,470,112,471,-1,471,112,111,-1,471,111,472,-1,472,111,115,-1,472,115,473,-1,473,115,114,-1,473,114,474,-1,474,114,118,-1,474,118,475,-1,475,118,117,-1,475,117,476,-1,476,117,125,-1,476,125,477,-1,477,125,124,-1,477,124,478,-1,478,124,122,-1,478,122,479,-1,479,122,120,-1,479,120,480,-1,480,120,128,-1,480,128,481,-1,481,128,127,-1,481,127,482,-1,482,127,131,-1,482,131,483,-1,483,131,130,-1,483,130,484,-1,484,130,138,-1,484,138,485,-1,485,138,137,-1,485,137,486,-1,486,137,135,-1,486,135,487,-1,487,135,133,-1,487,133,488,-1,488,133,141,-1,488,141,489,-1,489,141,140,-1,79,490,80,-1,80,490,491,-1,80,491,99,-1,99,491,492,-1,99,492,100,-1,100,492,493,-1,100,493,96,-1,96,493,494,-1,96,494,97,-1,97,494,495,-1,97,495,98,-1,98,495,496,-1,98,496,93,-1,93,496,497,-1,93,497,94,-1,94,497,498,-1,94,498,95,-1,95,498,499,-1,95,499,90,-1,90,499,500,-1,90,500,91,-1,91,500,501,-1,91,501,92,-1,92,501,502,-1,92,502,87,-1,87,502,503,-1,87,503,88,-1,88,503,504,-1,88,504,89,-1,89,504,505,-1,89,505,84,-1,84,505,506,-1,84,506,85,-1,85,506,507,-1,85,507,86,-1,86,507,508,-1,86,508,81,-1,81,508,509,-1,81,509,82,-1,82,509,510,-1,82,510,83,-1,83,510,511,-1,83,511,76,-1,76,511,512,-1,76,512,77,-1,77,512,513,-1,77,513,79,-1,79,513,490,-1,513,514,490,-1,490,514,515,-1,490,515,491,-1,491,515,516,-1,491,516,492,-1,492,516,517,-1,492,517,493,-1,493,517,518,-1,493,518,494,-1,494,518,519,-1,494,519,495,-1,495,519,520,-1,495,520,496,-1,496,520,521,-1,496,521,497,-1,497,521,522,-1,497,522,498,-1,498,522,523,-1,498,523,499,-1,499,523,524,-1,499,524,500,-1,500,524,525,-1,500,525,501,-1,501,525,526,-1,501,526,502,-1,502,526,527,-1,502,527,503,-1,503,527,528,-1,503,528,504,-1,504,528,529,-1,504,529,505,-1,505,529,530,-1,505,530,506,-1,506,530,531,-1,506,531,507,-1,507,531,532,-1,507,532,508,-1,508,532,533,-1,508,533,509,-1,509,533,534,-1,509,534,510,-1,510,534,535,-1,510,535,511,-1,511,535,536,-1,511,536,512,-1,512,536,537,-1,512,537,513,-1,513,537,514,-1,537,538,514,-1,514,538,539,-1,514,539,515,-1,515,539,540,-1,515,540,516,-1,516,540,541,-1,516,541,517,-1,517,541,542,-1,517,542,518,-1,518,542,543,-1,518,543,519,-1,519,543,544,-1,519,544,520,-1,520,544,545,-1,520,545,521,-1,521,545,546,-1,521,546,522,-1,522,546,547,-1,522,547,523,-1,523,547,548,-1,523,548,524,-1,524,548,549,-1,524,549,525,-1,525,549,550,-1,525,550,526,-1,526,550,551,-1,526,551,527,-1,527,551,552,-1,527,552,528,-1,528,552,553,-1,528,553,529,-1,529,553,554,-1,529,554,530,-1,530,554,555,-1,530,555,531,-1,531,555,556,-1,531,556,532,-1,532,556,557,-1,532,557,533,-1,533,557,558,-1,533,558,534,-1,534,558,559,-1,534,559,535,-1,535,559,560,-1,535,560,536,-1,536,560,561,-1,536,561,537,-1,537,561,538,-1,561,562,538,-1,538,562,563,-1,538,563,539,-1,539,563,564,-1,539,564,540,-1,540,564,565,-1,540,565,541,-1,541,565,566,-1,541,566,542,-1,542,566,567,-1,542,567,543,-1,543,567,568,-1,543,568,544,-1,544,568,569,-1,544,569,545,-1,545,569,570,-1,545,570,546,-1,546,570,571,-1,546,571,547,-1,547,571,572,-1,547,572,548,-1,548,572,573,-1,548,573,549,-1,549,573,574,-1,549,574,550,-1,550,574,575,-1,550,575,551,-1,551,575,576,-1,551,576,552,-1,552,576,577,-1,552,577,553,-1,553,577,578,-1,553,578,554,-1,554,578,579,-1,554,579,555,-1,555,579,580,-1,555,580,556,-1,556,580,581,-1,556,581,557,-1,557,581,582,-1,557,582,558,-1,558,582,583,-1,558,583,559,-1,559,583,584,-1,559,584,560,-1,560,584,585,-1,560,585,561,-1,561,585,562,-1,585,240,562,-1,562,240,243,-1,562,243,563,-1,563,243,246,-1,563,246,564,-1,564,246,249,-1,564,249,565,-1,565,249,252,-1,565,252,566,-1,566,252,255,-1,566,255,567,-1,567,255,258,-1,567,258,568,-1,568,258,261,-1,568,261,569,-1,569,261,264,-1,569,264,570,-1,570,264,267,-1,570,267,571,-1,571,267,270,-1,571,270,572,-1,572,270,204,-1,572,204,573,-1,573,204,203,-1,573,203,574,-1,574,203,207,-1,574,207,575,-1,575,207,210,-1,575,210,576,-1,576,210,213,-1,576,213,577,-1,577,213,216,-1,577,216,578,-1,578,216,219,-1,578,219,579,-1,579,219,222,-1,579,222,580,-1,580,222,225,-1,580,225,581,-1,581,225,228,-1,581,228,582,-1,582,228,231,-1,582,231,583,-1,583,231,234,-1,583,234,584,-1,584,234,237,-1,584,237,585,-1,585,237,240,-1,238,586,239,-1,239,586,587,-1,239,587,241,-1,241,587,588,-1,241,588,242,-1,242,588,589,-1,242,589,244,-1,244,589,590,-1,244,590,245,-1,245,590,591,-1,245,591,247,-1,247,591,592,-1,247,592,248,-1,248,592,593,-1,248,593,250,-1,250,593,594,-1,250,594,251,-1,251,594,595,-1,251,595,253,-1,253,595,596,-1,253,596,254,-1,254,596,597,-1,254,597,256,-1,256,597,598,-1,256,598,257,-1,257,598,599,-1,257,599,259,-1,259,599,600,-1,259,600,260,-1,260,600,601,-1,260,601,262,-1,262,601,602,-1,262,602,263,-1,263,602,603,-1,263,603,265,-1,265,603,604,-1,265,604,266,-1,266,604,605,-1,266,605,268,-1,268,605,606,-1,268,606,269,-1,269,606,607,-1,269,607,271,-1,271,607,608,-1,271,608,272,-1,272,608,609,-1,272,609,273,-1,273,609,610,-1,273,610,202,-1,202,610,611,-1,202,611,205,-1,205,611,612,-1,205,612,206,-1,206,612,613,-1,206,613,208,-1,208,613,614,-1,208,614,209,-1,209,614,615,-1,209,615,211,-1,211,615,616,-1,211,616,212,-1,212,616,617,-1,212,617,214,-1,214,617,618,-1,214,618,215,-1,215,618,619,-1,215,619,217,-1,217,619,620,-1,217,620,218,-1,218,620,621,-1,218,621,220,-1,220,621,622,-1,220,622,221,-1,221,622,623,-1,221,623,223,-1,223,623,624,-1,223,624,224,-1,224,624,625,-1,224,625,226,-1,226,625,626,-1,226,626,227,-1,227,626,627,-1,227,627,229,-1,229,627,628,-1,229,628,230,-1,230,628,629,-1,230,629,232,-1,232,629,630,-1,232,630,233,-1,233,630,631,-1,233,631,235,-1,235,631,632,-1,235,632,236,-1,236,632,633,-1,236,633,238,-1,238,633,586,-1,633,39,586,-1,586,39,47,-1,586,47,587,-1,587,47,46,-1,587,46,588,-1,588,46,44,-1,588,44,589,-1,589,44,42,-1,589,42,590,-1,590,42,50,-1,590,50,591,-1,591,50,49,-1,591,49,592,-1,592,49,53,-1,592,53,593,-1,593,53,52,-1,593,52,594,-1,594,52,60,-1,594,60,595,-1,595,60,59,-1,595,59,596,-1,596,59,57,-1,596,57,597,-1,597,57,55,-1,597,55,598,-1,598,55,63,-1,598,63,599,-1,599,63,62,-1,599,62,600,-1,600,62,66,-1,600,66,601,-1,601,66,65,-1,601,65,602,-1,602,65,69,-1,602,69,603,-1,603,69,68,-1,603,68,604,-1,604,68,72,-1,604,72,605,-1,605,72,71,-1,605,71,606,-1,606,71,75,-1,606,75,607,-1,607,75,74,-1,607,74,608,-1,608,74,73,-1,608,73,609,-1,609,73,0,-1,609,0,610,-1,610,0,5,-1,610,5,611,-1,611,5,4,-1,611,4,612,-1,612,4,8,-1,612,8,613,-1,613,8,7,-1,613,7,614,-1,614,7,11,-1,614,11,615,-1,615,11,10,-1,615,10,616,-1,616,10,14,-1,616,14,617,-1,617,14,13,-1,617,13,618,-1,618,13,17,-1,618,17,619,-1,619,17,16,-1,619,16,620,-1,620,16,24,-1,620,24,621,-1,621,24,23,-1,621,23,622,-1,622,23,21,-1,622,21,623,-1,623,21,19,-1,623,19,624,-1,624,19,27,-1,624,27,625,-1,625,27,26,-1,625,26,626,-1,626,26,30,-1,626,30,627,-1,627,30,29,-1,627,29,628,-1,628,29,37,-1,628,37,629,-1,629,37,36,-1,629,36,630,-1,630,36,34,-1,630,34,631,-1,631,34,32,-1,631,32,632,-1,632,32,40,-1,632,40,633,-1,633,40,39,-1,
        ]
    }
}
Shape{
    appearance Appearance {
        material  Material 	{
            diffuseColor 0.8509803921568627 0.8509803921568627 0.8509803921568627
            specularColor 0.4235294117647059 0.4235294117647059 0.4235294117647059
            ambientIntensity 0.851
            transparency 0.0
            shininess 0.5
        }
    }
    geometry IndexedFaceSet {
        ccw TRUE
        solid FALSE
        coord DEF co Coordinate {
            point [
                -0.1668 -0.3543 0.0118, -0.2053 -0.4527 0.0118, -0.1668 -0.3543 0.0079, -0.2053 -0.4527 0.0079, -0.1908 -0.4527 0.0118, -0.1908 -0.4527 0.0079, -0.1809 -0.4251 0.0118, -0.1809 -0.4251 0.0079, -0.1666 -0.4251 0.0079, -0.1402 -0.4251 0.0118, -0.1402 -0.4251 0.0079
            ]
        }
        coordIndex [
            0,1,2,-1,2,1,3,-1,1,4,3,-1,3,4,5,-1,4,6,5,-1,5,6,7,-1,7,6,8,-1,8,6,9,-1,8,9,10,-1,
        ]
    }
}
Shape{
    appearance Appearance {
        material  Material 	{
            diffuseColor 1.0 1.0 1.0
            specularColor 0.8784313725490196 0.8784313725490196 0.8784313725490196
            ambientIntensity 1.0
            transparency 0.0
            shininess 0.5
        }
    }
    geometry IndexedFaceSet {
        ccw TRUE
        solid FALSE
        coord DEF co Coordinate {
            point [
                -0.1402 -0.4251 0.0118, -0.1308 -0.4527 0.0118, -0.1402 -0.4251 0.0079, -0.1308 -0.4527 0.0079
            ]
        }
        coordIndex [
            0,1,2,-1,2,1,3,-1,
        ]
    }
}
Shape{
    appearance Appearance {
        material  Material 	{
            diffuseColor 0.8509803921568627 0.8509803921568627 0.8509803921568627
            specularColor 0.4235294117647059 0.4235294117647059 0.4235294117647059
            ambientIntensity 0.851
            transparency 0.0
            shininess 0.5
        }
    }
    geometry IndexedFaceSet {
        ccw TRUE
        solid FALSE
        coord DEF co Coordinate {
            point [
                -0.1308 -0.4527 0.0118, -0.1164 -0.4527 0.0118, -0.1308 -0.4527 0.0079, -0.1164 -0.4527 0.0079, -0.1536 -0.3543 0.0118, -0.1536 -0.3543 0.0079, -0.1666 -0.3543 0.0079, -0.1668 -0.3543 0.0118, -0.1668 -0.3543 0.0079, -0.1435 -0.4143 0.0118, -0.1402 -0.4251 0.0118, -0.1765 -0.4143 0.0118, -0.1809 -0.4251 0.0118, -0.1582 -0.3732 0.0118, -0.1592 -0.3698 0.0118, -0.1598 -0.3663 0.0118, -0.1601 -0.3663 0.0118, -0.1608 -0.3698 0.0118, -0.1616 -0.3732 0.0118, -0.2053 -0.4527 0.0118, -0.1908 -0.4527 0.0118, -0.1435 -0.4143 0.0079, -0.1765 -0.4143 0.0079, -0.1582 -0.3732 0.0079, -0.1592 -0.3698 0.0079, -0.1598 -0.3663 0.0079, -0.1601 -0.3663 0.0079, -0.1608 -0.3698 0.0079, -0.1616 -0.3732 0.0079, -0.0568 -0.4527 0.0118, -0.03 -0.4527 0.0118, -0.0568 -0.4527 0.0079, -0.03 -0.4527 0.0079, -0.03 -0.3543 0.0118, -0.03 -0.3543 0.0079, -0.0578 -0.3543 0.0118, -0.0578 -0.3543 0.0079, -0.1092 -0.4023 0.0118, -0.1092 -0.4023 0.0079, -0.1085 -0.393 0.0079, -0.1085 -0.393 0.0118, -0.1059 -0.3833 0.0079, -0.1059 -0.3833 0.0118, -0.1013 -0.3748 0.0079, -0.1013 -0.3748 0.0118, -0.0943 -0.3671 0.0079, -0.0943 -0.3671 0.0118, -0.0942 -0.367 0.0079, -0.0942 -0.367 0.0118, -0.0835 -0.3599 0.0079, -0.0835 -0.3599 0.0118, -0.072 -0.3558 0.0079, -0.072 -0.3558 0.0118, -0.0689 -0.4517 0.0079, -0.0689 -0.4517 0.0118, -0.0803 -0.4483 0.0079, -0.0803 -0.4483 0.0118, -0.0906 -0.4423 0.0079, -0.0906 -0.4423 0.0118, -0.0987 -0.4345 0.0079, -0.0987 -0.4345 0.0118, -0.1043 -0.4257 0.0079, -0.1043 -0.4257 0.0118, -0.1078 -0.4154 0.0079, -0.1078 -0.4154 0.0118, -0.0895 -0.3789 0.0118, -0.0847 -0.3738 0.0118, -0.0775 -0.3692 0.0118, -0.0694 -0.3663 0.0118, -0.0577 -0.3651 0.0118, -0.0432 -0.3651 0.0118, -0.0432 -0.4419 0.0118, -0.0572 -0.4419 0.0118, -0.0676 -0.441 0.0118, -0.0759 -0.4384 0.0118, -0.0826 -0.4344 0.0118, -0.0881 -0.4289 0.0118, -0.0922 -0.4221 0.0118, -0.0951 -0.4129 0.0118, -0.096 -0.4026 0.0118, -0.0952 -0.3928 0.0118, -0.0929 -0.385 0.0118, -0.0577 -0.3651 0.0079, -0.0432 -0.3651 0.0079, -0.0694 -0.3663 0.0079, -0.0775 -0.3692 0.0079, -0.0847 -0.3738 0.0079, -0.0895 -0.3789 0.0079, -0.0929 -0.385 0.0079, -0.0952 -0.3928 0.0079, -0.096 -0.4026 0.0079, -0.0951 -0.4129 0.0079, -0.0922 -0.4221 0.0079, -0.0881 -0.4289 0.0079, -0.0826 -0.4344 0.0079, -0.0759 -0.4384 0.0079, -0.0676 -0.441 0.0079, -0.0572 -0.4419 0.0079, -0.0432 -0.4419 0.0079, -0.0108 -0.4419 0.0118, -0.0108 -0.4527 0.0118, -0.0108 -0.4419 0.0079, -0.0108 -0.4527 0.0079, 0.042 -0.4527 0.0118, 0.042 -0.4527 0.0079, 0.042 -0.3543 0.0118, 0.042 -0.3543 0.0079, -0.0084 -0.3543 0.0118, -0.0084 -0.3543 0.0079, -0.0084 -0.3651 0.0118, -0.0084 -0.3651 0.0079, 0.0288 -0.3651 0.0118, 0.0288 -0.3651 0.0079, 0.0288 -0.3975 0.0118, 0.0288 -0.3975 0.0079, -0.006 -0.3975 0.0118, -0.006 -0.3975 0.0079, -0.006 -0.4083 0.0118, -0.006 -0.4083 0.0079, 0.0288 -0.4083 0.0118, 0.0288 -0.4083 0.0079, 0.0288 -0.4419 0.0118, 0.0288 -0.4419 0.0079, 0.0612 -0.4368 0.0118, 0.0612 -0.4476 0.0118, 0.0612 -0.4368 0.0079, 0.0612 -0.4476 0.0079, 0.0717 -0.4519 0.0118, 0.0883 -0.4539 0.0118, 0.0883 -0.4539 0.0079, 0.0856 -0.4539 0.0079, 0.0856 -0.4539 0.0118, 0.0817 -0.4533 0.0079, 0.0717 -0.4519 0.0079, 0.1344 -0.4054 0.0118, 0.1344 -0.4054 0.0079, 0.1335 -0.4168 0.0079, 0.1312 -0.4248 0.0079, 0.1305 -0.4272 0.0118, 0.1335 -0.4168 0.0118, 0.1305 -0.4272 0.0079, 0.1253 -0.4365 0.0079, 0.1253 -0.4365 0.0118, 0.1179 -0.4443 0.0079, 0.1179 -0.4443 0.0118, 0.11 -0.4494 0.0079, 0.11 -0.4494 0.0118, 0.1004 -0.4527 0.0079, 0.1004 -0.4527 0.0118, 0.0941 -0.4533 0.0079, 0.0844 -0.3531 0.0118, 0.0844 -0.3531 0.0079, 0.0943 -0.3539 0.0118, 0.0917 -0.3537 0.0079, 0.0943 -0.3539 0.0079, 0.1052 -0.3571 0.0079, 0.1052 -0.3571 0.0118, 0.1146 -0.3625 0.0079, 0.1146 -0.3625 0.0118, 0.1235 -0.371 0.0079, 0.1235 -0.371 0.0118, 0.1292 -0.3802 0.0079, 0.1312 -0.386 0.0079, 0.133 -0.3914 0.0118, 0.1292 -0.3802 0.0118, 0.133 -0.3914 0.0079, 0.0757 -0.3537 0.0079, 0.0726 -0.3539 0.0118, 0.0726 -0.3539 0.0079, 0.0612 -0.357 0.0118, 0.0612 -0.357 0.0079, 0.0612 -0.3702 0.0118, 0.0612 -0.3702 0.0079, 0.0843 -0.3639 0.0118, 0.0843 -0.3639 0.0079, 0.0723 -0.3655 0.0079, 0.0723 -0.3655 0.0118, 0.1212 -0.4046 0.0118, 0.1212 -0.4046 0.0079, 0.1208 -0.3969 0.0079, 0.1208 -0.3969 0.0118, 0.1181 -0.3864 0.0079, 0.1181 -0.3864 0.0118, 0.1141 -0.3788 0.0079, 0.1141 -0.3788 0.0118, 0.1081 -0.3722 0.0079, 0.1081 -0.3722 0.0118, 0.1013 -0.3676 0.0079, 0.1013 -0.3676 0.0118, 0.094 -0.365 0.0079, 0.094 -0.365 0.0118, 0.0865 -0.4431 0.0118, 0.0865 -0.4431 0.0079, 0.0957 -0.4421 0.0079, 0.0957 -0.4421 0.0118, 0.1028 -0.4394 0.0079, 0.1028 -0.4394 0.0118, 0.1089 -0.4354 0.0079, 0.1089 -0.4354 0.0118, 0.1135 -0.4305 0.0079, 0.1135 -0.4305 0.0118, 0.1176 -0.4237 0.0079, 0.1176 -0.4237 0.0118, 0.1202 -0.4152 0.0079, 0.1202 -0.4152 0.0118, 0.063 -0.4378 0.0079, 0.063 -0.4378 0.0118, 0.0734 -0.4417 0.0079, 0.0734 -0.4417 0.0118, 0.1428 -0.4419 0.0118, 0.1428 -0.4527 0.0118, 0.1428 -0.4419 0.0079, 0.1428 -0.4527 0.0079, 0.1932 -0.4527 0.0118, 0.1932 -0.4527 0.0079, 0.1932 -0.3543 0.0118, 0.1932 -0.3543 0.0079, 0.18 -0.3543 0.0118, 0.18 -0.3543 0.0079, 0.18 -0.4419 0.0118, 0.18 -0.4419 0.0079
            ]
        }
        coordIndex [
            0,1,2,-1,2,1,3,-1,1,4,3,-1,3,4,5,-1,5,4,6,-1,6,4,7,-1,6,7,8,-1,9,10,11,-1,11,10,12,-1,13,4,9,-1,9,4,1,-1,9,1,10,-1,10,1,0,-1,13,14,4,-1,4,14,15,-1,4,15,7,-1,7,15,16,-1,7,16,17,-1,17,18,7,-1,7,18,11,-1,7,11,19,-1,19,11,12,-1,19,12,20,-1,9,11,21,-1,21,11,22,-1,13,9,23,-1,23,9,21,-1,13,23,24,-1,13,24,14,-1,14,24,25,-1,14,25,15,-1,16,15,26,-1,26,15,25,-1,16,26,27,-1,16,27,17,-1,17,27,28,-1,17,28,18,-1,11,18,22,-1,22,18,28,-1,29,30,31,-1,31,30,32,-1,30,33,32,-1,32,33,34,-1,33,35,34,-1,34,35,36,-1,37,38,39,-1,37,39,40,-1,40,39,41,-1,40,41,42,-1,42,41,43,-1,42,43,44,-1,44,43,45,-1,44,45,46,-1,46,45,47,-1,46,47,48,-1,48,47,49,-1,48,49,50,-1,50,49,51,-1,50,51,52,-1,52,51,36,-1,52,36,35,-1,29,31,53,-1,29,53,54,-1,54,53,55,-1,54,55,56,-1,56,55,57,-1,56,57,58,-1,58,57,59,-1,58,59,60,-1,60,59,61,-1,60,61,62,-1,62,61,63,-1,62,63,64,-1,64,63,38,-1,64,38,37,-1,42,44,65,-1,65,44,46,-1,65,46,66,-1,66,46,48,-1,66,48,67,-1,67,48,50,-1,67,50,68,-1,68,50,52,-1,68,52,69,-1,69,52,35,-1,69,35,70,-1,70,35,33,-1,70,33,71,-1,71,33,30,-1,71,30,72,-1,72,30,29,-1,72,29,73,-1,73,29,54,-1,73,54,74,-1,74,54,56,-1,74,56,75,-1,75,56,58,-1,75,58,76,-1,76,58,60,-1,76,60,77,-1,77,60,62,-1,77,62,78,-1,78,62,64,-1,78,64,79,-1,79,64,37,-1,79,37,80,-1,80,37,40,-1,80,40,81,-1,81,40,42,-1,81,42,65,-1,69,70,82,-1,82,70,83,-1,69,82,84,-1,69,84,68,-1,68,84,85,-1,68,85,67,-1,67,85,86,-1,67,86,66,-1,66,86,87,-1,66,87,65,-1,65,87,88,-1,65,88,81,-1,81,88,89,-1,81,89,80,-1,80,89,90,-1,80,90,79,-1,79,90,91,-1,79,91,78,-1,78,91,92,-1,78,92,77,-1,77,92,93,-1,77,93,76,-1,76,93,94,-1,76,94,75,-1,75,94,95,-1,75,95,74,-1,74,95,96,-1,74,96,73,-1,73,96,97,-1,73,97,72,-1,71,72,98,-1,98,72,97,-1,70,71,83,-1,83,71,98,-1,99,100,101,-1,101,100,102,-1,100,103,102,-1,102,103,104,-1,103,105,104,-1,104,105,106,-1,105,107,106,-1,106,107,108,-1,107,109,108,-1,108,109,110,-1,109,111,110,-1,110,111,112,-1,111,113,112,-1,112,113,114,-1,113,115,114,-1,114,115,116,-1,115,117,116,-1,116,117,118,-1,117,119,118,-1,118,119,120,-1,119,121,120,-1,120,121,122,-1,121,99,122,-1,122,99,101,-1,103,100,99,-1,99,121,103,-1,103,121,119,-1,103,119,105,-1,109,107,111,-1,111,107,105,-1,111,105,113,-1,113,105,119,-1,113,119,115,-1,115,119,117,-1,123,124,125,-1,125,124,126,-1,126,124,127,-1,128,129,130,-1,128,130,131,-1,131,130,132,-1,131,132,127,-1,127,132,133,-1,127,133,126,-1,134,135,136,-1,137,138,136,-1,136,138,139,-1,136,139,134,-1,137,140,138,-1,138,140,141,-1,138,141,142,-1,142,141,143,-1,142,143,144,-1,144,143,145,-1,144,145,146,-1,146,145,147,-1,146,147,148,-1,148,147,128,-1,128,147,149,-1,128,149,129,-1,150,151,152,-1,152,151,153,-1,153,154,152,-1,152,154,155,-1,152,155,156,-1,156,155,157,-1,156,157,158,-1,158,157,159,-1,158,159,160,-1,160,159,161,-1,162,163,161,-1,161,163,164,-1,161,164,160,-1,162,165,163,-1,163,165,135,-1,163,135,134,-1,151,150,166,-1,166,150,167,-1,166,167,168,-1,168,167,169,-1,168,169,170,-1,169,171,170,-1,170,171,172,-1,173,174,175,-1,173,175,176,-1,176,175,172,-1,176,172,171,-1,177,178,179,-1,177,179,180,-1,180,179,181,-1,180,181,182,-1,182,181,183,-1,182,183,184,-1,184,183,185,-1,184,185,186,-1,186,185,187,-1,186,187,188,-1,188,187,189,-1,188,189,190,-1,190,189,174,-1,190,174,173,-1,191,192,193,-1,191,193,194,-1,194,193,195,-1,194,195,196,-1,196,195,197,-1,196,197,198,-1,198,197,199,-1,198,199,200,-1,200,199,201,-1,200,201,202,-1,202,201,203,-1,202,203,204,-1,204,203,178,-1,204,178,177,-1,123,125,205,-1,123,205,206,-1,206,205,207,-1,206,207,208,-1,208,207,192,-1,208,192,191,-1,194,128,191,-1,191,128,131,-1,191,131,208,-1,208,131,127,-1,208,127,206,-1,206,127,124,-1,206,124,123,-1,171,169,176,-1,176,169,167,-1,176,167,173,-1,173,167,150,-1,173,150,190,-1,190,150,152,-1,190,152,188,-1,188,152,156,-1,188,156,186,-1,186,156,158,-1,186,158,184,-1,184,158,160,-1,184,160,182,-1,182,160,164,-1,182,164,180,-1,180,164,163,-1,180,163,177,-1,177,163,134,-1,177,134,204,-1,204,134,139,-1,204,139,202,-1,202,139,138,-1,202,138,200,-1,200,138,142,-1,200,142,198,-1,198,142,144,-1,198,144,196,-1,196,144,146,-1,196,146,194,-1,194,146,148,-1,194,148,128,-1,209,210,211,-1,211,210,212,-1,210,213,212,-1,212,213,214,-1,213,215,214,-1,214,215,216,-1,215,217,216,-1,216,217,218,-1,217,219,218,-1,218,219,220,-1,219,209,220,-1,220,209,211,-1,217,215,219,-1,219,215,213,-1,219,213,209,-1,209,213,210,-1,
        ]
    }
}
Shape{
    appearance Appearance {
        material  Material 	{
            diffuseColor 0.2235294117647059 0.2235294117647059 0.2235294117647059
            specularColor 0.11372549019607843 0.11372549019607843 0.11372549019607843
            ambientIntensity 0.2235
            transparency 0.0
            shininess 0.5
        }
    }
    geometry IndexedFaceSet {
        ccw TRUE
        solid FALSE
        coord DEF co Coordinate {
            point [
                -0.1435 -0.4143 0.0079, -0.1765 -0.4143 0.0079, -0.1582 -0.3732 0.0079, -0.1616 -0.3732 0.0079, -0.1592 -0.3698 0.0079, -0.1608 -0.3698 0.0079, -0.1598 -0.3663 0.0079, -0.1601 -0.3663 0.0079, -0.0432 -0.3651 0.0079, -0.0432 -0.4419 0.0079, -0.0577 -0.3651 0.0079, -0.0572 -0.4419 0.0079, -0.0676 -0.441 0.0079, -0.096 -0.4026 0.0079, -0.0952 -0.3928 0.0079, -0.0929 -0.385 0.0079, -0.0694 -0.3663 0.0079, -0.0759 -0.4384 0.0079, -0.0826 -0.4344 0.0079, -0.0881 -0.4289 0.0079, -0.0922 -0.4221 0.0079, -0.0951 -0.4129 0.0079, -0.0895 -0.3789 0.0079, -0.0847 -0.3738 0.0079, -0.0775 -0.3692 0.0079
            ]
        }
        coordIndex [
            0,1,2,-1,2,1,3,-1,2,3,4,-1,4,3,5,-1,4,5,6,-1,6,5,7,-1,8,9,10,-1,10,9,11,-1,10,11,12,-1,13,14,10,-1,10,14,15,-1,10,15,16,-1,12,17,10,-1,10,17,18,-1,10,18,19,-1,19,20,10,-1,10,20,21,-1,10,21,13,-1,22,23,15,-1,15,23,24,-1,15,24,16,-1,
        ]
    }
}